driver,team,grid_pos,ranker_score,pred_finish_model_ensemble,pred_rank_model_ensemble,grid_rank_component,blend_rank_score,pred_finish,pred_rank,ranking_mode_default,finish_pos,year,gp,date
ALB,Williams,4.0,-1.03739725e-10,1.03739725e-10,1,5,1.0,1.0,1,xgboost_rank_grid_blend,8.0,2023,Dutch Grand Prix,2023-08-27
ALO,Aston Martin,5.0,-1.03739725e-10,1.03739725e-10,2,6,2.0,2.0,2,xgboost_rank_grid_blend,2.0,2023,Dutch Grand Prix,2023-08-27
BOT,Alfa Romeo,18.0,-1.03739725e-10,1.03739725e-10,3,16,3.0,3.0,3,xgboost_rank_grid_blend,14.0,2023,Dutch Grand Prix,2023-08-27
GAS,Alpine,12.0,-1.03739725e-10,1.03739725e-10,4,11,4.0,4.0,4,xgboost_rank_grid_blend,3.0,2023,Dutch Grand Prix,2023-08-27
HAM,Mercedes,13.0,-1.03739725e-10,1.03739725e-10,5,12,5.0,5.0,5,xgboost_rank_grid_blend,6.0,2023,Dutch Grand Prix,2023-08-27
HUL,Haas F1 Team,14.0,-1.03739725e-10,1.03739725e-10,6,13,6.0,6.0,6,xgboost_rank_grid_blend,12.0,2023,Dutch Grand Prix,2023-08-27
LAW,AlphaTauri,19.0,-1.03739725e-10,1.03739725e-10,7,17,7.0,7.0,7,xgboost_rank_grid_blend,13.0,2023,Dutch Grand Prix,2023-08-27
MAG,Haas F1 Team,0.0,-1.03739725e-10,1.03739725e-10,8,1,8.0,8.0,8,xgboost_rank_grid_blend,16.0,2023,Dutch Grand Prix,2023-08-27
NOR,McLaren,2.0,-1.03739725e-10,1.03739725e-10,9,3,9.0,9.0,9,xgboost_rank_grid_blend,7.0,2023,Dutch Grand Prix,2023-08-27
OCO,Alpine,16.0,-1.03739725e-10,1.03739725e-10,10,14,10.0,10.0,10,xgboost_rank_grid_blend,10.0,2023,Dutch Grand Prix,2023-08-27
PER,Red Bull Racing,7.0,-1.03739725e-10,1.03739725e-10,11,8,11.0,11.0,11,xgboost_rank_grid_blend,4.0,2023,Dutch Grand Prix,2023-08-27
PIA,McLaren,8.0,-1.03739725e-10,1.03739725e-10,12,9,12.0,12.0,12,xgboost_rank_grid_blend,9.0,2023,Dutch Grand Prix,2023-08-27
RUS,Mercedes,3.0,-1.03739725e-10,1.03739725e-10,13,4,13.0,13.0,13,xgboost_rank_grid_blend,17.0,2023,Dutch Grand Prix,2023-08-27
SAI,Ferrari,6.0,-1.03739725e-10,1.03739725e-10,14,7,14.0,14.0,14,xgboost_rank_grid_blend,5.0,2023,Dutch Grand Prix,2023-08-27
STR,Aston Martin,11.0,-1.03739725e-10,1.03739725e-10,15,10,15.0,15.0,15,xgboost_rank_grid_blend,11.0,2023,Dutch Grand Prix,2023-08-27
TSU,AlphaTauri,17.0,-1.03739725e-10,1.03739725e-10,16,15,16.0,16.0,16,xgboost_rank_grid_blend,15.0,2023,Dutch Grand Prix,2023-08-27
VER,Red Bull Racing,1.0,-1.03739725e-10,1.03739725e-10,17,2,17.0,17.0,17,xgboost_rank_grid_blend,1.0,2023,Dutch Grand Prix,2023-08-27
ALB,Williams,6.0,2.3101714e-09,-2.3101714e-09,1,6,1.0,1.0,1,xgboost_rank_grid_blend,7.0,2023,Italian Grand Prix,2023-09-03
ALO,Aston Martin,10.0,2.3101714e-09,-2.3101714e-09,2,10,2.0,2.0,2,xgboost_rank_grid_blend,9.0,2023,Italian Grand Prix,2023-09-03
BOT,Alfa Romeo,14.0,2.3101714e-09,-2.3101714e-09,3,13,3.0,3.0,3,xgboost_rank_grid_blend,10.0,2023,Italian Grand Prix,2023-09-03
GAS,Alpine,17.0,2.3101714e-09,-2.3101714e-09,4,16,4.0,4.0,4,xgboost_rank_grid_blend,15.0,2023,Italian Grand Prix,2023-09-03
HAM,Mercedes,8.0,2.3101714e-09,-2.3101714e-09,5,8,5.0,5.0,5,xgboost_rank_grid_blend,6.0,2023,Italian Grand Prix,2023-09-03
HUL,Haas F1 Team,13.0,2.3101714e-09,-2.3101714e-09,6,12,6.0,6.0,6,xgboost_rank_grid_blend,17.0,2023,Italian Grand Prix,2023-09-03
LAW,AlphaTauri,12.0,2.3101714e-09,-2.3101714e-09,7,11,7.0,7.0,7,xgboost_rank_grid_blend,11.0,2023,Italian Grand Prix,2023-09-03
LEC,Ferrari,3.0,2.3101714e-09,-2.3101714e-09,8,3,8.0,8.0,8,xgboost_rank_grid_blend,4.0,2023,Italian Grand Prix,2023-09-03
MAG,Haas F1 Team,19.0,2.3101714e-09,-2.3101714e-09,9,17,9.0,9.0,9,xgboost_rank_grid_blend,18.0,2023,Italian Grand Prix,2023-09-03
NOR,McLaren,9.0,2.3101714e-09,-2.3101714e-09,10,9,10.0,10.0,10,xgboost_rank_grid_blend,8.0,2023,Italian Grand Prix,2023-09-03
PER,Red Bull Racing,5.0,2.3101714e-09,-2.3101714e-09,11,5,11.0,11.0,11,xgboost_rank_grid_blend,2.0,2023,Italian Grand Prix,2023-09-03
PIA,McLaren,7.0,2.3101714e-09,-2.3101714e-09,12,7,12.0,12.0,12,xgboost_rank_grid_blend,12.0,2023,Italian Grand Prix,2023-09-03
RUS,Mercedes,4.0,2.3101714e-09,-2.3101714e-09,13,4,13.0,13.0,13,xgboost_rank_grid_blend,5.0,2023,Italian Grand Prix,2023-09-03
SAI,Ferrari,1.0,2.3101714e-09,-2.3101714e-09,14,1,14.0,14.0,14,xgboost_rank_grid_blend,3.0,2023,Italian Grand Prix,2023-09-03
SAR,Williams,15.0,2.3101714e-09,-2.3101714e-09,15,14,15.0,15.0,15,xgboost_rank_grid_blend,13.0,2023,Italian Grand Prix,2023-09-03
STR,Aston Martin,20.0,2.3101714e-09,-2.3101714e-09,16,18,16.0,16.0,16,xgboost_rank_grid_blend,16.0,2023,Italian Grand Prix,2023-09-03
VER,Red Bull Racing,2.0,2.3101714e-09,-2.3101714e-09,17,2,17.0,17.0,17,xgboost_rank_grid_blend,1.0,2023,Italian Grand Prix,2023-09-03
ZHO,Alfa Romeo,16.0,2.3101714e-09,-2.3101714e-09,18,15,18.0,18.0,18,xgboost_rank_grid_blend,14.0,2023,Italian Grand Prix,2023-09-03
ALB,Williams,14.0,-5.7109397e-09,5.7109397e-09,1,13,1.0,1.0,1,xgboost_rank_grid_blend,11.0,2023,Singapore Grand Prix,2023-09-17
ALO,Aston Martin,7.0,-5.7109397e-09,5.7109397e-09,2,7,2.0,2.0,2,xgboost_rank_grid_blend,15.0,2023,Singapore Grand Prix,2023-09-17
GAS,Alpine,12.0,-5.7109397e-09,5.7109397e-09,3,11,3.0,3.0,3,xgboost_rank_grid_blend,6.0,2023,Singapore Grand Prix,2023-09-17
HAM,Mercedes,5.0,-5.7109397e-09,5.7109397e-09,4,5,4.0,4.0,4,xgboost_rank_grid_blend,3.0,2023,Singapore Grand Prix,2023-09-17
HUL,Haas F1 Team,9.0,-5.7109397e-09,5.7109397e-09,5,8,5.0,5.0,5,xgboost_rank_grid_blend,13.0,2023,Singapore Grand Prix,2023-09-17
LAW,AlphaTauri,10.0,-5.7109397e-09,5.7109397e-09,6,9,6.0,6.0,6,xgboost_rank_grid_blend,9.0,2023,Singapore Grand Prix,2023-09-17
LEC,Ferrari,3.0,-5.7109397e-09,5.7109397e-09,7,3,7.0,7.0,7,xgboost_rank_grid_blend,4.0,2023,Singapore Grand Prix,2023-09-17
MAG,Haas F1 Team,6.0,-5.7109397e-09,5.7109397e-09,8,6,8.0,8.0,8,xgboost_rank_grid_blend,10.0,2023,Singapore Grand Prix,2023-09-17
NOR,McLaren,4.0,-5.7109397e-09,5.7109397e-09,9,4,9.0,9.0,9,xgboost_rank_grid_blend,2.0,2023,Singapore Grand Prix,2023-09-17
PER,Red Bull Racing,13.0,-5.7109397e-09,5.7109397e-09,10,12,10.0,10.0,10,xgboost_rank_grid_blend,8.0,2023,Singapore Grand Prix,2023-09-17
PIA,McLaren,17.0,-5.7109397e-09,5.7109397e-09,11,14,11.0,11.0,11,xgboost_rank_grid_blend,7.0,2023,Singapore Grand Prix,2023-09-17
RUS,Mercedes,2.0,-5.7109397e-09,5.7109397e-09,12,2,12.0,12.0,12,xgboost_rank_grid_blend,16.0,2023,Singapore Grand Prix,2023-09-17
SAI,Ferrari,1.0,-5.7109397e-09,5.7109397e-09,13,1,13.0,13.0,13,xgboost_rank_grid_blend,1.0,2023,Singapore Grand Prix,2023-09-17
SAR,Williams,18.0,-5.7109397e-09,5.7109397e-09,14,15,14.0,14.0,14,xgboost_rank_grid_blend,14.0,2023,Singapore Grand Prix,2023-09-17
VER,Red Bull Racing,11.0,-5.7109397e-09,5.7109397e-09,15,10,15.0,15.0,15,xgboost_rank_grid_blend,5.0,2023,Singapore Grand Prix,2023-09-17
ZHO,Alfa Romeo,19.0,-5.7109397e-09,5.7109397e-09,16,16,16.0,16.0,16,xgboost_rank_grid_blend,12.0,2023,Singapore Grand Prix,2023-09-17
ALO,Aston Martin,10.0,-2.1611795e-09,2.1611795e-09,1,9,1.0,1.0,1,xgboost_rank_grid_blend,8.0,2023,Japanese Grand Prix,2023-09-24
GAS,Alpine,12.0,-2.1611795e-09,2.1611795e-09,2,11,2.0,2.0,2,xgboost_rank_grid_blend,10.0,2023,Japanese Grand Prix,2023-09-24
HAM,Mercedes,7.0,-2.1611795e-09,2.1611795e-09,3,6,3.0,3.0,3,xgboost_rank_grid_blend,5.0,2023,Japanese Grand Prix,2023-09-24
HUL,Haas F1 Team,18.0,-2.1611795e-09,2.1611795e-09,4,14,4.0,4.0,4,xgboost_rank_grid_blend,14.0,2023,Japanese Grand Prix,2023-09-24
LAW,AlphaTauri,11.0,-2.1611795e-09,2.1611795e-09,5,10,5.0,5.0,5,xgboost_rank_grid_blend,11.0,2023,Japanese Grand Prix,2023-09-24
LEC,Ferrari,4.0,-2.1611795e-09,2.1611795e-09,6,4,6.0,6.0,6,xgboost_rank_grid_blend,4.0,2023,Japanese Grand Prix,2023-09-24
MAG,Haas F1 Team,15.0,-2.1611795e-09,2.1611795e-09,7,13,7.0,7.0,7,xgboost_rank_grid_blend,15.0,2023,Japanese Grand Prix,2023-09-24
NOR,McLaren,3.0,-2.1611795e-09,2.1611795e-09,8,3,8.0,8.0,8,xgboost_rank_grid_blend,2.0,2023,Japanese Grand Prix,2023-09-24
OCO,Alpine,14.0,-2.1611795e-09,2.1611795e-09,9,12,9.0,9.0,9,xgboost_rank_grid_blend,9.0,2023,Japanese Grand Prix,2023-09-24
PIA,McLaren,2.0,-2.1611795e-09,2.1611795e-09,10,2,10.0,10.0,10,xgboost_rank_grid_blend,3.0,2023,Japanese Grand Prix,2023-09-24
RUS,Mercedes,8.0,-2.1611795e-09,2.1611795e-09,11,7,11.0,11.0,11,xgboost_rank_grid_blend,7.0,2023,Japanese Grand Prix,2023-09-24
SAI,Ferrari,6.0,-2.1611795e-09,2.1611795e-09,12,5,12.0,12.0,12,xgboost_rank_grid_blend,6.0,2023,Japanese Grand Prix,2023-09-24
TSU,AlphaTauri,9.0,-2.1611795e-09,2.1611795e-09,13,8,13.0,13.0,13,xgboost_rank_grid_blend,12.0,2023,Japanese Grand Prix,2023-09-24
VER,Red Bull Racing,1.0,-2.1611795e-09,2.1611795e-09,14,1,14.0,14.0,14,xgboost_rank_grid_blend,1.0,2023,Japanese Grand Prix,2023-09-24
ZHO,Alfa Romeo,19.0,-2.1611795e-09,2.1611795e-09,15,15,15.0,15.0,15,xgboost_rank_grid_blend,13.0,2023,Japanese Grand Prix,2023-09-24
ALB,Williams,13.0,1.6671882e-09,-1.6671882e-09,1,11,1.0,1.0,1,xgboost_rank_grid_blend,13.0,2023,Qatar Grand Prix,2023-10-08
ALO,Aston Martin,4.0,1.6671882e-09,-1.6671882e-09,2,3,2.0,2.0,2,xgboost_rank_grid_blend,6.0,2023,Qatar Grand Prix,2023-10-08
BOT,Alfa Romeo,9.0,1.6671882e-09,-1.6671882e-09,3,8,3.0,3.0,3,xgboost_rank_grid_blend,8.0,2023,Qatar Grand Prix,2023-10-08
GAS,Alpine,7.0,1.6671882e-09,-1.6671882e-09,4,6,4.0,4.0,4,xgboost_rank_grid_blend,12.0,2023,Qatar Grand Prix,2023-10-08
HUL,Haas F1 Team,14.0,1.6671882e-09,-1.6671882e-09,5,12,5.0,5.0,5,xgboost_rank_grid_blend,16.0,2023,Qatar Grand Prix,2023-10-08
LAW,AlphaTauri,17.0,1.6671882e-09,-1.6671882e-09,6,14,6.0,6.0,6,xgboost_rank_grid_blend,17.0,2023,Qatar Grand Prix,2023-10-08
LEC,Ferrari,5.0,1.6671882e-09,-1.6671882e-09,7,4,7.0,7.0,7,xgboost_rank_grid_blend,5.0,2023,Qatar Grand Prix,2023-10-08
MAG,Haas F1 Team,18.0,1.6671882e-09,-1.6671882e-09,8,15,8.0,8.0,8,xgboost_rank_grid_blend,14.0,2023,Qatar Grand Prix,2023-10-08
NOR,McLaren,10.0,1.6671882e-09,-1.6671882e-09,9,9,9.0,9.0,9,xgboost_rank_grid_blend,3.0,2023,Qatar Grand Prix,2023-10-08
OCO,Alpine,8.0,1.6671882e-09,-1.6671882e-09,10,7,10.0,10.0,10,xgboost_rank_grid_blend,7.0,2023,Qatar Grand Prix,2023-10-08
PER,Red Bull Racing,20.0,1.6671882e-09,-1.6671882e-09,11,17,11.0,11.0,11,xgboost_rank_grid_blend,10.0,2023,Qatar Grand Prix,2023-10-08
PIA,McLaren,6.0,1.6671882e-09,-1.6671882e-09,12,5,12.0,12.0,12,xgboost_rank_grid_blend,2.0,2023,Qatar Grand Prix,2023-10-08
RUS,Mercedes,2.0,1.6671882e-09,-1.6671882e-09,13,2,13.0,13.0,13,xgboost_rank_grid_blend,4.0,2023,Qatar Grand Prix,2023-10-08
STR,Aston Martin,16.0,1.6671882e-09,-1.6671882e-09,14,13,14.0,14.0,14,xgboost_rank_grid_blend,11.0,2023,Qatar Grand Prix,2023-10-08
TSU,AlphaTauri,11.0,1.6671882e-09,-1.6671882e-09,15,10,15.0,15.0,15,xgboost_rank_grid_blend,15.0,2023,Qatar Grand Prix,2023-10-08
VER,Red Bull Racing,1.0,1.6671882e-09,-1.6671882e-09,16,1,16.0,16.0,16,xgboost_rank_grid_blend,1.0,2023,Qatar Grand Prix,2023-10-08
ZHO,Alfa Romeo,19.0,1.6671882e-09,-1.6671882e-09,17,16,17.0,17.0,17,xgboost_rank_grid_blend,9.0,2023,Qatar Grand Prix,2023-10-08
ALB,Williams,15.0,-3.9741463e-09,3.9741463e-09,1,13,1.0,1.0,1,xgboost_rank_grid_blend,9.0,2023,United States Grand Prix,2023-10-22
BOT,Alfa Romeo,13.0,-3.9741463e-09,3.9741463e-09,2,11,2.0,2.0,2,xgboost_rank_grid_blend,12.0,2023,United States Grand Prix,2023-10-22
GAS,Alpine,7.0,-3.9741463e-09,3.9741463e-09,3,7,3.0,3.0,3,xgboost_rank_grid_blend,6.0,2023,United States Grand Prix,2023-10-22
HAM,Mercedes,3.0,-3.9741463e-09,3.9741463e-09,4,3,4.0,4.0,4,xgboost_rank_grid_blend,19.0,2023,United States Grand Prix,2023-10-22
HUL,Haas F1 Team,18.0,-3.9741463e-09,3.9741463e-09,5,16,5.0,5.0,5,xgboost_rank_grid_blend,11.0,2023,United States Grand Prix,2023-10-22
LEC,Ferrari,1.0,-3.9741463e-09,3.9741463e-09,6,1,6.0,6.0,6,xgboost_rank_grid_blend,20.0,2023,United States Grand Prix,2023-10-22
MAG,Haas F1 Team,17.0,-3.9741463e-09,3.9741463e-09,7,15,7.0,7.0,7,xgboost_rank_grid_blend,14.0,2023,United States Grand Prix,2023-10-22
NOR,McLaren,2.0,-3.9741463e-09,3.9741463e-09,8,2,8.0,8.0,8,xgboost_rank_grid_blend,2.0,2023,United States Grand Prix,2023-10-22
PER,Red Bull Racing,9.0,-3.9741463e-09,3.9741463e-09,9,8,9.0,9.0,9,xgboost_rank_grid_blend,4.0,2023,United States Grand Prix,2023-10-22
RIC,AlphaTauri,14.0,-3.9741463e-09,3.9741463e-09,10,12,10.0,10.0,10,xgboost_rank_grid_blend,15.0,2023,United States Grand Prix,2023-10-22
RUS,Mercedes,5.0,-3.9741463e-09,3.9741463e-09,11,5,11.0,11.0,11,xgboost_rank_grid_blend,5.0,2023,United States Grand Prix,2023-10-22
SAI,Ferrari,4.0,-3.9741463e-09,3.9741463e-09,12,4,12.0,12.0,12,xgboost_rank_grid_blend,3.0,2023,United States Grand Prix,2023-10-22
SAR,Williams,16.0,-3.9741463e-09,3.9741463e-09,13,14,13.0,13.0,13,xgboost_rank_grid_blend,10.0,2023,United States Grand Prix,2023-10-22
STR,Aston Martin,20.0,-3.9741463e-09,3.9741463e-09,14,17,14.0,14.0,14,xgboost_rank_grid_blend,7.0,2023,United States Grand Prix,2023-10-22
TSU,AlphaTauri,11.0,-3.9741463e-09,3.9741463e-09,15,9,15.0,15.0,15,xgboost_rank_grid_blend,8.0,2023,United States Grand Prix,2023-10-22
VER,Red Bull Racing,6.0,-3.9741463e-09,3.9741463e-09,16,6,16.0,16.0,16,xgboost_rank_grid_blend,1.0,2023,United States Grand Prix,2023-10-22
ZHO,Alfa Romeo,12.0,-3.9741463e-09,3.9741463e-09,17,10,17.0,17.0,17,xgboost_rank_grid_blend,13.0,2023,United States Grand Prix,2023-10-22
ALB,Williams,14.0,3.7822505e-09,-3.7822505e-09,1,13,1.0,1.0,1,xgboost_rank_grid_blend,9.0,2023,Mexico City Grand Prix,2023-10-29
BOT,Alfa Romeo,9.0,3.7822505e-09,-3.7822505e-09,2,9,2.0,2.0,2,xgboost_rank_grid_blend,15.0,2023,Mexico City Grand Prix,2023-10-29
GAS,Alpine,11.0,3.7822505e-09,-3.7822505e-09,3,11,3.0,3.0,3,xgboost_rank_grid_blend,11.0,2023,Mexico City Grand Prix,2023-10-29
HAM,Mercedes,6.0,3.7822505e-09,-3.7822505e-09,4,6,4.0,4.0,4,xgboost_rank_grid_blend,2.0,2023,Mexico City Grand Prix,2023-10-29
HUL,Haas F1 Team,12.0,3.7822505e-09,-3.7822505e-09,5,12,5.0,5.0,5,xgboost_rank_grid_blend,13.0,2023,Mexico City Grand Prix,2023-10-29
LEC,Ferrari,1.0,3.7822505e-09,-3.7822505e-09,6,2,6.0,6.0,6,xgboost_rank_grid_blend,3.0,2023,Mexico City Grand Prix,2023-10-29
NOR,McLaren,17.0,3.7822505e-09,-3.7822505e-09,7,15,7.0,7.0,7,xgboost_rank_grid_blend,5.0,2023,Mexico City Grand Prix,2023-10-29
OCO,Alpine,15.0,3.7822505e-09,-3.7822505e-09,8,14,8.0,8.0,8,xgboost_rank_grid_blend,10.0,2023,Mexico City Grand Prix,2023-10-29
PIA,McLaren,7.0,3.7822505e-09,-3.7822505e-09,9,7,9.0,9.0,9,xgboost_rank_grid_blend,8.0,2023,Mexico City Grand Prix,2023-10-29
RIC,AlphaTauri,4.0,3.7822505e-09,-3.7822505e-09,10,5,10.0,10.0,10,xgboost_rank_grid_blend,7.0,2023,Mexico City Grand Prix,2023-10-29
RUS,Mercedes,8.0,3.7822505e-09,-3.7822505e-09,11,8,11.0,11.0,11,xgboost_rank_grid_blend,6.0,2023,Mexico City Grand Prix,2023-10-29
SAI,Ferrari,2.0,3.7822505e-09,-3.7822505e-09,12,3,12.0,12.0,12,xgboost_rank_grid_blend,4.0,2023,Mexico City Grand Prix,2023-10-29
SAR,Williams,19.0,3.7822505e-09,-3.7822505e-09,13,17,13.0,13.0,13,xgboost_rank_grid_blend,16.0,2023,Mexico City Grand Prix,2023-10-29
STR,Aston Martin,0.0,3.7822505e-09,-3.7822505e-09,14,1,14.0,14.0,14,xgboost_rank_grid_blend,17.0,2023,Mexico City Grand Prix,2023-10-29
TSU,AlphaTauri,18.0,3.7822505e-09,-3.7822505e-09,15,16,15.0,15.0,15,xgboost_rank_grid_blend,12.0,2023,Mexico City Grand Prix,2023-10-29
VER,Red Bull Racing,3.0,3.7822505e-09,-3.7822505e-09,16,4,16.0,16.0,16,xgboost_rank_grid_blend,1.0,2023,Mexico City Grand Prix,2023-10-29
ZHO,Alfa Romeo,10.0,3.7822505e-09,-3.7822505e-09,17,10,17.0,17.0,17,xgboost_rank_grid_blend,14.0,2023,Mexico City Grand Prix,2023-10-29
ALO,Aston Martin,4.0,3.1987166e-09,-3.1987166e-09,1,3,1.0,1.0,1,xgboost_rank_grid_blend,3.0,2023,São Paulo Grand Prix,2023-11-05
GAS,Alpine,15.0,3.1987166e-09,-3.1987166e-09,2,11,2.0,2.0,2,xgboost_rank_grid_blend,7.0,2023,São Paulo Grand Prix,2023-11-05
HAM,Mercedes,5.0,3.1987166e-09,-3.1987166e-09,3,4,3.0,3.0,3,xgboost_rank_grid_blend,8.0,2023,São Paulo Grand Prix,2023-11-05
HUL,Haas F1 Team,11.0,3.1987166e-09,-3.1987166e-09,4,9,4.0,4.0,4,xgboost_rank_grid_blend,12.0,2023,São Paulo Grand Prix,2023-11-05
NOR,McLaren,6.0,3.1987166e-09,-3.1987166e-09,5,5,5.0,5.0,5,xgboost_rank_grid_blend,2.0,2023,São Paulo Grand Prix,2023-11-05
OCO,Alpine,14.0,3.1987166e-09,-3.1987166e-09,6,10,6.0,6.0,6,xgboost_rank_grid_blend,10.0,2023,São Paulo Grand Prix,2023-11-05
PER,Red Bull Racing,9.0,3.1987166e-09,-3.1987166e-09,7,7,7.0,7.0,7,xgboost_rank_grid_blend,4.0,2023,São Paulo Grand Prix,2023-11-05
PIA,McLaren,10.0,3.1987166e-09,-3.1987166e-09,8,8,8.0,8.0,8,xgboost_rank_grid_blend,14.0,2023,São Paulo Grand Prix,2023-11-05
RIC,AlphaTauri,17.0,3.1987166e-09,-3.1987166e-09,9,13,9.0,9.0,9,xgboost_rank_grid_blend,13.0,2023,São Paulo Grand Prix,2023-11-05
SAI,Ferrari,7.0,3.1987166e-09,-3.1987166e-09,10,6,10.0,10.0,10,xgboost_rank_grid_blend,6.0,2023,São Paulo Grand Prix,2023-11-05
SAR,Williams,19.0,3.1987166e-09,-3.1987166e-09,11,14,11.0,11.0,11,xgboost_rank_grid_blend,11.0,2023,São Paulo Grand Prix,2023-11-05
STR,Aston Martin,3.0,3.1987166e-09,-3.1987166e-09,12,2,12.0,12.0,12,xgboost_rank_grid_blend,5.0,2023,São Paulo Grand Prix,2023-11-05
TSU,AlphaTauri,16.0,3.1987166e-09,-3.1987166e-09,13,12,13.0,13.0,13,xgboost_rank_grid_blend,9.0,2023,São Paulo Grand Prix,2023-11-05
VER,Red Bull Racing,1.0,3.1987166e-09,-3.1987166e-09,14,1,14.0,14.0,14,xgboost_rank_grid_blend,1.0,2023,São Paulo Grand Prix,2023-11-05
ALB,Williams,5.0,0.00027220693,-0.00027220693,1,5,1.0,1.0,1,xgboost_rank_grid_blend,12.0,2023,Las Vegas Grand Prix,2023-11-18
ALO,Aston Martin,9.0,0.00027220693,-0.00027220693,2,9,2.0,2.0,2,xgboost_rank_grid_blend,9.0,2023,Las Vegas Grand Prix,2023-11-18
BOT,Alfa Romeo,7.0,0.00027220693,-0.00027220693,3,7,3.0,3.0,3,xgboost_rank_grid_blend,17.0,2023,Las Vegas Grand Prix,2023-11-18
GAS,Alpine,4.0,0.00027220693,-0.00027220693,4,4,4.0,4.0,4,xgboost_rank_grid_blend,11.0,2023,Las Vegas Grand Prix,2023-11-18
HAM,Mercedes,10.0,0.00027220693,-0.00027220693,5,10,5.0,5.0,5,xgboost_rank_grid_blend,7.0,2023,Las Vegas Grand Prix,2023-11-18
HUL,Haas F1 Team,13.0,0.00027220693,-0.00027220693,6,13,6.0,6.0,6,xgboost_rank_grid_blend,19.0,2023,Las Vegas Grand Prix,2023-11-18
LEC,Ferrari,1.0,0.00027220693,-0.00027220693,7,1,7.0,7.0,7,xgboost_rank_grid_blend,2.0,2023,Las Vegas Grand Prix,2023-11-18
MAG,Haas F1 Team,8.0,0.00027220693,-0.00027220693,8,8,8.0,8.0,8,xgboost_rank_grid_blend,13.0,2023,Las Vegas Grand Prix,2023-11-18
OCO,Alpine,16.0,0.00027220693,-0.00027220693,9,15,9.0,9.0,9,xgboost_rank_grid_blend,4.0,2023,Las Vegas Grand Prix,2023-11-18
PER,Red Bull Racing,11.0,0.00027220693,-0.00027220693,10,11,10.0,10.0,10,xgboost_rank_grid_blend,3.0,2023,Las Vegas Grand Prix,2023-11-18
PIA,McLaren,18.0,0.00027220693,-0.00027220693,11,17,11.0,11.0,11,xgboost_rank_grid_blend,10.0,2023,Las Vegas Grand Prix,2023-11-18
RIC,AlphaTauri,14.0,0.00027220693,-0.00027220693,12,14,12.0,12.0,12,xgboost_rank_grid_blend,14.0,2023,Las Vegas Grand Prix,2023-11-18
RUS,Mercedes,3.0,0.00027220693,-0.00027220693,13,3,13.0,13.0,13,xgboost_rank_grid_blend,8.0,2023,Las Vegas Grand Prix,2023-11-18
SAI,Ferrari,12.0,0.00027220693,-0.00027220693,14,12,14.0,14.0,14,xgboost_rank_grid_blend,6.0,2023,Las Vegas Grand Prix,2023-11-18
SAR,Williams,6.0,0.00027220693,-0.00027220693,15,6,15.0,15.0,15,xgboost_rank_grid_blend,16.0,2023,Las Vegas Grand Prix,2023-11-18
STR,Aston Martin,19.0,0.00027220693,-0.00027220693,16,18,16.0,16.0,16,xgboost_rank_grid_blend,5.0,2023,Las Vegas Grand Prix,2023-11-18
TSU,AlphaTauri,20.0,0.00027220693,-0.00027220693,17,19,17.0,17.0,17,xgboost_rank_grid_blend,18.0,2023,Las Vegas Grand Prix,2023-11-18
VER,Red Bull Racing,2.0,0.00027220693,-0.00027220693,18,2,18.0,18.0,18,xgboost_rank_grid_blend,1.0,2023,Las Vegas Grand Prix,2023-11-18
ZHO,Alfa Romeo,17.0,0.00027220693,-0.00027220693,19,16,19.0,19.0,19,xgboost_rank_grid_blend,15.0,2023,Las Vegas Grand Prix,2023-11-18
ALB,Williams,14.0,-0.00038834728,0.00038834728,1,14,1.0,1.0,1,xgboost_rank_grid_blend,14.0,2023,Abu Dhabi Grand Prix,2023-11-26
ALO,Aston Martin,7.0,-0.00038834728,0.00038834728,2,7,2.0,2.0,2,xgboost_rank_grid_blend,7.0,2023,Abu Dhabi Grand Prix,2023-11-26
BOT,Alfa Romeo,18.0,-0.00038834728,0.00038834728,3,18,3.0,3.0,3,xgboost_rank_grid_blend,19.0,2023,Abu Dhabi Grand Prix,2023-11-26
GAS,Alpine,10.0,-0.00038834728,0.00038834728,4,10,4.0,4.0,4,xgboost_rank_grid_blend,13.0,2023,Abu Dhabi Grand Prix,2023-11-26
HAM,Mercedes,11.0,-0.00038834728,0.00038834728,5,11,5.0,5.0,5,xgboost_rank_grid_blend,9.0,2023,Abu Dhabi Grand Prix,2023-11-26
HUL,Haas F1 Team,8.0,-0.00038834728,0.00038834728,6,8,6.0,6.0,6,xgboost_rank_grid_blend,15.0,2023,Abu Dhabi Grand Prix,2023-11-26
LEC,Ferrari,2.0,-0.00038834728,0.00038834728,7,2,7.0,7.0,7,xgboost_rank_grid_blend,2.0,2023,Abu Dhabi Grand Prix,2023-11-26
MAG,Haas F1 Team,17.0,-0.00038834728,0.00038834728,8,17,8.0,8.0,8,xgboost_rank_grid_blend,20.0,2023,Abu Dhabi Grand Prix,2023-11-26
NOR,McLaren,5.0,-0.00038834728,0.00038834728,9,5,9.0,9.0,9,xgboost_rank_grid_blend,5.0,2023,Abu Dhabi Grand Prix,2023-11-26
OCO,Alpine,12.0,-0.00038834728,0.00038834728,10,12,10.0,10.0,10,xgboost_rank_grid_blend,12.0,2023,Abu Dhabi Grand Prix,2023-11-26
PER,Red Bull Racing,9.0,-0.00038834728,0.00038834728,11,9,11.0,11.0,11,xgboost_rank_grid_blend,4.0,2023,Abu Dhabi Grand Prix,2023-11-26
PIA,McLaren,3.0,-0.00038834728,0.00038834728,12,3,12.0,12.0,12,xgboost_rank_grid_blend,6.0,2023,Abu Dhabi Grand Prix,2023-11-26
RIC,AlphaTauri,15.0,-0.00038834728,0.00038834728,13,15,13.0,13.0,13,xgboost_rank_grid_blend,11.0,2023,Abu Dhabi Grand Prix,2023-11-26
RUS,Mercedes,4.0,-0.00038834728,0.00038834728,14,4,14.0,14.0,14,xgboost_rank_grid_blend,3.0,2023,Abu Dhabi Grand Prix,2023-11-26
SAI,Ferrari,16.0,-0.00038834728,0.00038834728,15,16,15.0,15.0,15,xgboost_rank_grid_blend,18.0,2023,Abu Dhabi Grand Prix,2023-11-26
SAR,Williams,20.0,-0.00038834728,0.00038834728,16,20,16.0,16.0,16,xgboost_rank_grid_blend,16.0,2023,Abu Dhabi Grand Prix,2023-11-26
STR,Aston Martin,13.0,-0.00038834728,0.00038834728,17,13,17.0,17.0,17,xgboost_rank_grid_blend,10.0,2023,Abu Dhabi Grand Prix,2023-11-26
TSU,AlphaTauri,6.0,-0.00038834728,0.00038834728,18,6,18.0,18.0,18,xgboost_rank_grid_blend,8.0,2023,Abu Dhabi Grand Prix,2023-11-26
VER,Red Bull Racing,1.0,-0.00038834728,0.00038834728,19,1,19.0,19.0,19,xgboost_rank_grid_blend,1.0,2023,Abu Dhabi Grand Prix,2023-11-26
ZHO,Alfa Romeo,19.0,-0.00038834728,0.00038834728,20,19,20.0,20.0,20,xgboost_rank_grid_blend,17.0,2023,Abu Dhabi Grand Prix,2023-11-26
ALB,Williams,13.0,9.401515e-05,-9.401515e-05,1,13,1.0,1.0,1,xgboost_rank_grid_blend,15.0,2024,Bahrain Grand Prix,2024-03-02
ALO,Aston Martin,6.0,9.401515e-05,-9.401515e-05,2,6,2.0,2.0,2,xgboost_rank_grid_blend,9.0,2024,Bahrain Grand Prix,2024-03-02
BOT,Audi,16.0,9.401515e-05,-9.401515e-05,3,16,3.0,3.0,3,xgboost_rank_grid_blend,19.0,2024,Bahrain Grand Prix,2024-03-02
GAS,Alpine,20.0,9.401515e-05,-9.401515e-05,4,20,4.0,4.0,4,xgboost_rank_grid_blend,18.0,2024,Bahrain Grand Prix,2024-03-02
HAM,Mercedes,9.0,9.401515e-05,-9.401515e-05,5,9,5.0,5.0,5,xgboost_rank_grid_blend,7.0,2024,Bahrain Grand Prix,2024-03-02
HUL,Haas F1 Team,10.0,9.401515e-05,-9.401515e-05,6,10,6.0,6.0,6,xgboost_rank_grid_blend,16.0,2024,Bahrain Grand Prix,2024-03-02
LEC,Ferrari,2.0,9.401515e-05,-9.401515e-05,7,2,7.0,7.0,7,xgboost_rank_grid_blend,4.0,2024,Bahrain Grand Prix,2024-03-02
MAG,Haas F1 Team,15.0,9.401515e-05,-9.401515e-05,8,15,8.0,8.0,8,xgboost_rank_grid_blend,12.0,2024,Bahrain Grand Prix,2024-03-02
NOR,McLaren,7.0,9.401515e-05,-9.401515e-05,9,7,9.0,9.0,9,xgboost_rank_grid_blend,6.0,2024,Bahrain Grand Prix,2024-03-02
OCO,Alpine,19.0,9.401515e-05,-9.401515e-05,10,19,10.0,10.0,10,xgboost_rank_grid_blend,17.0,2024,Bahrain Grand Prix,2024-03-02
PER,Red Bull Racing,5.0,9.401515e-05,-9.401515e-05,11,5,11.0,11.0,11,xgboost_rank_grid_blend,2.0,2024,Bahrain Grand Prix,2024-03-02
PIA,McLaren,8.0,9.401515e-05,-9.401515e-05,12,8,12.0,12.0,12,xgboost_rank_grid_blend,8.0,2024,Bahrain Grand Prix,2024-03-02
RIC,Racing Bulls,14.0,9.401515e-05,-9.401515e-05,13,14,13.0,13.0,13,xgboost_rank_grid_blend,13.0,2024,Bahrain Grand Prix,2024-03-02
RUS,Mercedes,3.0,9.401515e-05,-9.401515e-05,14,3,14.0,14.0,14,xgboost_rank_grid_blend,5.0,2024,Bahrain Grand Prix,2024-03-02
SAI,Ferrari,4.0,9.401515e-05,-9.401515e-05,15,4,15.0,15.0,15,xgboost_rank_grid_blend,3.0,2024,Bahrain Grand Prix,2024-03-02
SAR,Williams,18.0,9.401515e-05,-9.401515e-05,16,18,16.0,16.0,16,xgboost_rank_grid_blend,20.0,2024,Bahrain Grand Prix,2024-03-02
STR,Aston Martin,12.0,9.401515e-05,-9.401515e-05,17,12,17.0,17.0,17,xgboost_rank_grid_blend,10.0,2024,Bahrain Grand Prix,2024-03-02
TSU,Racing Bulls,11.0,9.401515e-05,-9.401515e-05,18,11,18.0,18.0,18,xgboost_rank_grid_blend,14.0,2024,Bahrain Grand Prix,2024-03-02
VER,Red Bull Racing,1.0,9.401515e-05,-9.401515e-05,19,1,19.0,19.0,19,xgboost_rank_grid_blend,1.0,2024,Bahrain Grand Prix,2024-03-02
ZHO,Audi,17.0,9.401515e-05,-9.401515e-05,20,17,20.0,20.0,20,xgboost_rank_grid_blend,11.0,2024,Bahrain Grand Prix,2024-03-02
ALB,Williams,12.0,-0.00083779555,0.00083779555,1,11,1.0,1.0,1,xgboost_rank_grid_blend,11.0,2024,Saudi Arabian Grand Prix,2024-03-09
ALO,Aston Martin,4.0,-0.00083779555,0.00083779555,2,4,2.0,2.0,2,xgboost_rank_grid_blend,5.0,2024,Saudi Arabian Grand Prix,2024-03-09
BEA,Ferrari,11.0,-0.00083779555,0.00083779555,3,10,3.0,3.0,3,xgboost_rank_grid_blend,7.0,2024,Saudi Arabian Grand Prix,2024-03-09
BOT,Audi,16.0,-0.00083779555,0.00083779555,4,15,4.0,4.0,4,xgboost_rank_grid_blend,17.0,2024,Saudi Arabian Grand Prix,2024-03-09
HAM,Mercedes,8.0,-0.00083779555,0.00083779555,5,8,5.0,5.0,5,xgboost_rank_grid_blend,9.0,2024,Saudi Arabian Grand Prix,2024-03-09
HUL,Haas F1 Team,15.0,-0.00083779555,0.00083779555,6,14,6.0,6.0,6,xgboost_rank_grid_blend,10.0,2024,Saudi Arabian Grand Prix,2024-03-09
LEC,Ferrari,2.0,-0.00083779555,0.00083779555,7,2,7.0,7.0,7,xgboost_rank_grid_blend,3.0,2024,Saudi Arabian Grand Prix,2024-03-09
MAG,Haas F1 Team,13.0,-0.00083779555,0.00083779555,8,12,8.0,8.0,8,xgboost_rank_grid_blend,12.0,2024,Saudi Arabian Grand Prix,2024-03-09
NOR,McLaren,6.0,-0.00083779555,0.00083779555,9,6,9.0,9.0,9,xgboost_rank_grid_blend,8.0,2024,Saudi Arabian Grand Prix,2024-03-09
OCO,Alpine,17.0,-0.00083779555,0.00083779555,10,16,10.0,10.0,10,xgboost_rank_grid_blend,13.0,2024,Saudi Arabian Grand Prix,2024-03-09
PER,Red Bull Racing,3.0,-0.00083779555,0.00083779555,11,3,11.0,11.0,11,xgboost_rank_grid_blend,2.0,2024,Saudi Arabian Grand Prix,2024-03-09
PIA,McLaren,5.0,-0.00083779555,0.00083779555,12,5,12.0,12.0,12,xgboost_rank_grid_blend,4.0,2024,Saudi Arabian Grand Prix,2024-03-09
RIC,Racing Bulls,14.0,-0.00083779555,0.00083779555,13,13,13.0,13.0,13,xgboost_rank_grid_blend,16.0,2024,Saudi Arabian Grand Prix,2024-03-09
RUS,Mercedes,7.0,-0.00083779555,0.00083779555,14,7,14.0,14.0,14,xgboost_rank_grid_blend,6.0,2024,Saudi Arabian Grand Prix,2024-03-09
SAR,Williams,19.0,-0.00083779555,0.00083779555,15,17,15.0,15.0,15,xgboost_rank_grid_blend,14.0,2024,Saudi Arabian Grand Prix,2024-03-09
TSU,Racing Bulls,9.0,-0.00083779555,0.00083779555,16,9,16.0,16.0,16,xgboost_rank_grid_blend,15.0,2024,Saudi Arabian Grand Prix,2024-03-09
VER,Red Bull Racing,1.0,-0.00083779555,0.00083779555,17,1,17.0,17.0,17,xgboost_rank_grid_blend,1.0,2024,Saudi Arabian Grand Prix,2024-03-09
ZHO,Audi,20.0,-0.00083779555,0.00083779555,18,18,18.0,18.0,18,xgboost_rank_grid_blend,18.0,2024,Saudi Arabian Grand Prix,2024-03-09
ALB,Williams,12.0,-0.0025375548,0.0025375548,1,10,1.0,1.0,1,xgboost_rank_grid_blend,11.0,2024,Australian Grand Prix,2024-03-24
ALO,Aston Martin,10.0,-0.0025375548,0.0025375548,2,9,2.0,2.0,2,xgboost_rank_grid_blend,8.0,2024,Australian Grand Prix,2024-03-24
BOT,Audi,13.0,-0.0025375548,0.0025375548,3,11,3.0,3.0,3,xgboost_rank_grid_blend,14.0,2024,Australian Grand Prix,2024-03-24
GAS,Alpine,17.0,-0.0025375548,0.0025375548,4,15,4.0,4.0,4,xgboost_rank_grid_blend,13.0,2024,Australian Grand Prix,2024-03-24
HUL,Haas F1 Team,16.0,-0.0025375548,0.0025375548,5,14,5.0,5.0,5,xgboost_rank_grid_blend,9.0,2024,Australian Grand Prix,2024-03-24
LEC,Ferrari,4.0,-0.0025375548,0.0025375548,6,3,6.0,6.0,6,xgboost_rank_grid_blend,2.0,2024,Australian Grand Prix,2024-03-24
MAG,Haas F1 Team,14.0,-0.0025375548,0.0025375548,7,12,7.0,7.0,7,xgboost_rank_grid_blend,10.0,2024,Australian Grand Prix,2024-03-24
NOR,McLaren,3.0,-0.0025375548,0.0025375548,8,2,8.0,8.0,8,xgboost_rank_grid_blend,3.0,2024,Australian Grand Prix,2024-03-24
OCO,Alpine,15.0,-0.0025375548,0.0025375548,9,13,9.0,9.0,9,xgboost_rank_grid_blend,16.0,2024,Australian Grand Prix,2024-03-24
PER,Red Bull Racing,6.0,-0.0025375548,0.0025375548,10,5,10.0,10.0,10,xgboost_rank_grid_blend,5.0,2024,Australian Grand Prix,2024-03-24
PIA,McLaren,5.0,-0.0025375548,0.0025375548,11,4,11.0,11.0,11,xgboost_rank_grid_blend,4.0,2024,Australian Grand Prix,2024-03-24
RIC,Racing Bulls,18.0,-0.0025375548,0.0025375548,12,16,12.0,12.0,12,xgboost_rank_grid_blend,12.0,2024,Australian Grand Prix,2024-03-24
RUS,Mercedes,7.0,-0.0025375548,0.0025375548,13,6,13.0,13.0,13,xgboost_rank_grid_blend,17.0,2024,Australian Grand Prix,2024-03-24
SAI,Ferrari,2.0,-0.0025375548,0.0025375548,14,1,14.0,14.0,14,xgboost_rank_grid_blend,1.0,2024,Australian Grand Prix,2024-03-24
STR,Aston Martin,9.0,-0.0025375548,0.0025375548,15,8,15.0,15.0,15,xgboost_rank_grid_blend,6.0,2024,Australian Grand Prix,2024-03-24
TSU,Racing Bulls,8.0,-0.0025375548,0.0025375548,16,7,16.0,16.0,16,xgboost_rank_grid_blend,7.0,2024,Australian Grand Prix,2024-03-24
ZHO,Audi,19.0,-0.0025375548,0.0025375548,17,17,17.0,17.0,17,xgboost_rank_grid_blend,15.0,2024,Australian Grand Prix,2024-03-24
ALO,Aston Martin,5.0,-0.001247459,0.001247459,1,5,1.0,1.0,1,xgboost_rank_grid_blend,6.0,2024,Japanese Grand Prix,2024-04-07
BOT,Audi,13.0,-0.001247459,0.001247459,2,12,2.0,2.0,2,xgboost_rank_grid_blend,14.0,2024,Japanese Grand Prix,2024-04-07
GAS,Alpine,17.0,-0.001247459,0.001247459,3,15,3.0,3.0,3,xgboost_rank_grid_blend,16.0,2024,Japanese Grand Prix,2024-04-07
HAM,Mercedes,7.0,-0.001247459,0.001247459,4,7,4.0,4.0,4,xgboost_rank_grid_blend,9.0,2024,Japanese Grand Prix,2024-04-07
HUL,Haas F1 Team,12.0,-0.001247459,0.001247459,5,11,5.0,5.0,5,xgboost_rank_grid_blend,11.0,2024,Japanese Grand Prix,2024-04-07
LEC,Ferrari,8.0,-0.001247459,0.001247459,6,8,6.0,6.0,6,xgboost_rank_grid_blend,4.0,2024,Japanese Grand Prix,2024-04-07
MAG,Haas F1 Team,18.0,-0.001247459,0.001247459,7,16,7.0,7.0,7,xgboost_rank_grid_blend,13.0,2024,Japanese Grand Prix,2024-04-07
NOR,McLaren,3.0,-0.001247459,0.001247459,8,3,8.0,8.0,8,xgboost_rank_grid_blend,5.0,2024,Japanese Grand Prix,2024-04-07
OCO,Alpine,15.0,-0.001247459,0.001247459,9,13,9.0,9.0,9,xgboost_rank_grid_blend,15.0,2024,Japanese Grand Prix,2024-04-07
PER,Red Bull Racing,2.0,-0.001247459,0.001247459,10,2,10.0,10.0,10,xgboost_rank_grid_blend,2.0,2024,Japanese Grand Prix,2024-04-07
PIA,McLaren,6.0,-0.001247459,0.001247459,11,6,11.0,11.0,11,xgboost_rank_grid_blend,8.0,2024,Japanese Grand Prix,2024-04-07
RUS,Mercedes,9.0,-0.001247459,0.001247459,12,9,12.0,12.0,12,xgboost_rank_grid_blend,7.0,2024,Japanese Grand Prix,2024-04-07
SAI,Ferrari,4.0,-0.001247459,0.001247459,13,4,13.0,13.0,13,xgboost_rank_grid_blend,3.0,2024,Japanese Grand Prix,2024-04-07
SAR,Williams,19.0,-0.001247459,0.001247459,14,17,14.0,14.0,14,xgboost_rank_grid_blend,17.0,2024,Japanese Grand Prix,2024-04-07
STR,Aston Martin,16.0,-0.001247459,0.001247459,15,14,15.0,15.0,15,xgboost_rank_grid_blend,12.0,2024,Japanese Grand Prix,2024-04-07
TSU,Racing Bulls,10.0,-0.001247459,0.001247459,16,10,16.0,16.0,16,xgboost_rank_grid_blend,10.0,2024,Japanese Grand Prix,2024-04-07
VER,Red Bull Racing,1.0,-0.001247459,0.001247459,17,1,17.0,17.0,17,xgboost_rank_grid_blend,1.0,2024,Japanese Grand Prix,2024-04-07
ALB,Williams,14.0,-0.006667229,0.006667229,1,12,1.0,1.0,1,xgboost_rank_grid_blend,12.0,2024,Chinese Grand Prix,2024-04-21
ALO,Aston Martin,3.0,-0.006667229,0.006667229,2,3,2.0,2.0,2,xgboost_rank_grid_blend,7.0,2024,Chinese Grand Prix,2024-04-21
GAS,Alpine,15.0,-0.006667229,0.006667229,3,13,3.0,3.0,3,xgboost_rank_grid_blend,13.0,2024,Chinese Grand Prix,2024-04-21
HAM,Mercedes,18.0,-0.006667229,0.006667229,4,16,4.0,4.0,4,xgboost_rank_grid_blend,9.0,2024,Chinese Grand Prix,2024-04-21
HUL,Haas F1 Team,9.0,-0.006667229,0.006667229,5,9,5.0,5.0,5,xgboost_rank_grid_blend,10.0,2024,Chinese Grand Prix,2024-04-21
LEC,Ferrari,6.0,-0.006667229,0.006667229,6,6,6.0,6.0,6,xgboost_rank_grid_blend,4.0,2024,Chinese Grand Prix,2024-04-21
MAG,Haas F1 Team,17.0,-0.006667229,0.006667229,7,15,7.0,7.0,7,xgboost_rank_grid_blend,16.0,2024,Chinese Grand Prix,2024-04-21
NOR,McLaren,4.0,-0.006667229,0.006667229,8,4,8.0,8.0,8,xgboost_rank_grid_blend,2.0,2024,Chinese Grand Prix,2024-04-21
OCO,Alpine,13.0,-0.006667229,0.006667229,9,11,9.0,9.0,9,xgboost_rank_grid_blend,11.0,2024,Chinese Grand Prix,2024-04-21
PER,Red Bull Racing,2.0,-0.006667229,0.006667229,10,2,10.0,10.0,10,xgboost_rank_grid_blend,3.0,2024,Chinese Grand Prix,2024-04-21
PIA,McLaren,5.0,-0.006667229,0.006667229,11,5,11.0,11.0,11,xgboost_rank_grid_blend,8.0,2024,Chinese Grand Prix,2024-04-21
RUS,Mercedes,8.0,-0.006667229,0.006667229,12,8,12.0,12.0,12,xgboost_rank_grid_blend,6.0,2024,Chinese Grand Prix,2024-04-21
SAI,Ferrari,7.0,-0.006667229,0.006667229,13,7,13.0,13.0,13,xgboost_rank_grid_blend,5.0,2024,Chinese Grand Prix,2024-04-21
SAR,Williams,20.0,-0.006667229,0.006667229,14,17,14.0,14.0,14,xgboost_rank_grid_blend,17.0,2024,Chinese Grand Prix,2024-04-21
STR,Aston Martin,11.0,-0.006667229,0.006667229,15,10,15.0,15.0,15,xgboost_rank_grid_blend,15.0,2024,Chinese Grand Prix,2024-04-21
VER,Red Bull Racing,1.0,-0.006667229,0.006667229,16,1,16.0,16.0,16,xgboost_rank_grid_blend,1.0,2024,Chinese Grand Prix,2024-04-21
ZHO,Audi,16.0,-0.006667229,0.006667229,17,14,17.0,17.0,17,xgboost_rank_grid_blend,14.0,2024,Chinese Grand Prix,2024-04-21
ALB,Williams,14.0,-0.0019453032,0.0019453032,1,14,1.0,1.0,1,xgboost_rank_grid_blend,18.0,2024,Miami Grand Prix,2024-05-05
ALO,Aston Martin,15.0,-0.0019453032,0.0019453032,2,15,2.0,2.0,2,xgboost_rank_grid_blend,9.0,2024,Miami Grand Prix,2024-05-05
BOT,Audi,16.0,-0.0019453032,0.0019453032,3,16,3.0,3.0,3,xgboost_rank_grid_blend,16.0,2024,Miami Grand Prix,2024-05-05
GAS,Alpine,12.0,-0.0019453032,0.0019453032,4,12,4.0,4.0,4,xgboost_rank_grid_blend,12.0,2024,Miami Grand Prix,2024-05-05
HAM,Mercedes,8.0,-0.0019453032,0.0019453032,5,8,5.0,5.0,5,xgboost_rank_grid_blend,6.0,2024,Miami Grand Prix,2024-05-05
HUL,Haas F1 Team,9.0,-0.0019453032,0.0019453032,6,9,6.0,6.0,6,xgboost_rank_grid_blend,11.0,2024,Miami Grand Prix,2024-05-05
LEC,Ferrari,2.0,-0.0019453032,0.0019453032,7,2,7.0,7.0,7,xgboost_rank_grid_blend,3.0,2024,Miami Grand Prix,2024-05-05
MAG,Haas F1 Team,18.0,-0.0019453032,0.0019453032,8,17,8.0,8.0,8,xgboost_rank_grid_blend,19.0,2024,Miami Grand Prix,2024-05-05
NOR,McLaren,5.0,-0.0019453032,0.0019453032,9,5,9.0,9.0,9,xgboost_rank_grid_blend,1.0,2024,Miami Grand Prix,2024-05-05
OCO,Alpine,13.0,-0.0019453032,0.0019453032,10,13,10.0,10.0,10,xgboost_rank_grid_blend,10.0,2024,Miami Grand Prix,2024-05-05
PER,Red Bull Racing,4.0,-0.0019453032,0.0019453032,11,4,11.0,11.0,11,xgboost_rank_grid_blend,4.0,2024,Miami Grand Prix,2024-05-05
PIA,McLaren,6.0,-0.0019453032,0.0019453032,12,6,12.0,12.0,12,xgboost_rank_grid_blend,13.0,2024,Miami Grand Prix,2024-05-05
RIC,Racing Bulls,20.0,-0.0019453032,0.0019453032,13,19,13.0,13.0,13,xgboost_rank_grid_blend,15.0,2024,Miami Grand Prix,2024-05-05
RUS,Mercedes,7.0,-0.0019453032,0.0019453032,14,7,14.0,14.0,14,xgboost_rank_grid_blend,8.0,2024,Miami Grand Prix,2024-05-05
SAI,Ferrari,3.0,-0.0019453032,0.0019453032,15,3,15.0,15.0,15,xgboost_rank_grid_blend,5.0,2024,Miami Grand Prix,2024-05-05
STR,Aston Martin,11.0,-0.0019453032,0.0019453032,16,11,16.0,16.0,16,xgboost_rank_grid_blend,17.0,2024,Miami Grand Prix,2024-05-05
TSU,Racing Bulls,10.0,-0.0019453032,0.0019453032,17,10,17.0,17.0,17,xgboost_rank_grid_blend,7.0,2024,Miami Grand Prix,2024-05-05
VER,Red Bull Racing,1.0,-0.0019453032,0.0019453032,18,1,18.0,18.0,18,xgboost_rank_grid_blend,2.0,2024,Miami Grand Prix,2024-05-05
ZHO,Audi,19.0,-0.0019453032,0.0019453032,19,18,19.0,19.0,19,xgboost_rank_grid_blend,14.0,2024,Miami Grand Prix,2024-05-05
ALO,Aston Martin,20.0,0.008134435,-0.008134435,1,19,1.0,1.0,1,xgboost_rank_grid_blend,19.0,2024,Emilia Romagna Grand Prix,2024-05-19
BOT,Audi,16.0,0.008134435,-0.008134435,2,15,2.0,2.0,2,xgboost_rank_grid_blend,18.0,2024,Emilia Romagna Grand Prix,2024-05-19
GAS,Alpine,15.0,0.008134435,-0.008134435,3,14,3.0,3.0,3,xgboost_rank_grid_blend,16.0,2024,Emilia Romagna Grand Prix,2024-05-19
HAM,Mercedes,8.0,0.008134435,-0.008134435,4,8,4.0,4.0,4,xgboost_rank_grid_blend,6.0,2024,Emilia Romagna Grand Prix,2024-05-19
HUL,Haas F1 Team,10.0,0.008134435,-0.008134435,5,10,5.0,5.0,5,xgboost_rank_grid_blend,11.0,2024,Emilia Romagna Grand Prix,2024-05-19
LEC,Ferrari,3.0,0.008134435,-0.008134435,6,3,6.0,6.0,6,xgboost_rank_grid_blend,3.0,2024,Emilia Romagna Grand Prix,2024-05-19
MAG,Haas F1 Team,18.0,0.008134435,-0.008134435,7,17,7.0,7.0,7,xgboost_rank_grid_blend,12.0,2024,Emilia Romagna Grand Prix,2024-05-19
NOR,McLaren,2.0,0.008134435,-0.008134435,8,2,8.0,8.0,8,xgboost_rank_grid_blend,2.0,2024,Emilia Romagna Grand Prix,2024-05-19
OCO,Alpine,12.0,0.008134435,-0.008134435,9,12,9.0,9.0,9,xgboost_rank_grid_blend,14.0,2024,Emilia Romagna Grand Prix,2024-05-19
PER,Red Bull Racing,11.0,0.008134435,-0.008134435,10,11,10.0,10.0,10,xgboost_rank_grid_blend,8.0,2024,Emilia Romagna Grand Prix,2024-05-19
PIA,McLaren,5.0,0.008134435,-0.008134435,11,5,11.0,11.0,11,xgboost_rank_grid_blend,4.0,2024,Emilia Romagna Grand Prix,2024-05-19
RIC,Racing Bulls,9.0,0.008134435,-0.008134435,12,9,12.0,12.0,12,xgboost_rank_grid_blend,13.0,2024,Emilia Romagna Grand Prix,2024-05-19
RUS,Mercedes,6.0,0.008134435,-0.008134435,13,6,13.0,13.0,13,xgboost_rank_grid_blend,7.0,2024,Emilia Romagna Grand Prix,2024-05-19
SAI,Ferrari,4.0,0.008134435,-0.008134435,14,4,14.0,14.0,14,xgboost_rank_grid_blend,5.0,2024,Emilia Romagna Grand Prix,2024-05-19
SAR,Williams,19.0,0.008134435,-0.008134435,15,18,15.0,15.0,15,xgboost_rank_grid_blend,17.0,2024,Emilia Romagna Grand Prix,2024-05-19
STR,Aston Martin,13.0,0.008134435,-0.008134435,16,13,16.0,16.0,16,xgboost_rank_grid_blend,9.0,2024,Emilia Romagna Grand Prix,2024-05-19
TSU,Racing Bulls,7.0,0.008134435,-0.008134435,17,7,17.0,17.0,17,xgboost_rank_grid_blend,10.0,2024,Emilia Romagna Grand Prix,2024-05-19
VER,Red Bull Racing,1.0,0.008134435,-0.008134435,18,1,18.0,18.0,18,xgboost_rank_grid_blend,1.0,2024,Emilia Romagna Grand Prix,2024-05-19
ZHO,Audi,17.0,0.008134435,-0.008134435,19,16,19.0,19.0,19,xgboost_rank_grid_blend,15.0,2024,Emilia Romagna Grand Prix,2024-05-19
ALB,Williams,9.0,0.0071478286,-0.0071478286,1,9,1.0,1.0,1,xgboost_rank_grid_blend,9.0,2024,Monaco Grand Prix,2024-05-26
ALO,Aston Martin,14.0,0.0071478286,-0.0071478286,2,13,2.0,2.0,2,xgboost_rank_grid_blend,11.0,2024,Monaco Grand Prix,2024-05-26
BOT,Audi,17.0,0.0071478286,-0.0071478286,3,15,3.0,3.0,3,xgboost_rank_grid_blend,13.0,2024,Monaco Grand Prix,2024-05-26
GAS,Alpine,10.0,0.0071478286,-0.0071478286,4,10,4.0,4.0,4,xgboost_rank_grid_blend,10.0,2024,Monaco Grand Prix,2024-05-26
HAM,Mercedes,7.0,0.0071478286,-0.0071478286,5,7,5.0,5.0,5,xgboost_rank_grid_blend,7.0,2024,Monaco Grand Prix,2024-05-26
LEC,Ferrari,1.0,0.0071478286,-0.0071478286,6,1,6.0,6.0,6,xgboost_rank_grid_blend,1.0,2024,Monaco Grand Prix,2024-05-26
NOR,McLaren,4.0,0.0071478286,-0.0071478286,7,4,7.0,7.0,7,xgboost_rank_grid_blend,4.0,2024,Monaco Grand Prix,2024-05-26
PIA,McLaren,2.0,0.0071478286,-0.0071478286,8,2,8.0,8.0,8,xgboost_rank_grid_blend,2.0,2024,Monaco Grand Prix,2024-05-26
RIC,Racing Bulls,12.0,0.0071478286,-0.0071478286,9,11,9.0,9.0,9,xgboost_rank_grid_blend,12.0,2024,Monaco Grand Prix,2024-05-26
RUS,Mercedes,5.0,0.0071478286,-0.0071478286,10,5,10.0,10.0,10,xgboost_rank_grid_blend,5.0,2024,Monaco Grand Prix,2024-05-26
SAI,Ferrari,3.0,0.0071478286,-0.0071478286,11,3,11.0,11.0,11,xgboost_rank_grid_blend,3.0,2024,Monaco Grand Prix,2024-05-26
SAR,Williams,15.0,0.0071478286,-0.0071478286,12,14,12.0,12.0,12,xgboost_rank_grid_blend,15.0,2024,Monaco Grand Prix,2024-05-26
STR,Aston Martin,13.0,0.0071478286,-0.0071478286,13,12,13.0,13.0,13,xgboost_rank_grid_blend,14.0,2024,Monaco Grand Prix,2024-05-26
TSU,Racing Bulls,8.0,0.0071478286,-0.0071478286,14,8,14.0,14.0,14,xgboost_rank_grid_blend,8.0,2024,Monaco Grand Prix,2024-05-26
VER,Red Bull Racing,6.0,0.0071478286,-0.0071478286,15,6,15.0,15.0,15,xgboost_rank_grid_blend,6.0,2024,Monaco Grand Prix,2024-05-26
ZHO,Audi,18.0,0.0071478286,-0.0071478286,16,16,16.0,16.0,16,xgboost_rank_grid_blend,16.0,2024,Monaco Grand Prix,2024-05-26
ALO,Aston Martin,6.0,-0.0029654503,0.0029654503,1,6,1.0,1.0,1,xgboost_rank_grid_blend,6.0,2024,Canadian Grand Prix,2024-06-09
BOT,Audi,19.0,-0.0029654503,0.0029654503,2,14,2.0,2.0,2,xgboost_rank_grid_blend,13.0,2024,Canadian Grand Prix,2024-06-09
GAS,Alpine,15.0,-0.0029654503,0.0029654503,3,11,3.0,3.0,3,xgboost_rank_grid_blend,9.0,2024,Canadian Grand Prix,2024-06-09
HAM,Mercedes,7.0,-0.0029654503,0.0029654503,4,7,4.0,4.0,4,xgboost_rank_grid_blend,4.0,2024,Canadian Grand Prix,2024-06-09
HUL,Haas F1 Team,17.0,-0.0029654503,0.0029654503,5,12,5.0,5.0,5,xgboost_rank_grid_blend,11.0,2024,Canadian Grand Prix,2024-06-09
MAG,Haas F1 Team,14.0,-0.0029654503,0.0029654503,6,10,6.0,6.0,6,xgboost_rank_grid_blend,12.0,2024,Canadian Grand Prix,2024-06-09
NOR,McLaren,3.0,-0.0029654503,0.0029654503,7,3,7.0,7.0,7,xgboost_rank_grid_blend,2.0,2024,Canadian Grand Prix,2024-06-09
OCO,Alpine,18.0,-0.0029654503,0.0029654503,8,13,8.0,8.0,8,xgboost_rank_grid_blend,10.0,2024,Canadian Grand Prix,2024-06-09
PIA,McLaren,4.0,-0.0029654503,0.0029654503,9,4,9.0,9.0,9,xgboost_rank_grid_blend,5.0,2024,Canadian Grand Prix,2024-06-09
RIC,Racing Bulls,5.0,-0.0029654503,0.0029654503,10,5,10.0,10.0,10,xgboost_rank_grid_blend,8.0,2024,Canadian Grand Prix,2024-06-09
RUS,Mercedes,1.0,-0.0029654503,0.0029654503,11,1,11.0,11.0,11,xgboost_rank_grid_blend,3.0,2024,Canadian Grand Prix,2024-06-09
STR,Aston Martin,9.0,-0.0029654503,0.0029654503,12,9,12.0,12.0,12,xgboost_rank_grid_blend,7.0,2024,Canadian Grand Prix,2024-06-09
TSU,Racing Bulls,8.0,-0.0029654503,0.0029654503,13,8,13.0,13.0,13,xgboost_rank_grid_blend,14.0,2024,Canadian Grand Prix,2024-06-09
VER,Red Bull Racing,2.0,-0.0029654503,0.0029654503,14,2,14.0,14.0,14,xgboost_rank_grid_blend,1.0,2024,Canadian Grand Prix,2024-06-09
ZHO,Audi,20.0,-0.0029654503,0.0029654503,15,15,15.0,15.0,15,xgboost_rank_grid_blend,15.0,2024,Canadian Grand Prix,2024-06-09
ALB,Williams,20.0,0.008759213,-0.008759213,1,20,1.0,1.0,1,xgboost_rank_grid_blend,18.0,2024,Spanish Grand Prix,2024-06-23
ALO,Aston Martin,10.0,0.008759213,-0.008759213,2,10,2.0,2.0,2,xgboost_rank_grid_blend,12.0,2024,Spanish Grand Prix,2024-06-23
BOT,Audi,12.0,0.008759213,-0.008759213,3,12,3.0,3.0,3,xgboost_rank_grid_blend,16.0,2024,Spanish Grand Prix,2024-06-23
GAS,Alpine,7.0,0.008759213,-0.008759213,4,7,4.0,4.0,4,xgboost_rank_grid_blend,9.0,2024,Spanish Grand Prix,2024-06-23
HAM,Mercedes,3.0,0.008759213,-0.008759213,5,3,5.0,5.0,5,xgboost_rank_grid_blend,3.0,2024,Spanish Grand Prix,2024-06-23
HUL,Haas F1 Team,13.0,0.008759213,-0.008759213,6,13,6.0,6.0,6,xgboost_rank_grid_blend,11.0,2024,Spanish Grand Prix,2024-06-23
LEC,Ferrari,5.0,0.008759213,-0.008759213,7,5,7.0,7.0,7,xgboost_rank_grid_blend,5.0,2024,Spanish Grand Prix,2024-06-23
MAG,Haas F1 Team,16.0,0.008759213,-0.008759213,8,16,8.0,8.0,8,xgboost_rank_grid_blend,17.0,2024,Spanish Grand Prix,2024-06-23
NOR,McLaren,1.0,0.008759213,-0.008759213,9,1,9.0,9.0,9,xgboost_rank_grid_blend,2.0,2024,Spanish Grand Prix,2024-06-23
OCO,Alpine,8.0,0.008759213,-0.008759213,10,8,10.0,10.0,10,xgboost_rank_grid_blend,10.0,2024,Spanish Grand Prix,2024-06-23
PER,Red Bull Racing,11.0,0.008759213,-0.008759213,11,11,11.0,11.0,11,xgboost_rank_grid_blend,8.0,2024,Spanish Grand Prix,2024-06-23
PIA,McLaren,9.0,0.008759213,-0.008759213,12,9,12.0,12.0,12,xgboost_rank_grid_blend,7.0,2024,Spanish Grand Prix,2024-06-23
RIC,Racing Bulls,18.0,0.008759213,-0.008759213,13,18,13.0,13.0,13,xgboost_rank_grid_blend,15.0,2024,Spanish Grand Prix,2024-06-23
RUS,Mercedes,4.0,0.008759213,-0.008759213,14,4,14.0,14.0,14,xgboost_rank_grid_blend,4.0,2024,Spanish Grand Prix,2024-06-23
SAI,Ferrari,6.0,0.008759213,-0.008759213,15,6,15.0,15.0,15,xgboost_rank_grid_blend,6.0,2024,Spanish Grand Prix,2024-06-23
SAR,Williams,19.0,0.008759213,-0.008759213,16,19,16.0,16.0,16,xgboost_rank_grid_blend,20.0,2024,Spanish Grand Prix,2024-06-23
STR,Aston Martin,14.0,0.008759213,-0.008759213,17,14,17.0,17.0,17,xgboost_rank_grid_blend,14.0,2024,Spanish Grand Prix,2024-06-23
TSU,Racing Bulls,17.0,0.008759213,-0.008759213,18,17,18.0,18.0,18,xgboost_rank_grid_blend,19.0,2024,Spanish Grand Prix,2024-06-23
VER,Red Bull Racing,2.0,0.008759213,-0.008759213,19,2,19.0,19.0,19,xgboost_rank_grid_blend,1.0,2024,Spanish Grand Prix,2024-06-23
ZHO,Audi,15.0,0.008759213,-0.008759213,20,15,20.0,20.0,20,xgboost_rank_grid_blend,13.0,2024,Spanish Grand Prix,2024-06-23
ALB,Williams,16.0,0.004515746,-0.004515746,1,16,1.0,1.0,1,xgboost_rank_grid_blend,15.0,2024,Austrian Grand Prix,2024-06-30
ALO,Aston Martin,15.0,0.004515746,-0.004515746,2,15,2.0,2.0,2,xgboost_rank_grid_blend,18.0,2024,Austrian Grand Prix,2024-06-30
BOT,Audi,18.0,0.004515746,-0.004515746,3,18,3.0,3.0,3,xgboost_rank_grid_blend,16.0,2024,Austrian Grand Prix,2024-06-30
GAS,Alpine,13.0,0.004515746,-0.004515746,4,13,4.0,4.0,4,xgboost_rank_grid_blend,10.0,2024,Austrian Grand Prix,2024-06-30
HAM,Mercedes,5.0,0.004515746,-0.004515746,5,5,5.0,5.0,5,xgboost_rank_grid_blend,4.0,2024,Austrian Grand Prix,2024-06-30
HUL,Haas F1 Team,9.0,0.004515746,-0.004515746,6,9,6.0,6.0,6,xgboost_rank_grid_blend,6.0,2024,Austrian Grand Prix,2024-06-30
LEC,Ferrari,6.0,0.004515746,-0.004515746,7,6,7.0,7.0,7,xgboost_rank_grid_blend,11.0,2024,Austrian Grand Prix,2024-06-30
MAG,Haas F1 Team,12.0,0.004515746,-0.004515746,8,12,8.0,8.0,8,xgboost_rank_grid_blend,8.0,2024,Austrian Grand Prix,2024-06-30
NOR,McLaren,2.0,0.004515746,-0.004515746,9,2,9.0,9.0,9,xgboost_rank_grid_blend,20.0,2024,Austrian Grand Prix,2024-06-30
OCO,Alpine,10.0,0.004515746,-0.004515746,10,10,10.0,10.0,10,xgboost_rank_grid_blend,12.0,2024,Austrian Grand Prix,2024-06-30
PER,Red Bull Racing,8.0,0.004515746,-0.004515746,11,8,11.0,11.0,11,xgboost_rank_grid_blend,7.0,2024,Austrian Grand Prix,2024-06-30
PIA,McLaren,7.0,0.004515746,-0.004515746,12,7,12.0,12.0,12,xgboost_rank_grid_blend,2.0,2024,Austrian Grand Prix,2024-06-30
RIC,Racing Bulls,11.0,0.004515746,-0.004515746,13,11,13.0,13.0,13,xgboost_rank_grid_blend,9.0,2024,Austrian Grand Prix,2024-06-30
RUS,Mercedes,3.0,0.004515746,-0.004515746,14,3,14.0,14.0,14,xgboost_rank_grid_blend,1.0,2024,Austrian Grand Prix,2024-06-30
SAI,Ferrari,4.0,0.004515746,-0.004515746,15,4,15.0,15.0,15,xgboost_rank_grid_blend,3.0,2024,Austrian Grand Prix,2024-06-30
SAR,Williams,19.0,0.004515746,-0.004515746,16,19,16.0,16.0,16,xgboost_rank_grid_blend,19.0,2024,Austrian Grand Prix,2024-06-30
STR,Aston Martin,17.0,0.004515746,-0.004515746,17,17,17.0,17.0,17,xgboost_rank_grid_blend,13.0,2024,Austrian Grand Prix,2024-06-30
TSU,Racing Bulls,14.0,0.004515746,-0.004515746,18,14,18.0,18.0,18,xgboost_rank_grid_blend,14.0,2024,Austrian Grand Prix,2024-06-30
VER,Red Bull Racing,1.0,0.004515746,-0.004515746,19,1,19.0,19.0,19,xgboost_rank_grid_blend,5.0,2024,Austrian Grand Prix,2024-06-30
ZHO,Audi,20.0,0.004515746,-0.004515746,20,20,20.0,20.0,20,xgboost_rank_grid_blend,17.0,2024,Austrian Grand Prix,2024-06-30
ALB,Williams,9.0,0.0011959105,-0.0011959105,1,8,1.0,1.0,1,xgboost_rank_grid_blend,9.0,2024,British Grand Prix,2024-07-07
ALO,Aston Martin,10.0,0.0011959105,-0.0011959105,2,9,2.0,2.0,2,xgboost_rank_grid_blend,8.0,2024,British Grand Prix,2024-07-07
BOT,Audi,16.0,0.0011959105,-0.0011959105,3,15,3.0,3.0,3,xgboost_rank_grid_blend,15.0,2024,British Grand Prix,2024-07-07
HAM,Mercedes,2.0,0.0011959105,-0.0011959105,4,1,4.0,4.0,4,xgboost_rank_grid_blend,1.0,2024,British Grand Prix,2024-07-07
HUL,Haas F1 Team,6.0,0.0011959105,-0.0011959105,5,5,5.0,5.0,5,xgboost_rank_grid_blend,6.0,2024,British Grand Prix,2024-07-07
LEC,Ferrari,11.0,0.0011959105,-0.0011959105,6,10,6.0,6.0,6,xgboost_rank_grid_blend,14.0,2024,British Grand Prix,2024-07-07
MAG,Haas F1 Team,17.0,0.0011959105,-0.0011959105,7,16,7.0,7.0,7,xgboost_rank_grid_blend,12.0,2024,British Grand Prix,2024-07-07
NOR,McLaren,3.0,0.0011959105,-0.0011959105,8,2,8.0,8.0,8,xgboost_rank_grid_blend,3.0,2024,British Grand Prix,2024-07-07
OCO,Alpine,18.0,0.0011959105,-0.0011959105,9,17,9.0,9.0,9,xgboost_rank_grid_blend,16.0,2024,British Grand Prix,2024-07-07
PER,Red Bull Racing,20.0,0.0011959105,-0.0011959105,10,18,10.0,10.0,10,xgboost_rank_grid_blend,17.0,2024,British Grand Prix,2024-07-07
PIA,McLaren,5.0,0.0011959105,-0.0011959105,11,4,11.0,11.0,11,xgboost_rank_grid_blend,4.0,2024,British Grand Prix,2024-07-07
RIC,Racing Bulls,15.0,0.0011959105,-0.0011959105,12,14,12.0,12.0,12,xgboost_rank_grid_blend,13.0,2024,British Grand Prix,2024-07-07
SAI,Ferrari,7.0,0.0011959105,-0.0011959105,13,6,13.0,13.0,13,xgboost_rank_grid_blend,5.0,2024,British Grand Prix,2024-07-07
SAR,Williams,12.0,0.0011959105,-0.0011959105,14,11,14.0,14.0,14,xgboost_rank_grid_blend,11.0,2024,British Grand Prix,2024-07-07
STR,Aston Martin,8.0,0.0011959105,-0.0011959105,15,7,15.0,15.0,15,xgboost_rank_grid_blend,7.0,2024,British Grand Prix,2024-07-07
TSU,Racing Bulls,13.0,0.0011959105,-0.0011959105,16,12,16.0,16.0,16,xgboost_rank_grid_blend,10.0,2024,British Grand Prix,2024-07-07
VER,Red Bull Racing,4.0,0.0011959105,-0.0011959105,17,3,17.0,17.0,17,xgboost_rank_grid_blend,2.0,2024,British Grand Prix,2024-07-07
ZHO,Audi,14.0,0.0011959105,-0.0011959105,18,13,18.0,18.0,18,xgboost_rank_grid_blend,18.0,2024,British Grand Prix,2024-07-07
ALB,Williams,13.0,-0.0038150833,0.0038150833,1,13,1.0,1.0,1,xgboost_rank_grid_blend,14.0,2024,Hungarian Grand Prix,2024-07-21
ALO,Aston Martin,7.0,-0.0038150833,0.0038150833,2,7,2.0,2.0,2,xgboost_rank_grid_blend,11.0,2024,Hungarian Grand Prix,2024-07-21
BOT,Audi,12.0,-0.0038150833,0.0038150833,3,12,3.0,3.0,3,xgboost_rank_grid_blend,16.0,2024,Hungarian Grand Prix,2024-07-21
HAM,Mercedes,5.0,-0.0038150833,0.0038150833,4,5,4.0,4.0,4,xgboost_rank_grid_blend,3.0,2024,Hungarian Grand Prix,2024-07-21
HUL,Haas F1 Team,11.0,-0.0038150833,0.0038150833,5,11,5.0,5.0,5,xgboost_rank_grid_blend,13.0,2024,Hungarian Grand Prix,2024-07-21
LEC,Ferrari,6.0,-0.0038150833,0.0038150833,6,6,6.0,6.0,6,xgboost_rank_grid_blend,4.0,2024,Hungarian Grand Prix,2024-07-21
MAG,Haas F1 Team,15.0,-0.0038150833,0.0038150833,7,15,7.0,7.0,7,xgboost_rank_grid_blend,15.0,2024,Hungarian Grand Prix,2024-07-21
NOR,McLaren,1.0,-0.0038150833,0.0038150833,8,1,8.0,8.0,8,xgboost_rank_grid_blend,2.0,2024,Hungarian Grand Prix,2024-07-21
OCO,Alpine,19.0,-0.0038150833,0.0038150833,9,19,9.0,9.0,9,xgboost_rank_grid_blend,18.0,2024,Hungarian Grand Prix,2024-07-21
PER,Red Bull Racing,16.0,-0.0038150833,0.0038150833,10,16,10.0,10.0,10,xgboost_rank_grid_blend,7.0,2024,Hungarian Grand Prix,2024-07-21
PIA,McLaren,2.0,-0.0038150833,0.0038150833,11,2,11.0,11.0,11,xgboost_rank_grid_blend,1.0,2024,Hungarian Grand Prix,2024-07-21
RIC,Racing Bulls,9.0,-0.0038150833,0.0038150833,12,9,12.0,12.0,12,xgboost_rank_grid_blend,12.0,2024,Hungarian Grand Prix,2024-07-21
RUS,Mercedes,17.0,-0.0038150833,0.0038150833,13,17,13.0,13.0,13,xgboost_rank_grid_blend,8.0,2024,Hungarian Grand Prix,2024-07-21
SAI,Ferrari,4.0,-0.0038150833,0.0038150833,14,4,14.0,14.0,14,xgboost_rank_grid_blend,6.0,2024,Hungarian Grand Prix,2024-07-21
SAR,Williams,14.0,-0.0038150833,0.0038150833,15,14,15.0,15.0,15,xgboost_rank_grid_blend,17.0,2024,Hungarian Grand Prix,2024-07-21
STR,Aston Martin,8.0,-0.0038150833,0.0038150833,16,8,16.0,16.0,16,xgboost_rank_grid_blend,10.0,2024,Hungarian Grand Prix,2024-07-21
TSU,Racing Bulls,10.0,-0.0038150833,0.0038150833,17,10,17.0,17.0,17,xgboost_rank_grid_blend,9.0,2024,Hungarian Grand Prix,2024-07-21
VER,Red Bull Racing,3.0,-0.0038150833,0.0038150833,18,3,18.0,18.0,18,xgboost_rank_grid_blend,5.0,2024,Hungarian Grand Prix,2024-07-21
ZHO,Audi,18.0,-0.0038150833,0.0038150833,19,18,19.0,19.0,19,xgboost_rank_grid_blend,19.0,2024,Hungarian Grand Prix,2024-07-21
ALB,Williams,10.0,-0.009987491,0.009987491,1,10,1.0,1.0,1,xgboost_rank_grid_blend,12.0,2024,Belgian Grand Prix,2024-07-28
ALO,Aston Martin,8.0,-0.009987491,0.009987491,2,8,2.0,2.0,2,xgboost_rank_grid_blend,8.0,2024,Belgian Grand Prix,2024-07-28
BOT,Audi,14.0,-0.009987491,0.009987491,3,14,3.0,3.0,3,xgboost_rank_grid_blend,15.0,2024,Belgian Grand Prix,2024-07-28
GAS,Alpine,12.0,-0.009987491,0.009987491,4,12,4.0,4.0,4,xgboost_rank_grid_blend,13.0,2024,Belgian Grand Prix,2024-07-28
HAM,Mercedes,3.0,-0.009987491,0.009987491,5,3,5.0,5.0,5,xgboost_rank_grid_blend,1.0,2024,Belgian Grand Prix,2024-07-28
HUL,Haas F1 Team,16.0,-0.009987491,0.009987491,6,16,6.0,6.0,6,xgboost_rank_grid_blend,18.0,2024,Belgian Grand Prix,2024-07-28
LEC,Ferrari,1.0,-0.009987491,0.009987491,7,1,7.0,7.0,7,xgboost_rank_grid_blend,3.0,2024,Belgian Grand Prix,2024-07-28
MAG,Haas F1 Team,17.0,-0.009987491,0.009987491,8,17,8.0,8.0,8,xgboost_rank_grid_blend,14.0,2024,Belgian Grand Prix,2024-07-28
NOR,McLaren,4.0,-0.009987491,0.009987491,9,4,9.0,9.0,9,xgboost_rank_grid_blend,5.0,2024,Belgian Grand Prix,2024-07-28
OCO,Alpine,9.0,-0.009987491,0.009987491,10,9,10.0,10.0,10,xgboost_rank_grid_blend,9.0,2024,Belgian Grand Prix,2024-07-28
PER,Red Bull Racing,2.0,-0.009987491,0.009987491,11,2,11.0,11.0,11,xgboost_rank_grid_blend,7.0,2024,Belgian Grand Prix,2024-07-28
PIA,McLaren,5.0,-0.009987491,0.009987491,12,5,12.0,12.0,12,xgboost_rank_grid_blend,2.0,2024,Belgian Grand Prix,2024-07-28
RIC,Racing Bulls,13.0,-0.009987491,0.009987491,13,13,13.0,13.0,13,xgboost_rank_grid_blend,10.0,2024,Belgian Grand Prix,2024-07-28
RUS,Mercedes,6.0,-0.009987491,0.009987491,14,6,14.0,14.0,14,xgboost_rank_grid_blend,20.0,2024,Belgian Grand Prix,2024-07-28
SAI,Ferrari,7.0,-0.009987491,0.009987491,15,7,15.0,15.0,15,xgboost_rank_grid_blend,6.0,2024,Belgian Grand Prix,2024-07-28
SAR,Williams,18.0,-0.009987491,0.009987491,16,18,16.0,16.0,16,xgboost_rank_grid_blend,17.0,2024,Belgian Grand Prix,2024-07-28
STR,Aston Martin,15.0,-0.009987491,0.009987491,17,15,17.0,17.0,17,xgboost_rank_grid_blend,11.0,2024,Belgian Grand Prix,2024-07-28
TSU,Racing Bulls,20.0,-0.009987491,0.009987491,18,19,18.0,18.0,18,xgboost_rank_grid_blend,16.0,2024,Belgian Grand Prix,2024-07-28
VER,Red Bull Racing,11.0,-0.009987491,0.009987491,19,11,19.0,19.0,19,xgboost_rank_grid_blend,4.0,2024,Belgian Grand Prix,2024-07-28
ALB,Williams,19.0,0.0057077743,-0.0057077743,1,19,1.0,1.0,1,xgboost_rank_grid_blend,14.0,2024,Dutch Grand Prix,2024-08-25
ALO,Aston Martin,7.0,0.0057077743,-0.0057077743,2,7,2.0,2.0,2,xgboost_rank_grid_blend,10.0,2024,Dutch Grand Prix,2024-08-25
BOT,Audi,16.0,0.0057077743,-0.0057077743,3,16,3.0,3.0,3,xgboost_rank_grid_blend,19.0,2024,Dutch Grand Prix,2024-08-25
GAS,Alpine,9.0,0.0057077743,-0.0057077743,4,9,4.0,4.0,4,xgboost_rank_grid_blend,9.0,2024,Dutch Grand Prix,2024-08-25
HAM,Mercedes,14.0,0.0057077743,-0.0057077743,5,14,5.0,5.0,5,xgboost_rank_grid_blend,8.0,2024,Dutch Grand Prix,2024-08-25
HUL,Haas F1 Team,12.0,0.0057077743,-0.0057077743,6,12,6.0,6.0,6,xgboost_rank_grid_blend,11.0,2024,Dutch Grand Prix,2024-08-25
LEC,Ferrari,6.0,0.0057077743,-0.0057077743,7,6,7.0,7.0,7,xgboost_rank_grid_blend,3.0,2024,Dutch Grand Prix,2024-08-25
MAG,Haas F1 Team,20.0,0.0057077743,-0.0057077743,8,20,8.0,8.0,8,xgboost_rank_grid_blend,18.0,2024,Dutch Grand Prix,2024-08-25
NOR,McLaren,1.0,0.0057077743,-0.0057077743,9,1,9.0,9.0,9,xgboost_rank_grid_blend,1.0,2024,Dutch Grand Prix,2024-08-25
OCO,Alpine,15.0,0.0057077743,-0.0057077743,10,15,10.0,10.0,10,xgboost_rank_grid_blend,15.0,2024,Dutch Grand Prix,2024-08-25
PER,Red Bull Racing,5.0,0.0057077743,-0.0057077743,11,5,11.0,11.0,11,xgboost_rank_grid_blend,6.0,2024,Dutch Grand Prix,2024-08-25
PIA,McLaren,3.0,0.0057077743,-0.0057077743,12,3,12.0,12.0,12,xgboost_rank_grid_blend,4.0,2024,Dutch Grand Prix,2024-08-25
RIC,Racing Bulls,13.0,0.0057077743,-0.0057077743,13,13,13.0,13.0,13,xgboost_rank_grid_blend,12.0,2024,Dutch Grand Prix,2024-08-25
RUS,Mercedes,4.0,0.0057077743,-0.0057077743,14,4,14.0,14.0,14,xgboost_rank_grid_blend,7.0,2024,Dutch Grand Prix,2024-08-25
SAI,Ferrari,10.0,0.0057077743,-0.0057077743,15,10,15.0,15.0,15,xgboost_rank_grid_blend,5.0,2024,Dutch Grand Prix,2024-08-25
SAR,Williams,18.0,0.0057077743,-0.0057077743,16,18,16.0,16.0,16,xgboost_rank_grid_blend,16.0,2024,Dutch Grand Prix,2024-08-25
STR,Aston Martin,8.0,0.0057077743,-0.0057077743,17,8,17.0,17.0,17,xgboost_rank_grid_blend,13.0,2024,Dutch Grand Prix,2024-08-25
TSU,Racing Bulls,11.0,0.0057077743,-0.0057077743,18,11,18.0,18.0,18,xgboost_rank_grid_blend,17.0,2024,Dutch Grand Prix,2024-08-25
VER,Red Bull Racing,2.0,0.0057077743,-0.0057077743,19,2,19.0,19.0,19,xgboost_rank_grid_blend,2.0,2024,Dutch Grand Prix,2024-08-25
ZHO,Audi,17.0,0.0057077743,-0.0057077743,20,17,20.0,20.0,20,xgboost_rank_grid_blend,20.0,2024,Dutch Grand Prix,2024-08-25
ALB,Williams,9.0,-0.00010361895,0.00010361895,1,9,1.0,1.0,1,xgboost_rank_grid_blend,9.0,2024,Italian Grand Prix,2024-09-01
ALO,Aston Martin,11.0,-0.00010361895,0.00010361895,2,11,2.0,2.0,2,xgboost_rank_grid_blend,11.0,2024,Italian Grand Prix,2024-09-01
BOT,Audi,19.0,-0.00010361895,0.00010361895,3,18,3.0,3.0,3,xgboost_rank_grid_blend,16.0,2024,Italian Grand Prix,2024-09-01
COL,Williams,18.0,-0.00010361895,0.00010361895,4,17,4.0,4.0,4,xgboost_rank_grid_blend,12.0,2024,Italian Grand Prix,2024-09-01
GAS,Alpine,14.0,-0.00010361895,0.00010361895,5,14,5.0,5.0,5,xgboost_rank_grid_blend,15.0,2024,Italian Grand Prix,2024-09-01
HAM,Mercedes,6.0,-0.00010361895,0.00010361895,6,6,6.0,6.0,6,xgboost_rank_grid_blend,5.0,2024,Italian Grand Prix,2024-09-01
HUL,Haas F1 Team,10.0,-0.00010361895,0.00010361895,7,10,7.0,7.0,7,xgboost_rank_grid_blend,17.0,2024,Italian Grand Prix,2024-09-01
LEC,Ferrari,4.0,-0.00010361895,0.00010361895,8,4,8.0,8.0,8,xgboost_rank_grid_blend,1.0,2024,Italian Grand Prix,2024-09-01
MAG,Haas F1 Team,13.0,-0.00010361895,0.00010361895,9,13,9.0,9.0,9,xgboost_rank_grid_blend,10.0,2024,Italian Grand Prix,2024-09-01
NOR,McLaren,1.0,-0.00010361895,0.00010361895,10,1,10.0,10.0,10,xgboost_rank_grid_blend,3.0,2024,Italian Grand Prix,2024-09-01
OCO,Alpine,15.0,-0.00010361895,0.00010361895,11,15,11.0,11.0,11,xgboost_rank_grid_blend,14.0,2024,Italian Grand Prix,2024-09-01
PER,Red Bull Racing,8.0,-0.00010361895,0.00010361895,12,8,12.0,12.0,12,xgboost_rank_grid_blend,8.0,2024,Italian Grand Prix,2024-09-01
PIA,McLaren,2.0,-0.00010361895,0.00010361895,13,2,13.0,13.0,13,xgboost_rank_grid_blend,2.0,2024,Italian Grand Prix,2024-09-01
RIC,Racing Bulls,12.0,-0.00010361895,0.00010361895,14,12,14.0,14.0,14,xgboost_rank_grid_blend,13.0,2024,Italian Grand Prix,2024-09-01
RUS,Mercedes,3.0,-0.00010361895,0.00010361895,15,3,15.0,15.0,15,xgboost_rank_grid_blend,7.0,2024,Italian Grand Prix,2024-09-01
SAI,Ferrari,5.0,-0.00010361895,0.00010361895,16,5,16.0,16.0,16,xgboost_rank_grid_blend,4.0,2024,Italian Grand Prix,2024-09-01
STR,Aston Martin,17.0,-0.00010361895,0.00010361895,17,16,17.0,17.0,17,xgboost_rank_grid_blend,19.0,2024,Italian Grand Prix,2024-09-01
VER,Red Bull Racing,7.0,-0.00010361895,0.00010361895,18,7,18.0,18.0,18,xgboost_rank_grid_blend,6.0,2024,Italian Grand Prix,2024-09-01
ZHO,Audi,20.0,-0.00010361895,0.00010361895,19,19,19.0,19.0,19,xgboost_rank_grid_blend,18.0,2024,Italian Grand Prix,2024-09-01
ALB,Williams,9.0,-0.0060911532,0.0060911532,1,9,1.0,1.0,1,xgboost_rank_grid_blend,7.0,2024,Azerbaijan Grand Prix,2024-09-15
ALO,Aston Martin,7.0,-0.0060911532,0.0060911532,2,7,2.0,2.0,2,xgboost_rank_grid_blend,6.0,2024,Azerbaijan Grand Prix,2024-09-15
BEA,Haas F1 Team,10.0,-0.0060911532,0.0060911532,3,10,3.0,3.0,3,xgboost_rank_grid_blend,10.0,2024,Azerbaijan Grand Prix,2024-09-15
BOT,Audi,16.0,-0.0060911532,0.0060911532,4,15,4.0,4.0,4,xgboost_rank_grid_blend,16.0,2024,Azerbaijan Grand Prix,2024-09-15
COL,Williams,8.0,-0.0060911532,0.0060911532,5,8,5.0,5.0,5,xgboost_rank_grid_blend,8.0,2024,Azerbaijan Grand Prix,2024-09-15
GAS,Alpine,18.0,-0.0060911532,0.0060911532,6,17,6.0,6.0,6,xgboost_rank_grid_blend,12.0,2024,Azerbaijan Grand Prix,2024-09-15
HAM,Mercedes,19.0,-0.0060911532,0.0060911532,7,18,7.0,7.0,7,xgboost_rank_grid_blend,9.0,2024,Azerbaijan Grand Prix,2024-09-15
HUL,Haas F1 Team,12.0,-0.0060911532,0.0060911532,8,11,8.0,8.0,8,xgboost_rank_grid_blend,11.0,2024,Azerbaijan Grand Prix,2024-09-15
LEC,Ferrari,1.0,-0.0060911532,0.0060911532,9,1,9.0,9.0,9,xgboost_rank_grid_blend,2.0,2024,Azerbaijan Grand Prix,2024-09-15
NOR,McLaren,15.0,-0.0060911532,0.0060911532,10,14,10.0,10.0,10,xgboost_rank_grid_blend,4.0,2024,Azerbaijan Grand Prix,2024-09-15
OCO,Alpine,20.0,-0.0060911532,0.0060911532,11,19,11.0,11.0,11,xgboost_rank_grid_blend,15.0,2024,Azerbaijan Grand Prix,2024-09-15
PER,Red Bull Racing,4.0,-0.0060911532,0.0060911532,12,4,12.0,12.0,12,xgboost_rank_grid_blend,17.0,2024,Azerbaijan Grand Prix,2024-09-15
PIA,McLaren,2.0,-0.0060911532,0.0060911532,13,2,13.0,13.0,13,xgboost_rank_grid_blend,1.0,2024,Azerbaijan Grand Prix,2024-09-15
RIC,Racing Bulls,14.0,-0.0060911532,0.0060911532,14,13,14.0,14.0,14,xgboost_rank_grid_blend,13.0,2024,Azerbaijan Grand Prix,2024-09-15
RUS,Mercedes,5.0,-0.0060911532,0.0060911532,15,5,15.0,15.0,15,xgboost_rank_grid_blend,3.0,2024,Azerbaijan Grand Prix,2024-09-15
SAI,Ferrari,3.0,-0.0060911532,0.0060911532,16,3,16.0,16.0,16,xgboost_rank_grid_blend,18.0,2024,Azerbaijan Grand Prix,2024-09-15
STR,Aston Martin,13.0,-0.0060911532,0.0060911532,17,12,17.0,17.0,17,xgboost_rank_grid_blend,19.0,2024,Azerbaijan Grand Prix,2024-09-15
VER,Red Bull Racing,6.0,-0.0060911532,0.0060911532,18,6,18.0,18.0,18,xgboost_rank_grid_blend,5.0,2024,Azerbaijan Grand Prix,2024-09-15
ZHO,Audi,17.0,-0.0060911532,0.0060911532,19,16,19.0,19.0,19,xgboost_rank_grid_blend,14.0,2024,Azerbaijan Grand Prix,2024-09-15
ALO,Aston Martin,7.0,0.0029371155,-0.0029371155,1,7,1.0,1.0,1,xgboost_rank_grid_blend,8.0,2024,Singapore Grand Prix,2024-09-22
BOT,Audi,19.0,0.0029371155,-0.0029371155,2,18,2.0,2.0,2,xgboost_rank_grid_blend,16.0,2024,Singapore Grand Prix,2024-09-22
COL,Williams,12.0,0.0029371155,-0.0029371155,3,11,3.0,3.0,3,xgboost_rank_grid_blend,11.0,2024,Singapore Grand Prix,2024-09-22
GAS,Alpine,18.0,0.0029371155,-0.0029371155,4,17,4.0,4.0,4,xgboost_rank_grid_blend,17.0,2024,Singapore Grand Prix,2024-09-22
HAM,Mercedes,3.0,0.0029371155,-0.0029371155,5,3,5.0,5.0,5,xgboost_rank_grid_blend,6.0,2024,Singapore Grand Prix,2024-09-22
HUL,Haas F1 Team,6.0,0.0029371155,-0.0029371155,6,6,6.0,6.0,6,xgboost_rank_grid_blend,9.0,2024,Singapore Grand Prix,2024-09-22
LEC,Ferrari,9.0,0.0029371155,-0.0029371155,7,9,7.0,7.0,7,xgboost_rank_grid_blend,5.0,2024,Singapore Grand Prix,2024-09-22
MAG,Haas F1 Team,14.0,0.0029371155,-0.0029371155,8,13,8.0,8.0,8,xgboost_rank_grid_blend,19.0,2024,Singapore Grand Prix,2024-09-22
NOR,McLaren,1.0,0.0029371155,-0.0029371155,9,1,9.0,9.0,9,xgboost_rank_grid_blend,1.0,2024,Singapore Grand Prix,2024-09-22
OCO,Alpine,15.0,0.0029371155,-0.0029371155,10,14,10.0,10.0,10,xgboost_rank_grid_blend,13.0,2024,Singapore Grand Prix,2024-09-22
PER,Red Bull Racing,13.0,0.0029371155,-0.0029371155,11,12,11.0,11.0,11,xgboost_rank_grid_blend,10.0,2024,Singapore Grand Prix,2024-09-22
PIA,McLaren,5.0,0.0029371155,-0.0029371155,12,5,12.0,12.0,12,xgboost_rank_grid_blend,3.0,2024,Singapore Grand Prix,2024-09-22
RIC,Racing Bulls,16.0,0.0029371155,-0.0029371155,13,15,13.0,13.0,13,xgboost_rank_grid_blend,18.0,2024,Singapore Grand Prix,2024-09-22
RUS,Mercedes,4.0,0.0029371155,-0.0029371155,14,4,14.0,14.0,14,xgboost_rank_grid_blend,4.0,2024,Singapore Grand Prix,2024-09-22
SAI,Ferrari,10.0,0.0029371155,-0.0029371155,15,10,15.0,15.0,15,xgboost_rank_grid_blend,7.0,2024,Singapore Grand Prix,2024-09-22
STR,Aston Martin,17.0,0.0029371155,-0.0029371155,16,16,16.0,16.0,16,xgboost_rank_grid_blend,14.0,2024,Singapore Grand Prix,2024-09-22
TSU,Racing Bulls,8.0,0.0029371155,-0.0029371155,17,8,17.0,17.0,17,xgboost_rank_grid_blend,12.0,2024,Singapore Grand Prix,2024-09-22
VER,Red Bull Racing,2.0,0.0029371155,-0.0029371155,18,2,18.0,18.0,18,xgboost_rank_grid_blend,2.0,2024,Singapore Grand Prix,2024-09-22
ZHO,Audi,20.0,0.0029371155,-0.0029371155,19,19,19.0,19.0,19,xgboost_rank_grid_blend,15.0,2024,Singapore Grand Prix,2024-09-22
ALB,Williams,14.0,-0.0065505547,0.0065505547,1,14,1.0,1.0,1,xgboost_rank_grid_blend,16.0,2024,United States Grand Prix,2024-10-20
ALO,Aston Martin,7.0,-0.0065505547,0.0065505547,2,7,2.0,2.0,2,xgboost_rank_grid_blend,13.0,2024,United States Grand Prix,2024-10-20
BOT,Audi,16.0,-0.0065505547,0.0065505547,3,16,3.0,3.0,3,xgboost_rank_grid_blend,17.0,2024,United States Grand Prix,2024-10-20
COL,Williams,15.0,-0.0065505547,0.0065505547,4,15,4.0,4.0,4,xgboost_rank_grid_blend,10.0,2024,United States Grand Prix,2024-10-20
GAS,Alpine,6.0,-0.0065505547,0.0065505547,5,6,5.0,5.0,5,xgboost_rank_grid_blend,12.0,2024,United States Grand Prix,2024-10-20
HUL,Haas F1 Team,11.0,-0.0065505547,0.0065505547,6,11,6.0,6.0,6,xgboost_rank_grid_blend,8.0,2024,United States Grand Prix,2024-10-20
LAW,Racing Bulls,19.0,-0.0065505547,0.0065505547,7,18,7.0,7.0,7,xgboost_rank_grid_blend,9.0,2024,United States Grand Prix,2024-10-20
LEC,Ferrari,4.0,-0.0065505547,0.0065505547,8,4,8.0,8.0,8,xgboost_rank_grid_blend,1.0,2024,United States Grand Prix,2024-10-20
MAG,Haas F1 Team,8.0,-0.0065505547,0.0065505547,9,8,9.0,9.0,9,xgboost_rank_grid_blend,11.0,2024,United States Grand Prix,2024-10-20
NOR,McLaren,1.0,-0.0065505547,0.0065505547,10,1,10.0,10.0,10,xgboost_rank_grid_blend,4.0,2024,United States Grand Prix,2024-10-20
OCO,Alpine,12.0,-0.0065505547,0.0065505547,11,12,11.0,11.0,11,xgboost_rank_grid_blend,18.0,2024,United States Grand Prix,2024-10-20
PER,Red Bull Racing,9.0,-0.0065505547,0.0065505547,12,9,12.0,12.0,12,xgboost_rank_grid_blend,7.0,2024,United States Grand Prix,2024-10-20
PIA,McLaren,5.0,-0.0065505547,0.0065505547,13,5,13.0,13.0,13,xgboost_rank_grid_blend,5.0,2024,United States Grand Prix,2024-10-20
RUS,Mercedes,20.0,-0.0065505547,0.0065505547,14,19,14.0,14.0,14,xgboost_rank_grid_blend,6.0,2024,United States Grand Prix,2024-10-20
SAI,Ferrari,3.0,-0.0065505547,0.0065505547,15,3,15.0,15.0,15,xgboost_rank_grid_blend,2.0,2024,United States Grand Prix,2024-10-20
STR,Aston Martin,13.0,-0.0065505547,0.0065505547,16,13,16.0,16.0,16,xgboost_rank_grid_blend,15.0,2024,United States Grand Prix,2024-10-20
TSU,Racing Bulls,10.0,-0.0065505547,0.0065505547,17,10,17.0,17.0,17,xgboost_rank_grid_blend,14.0,2024,United States Grand Prix,2024-10-20
VER,Red Bull Racing,2.0,-0.0065505547,0.0065505547,18,2,18.0,18.0,18,xgboost_rank_grid_blend,3.0,2024,United States Grand Prix,2024-10-20
ZHO,Audi,18.0,-0.0065505547,0.0065505547,19,17,19.0,19.0,19,xgboost_rank_grid_blend,19.0,2024,United States Grand Prix,2024-10-20
BOT,Audi,15.0,-0.011659543,0.011659543,1,13,1.0,1.0,1,xgboost_rank_grid_blend,14.0,2024,Mexico City Grand Prix,2024-10-27
COL,Williams,16.0,-0.011659543,0.011659543,2,14,2.0,2.0,2,xgboost_rank_grid_blend,12.0,2024,Mexico City Grand Prix,2024-10-27
GAS,Alpine,8.0,-0.011659543,0.011659543,3,9,3.0,3.0,3,xgboost_rank_grid_blend,10.0,2024,Mexico City Grand Prix,2024-10-27
HAM,Mercedes,6.0,-0.011659543,0.011659543,4,7,4.0,4.0,4,xgboost_rank_grid_blend,4.0,2024,Mexico City Grand Prix,2024-10-27
HUL,Haas F1 Team,10.0,-0.011659543,0.011659543,5,10,5.0,5.0,5,xgboost_rank_grid_blend,9.0,2024,Mexico City Grand Prix,2024-10-27
LAW,Racing Bulls,12.0,-0.011659543,0.011659543,6,11,6.0,6.0,6,xgboost_rank_grid_blend,16.0,2024,Mexico City Grand Prix,2024-10-27
LEC,Ferrari,4.0,-0.011659543,0.011659543,7,5,7.0,7.0,7,xgboost_rank_grid_blend,3.0,2024,Mexico City Grand Prix,2024-10-27
MAG,Haas F1 Team,7.0,-0.011659543,0.011659543,8,8,8.0,8.0,8,xgboost_rank_grid_blend,7.0,2024,Mexico City Grand Prix,2024-10-27
NOR,McLaren,3.0,-0.011659543,0.011659543,9,4,9.0,9.0,9,xgboost_rank_grid_blend,2.0,2024,Mexico City Grand Prix,2024-10-27
OCO,Alpine,0.0,-0.011659543,0.011659543,10,1,10.0,10.0,10,xgboost_rank_grid_blend,13.0,2024,Mexico City Grand Prix,2024-10-27
PER,Red Bull Racing,18.0,-0.011659543,0.011659543,11,16,11.0,11.0,11,xgboost_rank_grid_blend,17.0,2024,Mexico City Grand Prix,2024-10-27
PIA,McLaren,17.0,-0.011659543,0.011659543,12,15,12.0,12.0,12,xgboost_rank_grid_blend,8.0,2024,Mexico City Grand Prix,2024-10-27
RUS,Mercedes,5.0,-0.011659543,0.011659543,13,6,13.0,13.0,13,xgboost_rank_grid_blend,5.0,2024,Mexico City Grand Prix,2024-10-27
SAI,Ferrari,1.0,-0.011659543,0.011659543,14,2,14.0,14.0,14,xgboost_rank_grid_blend,1.0,2024,Mexico City Grand Prix,2024-10-27
STR,Aston Martin,14.0,-0.011659543,0.011659543,15,12,15.0,15.0,15,xgboost_rank_grid_blend,11.0,2024,Mexico City Grand Prix,2024-10-27
VER,Red Bull Racing,2.0,-0.011659543,0.011659543,16,3,16.0,16.0,16,xgboost_rank_grid_blend,6.0,2024,Mexico City Grand Prix,2024-10-27
ZHO,Audi,19.0,-0.011659543,0.011659543,17,17,17.0,17.0,17,xgboost_rank_grid_blend,15.0,2024,Mexico City Grand Prix,2024-10-27
ALO,Aston Martin,9.0,0.0023897993,-0.0023897993,1,8,1.0,1.0,1,xgboost_rank_grid_blend,14.0,2024,São Paulo Grand Prix,2024-11-03
BEA,Haas F1 Team,15.0,0.0023897993,-0.0023897993,2,13,2.0,2.0,2,xgboost_rank_grid_blend,12.0,2024,São Paulo Grand Prix,2024-11-03
BOT,Audi,11.0,0.0023897993,-0.0023897993,3,9,3.0,3.0,3,xgboost_rank_grid_blend,13.0,2024,São Paulo Grand Prix,2024-11-03
GAS,Alpine,13.0,0.0023897993,-0.0023897993,4,11,4.0,4.0,4,xgboost_rank_grid_blend,3.0,2024,São Paulo Grand Prix,2024-11-03
HAM,Mercedes,14.0,0.0023897993,-0.0023897993,5,12,5.0,5.0,5,xgboost_rank_grid_blend,10.0,2024,São Paulo Grand Prix,2024-11-03
LAW,Racing Bulls,5.0,0.0023897993,-0.0023897993,6,5,6.0,6.0,6,xgboost_rank_grid_blend,9.0,2024,São Paulo Grand Prix,2024-11-03
LEC,Ferrari,6.0,0.0023897993,-0.0023897993,7,6,7.0,7.0,7,xgboost_rank_grid_blend,5.0,2024,São Paulo Grand Prix,2024-11-03
NOR,McLaren,1.0,0.0023897993,-0.0023897993,8,1,8.0,8.0,8,xgboost_rank_grid_blend,6.0,2024,São Paulo Grand Prix,2024-11-03
OCO,Alpine,4.0,0.0023897993,-0.0023897993,9,4,9.0,9.0,9,xgboost_rank_grid_blend,2.0,2024,São Paulo Grand Prix,2024-11-03
PER,Red Bull Racing,12.0,0.0023897993,-0.0023897993,10,10,10.0,10.0,10,xgboost_rank_grid_blend,11.0,2024,São Paulo Grand Prix,2024-11-03
PIA,McLaren,8.0,0.0023897993,-0.0023897993,11,7,11.0,11.0,11,xgboost_rank_grid_blend,8.0,2024,São Paulo Grand Prix,2024-11-03
RUS,Mercedes,2.0,0.0023897993,-0.0023897993,12,2,12.0,12.0,12,xgboost_rank_grid_blend,4.0,2024,São Paulo Grand Prix,2024-11-03
TSU,Racing Bulls,3.0,0.0023897993,-0.0023897993,13,3,13.0,13.0,13,xgboost_rank_grid_blend,7.0,2024,São Paulo Grand Prix,2024-11-03
VER,Red Bull Racing,17.0,0.0023897993,-0.0023897993,14,14,14.0,14.0,14,xgboost_rank_grid_blend,1.0,2024,São Paulo Grand Prix,2024-11-03
ZHO,Audi,19.0,0.0023897993,-0.0023897993,15,15,15.0,15.0,15,xgboost_rank_grid_blend,15.0,2024,São Paulo Grand Prix,2024-11-03
ALO,Aston Martin,16.0,-0.00039469637,0.00039469637,1,15,1.0,1.0,1,xgboost_rank_grid_blend,11.0,2024,Las Vegas Grand Prix,2024-11-23
BOT,Audi,19.0,-0.00039469637,0.00039469637,2,17,2.0,2.0,2,xgboost_rank_grid_blend,18.0,2024,Las Vegas Grand Prix,2024-11-23
COL,Williams,20.0,-0.00039469637,0.00039469637,3,18,3.0,3.0,3,xgboost_rank_grid_blend,14.0,2024,Las Vegas Grand Prix,2024-11-23
HAM,Mercedes,10.0,-0.00039469637,0.00039469637,4,9,4.0,4.0,4,xgboost_rank_grid_blend,2.0,2024,Las Vegas Grand Prix,2024-11-23
HUL,Haas F1 Team,9.0,-0.00039469637,0.00039469637,5,8,5.0,5.0,5,xgboost_rank_grid_blend,8.0,2024,Las Vegas Grand Prix,2024-11-23
LAW,Racing Bulls,14.0,-0.00039469637,0.00039469637,6,13,6.0,6.0,6,xgboost_rank_grid_blend,16.0,2024,Las Vegas Grand Prix,2024-11-23
LEC,Ferrari,4.0,-0.00039469637,0.00039469637,7,3,7.0,7.0,7,xgboost_rank_grid_blend,4.0,2024,Las Vegas Grand Prix,2024-11-23
MAG,Haas F1 Team,12.0,-0.00039469637,0.00039469637,8,11,8.0,8.0,8,xgboost_rank_grid_blend,12.0,2024,Las Vegas Grand Prix,2024-11-23
NOR,McLaren,6.0,-0.00039469637,0.00039469637,9,5,9.0,9.0,9,xgboost_rank_grid_blend,6.0,2024,Las Vegas Grand Prix,2024-11-23
OCO,Alpine,11.0,-0.00039469637,0.00039469637,10,10,10.0,10.0,10,xgboost_rank_grid_blend,17.0,2024,Las Vegas Grand Prix,2024-11-23
PER,Red Bull Racing,15.0,-0.00039469637,0.00039469637,11,14,11.0,11.0,11,xgboost_rank_grid_blend,10.0,2024,Las Vegas Grand Prix,2024-11-23
PIA,McLaren,8.0,-0.00039469637,0.00039469637,12,7,12.0,12.0,12,xgboost_rank_grid_blend,7.0,2024,Las Vegas Grand Prix,2024-11-23
RUS,Mercedes,1.0,-0.00039469637,0.00039469637,13,1,13.0,13.0,13,xgboost_rank_grid_blend,1.0,2024,Las Vegas Grand Prix,2024-11-23
SAI,Ferrari,2.0,-0.00039469637,0.00039469637,14,2,14.0,14.0,14,xgboost_rank_grid_blend,3.0,2024,Las Vegas Grand Prix,2024-11-23
STR,Aston Martin,18.0,-0.00039469637,0.00039469637,15,16,15.0,15.0,15,xgboost_rank_grid_blend,15.0,2024,Las Vegas Grand Prix,2024-11-23
TSU,Racing Bulls,7.0,-0.00039469637,0.00039469637,16,6,16.0,16.0,16,xgboost_rank_grid_blend,9.0,2024,Las Vegas Grand Prix,2024-11-23
VER,Red Bull Racing,5.0,-0.00039469637,0.00039469637,17,4,17.0,17.0,17,xgboost_rank_grid_blend,5.0,2024,Las Vegas Grand Prix,2024-11-23
ZHO,Audi,13.0,-0.00039469637,0.00039469637,18,12,18.0,18.0,18,xgboost_rank_grid_blend,13.0,2024,Las Vegas Grand Prix,2024-11-23
ALB,Williams,16.0,0.0026503836,-0.0026503836,1,14,1.0,1.0,1,xgboost_rank_grid_blend,15.0,2024,Qatar Grand Prix,2024-12-01
ALO,Aston Martin,8.0,0.0026503836,-0.0026503836,2,8,2.0,2.0,2,xgboost_rank_grid_blend,7.0,2024,Qatar Grand Prix,2024-12-01
BOT,Audi,13.0,0.0026503836,-0.0026503836,3,12,3.0,3.0,3,xgboost_rank_grid_blend,11.0,2024,Qatar Grand Prix,2024-12-01
GAS,Alpine,11.0,0.0026503836,-0.0026503836,4,10,4.0,4.0,4,xgboost_rank_grid_blend,5.0,2024,Qatar Grand Prix,2024-12-01
HAM,Mercedes,6.0,0.0026503836,-0.0026503836,5,6,5.0,5.0,5,xgboost_rank_grid_blend,12.0,2024,Qatar Grand Prix,2024-12-01
LAW,Racing Bulls,17.0,0.0026503836,-0.0026503836,6,15,6.0,6.0,6,xgboost_rank_grid_blend,14.0,2024,Qatar Grand Prix,2024-12-01
LEC,Ferrari,5.0,0.0026503836,-0.0026503836,7,5,7.0,7.0,7,xgboost_rank_grid_blend,2.0,2024,Qatar Grand Prix,2024-12-01
MAG,Haas F1 Team,10.0,0.0026503836,-0.0026503836,8,9,8.0,8.0,8,xgboost_rank_grid_blend,9.0,2024,Qatar Grand Prix,2024-12-01
NOR,McLaren,3.0,0.0026503836,-0.0026503836,9,3,9.0,9.0,9,xgboost_rank_grid_blend,10.0,2024,Qatar Grand Prix,2024-12-01
PIA,McLaren,4.0,0.0026503836,-0.0026503836,10,4,10.0,10.0,10,xgboost_rank_grid_blend,3.0,2024,Qatar Grand Prix,2024-12-01
RUS,Mercedes,1.0,0.0026503836,-0.0026503836,11,1,11.0,11.0,11,xgboost_rank_grid_blend,4.0,2024,Qatar Grand Prix,2024-12-01
SAI,Ferrari,7.0,0.0026503836,-0.0026503836,12,7,12.0,12.0,12,xgboost_rank_grid_blend,6.0,2024,Qatar Grand Prix,2024-12-01
TSU,Racing Bulls,14.0,0.0026503836,-0.0026503836,13,13,13.0,13.0,13,xgboost_rank_grid_blend,13.0,2024,Qatar Grand Prix,2024-12-01
VER,Red Bull Racing,2.0,0.0026503836,-0.0026503836,14,2,14.0,14.0,14,xgboost_rank_grid_blend,1.0,2024,Qatar Grand Prix,2024-12-01
ZHO,Audi,12.0,0.0026503836,-0.0026503836,15,11,15.0,15.0,15,xgboost_rank_grid_blend,8.0,2024,Qatar Grand Prix,2024-12-01
ALB,Williams,18.0,-0.004290842,0.004290842,1,16,1.0,1.0,1,xgboost_rank_grid_blend,11.0,2024,Abu Dhabi Grand Prix,2024-12-08
ALO,Aston Martin,8.0,-0.004290842,0.004290842,2,8,2.0,2.0,2,xgboost_rank_grid_blend,9.0,2024,Abu Dhabi Grand Prix,2024-12-08
DOO,Alpine,17.0,-0.004290842,0.004290842,3,15,3.0,3.0,3,xgboost_rank_grid_blend,15.0,2024,Abu Dhabi Grand Prix,2024-12-08
GAS,Alpine,5.0,-0.004290842,0.004290842,4,5,4.0,4.0,4,xgboost_rank_grid_blend,7.0,2024,Abu Dhabi Grand Prix,2024-12-08
HAM,Mercedes,16.0,-0.004290842,0.004290842,5,14,5.0,5.0,5,xgboost_rank_grid_blend,4.0,2024,Abu Dhabi Grand Prix,2024-12-08
HUL,Haas F1 Team,7.0,-0.004290842,0.004290842,6,7,6.0,6.0,6,xgboost_rank_grid_blend,8.0,2024,Abu Dhabi Grand Prix,2024-12-08
LAW,Racing Bulls,12.0,-0.004290842,0.004290842,7,10,7.0,7.0,7,xgboost_rank_grid_blend,17.0,2024,Abu Dhabi Grand Prix,2024-12-08
LEC,Ferrari,19.0,-0.004290842,0.004290842,8,17,8.0,8.0,8,xgboost_rank_grid_blend,3.0,2024,Abu Dhabi Grand Prix,2024-12-08
MAG,Haas F1 Team,14.0,-0.004290842,0.004290842,9,12,9.0,9.0,9,xgboost_rank_grid_blend,16.0,2024,Abu Dhabi Grand Prix,2024-12-08
NOR,McLaren,1.0,-0.004290842,0.004290842,10,1,10.0,10.0,10,xgboost_rank_grid_blend,1.0,2024,Abu Dhabi Grand Prix,2024-12-08
PIA,McLaren,2.0,-0.004290842,0.004290842,11,2,11.0,11.0,11,xgboost_rank_grid_blend,10.0,2024,Abu Dhabi Grand Prix,2024-12-08
RUS,Mercedes,6.0,-0.004290842,0.004290842,12,6,12.0,12.0,12,xgboost_rank_grid_blend,5.0,2024,Abu Dhabi Grand Prix,2024-12-08
SAI,Ferrari,3.0,-0.004290842,0.004290842,13,3,13.0,13.0,13,xgboost_rank_grid_blend,2.0,2024,Abu Dhabi Grand Prix,2024-12-08
STR,Aston Martin,13.0,-0.004290842,0.004290842,14,11,14.0,14.0,14,xgboost_rank_grid_blend,14.0,2024,Abu Dhabi Grand Prix,2024-12-08
TSU,Racing Bulls,11.0,-0.004290842,0.004290842,15,9,15.0,15.0,15,xgboost_rank_grid_blend,12.0,2024,Abu Dhabi Grand Prix,2024-12-08
VER,Red Bull Racing,4.0,-0.004290842,0.004290842,16,4,16.0,16.0,16,xgboost_rank_grid_blend,6.0,2024,Abu Dhabi Grand Prix,2024-12-08
ZHO,Audi,15.0,-0.004290842,0.004290842,17,13,17.0,17.0,17,xgboost_rank_grid_blend,13.0,2024,Abu Dhabi Grand Prix,2024-12-08
VER,Red Bull Racing,3.0,0.36631155,-0.36631155,1,3,1.0,1.0,1,xgboost_rank_grid_blend,2.0,2025,Australian Grand Prix,2025-03-16
LEC,Ferrari,7.0,0.19497487,-0.19497487,2,7,2.0,2.0,2,xgboost_rank_grid_blend,8.0,2025,Australian Grand Prix,2025-03-16
RUS,Mercedes,4.0,0.16593505,-0.16593505,3,4,3.0,3.0,3,xgboost_rank_grid_blend,3.0,2025,Australian Grand Prix,2025-03-16
NOR,McLaren,1.0,-0.06013209,0.06013209,4,1,4.0,4.0,4,xgboost_rank_grid_blend,1.0,2025,Australian Grand Prix,2025-03-16
PIA,McLaren,2.0,-0.08242874,0.08242874,5,2,5.0,5.0,5,xgboost_rank_grid_blend,9.0,2025,Australian Grand Prix,2025-03-16
HAM,Ferrari,8.0,-0.09676056,0.09676056,6,8,6.0,6.0,6,xgboost_rank_grid_blend,10.0,2025,Australian Grand Prix,2025-03-16
ANT,Mercedes,16.0,-0.19129968,0.19129968,7,11,7.0,7.0,7,xgboost_rank_grid_blend,4.0,2025,Australian Grand Prix,2025-03-16
GAS,Alpine,9.0,-0.5895621,0.5895621,8,9,8.0,8.0,8,xgboost_rank_grid_blend,11.0,2025,Australian Grand Prix,2025-03-16
BEA,Haas F1 Team,20.0,-0.6564191,0.6564191,9,14,9.0,9.0,9,xgboost_rank_grid_blend,14.0,2025,Australian Grand Prix,2025-03-16
HUL,Audi,17.0,-0.73325795,0.73325795,10,12,10.0,10.0,10,xgboost_rank_grid_blend,7.0,2025,Australian Grand Prix,2025-03-16
OCO,Haas F1 Team,19.0,-0.7706357,0.7706357,11,13,11.0,11.0,11,xgboost_rank_grid_blend,13.0,2025,Australian Grand Prix,2025-03-16
STR,Aston Martin,13.0,-0.78993094,0.78993094,12,10,12.0,12.0,12,xgboost_rank_grid_blend,6.0,2025,Australian Grand Prix,2025-03-16
ALB,Williams,6.0,-0.81440264,0.81440264,13,6,13.0,13.0,13,xgboost_rank_grid_blend,5.0,2025,Australian Grand Prix,2025-03-16
TSU,Racing Bulls,5.0,-0.81440264,0.81440264,14,5,14.0,14.0,14,xgboost_rank_grid_blend,12.0,2025,Australian Grand Prix,2025-03-16
VER,Red Bull Racing,4.0,0.52903914,-0.52903914,1,4,1.0,1.0,1,xgboost_rank_grid_blend,4.0,2025,Chinese Grand Prix,2025-03-23
NOR,McLaren,3.0,0.20403345,-0.20403345,2,3,2.0,2.0,2,xgboost_rank_grid_blend,2.0,2025,Chinese Grand Prix,2025-03-23
ANT,Mercedes,8.0,0.14278151,-0.14278151,3,6,3.0,3.0,3,xgboost_rank_grid_blend,6.0,2025,Chinese Grand Prix,2025-03-23
RUS,Mercedes,2.0,0.11457293,-0.11457293,4,2,4.0,4.0,4,xgboost_rank_grid_blend,3.0,2025,Chinese Grand Prix,2025-03-23
SAI,Williams,15.0,-0.06696933,0.06696933,5,12,5.0,5.0,5,xgboost_rank_grid_blend,10.0,2025,Chinese Grand Prix,2025-03-23
LAW,Red Bull Racing,20.0,-0.09940669,0.09940669,6,16,6.0,6.0,6,xgboost_rank_grid_blend,12.0,2025,Chinese Grand Prix,2025-03-23
PIA,McLaren,1.0,-0.10438873,0.10438873,7,1,7.0,7.0,7,xgboost_rank_grid_blend,1.0,2025,Chinese Grand Prix,2025-03-23
BOR,Audi,19.0,-0.54749155,0.54749155,8,15,8.0,8.0,8,xgboost_rank_grid_blend,14.0,2025,Chinese Grand Prix,2025-03-23
STR,Aston Martin,14.0,-0.58331037,0.58331037,9,11,9.0,9.0,9,xgboost_rank_grid_blend,9.0,2025,Chinese Grand Prix,2025-03-23
HUL,Audi,12.0,-0.589243,0.589243,10,10,10.0,10.0,10,xgboost_rank_grid_blend,15.0,2025,Chinese Grand Prix,2025-03-23
DOO,Alpine,18.0,-0.6330179,0.6330179,11,14,11.0,11.0,11,xgboost_rank_grid_blend,13.0,2025,Chinese Grand Prix,2025-03-23
HAD,Racing Bulls,7.0,-0.69507045,0.69507045,12,5,12.0,12.0,12,xgboost_rank_grid_blend,11.0,2025,Chinese Grand Prix,2025-03-23
ALB,Williams,10.0,-0.71516126,0.71516126,13,8,13.0,13.0,13,xgboost_rank_grid_blend,7.0,2025,Chinese Grand Prix,2025-03-23
BEA,Haas F1 Team,17.0,-0.773416,0.773416,14,13,14.0,14.0,14,xgboost_rank_grid_blend,8.0,2025,Chinese Grand Prix,2025-03-23
OCO,Haas F1 Team,11.0,-0.773416,0.773416,15,9,15.0,15.0,15,xgboost_rank_grid_blend,5.0,2025,Chinese Grand Prix,2025-03-23
TSU,Racing Bulls,9.0,-0.773416,0.773416,16,7,16.0,16.0,16,xgboost_rank_grid_blend,16.0,2025,Chinese Grand Prix,2025-03-23
NOR,McLaren,2.0,0.5652179,-0.5652179,1,2,1.0,1.0,1,xgboost_rank_grid_blend,2.0,2025,Japanese Grand Prix,2025-04-06
VER,Red Bull Racing,1.0,0.42408454,-0.42408454,2,1,2.0,2.0,2,xgboost_rank_grid_blend,1.0,2025,Japanese Grand Prix,2025-04-06
RUS,Mercedes,5.0,0.15674752,-0.15674752,3,5,3.0,3.0,3,xgboost_rank_grid_blend,5.0,2025,Japanese Grand Prix,2025-04-06
LEC,Ferrari,4.0,0.077924885,-0.077924885,4,4,4.0,4.0,4,xgboost_rank_grid_blend,4.0,2025,Japanese Grand Prix,2025-04-06
ANT,Mercedes,6.0,-0.017677043,0.017677043,5,6,5.0,5.0,5,xgboost_rank_grid_blend,6.0,2025,Japanese Grand Prix,2025-04-06
PIA,McLaren,3.0,-0.058181167,0.058181167,6,3,6.0,6.0,6,xgboost_rank_grid_blend,3.0,2025,Japanese Grand Prix,2025-04-06
HAM,Ferrari,8.0,-0.1493222,0.1493222,7,8,7.0,7.0,7,xgboost_rank_grid_blend,7.0,2025,Japanese Grand Prix,2025-04-06
TSU,Red Bull Racing,14.0,-0.20042942,0.20042942,8,14,8.0,8.0,8,xgboost_rank_grid_blend,12.0,2025,Japanese Grand Prix,2025-04-06
SAI,Williams,15.0,-0.56300646,0.56300646,9,15,9.0,9.0,9,xgboost_rank_grid_blend,14.0,2025,Japanese Grand Prix,2025-04-06
ALB,Williams,9.0,-0.7613567,0.7613567,10,9,10.0,10.0,10,xgboost_rank_grid_blend,9.0,2025,Japanese Grand Prix,2025-04-06
ALO,Aston Martin,12.0,-0.7675118,0.7675118,11,12,11.0,11.0,11,xgboost_rank_grid_blend,11.0,2025,Japanese Grand Prix,2025-04-06
STR,Aston Martin,20.0,-0.8282121,0.8282121,12,20,12.0,12.0,12,xgboost_rank_grid_blend,20.0,2025,Japanese Grand Prix,2025-04-06
GAS,Alpine,11.0,-0.92668205,0.92668205,13,11,13.0,13.0,13,xgboost_rank_grid_blend,13.0,2025,Japanese Grand Prix,2025-04-06
HUL,Audi,16.0,-0.99164534,0.99164534,14,16,14.0,14.0,14,xgboost_rank_grid_blend,16.0,2025,Japanese Grand Prix,2025-04-06
BEA,Haas F1 Team,10.0,-1.0635511,1.0635511,15,10,15.0,15.0,15,xgboost_rank_grid_blend,10.0,2025,Japanese Grand Prix,2025-04-06
BOR,Audi,17.0,-1.0635511,1.0635511,16,17,16.0,16.0,16,xgboost_rank_grid_blend,19.0,2025,Japanese Grand Prix,2025-04-06
DOO,Alpine,19.0,-1.0635511,1.0635511,17,19,17.0,17.0,17,xgboost_rank_grid_blend,15.0,2025,Japanese Grand Prix,2025-04-06
HAD,Racing Bulls,7.0,-1.0635511,1.0635511,18,7,18.0,18.0,18,xgboost_rank_grid_blend,8.0,2025,Japanese Grand Prix,2025-04-06
LAW,Racing Bulls,13.0,-1.0635511,1.0635511,19,13,19.0,19.0,19,xgboost_rank_grid_blend,17.0,2025,Japanese Grand Prix,2025-04-06
OCO,Haas F1 Team,18.0,-1.0635511,1.0635511,20,18,20.0,20.0,20,xgboost_rank_grid_blend,18.0,2025,Japanese Grand Prix,2025-04-06
VER,Red Bull Racing,7.0,1.0739816,-1.0739816,1,7,1.0,1.0,1,xgboost_rank_grid_blend,6.0,2025,Bahrain Grand Prix,2025-04-13
NOR,McLaren,6.0,0.6220443,-0.6220443,2,6,2.0,2.0,2,xgboost_rank_grid_blend,3.0,2025,Bahrain Grand Prix,2025-04-13
RUS,Mercedes,3.0,0.42406976,-0.42406976,3,3,3.0,3.0,3,xgboost_rank_grid_blend,2.0,2025,Bahrain Grand Prix,2025-04-13
PIA,McLaren,1.0,0.16476141,-0.16476141,4,1,4.0,4.0,4,xgboost_rank_grid_blend,1.0,2025,Bahrain Grand Prix,2025-04-13
LEC,Ferrari,2.0,0.13786897,-0.13786897,5,2,5.0,5.0,5,xgboost_rank_grid_blend,4.0,2025,Bahrain Grand Prix,2025-04-13
ANT,Mercedes,5.0,0.031416602,-0.031416602,6,5,6.0,6.0,6,xgboost_rank_grid_blend,11.0,2025,Bahrain Grand Prix,2025-04-13
TSU,Red Bull Racing,10.0,-0.20534062,0.20534062,7,9,7.0,7.0,7,xgboost_rank_grid_blend,9.0,2025,Bahrain Grand Prix,2025-04-13
HAM,Ferrari,9.0,-0.23243454,0.23243454,8,8,8.0,8.0,8,xgboost_rank_grid_blend,5.0,2025,Bahrain Grand Prix,2025-04-13
ALB,Williams,15.0,-0.88987654,0.88987654,9,14,9.0,9.0,9,xgboost_rank_grid_blend,12.0,2025,Bahrain Grand Prix,2025-04-13
ALO,Aston Martin,13.0,-1.0060755,1.0060755,10,12,10.0,10.0,10,xgboost_rank_grid_blend,15.0,2025,Bahrain Grand Prix,2025-04-13
HAD,Racing Bulls,12.0,-1.0307825,1.0307825,11,11,11.0,11.0,11,xgboost_rank_grid_blend,13.0,2025,Bahrain Grand Prix,2025-04-13
STR,Aston Martin,19.0,-1.0976549,1.0976549,12,17,12.0,12.0,12,xgboost_rank_grid_blend,17.0,2025,Bahrain Grand Prix,2025-04-13
BEA,Haas F1 Team,20.0,-1.1164199,1.1164199,13,18,13.0,13.0,13,xgboost_rank_grid_blend,10.0,2025,Bahrain Grand Prix,2025-04-13
BOR,Audi,18.0,-1.1164199,1.1164199,14,16,14.0,14.0,14,xgboost_rank_grid_blend,18.0,2025,Bahrain Grand Prix,2025-04-13
DOO,Alpine,11.0,-1.1164199,1.1164199,15,10,15.0,15.0,15,xgboost_rank_grid_blend,14.0,2025,Bahrain Grand Prix,2025-04-13
GAS,Alpine,4.0,-1.1164199,1.1164199,16,4,16.0,16.0,16,xgboost_rank_grid_blend,7.0,2025,Bahrain Grand Prix,2025-04-13
LAW,Racing Bulls,17.0,-1.1164199,1.1164199,17,15,17.0,17.0,17,xgboost_rank_grid_blend,16.0,2025,Bahrain Grand Prix,2025-04-13
OCO,Haas F1 Team,14.0,-1.1164199,1.1164199,18,13,18.0,18.0,18,xgboost_rank_grid_blend,8.0,2025,Bahrain Grand Prix,2025-04-13
NOR,McLaren,10.0,0.49620238,-0.49620238,1,8,1.0,1.0,1,xgboost_rank_grid_blend,4.0,2025,Saudi Arabian Grand Prix,2025-04-20
PIA,McLaren,2.0,0.44531456,-0.44531456,2,2,2.0,2.0,2,xgboost_rank_grid_blend,1.0,2025,Saudi Arabian Grand Prix,2025-04-20
VER,Red Bull Racing,1.0,0.27017778,-0.27017778,3,1,3.0,3.0,3,xgboost_rank_grid_blend,2.0,2025,Saudi Arabian Grand Prix,2025-04-20
RUS,Mercedes,3.0,0.14756703,-0.14756703,4,3,4.0,4.0,4,xgboost_rank_grid_blend,5.0,2025,Saudi Arabian Grand Prix,2025-04-20
LEC,Ferrari,4.0,-0.083415955,0.083415955,5,4,5.0,5.0,5,xgboost_rank_grid_blend,3.0,2025,Saudi Arabian Grand Prix,2025-04-20
ANT,Mercedes,5.0,-0.09077175,0.09077175,6,5,6.0,6.0,6,xgboost_rank_grid_blend,6.0,2025,Saudi Arabian Grand Prix,2025-04-20
HAM,Ferrari,7.0,-0.12834065,0.12834065,7,7,7.0,7.0,7,xgboost_rank_grid_blend,7.0,2025,Saudi Arabian Grand Prix,2025-04-20
BEA,Haas F1 Team,15.0,-0.5421881,0.5421881,8,13,8.0,8.0,8,xgboost_rank_grid_blend,13.0,2025,Saudi Arabian Grand Prix,2025-04-20
SAI,Williams,6.0,-0.5531692,0.5531692,9,6,9.0,9.0,9,xgboost_rank_grid_blend,8.0,2025,Saudi Arabian Grand Prix,2025-04-20
OCO,Haas F1 Team,19.0,-0.605288,0.605288,10,17,10.0,10.0,10,xgboost_rank_grid_blend,14.0,2025,Saudi Arabian Grand Prix,2025-04-20
ALB,Williams,11.0,-0.62577915,0.62577915,11,9,11.0,11.0,11,xgboost_rank_grid_blend,9.0,2025,Saudi Arabian Grand Prix,2025-04-20
ALO,Aston Martin,13.0,-0.6937044,0.6937044,12,11,12.0,12.0,12,xgboost_rank_grid_blend,11.0,2025,Saudi Arabian Grand Prix,2025-04-20
BOR,Audi,20.0,-0.7080093,0.7080093,13,18,13.0,13.0,13,xgboost_rank_grid_blend,18.0,2025,Saudi Arabian Grand Prix,2025-04-20
DOO,Alpine,17.0,-0.7080093,0.7080093,14,15,14.0,14.0,14,xgboost_rank_grid_blend,17.0,2025,Saudi Arabian Grand Prix,2025-04-20
HAD,Racing Bulls,14.0,-0.7080093,0.7080093,15,12,15.0,15.0,15,xgboost_rank_grid_blend,10.0,2025,Saudi Arabian Grand Prix,2025-04-20
HUL,Audi,18.0,-0.7080093,0.7080093,16,16,16.0,16.0,16,xgboost_rank_grid_blend,15.0,2025,Saudi Arabian Grand Prix,2025-04-20
LAW,Racing Bulls,12.0,-0.7080093,0.7080093,17,10,17.0,17.0,17,xgboost_rank_grid_blend,12.0,2025,Saudi Arabian Grand Prix,2025-04-20
STR,Aston Martin,16.0,-0.7080093,0.7080093,18,14,18.0,18.0,18,xgboost_rank_grid_blend,16.0,2025,Saudi Arabian Grand Prix,2025-04-20
VER,Red Bull Racing,1.0,0.9326402,-0.9326402,1,1,1.0,1.0,1,xgboost_rank_grid_blend,4.0,2025,Miami Grand Prix,2025-05-04
PIA,McLaren,4.0,0.71036446,-0.71036446,2,4,2.0,2.0,2,xgboost_rank_grid_blend,1.0,2025,Miami Grand Prix,2025-05-04
LEC,Ferrari,8.0,0.46800786,-0.46800786,3,8,3.0,3.0,3,xgboost_rank_grid_blend,7.0,2025,Miami Grand Prix,2025-05-04
NOR,McLaren,2.0,0.46346554,-0.46346554,4,2,4.0,4.0,4,xgboost_rank_grid_blend,2.0,2025,Miami Grand Prix,2025-05-04
RUS,Mercedes,5.0,0.37496507,-0.37496507,5,5,5.0,5.0,5,xgboost_rank_grid_blend,3.0,2025,Miami Grand Prix,2025-05-04
ANT,Mercedes,3.0,-0.08199198,0.08199198,6,3,6.0,6.0,6,xgboost_rank_grid_blend,6.0,2025,Miami Grand Prix,2025-05-04
HAM,Ferrari,12.0,-0.1132282,0.1132282,7,12,7.0,7.0,7,xgboost_rank_grid_blend,8.0,2025,Miami Grand Prix,2025-05-04
TSU,Red Bull Racing,10.0,-0.29916576,0.29916576,8,10,8.0,8.0,8,xgboost_rank_grid_blend,10.0,2025,Miami Grand Prix,2025-05-04
SAI,Williams,6.0,-0.9739637,0.9739637,9,6,9.0,9.0,9,xgboost_rank_grid_blend,9.0,2025,Miami Grand Prix,2025-05-04
ALB,Williams,7.0,-1.088956,1.088956,10,7,10.0,10.0,10,xgboost_rank_grid_blend,5.0,2025,Miami Grand Prix,2025-05-04
GAS,Alpine,20.0,-1.090867,1.090867,11,16,11.0,11.0,11,xgboost_rank_grid_blend,13.0,2025,Miami Grand Prix,2025-05-04
HAD,Racing Bulls,11.0,-1.1153742,1.1153742,12,11,12.0,12.0,12,xgboost_rank_grid_blend,11.0,2025,Miami Grand Prix,2025-05-04
ALO,Aston Martin,17.0,-1.1205751,1.1205751,13,14,13.0,13.0,13,xgboost_rank_grid_blend,15.0,2025,Miami Grand Prix,2025-05-04
HUL,Audi,16.0,-1.129076,1.129076,14,13,14.0,14.0,14,xgboost_rank_grid_blend,14.0,2025,Miami Grand Prix,2025-05-04
OCO,Haas F1 Team,9.0,-1.129076,1.129076,15,9,15.0,15.0,15,xgboost_rank_grid_blend,12.0,2025,Miami Grand Prix,2025-05-04
STR,Aston Martin,18.0,-1.129076,1.129076,16,15,16.0,16.0,16,xgboost_rank_grid_blend,16.0,2025,Miami Grand Prix,2025-05-04
PIA,McLaren,1.0,0.99635476,-0.99635476,1,1,1.0,1.0,1,xgboost_rank_grid_blend,3.0,2025,Emilia Romagna Grand Prix,2025-05-18
NOR,McLaren,4.0,0.7872899,-0.7872899,2,4,2.0,2.0,2,xgboost_rank_grid_blend,2.0,2025,Emilia Romagna Grand Prix,2025-05-18
VER,Red Bull Racing,2.0,0.6382098,-0.6382098,3,2,3.0,3.0,3,xgboost_rank_grid_blend,1.0,2025,Emilia Romagna Grand Prix,2025-05-18
RUS,Mercedes,3.0,0.33081758,-0.33081758,4,3,4.0,4.0,4,xgboost_rank_grid_blend,7.0,2025,Emilia Romagna Grand Prix,2025-05-18
LEC,Ferrari,11.0,0.09393932,-0.09393932,5,11,5.0,5.0,5,xgboost_rank_grid_blend,6.0,2025,Emilia Romagna Grand Prix,2025-05-18
HAM,Ferrari,12.0,-0.31194365,0.31194365,6,12,6.0,6.0,6,xgboost_rank_grid_blend,4.0,2025,Emilia Romagna Grand Prix,2025-05-18
TSU,Red Bull Racing,20.0,-0.3635404,0.3635404,7,18,7.0,7.0,7,xgboost_rank_grid_blend,10.0,2025,Emilia Romagna Grand Prix,2025-05-18
SAI,Williams,6.0,-1.0337636,1.0337636,8,6,8.0,8.0,8,xgboost_rank_grid_blend,8.0,2025,Emilia Romagna Grand Prix,2025-05-18
ALB,Williams,7.0,-1.0591642,1.0591642,9,7,9.0,9.0,9,xgboost_rank_grid_blend,5.0,2025,Emilia Romagna Grand Prix,2025-05-18
ALO,Aston Martin,5.0,-1.2580969,1.2580969,10,5,10.0,10.0,10,xgboost_rank_grid_blend,11.0,2025,Emilia Romagna Grand Prix,2025-05-18
BEA,Haas F1 Team,19.0,-1.2817788,1.2817788,11,17,11.0,11.0,11,xgboost_rank_grid_blend,17.0,2025,Emilia Romagna Grand Prix,2025-05-18
BOR,Audi,14.0,-1.2817788,1.2817788,12,13,12.0,12.0,12,xgboost_rank_grid_blend,18.0,2025,Emilia Romagna Grand Prix,2025-05-18
COL,Alpine,16.0,-1.2817788,1.2817788,13,15,13.0,13.0,13,xgboost_rank_grid_blend,16.0,2025,Emilia Romagna Grand Prix,2025-05-18
GAS,Alpine,10.0,-1.2817788,1.2817788,14,10,14.0,14.0,14,xgboost_rank_grid_blend,13.0,2025,Emilia Romagna Grand Prix,2025-05-18
HAD,Racing Bulls,9.0,-1.2817788,1.2817788,15,9,15.0,15.0,15,xgboost_rank_grid_blend,9.0,2025,Emilia Romagna Grand Prix,2025-05-18
HUL,Audi,17.0,-1.2817788,1.2817788,16,16,16.0,16.0,16,xgboost_rank_grid_blend,12.0,2025,Emilia Romagna Grand Prix,2025-05-18
LAW,Racing Bulls,15.0,-1.2817788,1.2817788,17,14,17.0,17.0,17,xgboost_rank_grid_blend,14.0,2025,Emilia Romagna Grand Prix,2025-05-18
STR,Aston Martin,8.0,-1.2817788,1.2817788,18,8,18.0,18.0,18,xgboost_rank_grid_blend,15.0,2025,Emilia Romagna Grand Prix,2025-05-18
VER,Red Bull Racing,4.0,1.0582062,-1.0582062,1,4,1.0,1.0,1,xgboost_rank_grid_blend,4.0,2025,Monaco Grand Prix,2025-05-25
NOR,McLaren,1.0,0.9006696,-0.9006696,2,1,2.0,2.0,2,xgboost_rank_grid_blend,1.0,2025,Monaco Grand Prix,2025-05-25
PIA,McLaren,3.0,0.58878636,-0.58878636,3,3,3.0,3.0,3,xgboost_rank_grid_blend,3.0,2025,Monaco Grand Prix,2025-05-25
LEC,Ferrari,2.0,0.08149832,-0.08149832,4,2,4.0,4.0,4,xgboost_rank_grid_blend,2.0,2025,Monaco Grand Prix,2025-05-25
RUS,Mercedes,14.0,-0.056823492,0.056823492,5,13,5.0,5.0,5,xgboost_rank_grid_blend,11.0,2025,Monaco Grand Prix,2025-05-25
HAM,Ferrari,7.0,-0.16649812,0.16649812,6,6,6.0,6.0,6,xgboost_rank_grid_blend,5.0,2025,Monaco Grand Prix,2025-05-25
ANT,Mercedes,15.0,-0.195829,0.195829,7,14,7.0,7.0,7,xgboost_rank_grid_blend,18.0,2025,Monaco Grand Prix,2025-05-25
TSU,Red Bull Racing,12.0,-0.2744369,0.2744369,8,11,8.0,8.0,8,xgboost_rank_grid_blend,17.0,2025,Monaco Grand Prix,2025-05-25
SAI,Williams,11.0,-0.93362045,0.93362045,9,10,9.0,9.0,9,xgboost_rank_grid_blend,10.0,2025,Monaco Grand Prix,2025-05-25
ALB,Williams,10.0,-0.960844,0.960844,10,9,10.0,10.0,10,xgboost_rank_grid_blend,9.0,2025,Monaco Grand Prix,2025-05-25
HAD,Racing Bulls,5.0,-1.190691,1.190691,11,5,11.0,11.0,11,xgboost_rank_grid_blend,6.0,2025,Monaco Grand Prix,2025-05-25
STR,Aston Martin,19.0,-1.2717981,1.2717981,12,17,12.0,12.0,12,xgboost_rank_grid_blend,15.0,2025,Monaco Grand Prix,2025-05-25
BEA,Haas F1 Team,20.0,-1.2857629,1.2857629,13,18,13.0,13.0,13,xgboost_rank_grid_blend,12.0,2025,Monaco Grand Prix,2025-05-25
BOR,Audi,16.0,-1.2857629,1.2857629,14,15,14.0,14.0,14,xgboost_rank_grid_blend,14.0,2025,Monaco Grand Prix,2025-05-25
COL,Alpine,18.0,-1.2857629,1.2857629,15,16,15.0,15.0,15,xgboost_rank_grid_blend,13.0,2025,Monaco Grand Prix,2025-05-25
HUL,Audi,13.0,-1.2857629,1.2857629,16,12,16.0,16.0,16,xgboost_rank_grid_blend,16.0,2025,Monaco Grand Prix,2025-05-25
LAW,Racing Bulls,9.0,-1.2857629,1.2857629,17,8,17.0,17.0,17,xgboost_rank_grid_blend,8.0,2025,Monaco Grand Prix,2025-05-25
OCO,Haas F1 Team,8.0,-1.2857629,1.2857629,18,7,18.0,18.0,18,xgboost_rank_grid_blend,7.0,2025,Monaco Grand Prix,2025-05-25
NOR,McLaren,2.0,1.0724576,-1.0724576,1,2,1.0,1.0,1,xgboost_rank_grid_blend,2.0,2025,Spanish Grand Prix,2025-06-01
PIA,McLaren,1.0,0.9704412,-0.9704412,2,1,2.0,2.0,2,xgboost_rank_grid_blend,1.0,2025,Spanish Grand Prix,2025-06-01
VER,Red Bull Racing,3.0,0.52074933,-0.52074933,3,3,3.0,3.0,3,xgboost_rank_grid_blend,10.0,2025,Spanish Grand Prix,2025-06-01
LEC,Ferrari,7.0,0.09252698,-0.09252698,4,6,4.0,4.0,4,xgboost_rank_grid_blend,3.0,2025,Spanish Grand Prix,2025-06-01
HAM,Ferrari,5.0,-0.20027038,0.20027038,5,5,5.0,5.0,5,xgboost_rank_grid_blend,6.0,2025,Spanish Grand Prix,2025-06-01
RUS,Mercedes,4.0,-0.48635808,0.48635808,6,4,6.0,6.0,6,xgboost_rank_grid_blend,4.0,2025,Spanish Grand Prix,2025-06-01
TSU,Red Bull Racing,19.0,-0.7038318,0.7038318,7,17,7.0,7.0,7,xgboost_rank_grid_blend,13.0,2025,Spanish Grand Prix,2025-06-01
SAI,Williams,17.0,-1.0215175,1.0215175,8,15,8.0,8.0,8,xgboost_rank_grid_blend,14.0,2025,Spanish Grand Prix,2025-06-01
HAD,Racing Bulls,9.0,-1.0640652,1.0640652,9,8,9.0,9.0,9,xgboost_rank_grid_blend,7.0,2025,Spanish Grand Prix,2025-06-01
GAS,Alpine,8.0,-1.2356502,1.2356502,10,7,10.0,10.0,10,xgboost_rank_grid_blend,8.0,2025,Spanish Grand Prix,2025-06-01
ALO,Aston Martin,10.0,-1.2489288,1.2489288,11,9,11.0,11.0,11,xgboost_rank_grid_blend,9.0,2025,Spanish Grand Prix,2025-06-01
LAW,Racing Bulls,13.0,-1.2584795,1.2584795,12,11,12.0,12.0,12,xgboost_rank_grid_blend,11.0,2025,Spanish Grand Prix,2025-06-01
BEA,Haas F1 Team,14.0,-1.2850034,1.2850034,13,12,13.0,13.0,13,xgboost_rank_grid_blend,17.0,2025,Spanish Grand Prix,2025-06-01
BOR,Audi,12.0,-1.2850034,1.2850034,14,10,14.0,14.0,14,xgboost_rank_grid_blend,12.0,2025,Spanish Grand Prix,2025-06-01
COL,Alpine,18.0,-1.2850034,1.2850034,15,16,15.0,15.0,15,xgboost_rank_grid_blend,15.0,2025,Spanish Grand Prix,2025-06-01
HUL,Audi,15.0,-1.2850034,1.2850034,16,13,16.0,16.0,16,xgboost_rank_grid_blend,5.0,2025,Spanish Grand Prix,2025-06-01
OCO,Haas F1 Team,16.0,-1.2850034,1.2850034,17,14,17.0,17.0,17,xgboost_rank_grid_blend,16.0,2025,Spanish Grand Prix,2025-06-01
NOR,McLaren,7.0,1.0056438,-1.0056438,1,7,1.0,1.0,1,xgboost_rank_grid_blend,18.0,2025,Canadian Grand Prix,2025-06-15
PIA,McLaren,3.0,0.9479202,-0.9479202,2,3,2.0,2.0,2,xgboost_rank_grid_blend,4.0,2025,Canadian Grand Prix,2025-06-15
LEC,Ferrari,8.0,0.43473062,-0.43473062,3,8,3.0,3.0,3,xgboost_rank_grid_blend,5.0,2025,Canadian Grand Prix,2025-06-15
HAM,Ferrari,5.0,-0.049694315,0.049694315,4,5,4.0,4.0,4,xgboost_rank_grid_blend,6.0,2025,Canadian Grand Prix,2025-06-15
VER,Red Bull Racing,2.0,-0.115250155,0.115250155,5,2,5.0,5.0,5,xgboost_rank_grid_blend,2.0,2025,Canadian Grand Prix,2025-06-15
RUS,Mercedes,1.0,-0.55886215,0.55886215,6,1,6.0,6.0,6,xgboost_rank_grid_blend,1.0,2025,Canadian Grand Prix,2025-06-15
TSU,Red Bull Racing,18.0,-0.93120056,0.93120056,7,17,7.0,7.0,7,xgboost_rank_grid_blend,12.0,2025,Canadian Grand Prix,2025-06-15
ANT,Mercedes,4.0,-0.95098907,0.95098907,8,4,8.0,8.0,8,xgboost_rank_grid_blend,3.0,2025,Canadian Grand Prix,2025-06-15
SAI,Williams,16.0,-0.9649778,0.9649778,9,15,9.0,9.0,9,xgboost_rank_grid_blend,10.0,2025,Canadian Grand Prix,2025-06-15
HAD,Racing Bulls,12.0,-0.99519867,0.99519867,10,11,10.0,10.0,10,xgboost_rank_grid_blend,16.0,2025,Canadian Grand Prix,2025-06-15
GAS,Alpine,20.0,-1.2072995,1.2072995,11,18,11.0,11.0,11,xgboost_rank_grid_blend,15.0,2025,Canadian Grand Prix,2025-06-15
ALO,Aston Martin,6.0,-1.2433412,1.2433412,12,6,12.0,12.0,12,xgboost_rank_grid_blend,7.0,2025,Canadian Grand Prix,2025-06-15
BEA,Haas F1 Team,13.0,-1.2433412,1.2433412,13,12,13.0,13.0,13,xgboost_rank_grid_blend,11.0,2025,Canadian Grand Prix,2025-06-15
BOR,Audi,15.0,-1.2433412,1.2433412,14,14,14.0,14.0,14,xgboost_rank_grid_blend,14.0,2025,Canadian Grand Prix,2025-06-15
COL,Alpine,10.0,-1.2433412,1.2433412,15,9,15.0,15.0,15,xgboost_rank_grid_blend,13.0,2025,Canadian Grand Prix,2025-06-15
HUL,Audi,11.0,-1.2433412,1.2433412,16,10,16.0,16.0,16,xgboost_rank_grid_blend,8.0,2025,Canadian Grand Prix,2025-06-15
OCO,Haas F1 Team,14.0,-1.2433412,1.2433412,17,13,17.0,17.0,17,xgboost_rank_grid_blend,9.0,2025,Canadian Grand Prix,2025-06-15
STR,Aston Martin,17.0,-1.2433412,1.2433412,18,16,18.0,18.0,18,xgboost_rank_grid_blend,17.0,2025,Canadian Grand Prix,2025-06-15
PIA,McLaren,3.0,0.7884217,-0.7884217,1,3,1.0,1.0,1,xgboost_rank_grid_blend,2.0,2025,Austrian Grand Prix,2025-06-29
LEC,Ferrari,2.0,0.50983816,-0.50983816,2,2,2.0,2.0,2,xgboost_rank_grid_blend,3.0,2025,Austrian Grand Prix,2025-06-29
NOR,McLaren,1.0,0.0099417,-0.0099417,3,1,3.0,3.0,3,xgboost_rank_grid_blend,1.0,2025,Austrian Grand Prix,2025-06-29
HAM,Ferrari,4.0,-0.08160549,0.08160549,4,4,4.0,4.0,4,xgboost_rank_grid_blend,4.0,2025,Austrian Grand Prix,2025-06-29
RUS,Mercedes,5.0,-0.22633052,0.22633052,5,5,5.0,5.0,5,xgboost_rank_grid_blend,5.0,2025,Austrian Grand Prix,2025-06-29
TSU,Red Bull Racing,18.0,-0.78438175,0.78438175,6,15,6.0,6.0,6,xgboost_rank_grid_blend,16.0,2025,Austrian Grand Prix,2025-06-29
HAD,Racing Bulls,13.0,-1.0368283,1.0368283,7,10,7.0,7.0,7,xgboost_rank_grid_blend,12.0,2025,Austrian Grand Prix,2025-06-29
ALO,Aston Martin,11.0,-1.0838819,1.0838819,8,9,8.0,8.0,8,xgboost_rank_grid_blend,7.0,2025,Austrian Grand Prix,2025-06-29
HUL,Audi,20.0,-1.1515187,1.1515187,9,16,9.0,9.0,9,xgboost_rank_grid_blend,9.0,2025,Austrian Grand Prix,2025-06-29
OCO,Haas F1 Team,17.0,-1.2136683,1.2136683,10,14,10.0,10.0,10,xgboost_rank_grid_blend,10.0,2025,Austrian Grand Prix,2025-06-29
BEA,Haas F1 Team,15.0,-1.2450567,1.2450567,11,12,11.0,11.0,11,xgboost_rank_grid_blend,11.0,2025,Austrian Grand Prix,2025-06-29
BOR,Audi,8.0,-1.2450567,1.2450567,12,7,12.0,12.0,12,xgboost_rank_grid_blend,8.0,2025,Austrian Grand Prix,2025-06-29
COL,Alpine,14.0,-1.2450567,1.2450567,13,11,13.0,13.0,13,xgboost_rank_grid_blend,15.0,2025,Austrian Grand Prix,2025-06-29
GAS,Alpine,10.0,-1.2450567,1.2450567,14,8,14.0,14.0,14,xgboost_rank_grid_blend,13.0,2025,Austrian Grand Prix,2025-06-29
LAW,Racing Bulls,6.0,-1.2450567,1.2450567,15,6,15.0,15.0,15,xgboost_rank_grid_blend,6.0,2025,Austrian Grand Prix,2025-06-29
STR,Aston Martin,16.0,-1.2450567,1.2450567,16,13,16.0,16.0,16,xgboost_rank_grid_blend,14.0,2025,Austrian Grand Prix,2025-06-29
PIA,McLaren,2.0,0.8958136,-0.8958136,1,2,1.0,1.0,1,xgboost_rank_grid_blend,2.0,2025,British Grand Prix,2025-07-06
NOR,McLaren,3.0,0.36488694,-0.36488694,2,3,2.0,2.0,2,xgboost_rank_grid_blend,1.0,2025,British Grand Prix,2025-07-06
LEC,Ferrari,6.0,0.3409951,-0.3409951,3,6,3.0,3.0,3,xgboost_rank_grid_blend,14.0,2025,British Grand Prix,2025-07-06
RUS,Mercedes,4.0,0.1709981,-0.1709981,4,4,4.0,4.0,4,xgboost_rank_grid_blend,10.0,2025,British Grand Prix,2025-07-06
VER,Red Bull Racing,1.0,0.16615382,-0.16615382,5,1,5.0,5.0,5,xgboost_rank_grid_blend,5.0,2025,British Grand Prix,2025-07-06
HAM,Ferrari,5.0,-0.053812195,0.053812195,6,5,6.0,6.0,6,xgboost_rank_grid_blend,4.0,2025,British Grand Prix,2025-07-06
TSU,Red Bull Racing,11.0,-0.99524206,0.99524206,7,10,7.0,7.0,7,xgboost_rank_grid_blend,15.0,2025,British Grand Prix,2025-07-06
ALB,Williams,13.0,-1.0530022,1.0530022,8,11,8.0,8.0,8,xgboost_rank_grid_blend,8.0,2025,British Grand Prix,2025-07-06
ALO,Aston Martin,7.0,-1.0873977,1.0873977,9,7,9.0,9.0,9,xgboost_rank_grid_blend,9.0,2025,British Grand Prix,2025-07-06
HUL,Audi,19.0,-1.1017486,1.1017486,10,15,10.0,10.0,10,xgboost_rank_grid_blend,3.0,2025,British Grand Prix,2025-07-06
SAI,Williams,9.0,-1.1445687,1.1445687,11,9,11.0,11.0,11,xgboost_rank_grid_blend,12.0,2025,British Grand Prix,2025-07-06
BEA,Haas F1 Team,18.0,-1.2922288,1.2922288,12,14,12.0,12.0,12,xgboost_rank_grid_blend,11.0,2025,British Grand Prix,2025-07-06
GAS,Alpine,8.0,-1.2922288,1.2922288,13,8,13.0,13.0,13,xgboost_rank_grid_blend,6.0,2025,British Grand Prix,2025-07-06
OCO,Haas F1 Team,14.0,-1.2922288,1.2922288,14,12,14.0,14.0,14,xgboost_rank_grid_blend,13.0,2025,British Grand Prix,2025-07-06
STR,Aston Martin,17.0,-1.2922288,1.2922288,15,13,15.0,15.0,15,xgboost_rank_grid_blend,7.0,2025,British Grand Prix,2025-07-06
PIA,McLaren,2.0,0.6535257,-0.6535257,1,2,1.0,1.0,1,xgboost_rank_grid_blend,1.0,2025,Belgian Grand Prix,2025-07-27
NOR,McLaren,1.0,0.5444328,-0.5444328,2,1,2.0,2.0,2,xgboost_rank_grid_blend,2.0,2025,Belgian Grand Prix,2025-07-27
RUS,Mercedes,6.0,0.076283745,-0.076283745,3,6,3.0,3.0,3,xgboost_rank_grid_blend,5.0,2025,Belgian Grand Prix,2025-07-27
VER,Red Bull Racing,4.0,0.046304334,-0.046304334,4,4,4.0,4.0,4,xgboost_rank_grid_blend,4.0,2025,Belgian Grand Prix,2025-07-27
LEC,Ferrari,3.0,0.038766287,-0.038766287,5,3,5.0,5.0,5,xgboost_rank_grid_blend,3.0,2025,Belgian Grand Prix,2025-07-27
HAM,Ferrari,18.0,-0.015575011,0.015575011,6,18,6.0,6.0,6,xgboost_rank_grid_blend,7.0,2025,Belgian Grand Prix,2025-07-27
ANT,Mercedes,19.0,-0.46861985,0.46861985,7,19,7.0,7.0,7,xgboost_rank_grid_blend,16.0,2025,Belgian Grand Prix,2025-07-27
HUL,Audi,14.0,-0.86301816,0.86301816,8,14,8.0,8.0,8,xgboost_rank_grid_blend,12.0,2025,Belgian Grand Prix,2025-07-27
BOR,Audi,10.0,-0.994106,0.994106,9,10,9.0,9.0,9,xgboost_rank_grid_blend,9.0,2025,Belgian Grand Prix,2025-07-27
TSU,Red Bull Racing,7.0,-1.0481998,1.0481998,10,7,10.0,10.0,10,xgboost_rank_grid_blend,13.0,2025,Belgian Grand Prix,2025-07-27
ALB,Williams,5.0,-1.1093909,1.1093909,11,5,11.0,11.0,11,xgboost_rank_grid_blend,6.0,2025,Belgian Grand Prix,2025-07-27
ALO,Aston Martin,20.0,-1.1101544,1.1101544,12,20,12.0,12.0,12,xgboost_rank_grid_blend,17.0,2025,Belgian Grand Prix,2025-07-27
STR,Aston Martin,16.0,-1.2248771,1.2248771,13,16,13.0,13.0,13,xgboost_rank_grid_blend,14.0,2025,Belgian Grand Prix,2025-07-27
LAW,Racing Bulls,9.0,-1.2263092,1.2263092,14,9,14.0,14.0,14,xgboost_rank_grid_blend,8.0,2025,Belgian Grand Prix,2025-07-27
SAI,Williams,17.0,-1.3063322,1.3063322,15,17,15.0,15.0,15,xgboost_rank_grid_blend,18.0,2025,Belgian Grand Prix,2025-07-27
GAS,Alpine,13.0,-1.3178413,1.3178413,16,13,16.0,16.0,16,xgboost_rank_grid_blend,10.0,2025,Belgian Grand Prix,2025-07-27
HAD,Racing Bulls,8.0,-1.3178413,1.3178413,17,8,17.0,17.0,17,xgboost_rank_grid_blend,20.0,2025,Belgian Grand Prix,2025-07-27
BEA,Haas F1 Team,12.0,-1.34546,1.34546,18,12,18.0,18.0,18,xgboost_rank_grid_blend,11.0,2025,Belgian Grand Prix,2025-07-27
COL,Alpine,15.0,-1.34546,1.34546,19,15,19.0,19.0,19,xgboost_rank_grid_blend,19.0,2025,Belgian Grand Prix,2025-07-27
OCO,Haas F1 Team,11.0,-1.34546,1.34546,20,11,20.0,20.0,20,xgboost_rank_grid_blend,15.0,2025,Belgian Grand Prix,2025-07-27
PIA,McLaren,2.0,1.0973613,-1.0973613,1,2,1.0,1.0,1,xgboost_rank_grid_blend,2.0,2025,Hungarian Grand Prix,2025-08-03
NOR,McLaren,3.0,1.0783671,-1.0783671,2,3,2.0,2.0,2,xgboost_rank_grid_blend,1.0,2025,Hungarian Grand Prix,2025-08-03
VER,Red Bull Racing,8.0,0.20570001,-0.20570001,3,8,3.0,3.0,3,xgboost_rank_grid_blend,9.0,2025,Hungarian Grand Prix,2025-08-03
LEC,Ferrari,1.0,0.037779972,-0.037779972,4,1,4.0,4.0,4,xgboost_rank_grid_blend,4.0,2025,Hungarian Grand Prix,2025-08-03
HAM,Ferrari,12.0,-0.17332442,0.17332442,5,11,5.0,5.0,5,xgboost_rank_grid_blend,12.0,2025,Hungarian Grand Prix,2025-08-03
RUS,Mercedes,4.0,-0.47736168,0.47736168,6,4,6.0,6.0,6,xgboost_rank_grid_blend,3.0,2025,Hungarian Grand Prix,2025-08-03
TSU,Red Bull Racing,20.0,-0.91950715,0.91950715,7,19,7.0,7.0,7,xgboost_rank_grid_blend,17.0,2025,Hungarian Grand Prix,2025-08-03
HUL,Audi,18.0,-0.99196607,0.99196607,8,17,8.0,8.0,8,xgboost_rank_grid_blend,13.0,2025,Hungarian Grand Prix,2025-08-03
ALB,Williams,19.0,-1.038979,1.038979,9,18,9.0,9.0,9,xgboost_rank_grid_blend,15.0,2025,Hungarian Grand Prix,2025-08-03
BOR,Audi,7.0,-1.0918549,1.0918549,10,7,10.0,10.0,10,xgboost_rank_grid_blend,6.0,2025,Hungarian Grand Prix,2025-08-03
ANT,Mercedes,15.0,-1.1033566,1.1033566,11,14,11.0,11.0,11,xgboost_rank_grid_blend,10.0,2025,Hungarian Grand Prix,2025-08-03
GAS,Alpine,16.0,-1.1687915,1.1687915,12,15,12.0,12.0,12,xgboost_rank_grid_blend,19.0,2025,Hungarian Grand Prix,2025-08-03
HAD,Racing Bulls,10.0,-1.1887368,1.1887368,13,10,13.0,13.0,13,xgboost_rank_grid_blend,11.0,2025,Hungarian Grand Prix,2025-08-03
LAW,Racing Bulls,9.0,-1.2032478,1.2032478,14,9,14.0,14.0,14,xgboost_rank_grid_blend,8.0,2025,Hungarian Grand Prix,2025-08-03
SAI,Williams,13.0,-1.2803602,1.2803602,15,12,15.0,15.0,15,xgboost_rank_grid_blend,14.0,2025,Hungarian Grand Prix,2025-08-03
ALO,Aston Martin,5.0,-1.2940093,1.2940093,16,5,16.0,16.0,16,xgboost_rank_grid_blend,5.0,2025,Hungarian Grand Prix,2025-08-03
COL,Alpine,14.0,-1.3149164,1.3149164,17,13,17.0,17.0,17,xgboost_rank_grid_blend,18.0,2025,Hungarian Grand Prix,2025-08-03
OCO,Haas F1 Team,17.0,-1.3149164,1.3149164,18,16,18.0,18.0,18,xgboost_rank_grid_blend,16.0,2025,Hungarian Grand Prix,2025-08-03
STR,Aston Martin,6.0,-1.3149164,1.3149164,19,6,19.0,19.0,19,xgboost_rank_grid_blend,7.0,2025,Hungarian Grand Prix,2025-08-03
NOR,McLaren,2.0,1.1171643,-1.1171643,1,2,1.0,1.0,1,xgboost_rank_grid_blend,18.0,2025,Dutch Grand Prix,2025-08-31
PIA,McLaren,1.0,1.042861,-1.042861,2,1,2.0,2.0,2,xgboost_rank_grid_blend,1.0,2025,Dutch Grand Prix,2025-08-31
VER,Red Bull Racing,3.0,-0.26929274,0.26929274,3,3,3.0,3.0,3,xgboost_rank_grid_blend,2.0,2025,Dutch Grand Prix,2025-08-31
RUS,Mercedes,5.0,-0.5149822,0.5149822,4,5,4.0,4.0,4,xgboost_rank_grid_blend,4.0,2025,Dutch Grand Prix,2025-08-31
ANT,Mercedes,11.0,-1.0050955,1.0050955,5,9,5.0,5.0,5,xgboost_rank_grid_blend,16.0,2025,Dutch Grand Prix,2025-08-31
ALO,Aston Martin,10.0,-1.0294707,1.0294707,6,8,6.0,6.0,6,xgboost_rank_grid_blend,8.0,2025,Dutch Grand Prix,2025-08-31
HUL,Audi,17.0,-1.0651424,1.0651424,7,15,7.0,7.0,7,xgboost_rank_grid_blend,14.0,2025,Dutch Grand Prix,2025-08-31
STR,Aston Martin,19.0,-1.0677414,1.0677414,8,17,8.0,8.0,8,xgboost_rank_grid_blend,7.0,2025,Dutch Grand Prix,2025-08-31
BOR,Audi,13.0,-1.0912066,1.0912066,9,11,9.0,9.0,9,xgboost_rank_grid_blend,15.0,2025,Dutch Grand Prix,2025-08-31
TSU,Red Bull Racing,12.0,-1.1051561,1.1051561,10,10,10.0,10.0,10,xgboost_rank_grid_blend,9.0,2025,Dutch Grand Prix,2025-08-31
LAW,Racing Bulls,8.0,-1.1154723,1.1154723,11,6,11.0,11.0,11,xgboost_rank_grid_blend,12.0,2025,Dutch Grand Prix,2025-08-31
HAD,Racing Bulls,4.0,-1.1965283,1.1965283,12,4,12.0,12.0,12,xgboost_rank_grid_blend,3.0,2025,Dutch Grand Prix,2025-08-31
ALB,Williams,15.0,-1.2146242,1.2146242,13,13,13.0,13.0,13,xgboost_rank_grid_blend,5.0,2025,Dutch Grand Prix,2025-08-31
BEA,Haas F1 Team,20.0,-1.3266551,1.3266551,14,18,14.0,14.0,14,xgboost_rank_grid_blend,6.0,2025,Dutch Grand Prix,2025-08-31
COL,Alpine,16.0,-1.3266551,1.3266551,15,14,15.0,15.0,15,xgboost_rank_grid_blend,11.0,2025,Dutch Grand Prix,2025-08-31
GAS,Alpine,14.0,-1.3266551,1.3266551,16,12,16.0,16.0,16,xgboost_rank_grid_blend,17.0,2025,Dutch Grand Prix,2025-08-31
OCO,Haas F1 Team,18.0,-1.3266551,1.3266551,17,16,17.0,17.0,17,xgboost_rank_grid_blend,10.0,2025,Dutch Grand Prix,2025-08-31
SAI,Williams,9.0,-1.3266551,1.3266551,18,7,18.0,18.0,18,xgboost_rank_grid_blend,13.0,2025,Dutch Grand Prix,2025-08-31
PIA,McLaren,3.0,0.93044096,-0.93044096,1,3,1.0,1.0,1,xgboost_rank_grid_blend,3.0,2025,Italian Grand Prix,2025-09-07
NOR,McLaren,2.0,0.3914223,-0.3914223,2,2,2.0,2.0,2,xgboost_rank_grid_blend,2.0,2025,Italian Grand Prix,2025-09-07
VER,Red Bull Racing,1.0,0.16202645,-0.16202645,3,1,3.0,3.0,3,xgboost_rank_grid_blend,1.0,2025,Italian Grand Prix,2025-09-07
RUS,Mercedes,5.0,-0.33245817,0.33245817,4,5,4.0,4.0,4,xgboost_rank_grid_blend,5.0,2025,Italian Grand Prix,2025-09-07
LEC,Ferrari,4.0,-0.33921006,0.33921006,5,4,5.0,5.0,5,xgboost_rank_grid_blend,4.0,2025,Italian Grand Prix,2025-09-07
HAM,Ferrari,10.0,-0.43552142,0.43552142,6,9,6.0,6.0,6,xgboost_rank_grid_blend,6.0,2025,Italian Grand Prix,2025-09-07
TSU,Red Bull Racing,9.0,-0.8846019,0.8846019,7,8,7.0,7.0,7,xgboost_rank_grid_blend,13.0,2025,Italian Grand Prix,2025-09-07
STR,Aston Martin,16.0,-1.0050281,1.0050281,8,14,8.0,8.0,8,xgboost_rank_grid_blend,18.0,2025,Italian Grand Prix,2025-09-07
ALB,Williams,14.0,-1.0727353,1.0727353,9,12,9.0,9.0,9,xgboost_rank_grid_blend,7.0,2025,Italian Grand Prix,2025-09-07
ANT,Mercedes,6.0,-1.1351842,1.1351842,10,6,10.0,10.0,10,xgboost_rank_grid_blend,9.0,2025,Italian Grand Prix,2025-09-07
BOR,Audi,7.0,-1.165129,1.165129,11,7,11.0,11.0,11,xgboost_rank_grid_blend,8.0,2025,Italian Grand Prix,2025-09-07
LAW,Racing Bulls,18.0,-1.1700923,1.1700923,12,16,12.0,12.0,12,xgboost_rank_grid_blend,14.0,2025,Italian Grand Prix,2025-09-07
BEA,Haas F1 Team,11.0,-1.2188507,1.2188507,13,10,13.0,13.0,13,xgboost_rank_grid_blend,12.0,2025,Italian Grand Prix,2025-09-07
GAS,Alpine,20.0,-1.2828462,1.2828462,14,18,14.0,14.0,14,xgboost_rank_grid_blend,16.0,2025,Italian Grand Prix,2025-09-07
COL,Alpine,17.0,-1.3249322,1.3249322,15,15,15.0,15.0,15,xgboost_rank_grid_blend,17.0,2025,Italian Grand Prix,2025-09-07
HAD,Racing Bulls,19.0,-1.3364385,1.3364385,16,17,16.0,16.0,16,xgboost_rank_grid_blend,10.0,2025,Italian Grand Prix,2025-09-07
OCO,Haas F1 Team,15.0,-1.3431107,1.3431107,17,13,17.0,17.0,17,xgboost_rank_grid_blend,15.0,2025,Italian Grand Prix,2025-09-07
SAI,Williams,13.0,-1.3431107,1.3431107,18,11,18.0,18.0,18,xgboost_rank_grid_blend,11.0,2025,Italian Grand Prix,2025-09-07
VER,Red Bull Racing,1.0,0.38125515,-0.38125515,1,1,1.0,1.0,1,xgboost_rank_grid_blend,1.0,2025,Azerbaijan Grand Prix,2025-09-21
NOR,McLaren,7.0,0.33914542,-0.33914542,2,7,2.0,2.0,2,xgboost_rank_grid_blend,7.0,2025,Azerbaijan Grand Prix,2025-09-21
LEC,Ferrari,10.0,0.26178217,-0.26178217,3,9,3.0,3.0,3,xgboost_rank_grid_blend,9.0,2025,Azerbaijan Grand Prix,2025-09-21
HAM,Ferrari,12.0,-0.13169287,0.13169287,4,11,4.0,4.0,4,xgboost_rank_grid_blend,8.0,2025,Azerbaijan Grand Prix,2025-09-21
RUS,Mercedes,5.0,-0.21270393,0.21270393,5,5,5.0,5.0,5,xgboost_rank_grid_blend,2.0,2025,Azerbaijan Grand Prix,2025-09-21
TSU,Red Bull Racing,6.0,-0.93638486,0.93638486,6,6,6.0,6.0,6,xgboost_rank_grid_blend,6.0,2025,Azerbaijan Grand Prix,2025-09-21
ALB,Williams,19.0,-0.9788251,0.9788251,7,18,7.0,7.0,7,xgboost_rank_grid_blend,13.0,2025,Azerbaijan Grand Prix,2025-09-21
HAD,Racing Bulls,8.0,-1.0840861,1.0840861,8,8,8.0,8.0,8,xgboost_rank_grid_blend,10.0,2025,Azerbaijan Grand Prix,2025-09-21
ANT,Mercedes,4.0,-1.1421639,1.1421639,9,4,9.0,9.0,9,xgboost_rank_grid_blend,4.0,2025,Azerbaijan Grand Prix,2025-09-21
BEA,Haas F1 Team,15.0,-1.1651059,1.1651059,10,14,10.0,10.0,10,xgboost_rank_grid_blend,12.0,2025,Azerbaijan Grand Prix,2025-09-21
BOR,Audi,13.0,-1.1651059,1.1651059,11,12,11.0,11.0,11,xgboost_rank_grid_blend,11.0,2025,Azerbaijan Grand Prix,2025-09-21
ALO,Aston Martin,11.0,-1.2355164,1.2355164,12,10,12.0,12.0,12,xgboost_rank_grid_blend,15.0,2025,Azerbaijan Grand Prix,2025-09-21
LAW,Racing Bulls,3.0,-1.2528964,1.2528964,13,3,13.0,13.0,13,xgboost_rank_grid_blend,5.0,2025,Azerbaijan Grand Prix,2025-09-21
COL,Alpine,16.0,-1.3158354,1.3158354,14,15,14.0,14.0,14,xgboost_rank_grid_blend,19.0,2025,Azerbaijan Grand Prix,2025-09-21
GAS,Alpine,18.0,-1.3158354,1.3158354,15,17,15.0,15.0,15,xgboost_rank_grid_blend,18.0,2025,Azerbaijan Grand Prix,2025-09-21
HUL,Audi,17.0,-1.3158354,1.3158354,16,16,16.0,16.0,16,xgboost_rank_grid_blend,16.0,2025,Azerbaijan Grand Prix,2025-09-21
OCO,Haas F1 Team,20.0,-1.3158354,1.3158354,17,19,17.0,17.0,17,xgboost_rank_grid_blend,14.0,2025,Azerbaijan Grand Prix,2025-09-21
SAI,Williams,2.0,-1.3158354,1.3158354,18,2,18.0,18.0,18,xgboost_rank_grid_blend,3.0,2025,Azerbaijan Grand Prix,2025-09-21
STR,Aston Martin,14.0,-1.3158354,1.3158354,19,13,19.0,19.0,19,xgboost_rank_grid_blend,17.0,2025,Azerbaijan Grand Prix,2025-09-21
VER,Red Bull Racing,2.0,0.9733755,-0.9733755,1,2,1.0,1.0,1,xgboost_rank_grid_blend,2.0,2025,Singapore Grand Prix,2025-10-05
PIA,McLaren,3.0,0.62983614,-0.62983614,2,3,2.0,2.0,2,xgboost_rank_grid_blend,4.0,2025,Singapore Grand Prix,2025-10-05
NOR,McLaren,5.0,0.11647394,-0.11647394,3,5,3.0,3.0,3,xgboost_rank_grid_blend,3.0,2025,Singapore Grand Prix,2025-10-05
RUS,Mercedes,1.0,0.057460804,-0.057460804,4,1,4.0,4.0,4,xgboost_rank_grid_blend,1.0,2025,Singapore Grand Prix,2025-10-05
TSU,Red Bull Racing,13.0,-0.42087045,0.42087045,5,13,5.0,5.0,5,xgboost_rank_grid_blend,12.0,2025,Singapore Grand Prix,2025-10-05
LEC,Ferrari,7.0,-0.44217634,0.44217634,6,7,6.0,6.0,6,xgboost_rank_grid_blend,6.0,2025,Singapore Grand Prix,2025-10-05
HAM,Ferrari,6.0,-0.71931654,0.71931654,7,6,7.0,7.0,7,xgboost_rank_grid_blend,8.0,2025,Singapore Grand Prix,2025-10-05
ANT,Mercedes,4.0,-0.86680406,0.86680406,8,4,8.0,8.0,8,xgboost_rank_grid_blend,5.0,2025,Singapore Grand Prix,2025-10-05
ALB,Williams,20.0,-1.0375865,1.0375865,9,20,9.0,9.0,9,xgboost_rank_grid_blend,14.0,2025,Singapore Grand Prix,2025-10-05
SAI,Williams,18.0,-1.0837915,1.0837915,10,18,10.0,10.0,10,xgboost_rank_grid_blend,10.0,2025,Singapore Grand Prix,2025-10-05
HAD,Racing Bulls,8.0,-1.1272764,1.1272764,11,8,11.0,11.0,11,xgboost_rank_grid_blend,11.0,2025,Singapore Grand Prix,2025-10-05
ALO,Aston Martin,10.0,-1.1848027,1.1848027,12,10,12.0,12.0,12,xgboost_rank_grid_blend,7.0,2025,Singapore Grand Prix,2025-10-05
LAW,Racing Bulls,12.0,-1.1865851,1.1865851,13,12,13.0,13.0,13,xgboost_rank_grid_blend,15.0,2025,Singapore Grand Prix,2025-10-05
BEA,Haas F1 Team,9.0,-1.251698,1.251698,14,9,14.0,14.0,14,xgboost_rank_grid_blend,9.0,2025,Singapore Grand Prix,2025-10-05
BOR,Audi,14.0,-1.3374327,1.3374327,15,14,15.0,15.0,15,xgboost_rank_grid_blend,17.0,2025,Singapore Grand Prix,2025-10-05
COL,Alpine,16.0,-1.3374327,1.3374327,16,16,16.0,16.0,16,xgboost_rank_grid_blend,16.0,2025,Singapore Grand Prix,2025-10-05
GAS,Alpine,19.0,-1.3374327,1.3374327,17,19,17.0,17.0,17,xgboost_rank_grid_blend,19.0,2025,Singapore Grand Prix,2025-10-05
HUL,Audi,11.0,-1.3374327,1.3374327,18,11,18.0,18.0,18,xgboost_rank_grid_blend,20.0,2025,Singapore Grand Prix,2025-10-05
OCO,Haas F1 Team,17.0,-1.3374327,1.3374327,19,17,19.0,19.0,19,xgboost_rank_grid_blend,18.0,2025,Singapore Grand Prix,2025-10-05
STR,Aston Martin,15.0,-1.3374327,1.3374327,20,15,20.0,20.0,20,xgboost_rank_grid_blend,13.0,2025,Singapore Grand Prix,2025-10-05
VER,Red Bull Racing,1.0,1.0747368,-1.0747368,1,1,1.0,1.0,1,xgboost_rank_grid_blend,1.0,2025,United States Grand Prix,2025-10-19
PIA,McLaren,6.0,0.9338265,-0.9338265,2,6,2.0,2.0,2,xgboost_rank_grid_blend,5.0,2025,United States Grand Prix,2025-10-19
RUS,Mercedes,4.0,0.7701662,-0.7701662,3,4,3.0,3.0,3,xgboost_rank_grid_blend,6.0,2025,United States Grand Prix,2025-10-19
NOR,McLaren,2.0,0.3782916,-0.3782916,4,2,4.0,4.0,4,xgboost_rank_grid_blend,2.0,2025,United States Grand Prix,2025-10-19
ANT,Mercedes,7.0,-0.28635246,0.28635246,5,7,5.0,5.0,5,xgboost_rank_grid_blend,13.0,2025,United States Grand Prix,2025-10-19
LEC,Ferrari,3.0,-0.29827598,0.29827598,6,3,6.0,6.0,6,xgboost_rank_grid_blend,3.0,2025,United States Grand Prix,2025-10-19
HAM,Ferrari,5.0,-0.31474727,0.31474727,7,5,7.0,7.0,7,xgboost_rank_grid_blend,4.0,2025,United States Grand Prix,2025-10-19
TSU,Red Bull Racing,13.0,-0.36355412,0.36355412,8,12,8.0,8.0,8,xgboost_rank_grid_blend,7.0,2025,United States Grand Prix,2025-10-19
ALB,Williams,18.0,-1.1272018,1.1272018,9,17,9.0,9.0,9,xgboost_rank_grid_blend,14.0,2025,United States Grand Prix,2025-10-19
ALO,Aston Martin,10.0,-1.2254925,1.2254925,10,9,10.0,10.0,10,xgboost_rank_grid_blend,10.0,2025,United States Grand Prix,2025-10-19
HAD,Racing Bulls,20.0,-1.2906116,1.2906116,11,19,11.0,11.0,11,xgboost_rank_grid_blend,16.0,2025,United States Grand Prix,2025-10-19
BEA,Haas F1 Team,8.0,-1.3182487,1.3182487,12,8,12.0,12.0,12,xgboost_rank_grid_blend,9.0,2025,United States Grand Prix,2025-10-19
BOR,Audi,16.0,-1.3182487,1.3182487,13,15,13.0,13.0,13,xgboost_rank_grid_blend,18.0,2025,United States Grand Prix,2025-10-19
COL,Alpine,15.0,-1.3182487,1.3182487,14,14,14.0,14.0,14,xgboost_rank_grid_blend,17.0,2025,United States Grand Prix,2025-10-19
GAS,Alpine,14.0,-1.3182487,1.3182487,15,13,15.0,15.0,15,xgboost_rank_grid_blend,19.0,2025,United States Grand Prix,2025-10-19
HUL,Audi,11.0,-1.3182487,1.3182487,16,10,16.0,16.0,16,xgboost_rank_grid_blend,8.0,2025,United States Grand Prix,2025-10-19
LAW,Racing Bulls,12.0,-1.3182487,1.3182487,17,11,17.0,17.0,17,xgboost_rank_grid_blend,11.0,2025,United States Grand Prix,2025-10-19
OCO,Haas F1 Team,17.0,-1.3182487,1.3182487,18,16,18.0,18.0,18,xgboost_rank_grid_blend,15.0,2025,United States Grand Prix,2025-10-19
STR,Aston Martin,19.0,-1.3182487,1.3182487,19,18,19.0,19.0,19,xgboost_rank_grid_blend,12.0,2025,United States Grand Prix,2025-10-19
VER,Red Bull Racing,5.0,1.1232662,-1.1232662,1,5,1.0,1.0,1,xgboost_rank_grid_blend,3.0,2025,Mexico City Grand Prix,2025-10-26
PIA,McLaren,7.0,0.6482304,-0.6482304,2,7,2.0,2.0,2,xgboost_rank_grid_blend,5.0,2025,Mexico City Grand Prix,2025-10-26
NOR,McLaren,1.0,0.511021,-0.511021,3,1,3.0,3.0,3,xgboost_rank_grid_blend,1.0,2025,Mexico City Grand Prix,2025-10-26
RUS,Mercedes,4.0,0.30569848,-0.30569848,4,4,4.0,4.0,4,xgboost_rank_grid_blend,7.0,2025,Mexico City Grand Prix,2025-10-26
LEC,Ferrari,2.0,-0.023364257,0.023364257,5,2,5.0,5.0,5,xgboost_rank_grid_blend,2.0,2025,Mexico City Grand Prix,2025-10-26
HAM,Ferrari,3.0,-0.21219182,0.21219182,6,3,6.0,6.0,6,xgboost_rank_grid_blend,8.0,2025,Mexico City Grand Prix,2025-10-26
TSU,Red Bull Racing,10.0,-0.37231925,0.37231925,7,10,7.0,7.0,7,xgboost_rank_grid_blend,11.0,2025,Mexico City Grand Prix,2025-10-26
ANT,Mercedes,6.0,-0.38186982,0.38186982,8,6,8.0,8.0,8,xgboost_rank_grid_blend,6.0,2025,Mexico City Grand Prix,2025-10-26
BEA,Haas F1 Team,9.0,-1.2101207,1.2101207,9,9,9.0,9.0,9,xgboost_rank_grid_blend,4.0,2025,Mexico City Grand Prix,2025-10-26
SAI,Williams,12.0,-1.2149141,1.2149141,10,12,10.0,10.0,10,xgboost_rank_grid_blend,17.0,2025,Mexico City Grand Prix,2025-10-26
ALB,Williams,17.0,-1.2934344,1.2934344,11,14,11.0,11.0,11,xgboost_rank_grid_blend,12.0,2025,Mexico City Grand Prix,2025-10-26
BOR,Audi,16.0,-1.3270435,1.3270435,12,13,12.0,12.0,12,xgboost_rank_grid_blend,10.0,2025,Mexico City Grand Prix,2025-10-26
COL,Alpine,20.0,-1.3270435,1.3270435,13,17,13.0,13.0,13,xgboost_rank_grid_blend,16.0,2025,Mexico City Grand Prix,2025-10-26
GAS,Alpine,18.0,-1.3270435,1.3270435,14,15,14.0,14.0,14,xgboost_rank_grid_blend,15.0,2025,Mexico City Grand Prix,2025-10-26
HAD,Racing Bulls,8.0,-1.3270435,1.3270435,15,8,15.0,15.0,15,xgboost_rank_grid_blend,13.0,2025,Mexico City Grand Prix,2025-10-26
OCO,Haas F1 Team,11.0,-1.3270435,1.3270435,16,11,16.0,16.0,16,xgboost_rank_grid_blend,9.0,2025,Mexico City Grand Prix,2025-10-26
STR,Aston Martin,19.0,-1.3270435,1.3270435,17,16,17.0,17.0,17,xgboost_rank_grid_blend,14.0,2025,Mexico City Grand Prix,2025-10-26
VER,Red Bull Racing,19.0,1.049126,-1.049126,1,16,1.0,1.0,1,xgboost_rank_grid_blend,3.0,2025,São Paulo Grand Prix,2025-11-09
NOR,McLaren,1.0,0.9053532,-0.9053532,2,1,2.0,2.0,2,xgboost_rank_grid_blend,1.0,2025,São Paulo Grand Prix,2025-11-09
PIA,McLaren,4.0,0.3346265,-0.3346265,3,3,3.0,3.0,3,xgboost_rank_grid_blend,5.0,2025,São Paulo Grand Prix,2025-11-09
RUS,Mercedes,6.0,0.02488299,-0.02488299,4,5,4.0,4.0,4,xgboost_rank_grid_blend,4.0,2025,São Paulo Grand Prix,2025-11-09
TSU,Red Bull Racing,17.0,-0.5011025,0.5011025,5,15,5.0,5.0,5,xgboost_rank_grid_blend,17.0,2025,São Paulo Grand Prix,2025-11-09
ANT,Mercedes,2.0,-0.64137834,0.64137834,6,2,6.0,6.0,6,xgboost_rank_grid_blend,2.0,2025,São Paulo Grand Prix,2025-11-09
BEA,Haas F1 Team,8.0,-1.0617616,1.0617616,7,7,7.0,7.0,7,xgboost_rank_grid_blend,6.0,2025,São Paulo Grand Prix,2025-11-09
SAI,Williams,15.0,-1.2348922,1.2348922,8,13,8.0,8.0,8,xgboost_rank_grid_blend,13.0,2025,São Paulo Grand Prix,2025-11-09
ALO,Aston Martin,11.0,-1.3117026,1.3117026,9,10,9.0,9.0,9,xgboost_rank_grid_blend,14.0,2025,São Paulo Grand Prix,2025-11-09
OCO,Haas F1 Team,20.0,-1.346186,1.346186,10,17,10.0,10.0,10,xgboost_rank_grid_blend,12.0,2025,São Paulo Grand Prix,2025-11-09
ALB,Williams,12.0,-1.3579735,1.3579735,11,11,11.0,11.0,11,xgboost_rank_grid_blend,11.0,2025,São Paulo Grand Prix,2025-11-09
COL,Alpine,16.0,-1.3579735,1.3579735,12,14,12.0,12.0,12,xgboost_rank_grid_blend,15.0,2025,São Paulo Grand Prix,2025-11-09
GAS,Alpine,9.0,-1.3579735,1.3579735,13,8,13.0,13.0,13,xgboost_rank_grid_blend,10.0,2025,São Paulo Grand Prix,2025-11-09
HAD,Racing Bulls,5.0,-1.3579735,1.3579735,14,4,14.0,14.0,14,xgboost_rank_grid_blend,8.0,2025,São Paulo Grand Prix,2025-11-09
HUL,Audi,10.0,-1.3579735,1.3579735,15,9,15.0,15.0,15,xgboost_rank_grid_blend,9.0,2025,São Paulo Grand Prix,2025-11-09
LAW,Racing Bulls,7.0,-1.3579735,1.3579735,16,6,16.0,16.0,16,xgboost_rank_grid_blend,7.0,2025,São Paulo Grand Prix,2025-11-09
STR,Aston Martin,14.0,-1.3579735,1.3579735,17,12,17.0,17.0,17,xgboost_rank_grid_blend,16.0,2025,São Paulo Grand Prix,2025-11-09
VER,Red Bull Racing,2.0,0.7122795,-0.7122795,1,1,1.0,1.0,1,xgboost_rank_grid_blend,1.0,2025,Las Vegas Grand Prix,2025-11-22
LEC,Ferrari,9.0,0.18329783,-0.18329783,2,7,2.0,2.0,2,xgboost_rank_grid_blend,4.0,2025,Las Vegas Grand Prix,2025-11-22
RUS,Mercedes,4.0,-0.021552362,0.021552362,3,3,3.0,3.0,3,xgboost_rank_grid_blend,2.0,2025,Las Vegas Grand Prix,2025-11-22
HAM,Ferrari,19.0,-0.37018657,0.37018657,4,14,4.0,4.0,4,xgboost_rank_grid_blend,8.0,2025,Las Vegas Grand Prix,2025-11-22
ANT,Mercedes,17.0,-0.6266873,0.6266873,5,13,5.0,5.0,5,xgboost_rank_grid_blend,3.0,2025,Las Vegas Grand Prix,2025-11-22
TSU,Red Bull Racing,20.0,-0.87301147,0.87301147,6,15,6.0,6.0,6,xgboost_rank_grid_blend,12.0,2025,Las Vegas Grand Prix,2025-11-22
BEA,Haas F1 Team,14.0,-0.9305594,0.9305594,7,11,7.0,7.0,7,xgboost_rank_grid_blend,10.0,2025,Las Vegas Grand Prix,2025-11-22
OCO,Haas F1 Team,13.0,-1.1406094,1.1406094,8,10,8.0,8.0,8,xgboost_rank_grid_blend,9.0,2025,Las Vegas Grand Prix,2025-11-22
ALO,Aston Martin,7.0,-1.3314149,1.3314149,9,5,9.0,9.0,9,xgboost_rank_grid_blend,11.0,2025,Las Vegas Grand Prix,2025-11-22
COL,Alpine,15.0,-1.3789062,1.3789062,10,12,10.0,10.0,10,xgboost_rank_grid_blend,15.0,2025,Las Vegas Grand Prix,2025-11-22
GAS,Alpine,10.0,-1.3789062,1.3789062,11,8,11.0,11.0,11,xgboost_rank_grid_blend,13.0,2025,Las Vegas Grand Prix,2025-11-22
HAD,Racing Bulls,8.0,-1.3789062,1.3789062,12,6,12.0,12.0,12,xgboost_rank_grid_blend,6.0,2025,Las Vegas Grand Prix,2025-11-22
HUL,Audi,11.0,-1.3789062,1.3789062,13,9,13.0,13.0,13,xgboost_rank_grid_blend,7.0,2025,Las Vegas Grand Prix,2025-11-22
LAW,Racing Bulls,6.0,-1.3789062,1.3789062,14,4,14.0,14.0,14,xgboost_rank_grid_blend,14.0,2025,Las Vegas Grand Prix,2025-11-22
SAI,Williams,3.0,-1.3789062,1.3789062,15,2,15.0,15.0,15,xgboost_rank_grid_blend,5.0,2025,Las Vegas Grand Prix,2025-11-22
NOR,McLaren,2.0,1.0378513,-1.0378513,1,2,1.0,1.0,1,xgboost_rank_grid_blend,4.0,2025,Qatar Grand Prix,2025-11-30
VER,Red Bull Racing,3.0,0.7299619,-0.7299619,2,3,2.0,2.0,2,xgboost_rank_grid_blend,1.0,2025,Qatar Grand Prix,2025-11-30
PIA,McLaren,1.0,0.3792463,-0.3792463,3,1,3.0,3.0,3,xgboost_rank_grid_blend,2.0,2025,Qatar Grand Prix,2025-11-30
RUS,Mercedes,4.0,0.3287183,-0.3287183,4,4,4.0,4.0,4,xgboost_rank_grid_blend,6.0,2025,Qatar Grand Prix,2025-11-30
LEC,Ferrari,10.0,0.16554604,-0.16554604,5,10,5.0,5.0,5,xgboost_rank_grid_blend,8.0,2025,Qatar Grand Prix,2025-11-30
ANT,Mercedes,5.0,0.09428562,-0.09428562,6,5,6.0,6.0,6,xgboost_rank_grid_blend,5.0,2025,Qatar Grand Prix,2025-11-30
HAM,Ferrari,17.0,-0.41874063,0.41874063,7,15,7.0,7.0,7,xgboost_rank_grid_blend,12.0,2025,Qatar Grand Prix,2025-11-30
TSU,Red Bull Racing,15.0,-0.89490986,0.89490986,8,13,8.0,8.0,8,xgboost_rank_grid_blend,10.0,2025,Qatar Grand Prix,2025-11-30
OCO,Haas F1 Team,16.0,-1.0314763,1.0314763,9,14,9.0,9.0,9,xgboost_rank_grid_blend,15.0,2025,Qatar Grand Prix,2025-11-30
HAD,Racing Bulls,6.0,-1.0887331,1.0887331,10,6,10.0,10.0,10,xgboost_rank_grid_blend,18.0,2025,Qatar Grand Prix,2025-11-30
LAW,Racing Bulls,12.0,-1.2149806,1.2149806,11,11,11.0,11.0,11,xgboost_rank_grid_blend,9.0,2025,Qatar Grand Prix,2025-11-30
BOR,Audi,19.0,-1.2206672,1.2206672,12,17,12.0,12.0,12,xgboost_rank_grid_blend,13.0,2025,Qatar Grand Prix,2025-11-30
ALB,Williams,14.0,-1.3790247,1.3790247,13,12,13.0,13.0,13,xgboost_rank_grid_blend,11.0,2025,Qatar Grand Prix,2025-11-30
ALO,Aston Martin,8.0,-1.3790247,1.3790247,14,8,14.0,14.0,14,xgboost_rank_grid_blend,7.0,2025,Qatar Grand Prix,2025-11-30
COL,Alpine,20.0,-1.3790247,1.3790247,15,18,15.0,15.0,15,xgboost_rank_grid_blend,14.0,2025,Qatar Grand Prix,2025-11-30
GAS,Alpine,9.0,-1.3790247,1.3790247,16,9,16.0,16.0,16,xgboost_rank_grid_blend,16.0,2025,Qatar Grand Prix,2025-11-30
SAI,Williams,7.0,-1.3790247,1.3790247,17,7,17.0,17.0,17,xgboost_rank_grid_blend,3.0,2025,Qatar Grand Prix,2025-11-30
STR,Aston Martin,18.0,-1.3790247,1.3790247,18,16,18.0,18.0,18,xgboost_rank_grid_blend,17.0,2025,Qatar Grand Prix,2025-11-30
VER,Red Bull Racing,1.0,1.081884,-1.081884,1,1,1.0,1.0,1,xgboost_rank_grid_blend,1.0,2025,Abu Dhabi Grand Prix,2025-12-07
NOR,McLaren,2.0,0.9211911,-0.9211911,2,2,2.0,2.0,2,xgboost_rank_grid_blend,3.0,2025,Abu Dhabi Grand Prix,2025-12-07
PIA,McLaren,3.0,0.6348015,-0.6348015,3,3,3.0,3.0,3,xgboost_rank_grid_blend,2.0,2025,Abu Dhabi Grand Prix,2025-12-07
RUS,Mercedes,4.0,0.358456,-0.358456,4,4,4.0,4.0,4,xgboost_rank_grid_blend,5.0,2025,Abu Dhabi Grand Prix,2025-12-07
ANT,Mercedes,14.0,0.1128331,-0.1128331,5,14,5.0,5.0,5,xgboost_rank_grid_blend,15.0,2025,Abu Dhabi Grand Prix,2025-12-07
LEC,Ferrari,5.0,-0.17683226,0.17683226,6,5,6.0,6.0,6,xgboost_rank_grid_blend,4.0,2025,Abu Dhabi Grand Prix,2025-12-07
TSU,Red Bull Racing,10.0,-0.8126592,0.8126592,7,10,7.0,7.0,7,xgboost_rank_grid_blend,14.0,2025,Abu Dhabi Grand Prix,2025-12-07
HAM,Ferrari,16.0,-0.86202663,0.86202663,8,16,8.0,8.0,8,xgboost_rank_grid_blend,8.0,2025,Abu Dhabi Grand Prix,2025-12-07
SAI,Williams,12.0,-0.886059,0.886059,9,12,9.0,9.0,9,xgboost_rank_grid_blend,13.0,2025,Abu Dhabi Grand Prix,2025-12-07
ALB,Williams,17.0,-1.1015553,1.1015553,10,17,10.0,10.0,10,xgboost_rank_grid_blend,16.0,2025,Abu Dhabi Grand Prix,2025-12-07
BEA,Haas F1 Team,11.0,-1.1292233,1.1292233,11,11,11.0,11.0,11,xgboost_rank_grid_blend,12.0,2025,Abu Dhabi Grand Prix,2025-12-07
HUL,Audi,18.0,-1.1607587,1.1607587,12,18,12.0,12.0,12,xgboost_rank_grid_blend,9.0,2025,Abu Dhabi Grand Prix,2025-12-07
LAW,Racing Bulls,13.0,-1.2505522,1.2505522,13,13,13.0,13.0,13,xgboost_rank_grid_blend,18.0,2025,Abu Dhabi Grand Prix,2025-12-07
BOR,Audi,7.0,-1.2791023,1.2791023,14,7,14.0,14.0,14,xgboost_rank_grid_blend,11.0,2025,Abu Dhabi Grand Prix,2025-12-07
ALO,Aston Martin,6.0,-1.3259344,1.3259344,15,6,15.0,15.0,15,xgboost_rank_grid_blend,6.0,2025,Abu Dhabi Grand Prix,2025-12-07
HAD,Racing Bulls,9.0,-1.3468549,1.3468549,16,9,16.0,16.0,16,xgboost_rank_grid_blend,17.0,2025,Abu Dhabi Grand Prix,2025-12-07
STR,Aston Martin,15.0,-1.3691404,1.3691404,17,15,17.0,17.0,17,xgboost_rank_grid_blend,10.0,2025,Abu Dhabi Grand Prix,2025-12-07
COL,Alpine,20.0,-1.3850613,1.3850613,18,20,18.0,18.0,18,xgboost_rank_grid_blend,20.0,2025,Abu Dhabi Grand Prix,2025-12-07
GAS,Alpine,19.0,-1.3850613,1.3850613,19,19,19.0,19.0,19,xgboost_rank_grid_blend,19.0,2025,Abu Dhabi Grand Prix,2025-12-07
OCO,Haas F1 Team,8.0,-1.3850613,1.3850613,20,8,20.0,20.0,20,xgboost_rank_grid_blend,7.0,2025,Abu Dhabi Grand Prix,2025-12-07
