driver,team,grid_pos,pred_finish_rf,pred_finish_extra_trees,pred_finish_elastic_net,pred_finish_model_ensemble,pred_rank_model_ensemble,grid_rank_component,blend_rank_score,pred_finish,pred_rank,pred_std,pi68_low,pi68_high,pi95_low,pi95_high,pred_low,pred_high,p_win,p_podium,p_top10,p_rank_pm1,ensemble_grid_alpha,ranking_mode_default,finish_pos,year,gp,date
VER,Red Bull Racing,1.0,1.74441202599729,1.1922669552669574,1.345189766761468,1.471316799394509,1,2,1.0,1.0,1,0.0,1.0,1.0,1.0,1.0,1.0,1.0,1.0,1.0,1.0,1.0,1.0,ensemble_grid_blend,1.0,2023,Dutch Grand Prix,2023-08-27
PER,Red Bull Racing,7.0,4.610611048473148,5.033316738816738,3.631054354937456,4.5626467013862655,2,8,2.0,2.0,2,0.9815983667138785,2.0,4.0,2.0,5.0,2.0,4.0,0.0,0.82,1.0,0.82,1.0,ensemble_grid_blend,4.0,2023,Dutch Grand Prix,2023-08-27
HAM,Mercedes,13.0,4.997693130079889,4.826642135642135,4.2462494476842085,4.787536545547539,3,12,3.0,3.0,3,0.8420153793072304,2.0,4.0,2.0,5.0,2.0,4.0,0.0,0.8,1.0,0.96,1.0,ensemble_grid_blend,6.0,2023,Dutch Grand Prix,2023-08-27
RUS,Mercedes,3.0,5.847895621147098,5.294625180375181,5.333120257745034,5.551295894196515,4,4,4.0,4.0,4,1.0859990512859297,3.0,5.0,2.0,6.0,3.0,5.0,0.0,0.25,1.0,0.85,1.0,ensemble_grid_blend,17.0,2023,Dutch Grand Prix,2023-08-27
NOR,McLaren,2.0,5.895316321350296,5.984828296703295,6.264587670835283,6.000499782620843,5,3,5.0,5.0,5,1.1627205992495324,4.0,6.0,3.0,7.0,4.0,6.0,0.0,0.1,1.0,0.78,1.0,ensemble_grid_blend,7.0,2023,Dutch Grand Prix,2023-08-27
SAI,Ferrari,6.0,8.15772829316449,6.778630715045187,7.022636947408129,7.448025871671462,6,7,6.0,6.0,6,1.2175069742400788,5.0,8.0,4.0,8.524999999999991,5.0,8.0,0.0,0.0,1.0,0.72,1.0,ensemble_grid_blend,5.0,2023,Dutch Grand Prix,2023-08-27
ALO,Aston Martin,5.0,8.541928329690892,7.286365854556071,6.320096741851877,7.658115145825902,7,6,7.0,7.0,7,1.592279352172079,5.0,8.0,3.475,9.0,5.0,8.0,0.0,0.03,1.0,0.75,1.0,ensemble_grid_blend,2.0,2023,Dutch Grand Prix,2023-08-27
PIA,McLaren,8.0,8.567848431861117,7.63355334796782,7.895755396261822,8.106426545378604,8,9,8.0,8.0,8,1.690705429246872,6.0,9.0,5.0,11.0,6.0,9.0,0.0,0.0,0.94,0.64,1.0,ensemble_grid_blend,9.0,2023,Dutch Grand Prix,2023-08-27
STR,Aston Martin,11.0,10.35152492290322,9.12870765698882,9.502607826904384,9.753755460633412,9,10,9.0,9.0,9,1.271124531962772,8.0,10.0,7.0,12.049999999999983,8.0,10.0,0.0,0.0,0.91,0.8,1.0,ensemble_grid_blend,11.0,2023,Dutch Grand Prix,2023-08-27
OCO,Alpine,16.0,11.991990227567948,10.396850451835746,10.74775449933309,11.184844160414706,10,14,10.0,10.0,10,1.248676066556863,9.0,12.0,8.0,13.0,9.0,12.0,0.0,0.0,0.64,0.78,1.0,ensemble_grid_blend,10.0,2023,Dutch Grand Prix,2023-08-27
GAS,Alpine,12.0,12.155651612411466,10.83483441558442,11.99019032797454,11.660273336634615,11,11,11.0,11.0,11,1.5458971439904985,10.0,13.0,9.0,15.0,10.0,13.0,0.0,0.0,0.28,0.69,1.0,ensemble_grid_blend,3.0,2023,Dutch Grand Prix,2023-08-27
ALB,Williams,4.0,12.541874295110356,12.237747990313778,11.812179337528042,12.289491096915091,12,5,12.0,12.0,12,1.5891043154093205,11.0,14.0,9.0,15.0,11.0,14.0,0.0,0.0,0.14,0.68,1.0,ensemble_grid_blend,8.0,2023,Dutch Grand Prix,2023-08-27
LAW,AlphaTauri,19.0,12.559012649503462,12.909670103288526,12.649068179461288,12.6997538643198,13,17,13.0,13.0,13,1.5731330124142315,11.0,14.0,10.0,15.0,11.0,14.0,0.0,0.0,0.07,0.7,1.0,ensemble_grid_blend,13.0,2023,Dutch Grand Prix,2023-08-27
BOT,Alfa Romeo,18.0,12.913964169382128,12.82382042957043,12.749379261308345,12.849496878833277,14,16,14.0,14.0,14,1.1547005383792515,12.0,14.0,11.0,15.0,12.0,14.0,0.0,0.0,0.02,0.75,1.0,ensemble_grid_blend,14.0,2023,Dutch Grand Prix,2023-08-27
TSU,AlphaTauri,17.0,13.835178860110721,14.125797979797985,13.452879176573706,13.860435615293861,15,15,15.0,15.0,15,1.2512216252748973,13.0,15.0,12.0,17.0,13.0,15.0,0.0,0.0,0.0,0.75,1.0,ensemble_grid_blend,15.0,2023,Dutch Grand Prix,2023-08-27
HUL,Haas F1 Team,14.0,15.755564833663655,15.660274642024639,14.791323970826777,15.529365094022623,16,13,16.0,16.0,16,0.40439504637835694,16.0,16.0,15.0,16.52499999999999,16.0,16.0,0.0,0.0,0.0,0.99,1.0,ensemble_grid_blend,12.0,2023,Dutch Grand Prix,2023-08-27
MAG,Haas F1 Team,0.0,15.868010125087208,16.04405638805639,15.387644082021922,15.833553108513364,17,1,17.0,17.0,17,0.31446603773522014,17.0,17.0,16.0,17.0,17.0,17.0,0.0,0.0,0.0,1.0,1.0,ensemble_grid_blend,16.0,2023,Dutch Grand Prix,2023-08-27
VER,Red Bull Racing,2.0,1.7002049874977871,1.1743876123876122,1.6123368306031107,1.4985952748302906,1,2,1.0,1.0,1,0.0,1.0,1.0,1.0,1.0,1.0,1.0,1.0,1.0,1.0,1.0,1.0,ensemble_grid_blend,1.0,2023,Italian Grand Prix,2023-09-03
PER,Red Bull Racing,5.0,4.6184455208447766,4.912819264069264,4.10547041683742,4.618881310171876,2,5,2.0,2.0,2,1.2236722344540376,2.0,4.0,2.0,6.0,2.0,4.0,0.0,0.78,1.0,0.78,1.0,ensemble_grid_blend,2.0,2023,Italian Grand Prix,2023-09-03
HAM,Mercedes,8.0,4.985743500209253,5.406554359039656,5.797088074974489,5.295296215752941,3,8,3.0,3.0,3,1.4625285976656655,2.0,4.0,2.0,8.0,2.0,4.0,0.0,0.77,1.0,0.87,1.0,ensemble_grid_blend,6.0,2023,Italian Grand Prix,2023-09-03
ALO,Aston Martin,10.0,5.668709210990529,5.931871486356781,5.952809252295821,5.817636015629776,4,10,4.0,4.0,4,1.987104893704874,3.0,7.0,2.0,9.0,3.0,7.0,0.0,0.26,1.0,0.53,1.0,ensemble_grid_blend,9.0,2023,Italian Grand Prix,2023-09-03
LEC,Ferrari,3.0,6.117533656999488,6.614025804261098,6.130016905986479,6.2938025583384505,5,3,5.0,5.0,5,1.5467136878954786,4.0,7.0,3.0,8.0,4.0,7.0,0.0,0.06,1.0,0.62,1.0,ensemble_grid_blend,4.0,2023,Italian Grand Prix,2023-09-03
SAI,Ferrari,1.0,6.14378586270572,6.624166805416808,6.747998306386314,6.432761681390719,6,1,6.0,6.0,6,1.8367736315989986,4.0,8.0,3.0,9.524999999999991,4.0,8.0,0.0,0.07,1.0,0.53,1.0,ensemble_grid_blend,3.0,2023,Italian Grand Prix,2023-09-03
NOR,McLaren,9.0,6.2020402804552255,6.342568428303723,7.546327106728663,6.520082497456887,7,9,7.0,7.0,7,1.659347565591472,4.0,8.0,3.475,9.0,4.0,8.0,0.0,0.03,0.99,0.61,1.0,ensemble_grid_blend,8.0,2023,Italian Grand Prix,2023-09-03
RUS,Mercedes,4.0,6.89255319765816,6.655334051569348,8.166363643361269,7.064288585667698,8,4,8.0,8.0,8,1.6864282979244638,6.0,9.0,4.0,10.0,6.0,9.0,0.0,0.01,0.98,0.65,1.0,ensemble_grid_blend,5.0,2023,Italian Grand Prix,2023-09-03
PIA,McLaren,7.0,7.163845145540961,6.860049114284409,8.647320276216433,7.354211560736261,9,7,9.0,9.0,9,1.8667748886377502,5.84,9.0,4.0,10.524999999999991,5.84,9.0,0.0,0.02,0.97,0.57,1.0,ensemble_grid_blend,12.0,2023,Italian Grand Prix,2023-09-03
STR,Aston Martin,20.0,8.578145825549086,8.69255011328541,9.665782754701466,8.835714712087276,10,18,10.0,10.0,10,0.94681816969503,10.0,11.0,8.0,12.0,10.0,11.0,0.0,0.0,0.72,0.89,1.0,ensemble_grid_blend,16.0,2023,Italian Grand Prix,2023-09-03
GAS,Alpine,17.0,11.017265000123109,9.371466425731136,10.816096247124245,10.401001748486145,11,16,11.0,11.0,11,1.121687041104522,10.0,12.0,9.0,14.0,10.0,12.0,0.0,0.0,0.29,0.84,1.0,ensemble_grid_blend,15.0,2023,Italian Grand Prix,2023-09-03
ALB,Williams,6.0,11.917914699343791,11.788539335664339,11.777812799935623,11.844612942174349,12,6,12.0,12.0,12,0.7260659179246174,11.0,12.0,10.0,13.0,11.0,12.0,0.0,0.0,0.04,0.94,1.0,ensemble_grid_blend,7.0,2023,Italian Grand Prix,2023-09-03
BOT,Alfa Romeo,14.0,13.158810277377233,13.712817363192363,13.580366467526286,13.437023995442338,13,13,13.0,13.0,13,0.8025212794938238,13.0,14.0,12.0,15.0,13.0,14.0,0.0,0.0,0.0,0.91,1.0,ensemble_grid_blend,10.0,2023,Italian Grand Prix,2023-09-03
LAW,AlphaTauri,12.0,13.743563054947197,14.633182539682538,13.880579107479075,14.082333085110943,14,11,14.0,14.0,14,1.1991579537241115,13.0,15.0,12.0,16.52499999999999,13.0,15.0,0.0,0.0,0.0,0.78,1.0,ensemble_grid_blend,11.0,2023,Italian Grand Prix,2023-09-03
ZHO,Alfa Romeo,16.0,15.209103832058444,14.07103715728715,13.953514269153514,14.559662583307505,15,15,15.0,15.0,15,1.037479463104517,14.0,16.0,13.0,17.0,14.0,16.0,0.0,0.0,0.0,0.84,1.0,ensemble_grid_blend,14.0,2023,Italian Grand Prix,2023-09-03
SAR,Williams,15.0,14.653018088691164,14.911177294927297,15.422007306053835,14.897171654346344,16,14,16.0,16.0,16,1.6763054614240211,14.0,17.0,11.0,18.0,14.0,17.0,0.0,0.0,0.01,0.66,1.0,ensemble_grid_blend,13.0,2023,Italian Grand Prix,2023-09-03
HUL,Haas F1 Team,13.0,16.008087058653718,15.558862914862909,14.92264108033555,15.6337694126633,17,12,17.0,17.0,17,0.7255092255537735,16.0,17.0,15.0,18.0,16.0,17.0,0.0,0.0,0.0,0.93,1.0,ensemble_grid_blend,17.0,2023,Italian Grand Prix,2023-09-03
MAG,Haas F1 Team,19.0,16.29683378797073,16.36958585858586,15.943216097767316,16.251573474645344,18,17,18.0,18.0,18,0.48367281703584913,17.0,18.0,16.475,18.0,17.0,18.0,0.0,0.0,0.0,0.97,1.0,ensemble_grid_blend,18.0,2023,Italian Grand Prix,2023-09-03
VER,Red Bull Racing,11.0,1.494173348262794,1.2865640748140754,0.9619984656511917,1.315075126033422,1,10,1.0,1.0,1,0.0,1.0,1.0,1.0,1.0,1.0,1.0,1.0,1.0,1.0,1.0,1.0,ensemble_grid_blend,5.0,2023,Singapore Grand Prix,2023-09-17
PER,Red Bull Racing,13.0,3.7657867563720346,3.615087662337664,3.2507799203283234,3.610040706251263,2,12,2.0,2.0,2,0.34289321599553063,2.0,2.0,2.0,3.0,2.0,2.0,0.0,0.99,1.0,0.99,1.0,ensemble_grid_blend,8.0,2023,Singapore Grand Prix,2023-09-17
HAM,Mercedes,5.0,5.467029447857564,5.108727966477969,5.527058524834818,5.353629744770156,3,5,3.0,3.0,3,1.3407370202898694,3.0,5.0,2.0,6.5249999999999915,3.0,5.0,0.0,0.5,1.0,0.68,1.0,ensemble_grid_blend,3.0,2023,Singapore Grand Prix,2023-09-17
LEC,Ferrari,3.0,5.706767931957739,6.796041847041845,4.729336882598143,5.892527592365257,4,3,4.0,4.0,4,1.2131851391350712,3.0,5.159999999999997,3.0,7.0,3.0,5.159999999999997,0.0,0.36,1.0,0.84,1.0,ensemble_grid_blend,4.0,2023,Singapore Grand Prix,2023-09-17
SAI,Ferrari,1.0,6.167317115785681,7.200685786435782,5.148607179236868,6.325254163203454,5,1,5.0,5.0,5,1.3372669248444113,4.0,7.0,3.475,8.0,4.0,7.0,0.0,0.03,1.0,0.7,1.0,ensemble_grid_blend,1.0,2023,Singapore Grand Prix,2023-09-17
ALO,Aston Martin,7.0,7.466869397682769,6.18967954920896,6.175738831644992,6.761626837509381,6,7,6.0,6.0,6,1.8655841016700478,4.0,8.0,3.0,9.0,4.0,8.0,0.0,0.05,1.0,0.51,1.0,ensemble_grid_blend,15.0,2023,Singapore Grand Prix,2023-09-17
NOR,McLaren,4.0,6.480247437380966,7.7320416330315735,7.773644723718364,7.177054863126159,7,4,7.0,7.0,7,1.5560569177614076,5.0,8.0,3.0,8.524999999999991,5.0,8.0,0.0,0.06,1.0,0.65,1.0,ensemble_grid_blend,2.0,2023,Singapore Grand Prix,2023-09-17
RUS,Mercedes,2.0,8.574152298519776,7.801689989216153,7.4305133408190605,8.075062698723364,8,2,8.0,8.0,8,1.4623559240092163,6.0,8.0,4.0,9.0,6.0,8.0,0.0,0.01,1.0,0.72,1.0,ensemble_grid_blend,16.0,2023,Singapore Grand Prix,2023-09-17
PIA,McLaren,17.0,9.546843200246867,8.984814032054981,9.123295154770048,9.265423382284343,9,14,9.0,9.0,9,1.1396880664852507,8.0,10.0,6.0,11.0,8.0,10.0,0.0,0.0,0.95,0.83,1.0,ensemble_grid_blend,7.0,2023,Singapore Grand Prix,2023-09-17
ALB,Williams,14.0,11.200665034059291,10.77096455522175,10.13367338955198,10.83687153756469,10,13,10.0,10.0,10,0.9987365756167877,9.84,11.0,8.0,12.0,9.84,11.0,0.0,0.0,0.52,0.86,1.0,ensemble_grid_blend,11.0,2023,Singapore Grand Prix,2023-09-17
GAS,Alpine,12.0,10.978972316466631,11.126149934151986,10.283268878930738,10.891343795149327,11,11,11.0,11.0,11,0.6587407638361193,10.0,11.0,9.0,11.524999999999991,10.0,11.0,0.0,0.0,0.49,0.94,1.0,ensemble_grid_blend,6.0,2023,Singapore Grand Prix,2023-09-17
LAW,AlphaTauri,10.0,13.362684404186517,13.339050976800973,12.77016459474556,13.235908742713384,12,9,12.0,12.0,12,1.23497024869084,12.0,14.0,10.475,15.524999999999991,12.0,14.0,0.0,0.0,0.03,0.76,1.0,ensemble_grid_blend,9.0,2023,Singapore Grand Prix,2023-09-17
ZHO,Alfa Romeo,19.0,14.493674823893409,14.180916305916309,13.18272639416023,14.122019656654789,13,16,13.0,13.0,13,0.7587203474644434,12.0,14.0,12.0,14.524999999999991,12.0,14.0,0.0,0.0,0.0,0.95,1.0,ensemble_grid_blend,12.0,2023,Singapore Grand Prix,2023-09-17
SAR,Williams,18.0,14.628108110453427,14.647149470899468,14.105647538823028,14.530280472283462,14,15,14.0,14.0,14,1.1492641475344478,13.0,15.0,12.0,16.0,13.0,15.0,0.0,0.0,0.01,0.8,1.0,ensemble_grid_blend,14.0,2023,Singapore Grand Prix,2023-09-17
HUL,Haas F1 Team,9.0,15.718426803930601,15.356124375624377,14.934972719332826,15.43493013710387,15,8,15.0,15.0,15,0.7038135657640703,14.0,15.0,13.0,15.0,14.0,15.0,0.0,0.0,0.0,0.93,1.0,ensemble_grid_blend,13.0,2023,Singapore Grand Prix,2023-09-17
MAG,Haas F1 Team,6.0,16.063309447015516,16.13937545787546,15.892317720970171,16.05573420560743,16,6,16.0,16.0,16,0.41132945334843113,16.0,16.0,15.0,16.0,16.0,16.0,0.0,0.0,0.0,0.98,1.0,ensemble_grid_blend,10.0,2023,Singapore Grand Prix,2023-09-17
VER,Red Bull Racing,1.0,2.1629089733209166,1.792567890442891,2.134361539484809,2.0275801075463864,1,1,1.0,1.0,1,0.40439504637835705,1.0,1.0,1.0,3.0,1.0,1.0,0.95,1.0,1.0,0.96,1.0,ensemble_grid_blend,1.0,2023,Japanese Grand Prix,2023-09-24
SAI,Ferrari,6.0,4.334625827938582,4.558055638805641,4.458551561911033,4.437611408536543,2,5,2.0,2.0,2,0.5135536717202729,2.0,3.0,1.0,3.0,2.0,3.0,0.04,0.98,1.0,0.98,1.0,ensemble_grid_blend,6.0,2023,Japanese Grand Prix,2023-09-24
LEC,Ferrari,4.0,4.474797481398043,4.674478077478079,4.490559525972268,4.5478380989409,3,4,3.0,3.0,3,0.5471690226922019,3.0,3.0,2.0,4.0,3.0,3.0,0.0,0.86,1.0,0.98,1.0,ensemble_grid_blend,4.0,2023,Japanese Grand Prix,2023-09-24
NOR,McLaren,3.0,6.43376428158036,7.110334054834053,6.791395118721889,6.742089869647458,4,3,4.0,4.0,4,0.9040313751594727,4.0,5.0,2.0,6.0,4.0,5.0,0.01,0.06,1.0,0.89,1.0,ensemble_grid_blend,2.0,2023,Japanese Grand Prix,2023-09-24
HAM,Mercedes,7.0,7.894844303943667,6.733960891018166,5.980375088006209,7.10564126623225,5,6,5.0,5.0,5,1.2135181344447483,4.0,6.0,2.0,7.0,4.0,6.0,0.0,0.1,1.0,0.86,1.0,ensemble_grid_blend,5.0,2023,Japanese Grand Prix,2023-09-24
PIA,McLaren,2.0,9.085636769582946,8.894379479670658,8.58499001738382,8.91856736767382,6,2,6.0,6.0,6,1.4458578942984162,5.0,8.0,4.475,10.0,5.0,8.0,0.0,0.0,1.0,0.74,1.0,ensemble_grid_blend,3.0,2023,Japanese Grand Prix,2023-09-24
GAS,Alpine,12.0,9.820278691868532,10.584106321782793,9.35733733005482,9.995030089975781,7,11,7.0,7.0,7,1.3410383433682418,7.0,9.159999999999997,6.0,10.0,7.0,9.159999999999997,0.0,0.0,0.98,0.59,1.0,ensemble_grid_blend,10.0,2023,Japanese Grand Prix,2023-09-24
RUS,Mercedes,8.0,10.698997219567728,10.052881358253027,9.12429505878918,10.157916235951872,8,7,8.0,8.0,8,1.6080605044147394,6.0,10.0,6.0,11.0,6.0,10.0,0.0,0.0,0.93,0.63,1.0,ensemble_grid_blend,7.0,2023,Japanese Grand Prix,2023-09-24
ALO,Aston Martin,10.0,11.36631014545758,10.302303600355613,8.416273008537555,10.403900427287887,9,9,9.0,9.0,9,1.9480889366377772,7.0,10.0,5.0,12.0,7.0,10.0,0.0,0.0,0.85,0.57,1.0,ensemble_grid_blend,8.0,2023,Japanese Grand Prix,2023-09-24
OCO,Alpine,14.0,10.365251756737361,11.041411275360346,9.384046227055029,10.405666482318939,10,12,10.0,10.0,10,1.15343141989632,8.0,10.0,7.0,11.0,8.0,10.0,0.0,0.0,0.95,0.57,1.0,ensemble_grid_blend,9.0,2023,Japanese Grand Prix,2023-09-24
LAW,AlphaTauri,11.0,13.211780876000994,13.058560077538559,11.80511155663167,12.876819732665275,11,10,11.0,11.0,11,1.257663377743493,11.0,13.0,9.475,14.0,11.0,13.0,0.0,0.0,0.1,0.73,1.0,ensemble_grid_blend,11.0,2023,Japanese Grand Prix,2023-09-24
TSU,AlphaTauri,9.0,12.842166786737959,13.738715892440888,12.418650141771492,13.071255644740692,12,8,12.0,12.0,12,1.6036259419254109,11.0,13.159999999999997,9.0,15.0,11.0,13.159999999999997,0.0,0.0,0.11,0.73,1.0,ensemble_grid_blend,12.0,2023,Japanese Grand Prix,2023-09-24
ZHO,Alfa Romeo,19.0,13.507826476321025,13.627685328560325,12.877524020217425,13.42371658338406,13,15,13.0,13.0,13,1.2583057392117916,11.0,13.0,10.0,15.0,11.0,13.0,0.0,0.0,0.07,0.65,1.0,ensemble_grid_blend,13.0,2023,Japanese Grand Prix,2023-09-24
HUL,Haas F1 Team,18.0,14.819305180451709,14.5090723026973,14.084880305908131,14.56383869832895,14,14,14.0,14.0,14,0.8297498710363556,13.0,14.0,11.475,15.0,13.0,14.0,0.0,0.0,0.0,0.92,1.0,ensemble_grid_blend,14.0,2023,Japanese Grand Prix,2023-09-24
MAG,Haas F1 Team,15.0,14.946093468505245,14.620917540792535,14.605119332901182,14.764087066684985,15,13,15.0,15.0,15,0.9687542766279014,14.0,15.0,12.0,15.0,14.0,15.0,0.0,0.0,0.01,0.88,1.0,ensemble_grid_blend,15.0,2023,Japanese Grand Prix,2023-09-24
VER,Red Bull Racing,1.0,1.802041306813197,1.5408126212023276,1.8465295271035522,1.7195089109074637,1,1,1.0,1.0,1,0.29999999999999993,1.0,1.0,1.0,1.0,1.0,1.0,0.99,0.99,1.0,0.99,1.0,ensemble_grid_blend,1.0,2023,Qatar Grand Prix,2023-10-08
PER,Red Bull Racing,20.0,4.617269940562282,4.18199269358093,4.178106636762211,4.377090243358794,2,17,2.0,2.0,2,0.8515582864088138,2.0,4.0,2.0,4.5249999999999915,2.0,4.0,0.01,0.83,1.0,0.83,1.0,ensemble_grid_blend,10.0,2023,Qatar Grand Prix,2023-10-08
LEC,Ferrari,5.0,4.5312537902749845,4.723598240811477,4.369150027607293,4.566153595429219,3,4,3.0,3.0,3,0.8729376850727675,2.0,4.0,2.0,5.0,2.0,4.0,0.0,0.71,1.0,0.91,1.0,ensemble_grid_blend,5.0,2023,Qatar Grand Prix,2023-10-08
NOR,McLaren,10.0,5.105093402505371,4.795435237148472,5.408218572299342,5.057338078589251,4,9,4.0,4.0,4,0.9589556609124112,2.0,5.0,2.0,5.0,2.0,5.0,0.0,0.36,1.0,0.83,1.0,ensemble_grid_blend,3.0,2023,Qatar Grand Prix,2023-10-08
PIA,McLaren,6.0,5.5731154738875,5.810264206381853,7.130988702980787,5.967692176079181,5,5,5.0,5.0,5,0.861992055085372,4.0,5.0,2.0,6.0,4.0,5.0,0.0,0.11,1.0,0.89,1.0,ensemble_grid_blend,2.0,2023,Qatar Grand Prix,2023-10-08
RUS,Mercedes,2.0,8.647480414601896,8.200420005683434,7.976645824913497,8.356842353542755,6,2,6.0,6.0,6,1.5261690336237068,6.0,9.0,5.0,10.524999999999991,6.0,9.0,0.0,0.0,0.97,0.81,1.0,ensemble_grid_blend,4.0,2023,Qatar Grand Prix,2023-10-08
ALB,Williams,13.0,9.733933325020631,9.590605420822804,9.71537803035896,9.680057499619057,7,11,7.0,7.0,7,1.6607166519246437,7.0,10.0,6.0,12.0,7.0,10.0,0.0,0.0,0.87,0.52,1.0,ensemble_grid_blend,13.0,2023,Qatar Grand Prix,2023-10-08
OCO,Alpine,8.0,9.978800239629093,10.305281111153024,9.588905486536207,10.015089594043891,8,7,8.0,8.0,8,1.7306214216432503,7.0,10.0,6.0,12.524999999999991,7.0,10.0,0.0,0.0,0.86,0.68,1.0,ensemble_grid_blend,7.0,2023,Qatar Grand Prix,2023-10-08
GAS,Alpine,7.0,10.391147982070418,10.735309277885035,9.981156008851594,10.42960604096177,9,6,9.0,9.0,9,1.8712066004089825,7.84,11.0,6.0,13.0,7.84,11.0,0.0,0.0,0.7,0.54,1.0,ensemble_grid_blend,12.0,2023,Qatar Grand Prix,2023-10-08
ALO,Aston Martin,4.0,11.464625821768868,10.196304056710407,8.891143526285594,10.506016744901752,10,3,10.0,10.0,10,2.4465807928122008,7.0,13.0,6.0,14.0,7.0,13.0,0.0,0.0,0.56,0.41,1.0,ensemble_grid_blend,6.0,2023,Qatar Grand Prix,2023-10-08
STR,Aston Martin,16.0,11.280910066362976,11.155396689567743,11.510607879887905,11.282919947189631,11,13,11.0,11.0,11,2.4704107538887725,8.0,13.0,6.0,15.0,8.0,13.0,0.0,0.0,0.44,0.42,1.0,ensemble_grid_blend,11.0,2023,Qatar Grand Prix,2023-10-08
LAW,AlphaTauri,17.0,12.367065313214384,11.480643782726002,11.335579363020653,11.850520587504704,12,14,12.0,12.0,12,2.229281716090851,9.84,14.0,7.0,16.0,9.84,14.0,0.0,0.0,0.24,0.54,1.0,ensemble_grid_blend,17.0,2023,Qatar Grand Prix,2023-10-08
BOT,Alfa Romeo,9.0,11.194562831844515,12.860705214376262,12.172148309909968,11.973229761343717,13,8,13.0,13.0,13,1.9983831848610398,10.0,14.0,7.475,15.0,10.0,14.0,0.0,0.0,0.19,0.64,1.0,ensemble_grid_blend,8.0,2023,Qatar Grand Prix,2023-10-08
TSU,AlphaTauri,11.0,12.82192857960762,12.376930372519674,11.980730456220025,12.49793958244932,14,10,14.0,14.0,14,2.163494180881259,11.0,15.0,7.475,17.0,11.0,15.0,0.0,0.0,0.11,0.6,1.0,ensemble_grid_blend,15.0,2023,Qatar Grand Prix,2023-10-08
ZHO,Alfa Romeo,19.0,13.113102258213702,13.561193045989093,12.754265791334873,13.198166740559323,15,16,15.0,15.0,15,1.921988658665915,13.0,16.0,9.475,17.0,13.0,16.0,0.0,0.0,0.06,0.59,1.0,ensemble_grid_blend,9.0,2023,Qatar Grand Prix,2023-10-08
HUL,Haas F1 Team,14.0,14.608007259286556,14.30087576312576,14.228299265902479,14.424569636953462,16,12,16.0,16.0,16,0.8418354166265926,15.0,16.0,13.0,17.0,15.0,16.0,0.0,0.0,0.0,0.92,1.0,ensemble_grid_blend,16.0,2023,Qatar Grand Prix,2023-10-08
MAG,Haas F1 Team,18.0,14.464212142237319,14.502444416694411,14.734604673134069,14.531671944476651,17,15,17.0,17.0,17,0.749140922131558,16.0,17.0,15.0,17.0,16.0,17.0,0.0,0.0,0.0,0.91,1.0,ensemble_grid_blend,14.0,2023,Qatar Grand Prix,2023-10-08
VER,Red Bull Racing,6.0,1.8762365654012714,1.4443630536130536,2.2770482758739963,1.80524317836994,1,6,1.0,1.0,1,0.3828389433765281,1.0,1.0,1.0,2.0,1.0,1.0,0.96,0.99,1.0,0.98,1.0,ensemble_grid_blend,1.0,2023,United States Grand Prix,2023-10-22
NOR,McLaren,2.0,2.807640351718397,4.226250112632465,4.053999383477583,3.5534255743901584,2,2,2.0,2.0,2,0.9231041177035296,2.0,3.0,1.475,5.0,2.0,3.0,0.03,0.87,1.0,0.87,1.0,ensemble_grid_blend,2.0,2023,United States Grand Prix,2023-10-22
SAI,Ferrari,4.0,4.868557637436545,4.762941865324218,4.753994773615906,4.808679544433103,3,4,3.0,3.0,3,1.2226812728383039,3.0,5.159999999999997,2.0,6.0,3.0,5.159999999999997,0.0,0.36,1.0,0.55,1.0,ensemble_grid_blend,3.0,2023,United States Grand Prix,2023-10-22
HAM,Mercedes,3.0,4.998401837645012,4.641764985014984,5.000502175915111,4.873999006878522,4,3,4.0,4.0,4,1.363151428925568,3.0,6.0,2.0,6.0,3.0,6.0,0.0,0.39,1.0,0.68,1.0,ensemble_grid_blend,19.0,2023,United States Grand Prix,2023-10-22
PER,Red Bull Racing,9.0,5.0428938161358525,5.1082562160062155,5.302850524467818,5.1177619977568725,5,8,5.0,5.0,5,1.4316410023451966,3.0,6.0,2.0,6.0,3.0,6.0,0.01,0.3,1.0,0.68,1.0,ensemble_grid_blend,4.0,2023,United States Grand Prix,2023-10-22
LEC,Ferrari,1.0,5.536179590913191,5.195932178932179,4.604938965820353,5.23084487170127,6,1,6.0,6.0,6,1.0075974023649155,4.0,6.0,3.0,6.5249999999999915,4.0,6.0,0.0,0.08,1.0,0.65,1.0,ensemble_grid_blend,20.0,2023,United States Grand Prix,2023-10-22
RUS,Mercedes,5.0,8.060002131491755,7.0772818145906395,7.407915324834227,7.585632659244859,7,5,7.0,7.0,7,0.8406346808612328,7.0,7.0,4.475,8.0,7.0,7.0,0.0,0.01,1.0,0.94,1.0,ensemble_grid_blend,5.0,2023,United States Grand Prix,2023-10-22
GAS,Alpine,7.0,8.893943737131199,9.720692768016297,9.395376891991557,9.283592528913054,8,7,8.0,8.0,8,0.8176709965419212,8.0,9.0,7.0,10.524999999999991,8.0,9.0,0.0,0.0,0.97,0.93,1.0,ensemble_grid_blend,6.0,2023,United States Grand Prix,2023-10-22
STR,Aston Martin,20.0,10.852086399512872,10.200032346597704,11.068215089867724,10.667093219063535,9,17,9.0,9.0,9,1.5922476331439543,8.0,11.0,7.0,13.524999999999991,8.0,11.0,0.0,0.0,0.81,0.75,1.0,ensemble_grid_blend,7.0,2023,United States Grand Prix,2023-10-22
ALB,Williams,15.0,11.109470889179827,10.752874717912244,10.77906475077476,10.918581001555161,10,13,10.0,10.0,10,1.1286444895707344,9.0,11.0,8.0,12.0,9.0,11.0,0.0,0.0,0.75,0.83,1.0,ensemble_grid_blend,9.0,2023,United States Grand Prix,2023-10-22
BOT,Alfa Romeo,13.0,11.775358528056852,12.088159339336576,11.250400955450344,11.779847297483455,11,11,11.0,11.0,11,1.3557211357723231,10.0,12.0,9.0,14.524999999999991,10.0,12.0,0.0,0.0,0.3,0.79,1.0,ensemble_grid_blend,12.0,2023,United States Grand Prix,2023-10-22
RIC,AlphaTauri,14.0,12.851764929705789,13.491826756576755,12.880142969914967,13.081462177152464,12,12,12.0,12.0,12,1.763003635328588,11.0,15.0,10.0,16.0,11.0,15.0,0.0,0.0,0.12,0.61,1.0,ensemble_grid_blend,15.0,2023,United States Grand Prix,2023-10-22
TSU,AlphaTauri,11.0,13.10380362222048,13.67078202353202,13.030660718727194,13.287617481980861,13,9,13.0,13.0,13,1.6847204006252277,12.84,16.0,11.0,17.0,12.84,16.0,0.0,0.0,0.02,0.58,1.0,ensemble_grid_blend,8.0,2023,United States Grand Prix,2023-10-22
ZHO,Alfa Romeo,12.0,14.135119033909348,13.373883116883128,11.79486134755249,13.4006349256788,14,10,14.0,14.0,14,1.8849751492078917,12.0,16.0,11.0,17.0,12.0,16.0,0.0,0.0,0.02,0.4,1.0,ensemble_grid_blend,13.0,2023,United States Grand Prix,2023-10-22
MAG,Haas F1 Team,17.0,13.892187102795658,14.00934274059274,14.227357057895832,14.000225567044671,15,15,15.0,15.0,15,1.7803359120109774,13.0,17.0,11.0,17.0,13.0,17.0,0.0,0.0,0.01,0.54,1.0,ensemble_grid_blend,14.0,2023,United States Grand Prix,2023-10-22
SAR,Williams,16.0,13.774379216120687,14.470062382062384,14.077540312616641,14.078500543499471,16,14,16.0,16.0,16,1.619202946457973,13.84,17.0,12.0,17.0,13.84,17.0,0.0,0.0,0.0,0.72,1.0,ensemble_grid_blend,10.0,2023,United States Grand Prix,2023-10-22
HUL,Haas F1 Team,18.0,14.307548128044136,14.334047397047392,14.047130069782977,14.264739260543045,17,16,17.0,17.0,17,1.2956414892580694,14.0,17.0,12.475,17.0,14.0,17.0,0.0,0.0,0.0,0.55,1.0,ensemble_grid_blend,11.0,2023,United States Grand Prix,2023-10-22
VER,Red Bull Racing,3.0,1.4912867049062202,1.3805276879982753,1.78590710862888,1.5114451297329714,1,4,1.0,1.0,1,0.0,1.0,1.0,1.0,1.0,1.0,1.0,1.0,1.0,1.0,1.0,1.0,ensemble_grid_blend,1.0,2023,Mexico City Grand Prix,2023-10-29
NOR,McLaren,17.0,2.249015518409939,3.73270781995782,3.6310274649216687,3.044710213254043,2,15,2.0,2.0,2,0.5056249258655725,2.0,2.0,2.0,3.5249999999999915,2.0,2.0,0.0,0.97,1.0,0.97,1.0,ensemble_grid_blend,5.0,2023,Mexico City Grand Prix,2023-10-29
PIA,McLaren,7.0,5.178451348825625,4.627297979797981,5.025068815220054,4.954871162944835,3,7,3.0,3.0,3,0.7996842811353425,3.0,4.0,2.0,5.5249999999999915,3.0,4.0,0.0,0.68,1.0,0.94,1.0,ensemble_grid_blend,8.0,2023,Mexico City Grand Prix,2023-10-29
SAI,Ferrari,2.0,5.188018621585212,5.328115023865024,5.883789662422242,5.3762065705505515,4,3,4.0,4.0,4,1.1430952132988161,3.0,5.0,3.0,7.0,3.0,5.0,0.0,0.27,1.0,0.89,1.0,ensemble_grid_blend,4.0,2023,Mexico City Grand Prix,2023-10-29
RUS,Mercedes,8.0,6.1077486615532965,7.105852175602177,7.28445667073184,6.6924264933061135,5,8,5.0,5.0,5,1.6578859606697496,5.0,7.0,3.475,10.0,5.0,7.0,0.0,0.03,0.99,0.7,1.0,ensemble_grid_blend,6.0,2023,Mexico City Grand Prix,2023-10-29
LEC,Ferrari,1.0,7.79386626413247,6.384791736041734,7.552127389442052,7.252342404362628,6,2,6.0,6.0,6,1.2101840581272976,5.0,8.0,4.0,8.524999999999991,5.0,8.0,0.0,0.01,1.0,0.77,1.0,ensemble_grid_blend,3.0,2023,Mexico City Grand Prix,2023-10-29
HAM,Mercedes,6.0,7.468012254930658,7.29014257964258,6.957895287149455,7.30373447502359,7,6,7.0,7.0,7,1.4183501583590603,5.0,7.0,3.0,9.0,5.0,7.0,0.0,0.04,1.0,0.66,1.0,ensemble_grid_blend,2.0,2023,Mexico City Grand Prix,2023-10-29
OCO,Alpine,15.0,8.612858881320673,9.221220529470527,8.65180142882166,8.833573967673319,8,14,8.0,8.0,8,1.5705303742894172,7.0,10.0,5.0,12.0,7.0,10.0,0.0,0.0,0.93,0.67,1.0,ensemble_grid_blend,10.0,2023,Mexico City Grand Prix,2023-10-29
GAS,Alpine,11.0,8.530788636289873,9.11655932955933,9.046793491318963,8.839009349940001,9,11,9.0,9.0,9,1.3918594495396177,8.0,10.0,6.0,11.0,8.0,10.0,0.0,0.0,0.93,0.78,1.0,ensemble_grid_blend,11.0,2023,Mexico City Grand Prix,2023-10-29
STR,Aston Martin,0.0,8.472180426638362,9.43931916367946,9.45968990090336,9.008180879455747,10,1,10.0,10.0,10,1.5997474548165154,7.84,10.0,5.475,12.524999999999991,7.84,10.0,0.0,0.0,0.91,0.53,1.0,ensemble_grid_blend,17.0,2023,Mexico City Grand Prix,2023-10-29
ALB,Williams,14.0,10.913710681935322,11.14613617999647,10.626533318495564,10.937624133568773,11,13,11.0,11.0,11,1.0384039812533599,11.0,12.0,9.0,14.0,11.0,12.0,0.0,0.0,0.09,0.89,1.0,ensemble_grid_blend,9.0,2023,Mexico City Grand Prix,2023-10-29
BOT,Alfa Romeo,9.0,10.580634454962388,12.274400005696059,11.332735657582223,11.32387263824314,12,9,12.0,12.0,12,1.1966282597027331,11.0,13.0,9.0,14.0,11.0,13.0,0.0,0.0,0.11,0.84,1.0,ensemble_grid_blend,15.0,2023,Mexico City Grand Prix,2023-10-29
TSU,AlphaTauri,18.0,13.62680848986045,12.488371323121326,12.694825174521478,13.041958818433962,13,16,13.0,13.0,13,1.5749298525344044,13.0,16.0,10.475,17.0,13.0,16.0,0.0,0.0,0.03,0.47,1.0,ensemble_grid_blend,12.0,2023,Mexico City Grand Prix,2023-10-29
ZHO,Alfa Romeo,10.0,13.768610394482678,13.231787975912972,11.858761503222885,13.198752769731321,14,10,14.0,14.0,14,1.41578403877302,13.0,16.0,12.0,17.0,13.0,16.0,0.0,0.0,0.01,0.73,1.0,ensemble_grid_blend,14.0,2023,Mexico City Grand Prix,2023-10-29
RIC,AlphaTauri,4.0,13.452099690676953,13.352728438228445,13.358675974441821,13.39863500907295,15,5,15.0,15.0,15,1.5897080603594222,13.0,17.0,12.0,17.0,13.0,17.0,0.0,0.0,0.0,0.54,1.0,ensemble_grid_blend,7.0,2023,Mexico City Grand Prix,2023-10-29
SAR,Williams,19.0,13.730699887024127,13.416891108891104,13.264257078164725,13.527578252905688,16,17,16.0,16.0,16,1.5892314386698263,13.0,17.0,12.0,17.0,13.0,17.0,0.0,0.0,0.0,0.65,1.0,ensemble_grid_blend,16.0,2023,Mexico City Grand Prix,2023-10-29
HUL,Haas F1 Team,12.0,13.777270615697878,13.617648601398605,13.736248848082601,13.713198557170077,17,12,17.0,17.0,17,1.4416600980757697,14.0,17.0,12.475,17.0,14.0,17.0,0.0,0.0,0.0,0.61,1.0,ensemble_grid_blend,13.0,2023,Mexico City Grand Prix,2023-10-29
VER,Red Bull Racing,1.0,1.46288542388996,1.2566810046678465,1.798660271749978,1.4578688467342238,1,1,1.0,1.0,1,0.0,1.0,1.0,1.0,1.0,1.0,1.0,1.0,1.0,1.0,1.0,1.0,ensemble_grid_blend,1.0,2023,São Paulo Grand Prix,2023-11-05
NOR,McLaren,6.0,4.620131487807073,4.47300630655894,4.369826691485412,4.518576715105894,2,5,2.0,2.0,2,0.5295319068800673,2.0,3.0,2.0,3.5249999999999915,2.0,3.0,0.0,0.97,1.0,0.97,1.0,ensemble_grid_blend,2.0,2023,São Paulo Grand Prix,2023-11-05
PER,Red Bull Racing,9.0,5.6233333520460205,4.899419622044623,4.6706262078675245,5.179422117709833,3,7,3.0,3.0,3,1.0079983164969106,2.0,4.0,2.0,5.0,2.0,4.0,0.0,0.61,1.0,0.88,1.0,ensemble_grid_blend,4.0,2023,São Paulo Grand Prix,2023-11-05
HAM,Mercedes,5.0,6.463126318143501,5.630494408369409,6.253754621467779,6.129830810387425,4,4,4.0,4.0,4,1.107321821405871,3.0,6.0,3.0,6.5249999999999915,3.0,6.0,0.0,0.17,1.0,0.73,1.0,ensemble_grid_blend,8.0,2023,São Paulo Grand Prix,2023-11-05
PIA,McLaren,10.0,6.6318891160921,6.224611886651357,5.85230990035473,6.333426242640366,5,8,5.0,5.0,5,1.0148393911841371,4.0,6.0,3.0,7.0,4.0,6.0,0.0,0.07,1.0,0.89,1.0,ensemble_grid_blend,14.0,2023,São Paulo Grand Prix,2023-11-05
SAI,Ferrari,7.0,6.780449999117908,6.999671736759968,5.646846584852902,6.630456924439628,6,6,6.0,6.0,6,1.4047538337136984,3.0,6.0,2.0,8.0,3.0,6.0,0.0,0.17,1.0,0.61,1.0,ensemble_grid_blend,6.0,2023,São Paulo Grand Prix,2023-11-05
ALO,Aston Martin,4.0,10.66380660331861,9.024087658929767,8.326731641142128,9.622489980347218,7,3,7.0,7.0,7,1.687266631824587,7.0,10.0,5.475,11.524999999999991,7.0,10.0,0.0,0.01,0.89,0.59,1.0,ensemble_grid_blend,3.0,2023,São Paulo Grand Prix,2023-11-05
GAS,Alpine,15.0,9.920824357742317,9.766209751849459,9.355186180223395,9.753581610176033,8,11,8.0,8.0,8,1.0280903155704255,8.0,10.0,7.0,10.524999999999991,8.0,10.0,0.0,0.0,0.97,0.81,1.0,ensemble_grid_blend,7.0,2023,São Paulo Grand Prix,2023-11-05
OCO,Alpine,14.0,9.977743389388381,10.060471320346322,8.88643884869048,9.78843725708408,9,10,9.0,9.0,9,0.9252354327740621,7.0,9.0,7.0,10.0,7.0,9.0,0.0,0.0,1.0,0.68,1.0,ensemble_grid_blend,10.0,2023,São Paulo Grand Prix,2023-11-05
STR,Aston Martin,3.0,11.716688375828644,10.506783290783295,11.223775531186586,11.194639027134361,10,2,10.0,10.0,10,1.8037839015903108,8.0,12.0,7.0,14.0,8.0,12.0,0.0,0.0,0.59,0.55,1.0,ensemble_grid_blend,5.0,2023,São Paulo Grand Prix,2023-11-05
RIC,AlphaTauri,17.0,11.502939008835579,11.916955266955267,12.388776162374263,11.825012129885206,11,13,11.0,11.0,11,1.2297244497131146,10.0,12.0,9.0,13.524999999999991,10.0,12.0,0.0,0.0,0.31,0.82,1.0,ensemble_grid_blend,13.0,2023,São Paulo Grand Prix,2023-11-05
TSU,AlphaTauri,16.0,12.659386507930908,12.195734765234763,12.379336979761636,12.441098492353403,12,12,12.0,12.0,12,1.4461373141279261,10.0,13.0,9.0,14.0,10.0,13.0,0.0,0.0,0.22,0.7,1.0,ensemble_grid_blend,9.0,2023,São Paulo Grand Prix,2023-11-05
SAR,Williams,19.0,13.071430551012613,13.41991305916306,13.589097091307908,13.296932736924328,13,14,13.0,13.0,13,1.0822722075860265,12.0,14.0,11.0,14.0,12.0,14.0,0.0,0.0,0.01,0.88,1.0,ensemble_grid_blend,11.0,2023,São Paulo Grand Prix,2023-11-05
HUL,Haas F1 Team,11.0,13.795996350790658,13.436647186147185,13.472671766502074,13.605559226307726,14,9,14.0,14.0,14,0.9217352980091191,12.84,14.0,11.0,14.0,12.84,14.0,0.0,0.0,0.01,0.84,1.0,ensemble_grid_blend,12.0,2023,São Paulo Grand Prix,2023-11-05
VER,Red Bull Racing,2.0,1.6174014883777188,1.6713572026528676,1.3788274925902364,1.5885711892165244,1,2,1.0,1.0,1,0.0,1.0,1.0,1.0,1.0,1.0,1.0,1.0,1.0,1.0,1.0,1.0,ensemble_grid_blend,1.0,2023,Las Vegas Grand Prix,2023-11-18
PER,Red Bull Racing,11.0,5.744830430226583,5.245882700632701,4.242345353868057,5.269701709597019,2,11,2.0,2.0,2,1.3003107631670519,2.0,3.1599999999999966,2.0,6.5249999999999915,2.0,3.1599999999999966,0.0,0.84,1.0,0.84,1.0,ensemble_grid_blend,3.0,2023,Las Vegas Grand Prix,2023-11-18
LEC,Ferrari,1.0,6.382890910747566,5.647283898334208,7.05342813341164,6.259535900935706,3,1,3.0,3.0,3,1.3082488874503782,3.0,5.0,2.0,6.5249999999999915,3.0,5.0,0.0,0.31,1.0,0.59,1.0,ensemble_grid_blend,2.0,2023,Las Vegas Grand Prix,2023-11-18
PIA,McLaren,18.0,6.500512609773288,6.109581421846126,7.510792363485787,6.565742644741281,4,17,4.0,4.0,4,2.1128753925024597,3.0,8.0,2.0,9.0,3.0,8.0,0.0,0.3,1.0,0.57,1.0,ensemble_grid_blend,10.0,2023,Las Vegas Grand Prix,2023-11-18
SAI,Ferrari,12.0,7.007720483543272,7.309439463314463,5.860942677136022,6.883966565181738,5,12,5.0,5.0,5,2.2266521501976455,3.0,8.0,2.0,9.0,3.0,8.0,0.0,0.24,1.0,0.4,1.0,ensemble_grid_blend,6.0,2023,Las Vegas Grand Prix,2023-11-18
HAM,Mercedes,10.0,7.6164495646938555,6.536871063405121,7.005784614738653,7.1164640992517585,6,10,6.0,6.0,6,1.5827351342061329,4.0,7.0,3.0,8.524999999999991,4.0,7.0,0.0,0.11,1.0,0.63,1.0,ensemble_grid_blend,7.0,2023,Las Vegas Grand Prix,2023-11-18
RUS,Mercedes,3.0,7.301500238891208,7.115799422799419,7.401825445609179,7.2565699946026765,7,3,7.0,7.0,7,2.1642410665033123,4.84,9.0,3.0,10.524999999999991,4.84,9.0,0.0,0.1,0.97,0.54,1.0,ensemble_grid_blend,8.0,2023,Las Vegas Grand Prix,2023-11-18
ALO,Aston Martin,9.0,7.8727744550826015,7.715830010838834,7.099194103131046,7.663127829206972,8,9,8.0,8.0,8,2.0250950844368028,4.84,8.0,3.0,10.0,4.84,8.0,0.0,0.1,0.98,0.5,1.0,ensemble_grid_blend,9.0,2023,Las Vegas Grand Prix,2023-11-18
STR,Aston Martin,19.0,8.723583080007996,8.556615881808174,9.976778614962985,8.915783667629057,9,18,9.0,9.0,9,2.1820896295787553,7.0,11.0,6.0,14.0,7.0,11.0,0.0,0.0,0.73,0.53,1.0,ensemble_grid_blend,5.0,2023,Las Vegas Grand Prix,2023-11-18
GAS,Alpine,4.0,9.094385935401787,9.826832548170783,8.965366925928658,9.32493844797631,10,4,10.0,10.0,10,1.2131851391350712,10.0,12.0,8.475,13.0,10.0,12.0,0.0,0.0,0.39,0.74,1.0,ensemble_grid_blend,11.0,2023,Las Vegas Grand Prix,2023-11-18
OCO,Alpine,16.0,9.243503341065878,9.707091039679275,8.930226556391355,9.343103678645662,11,15,11.0,11.0,11,1.3202387295600377,9.0,11.0,7.0,12.524999999999991,9.0,11.0,0.0,0.0,0.71,0.64,1.0,ensemble_grid_blend,4.0,2023,Las Vegas Grand Prix,2023-11-18
ALB,Williams,5.0,11.579822203291572,11.109037668592162,10.192432724850406,11.137569720458547,12,5,12.0,12.0,12,1.959179378817529,12.0,15.0,9.475,17.52499999999999,12.0,15.0,0.0,0.0,0.04,0.59,1.0,ensemble_grid_blend,12.0,2023,Las Vegas Grand Prix,2023-11-18
TSU,AlphaTauri,20.0,10.875889619475913,11.598479069231345,11.41843997177036,11.237305997349203,13,19,13.0,13.0,13,2.4531776959855165,12.0,16.0,9.475,19.0,12.0,16.0,0.0,0.0,0.12,0.58,1.0,ensemble_grid_blend,18.0,2023,Las Vegas Grand Prix,2023-11-18
BOT,Alfa Romeo,7.0,11.232592874575474,12.489457514707516,11.940369110691675,11.814050745844927,14,7,14.0,14.0,14,2.003305349474294,12.0,15.159999999999997,9.475,18.0,12.0,15.159999999999997,0.0,0.0,0.05,0.54,1.0,ensemble_grid_blend,17.0,2023,Las Vegas Grand Prix,2023-11-18
ZHO,Alfa Romeo,17.0,12.905045417504386,13.191652333777338,12.208733295656767,12.866095413830395,15,16,15.0,15.0,15,1.6719612870681382,14.0,17.0,13.0,18.0,14.0,17.0,0.0,0.0,0.0,0.52,1.0,ensemble_grid_blend,15.0,2023,Las Vegas Grand Prix,2023-11-18
MAG,Haas F1 Team,8.0,12.851076763617236,12.65111052836053,13.705151003426383,12.951903429239218,16,8,16.0,16.0,16,1.8559214542766738,14.0,18.0,13.0,19.0,14.0,18.0,0.0,0.0,0.0,0.52,1.0,ensemble_grid_blend,13.0,2023,Las Vegas Grand Prix,2023-11-18
RIC,AlphaTauri,14.0,13.345598338459453,13.341701554164787,11.81062996024234,13.037240788312896,17,14,17.0,17.0,17,1.778065002050024,15.0,18.0,12.0,19.0,15.0,18.0,0.0,0.0,0.01,0.52,1.0,ensemble_grid_blend,14.0,2023,Las Vegas Grand Prix,2023-11-18
HUL,Haas F1 Team,13.0,13.398412377511015,13.436308538683539,12.959829019585232,13.323959362336241,18,13,18.0,18.0,18,1.723837626232866,15.0,18.0,13.0,19.0,15.0,18.0,0.0,0.0,0.0,0.66,1.0,ensemble_grid_blend,19.0,2023,Las Vegas Grand Prix,2023-11-18
SAR,Williams,6.0,14.051653416993652,13.646690838573194,13.07714631001115,13.715015093149992,19,6,19.0,19.0,19,1.2862520921049825,17.0,19.0,14.475,19.0,17.0,19.0,0.0,0.0,0.0,0.75,1.0,ensemble_grid_blend,16.0,2023,Las Vegas Grand Prix,2023-11-18
VER,Red Bull Racing,1.0,1.564940284049319,1.6646580919080924,1.3291743067717725,1.5526883213443803,1,1,1.0,1.0,1,0.0,1.0,1.0,1.0,1.0,1.0,1.0,1.0,1.0,1.0,1.0,1.0,ensemble_grid_blend,1.0,2023,Abu Dhabi Grand Prix,2023-11-26
PER,Red Bull Racing,9.0,4.62470074793056,4.586854014750299,3.9868027422338344,4.483874790178124,2,9,2.0,2.0,2,0.7587869106393281,2.0,3.0,2.0,4.0,2.0,3.0,0.0,0.91,1.0,0.91,1.0,ensemble_grid_blend,4.0,2023,Abu Dhabi Grand Prix,2023-11-26
NOR,McLaren,5.0,5.862307062492583,5.002858835608837,5.987082977987495,5.586455366182254,3,5,3.0,3.0,3,2.0684254490756584,2.84,6.159999999999997,2.0,9.0,2.84,6.159999999999997,0.0,0.48,0.98,0.58,1.0,ensemble_grid_blend,5.0,2023,Abu Dhabi Grand Prix,2023-11-26
LEC,Ferrari,2.0,6.215480185076898,5.4585502275502265,5.565126467791418,5.820483956485467,4,2,4.0,4.0,4,1.7174093715520913,4.0,7.0,2.0,8.0,4.0,7.0,0.0,0.14,1.0,0.56,1.0,ensemble_grid_blend,2.0,2023,Abu Dhabi Grand Prix,2023-11-26
SAI,Ferrari,16.0,6.116914486107056,6.281218031968033,5.039372288189348,5.958912287574856,5,16,5.0,5.0,5,1.9668721002103462,3.0,7.0,2.0,9.0,3.0,7.0,0.0,0.23,0.99,0.56,1.0,ensemble_grid_blend,18.0,2023,Abu Dhabi Grand Prix,2023-11-26
RUS,Mercedes,4.0,5.731829812495951,6.238344957330253,7.036873765979042,6.170118903884575,6,4,6.0,6.0,6,1.8034758807716984,4.0,8.0,3.0,9.0,4.0,8.0,0.0,0.08,0.99,0.54,1.0,ensemble_grid_blend,3.0,2023,Abu Dhabi Grand Prix,2023-11-26
HAM,Mercedes,11.0,6.265002312417398,6.127929542679542,6.31562310837752,6.227151002201173,7,11,7.0,7.0,7,1.947051643128682,4.0,8.0,2.0,9.0,4.0,8.0,0.0,0.15,0.99,0.46,1.0,ensemble_grid_blend,9.0,2023,Abu Dhabi Grand Prix,2023-11-26
ALO,Aston Martin,7.0,7.378111181734664,7.444026790117345,7.432988951717331,7.412157198665136,8,7,8.0,8.0,8,1.7014254273545124,6.0,9.0,4.0,11.0,6.0,9.0,0.0,0.01,0.95,0.66,1.0,ensemble_grid_blend,7.0,2023,Abu Dhabi Grand Prix,2023-11-26
STR,Aston Martin,13.0,8.589448880881617,8.225735104678602,9.592389634262604,8.66273720988676,9,13,9.0,9.0,9,1.46401275039985,8.0,11.0,7.0,12.0,8.0,11.0,0.0,0.0,0.73,0.64,1.0,ensemble_grid_blend,10.0,2023,Abu Dhabi Grand Prix,2023-11-26
PIA,McLaren,3.0,9.405183247035076,8.587336520376768,8.658740640987444,8.969648371495142,10,3,10.0,10.0,10,2.1290439833005523,8.0,12.0,6.0,14.049999999999983,8.0,12.0,0.0,0.0,0.59,0.5,1.0,ensemble_grid_blend,6.0,2023,Abu Dhabi Grand Prix,2023-11-26
GAS,Alpine,10.0,9.055397522715731,9.142640087982189,9.416398109741463,9.15813253796414,11,10,11.0,11.0,11,1.2241674144437347,9.0,12.0,8.0,12.0,9.0,12.0,0.0,0.0,0.52,0.79,1.0,ensemble_grid_blend,13.0,2023,Abu Dhabi Grand Prix,2023-11-26
OCO,Alpine,12.0,9.81329849645013,10.083097791097789,8.756595935864132,9.696387737459611,12,12,12.0,12.0,12,1.1448611578296604,10.0,12.0,9.0,13.0,10.0,12.0,0.0,0.0,0.26,0.72,1.0,ensemble_grid_blend,12.0,2023,Abu Dhabi Grand Prix,2023-11-26
ALB,Williams,14.0,11.386283891496673,10.68027713952714,10.940236614785366,11.049972072965074,13,14,13.0,13.0,13,1.05500251328151,13.0,14.0,12.0,16.0,13.0,14.0,0.0,0.0,0.0,0.86,1.0,ensemble_grid_blend,14.0,2023,Abu Dhabi Grand Prix,2023-11-26
TSU,AlphaTauri,6.0,11.218581265396704,11.496914377289379,12.640469685322,11.600375538544197,14,6,14.0,14.0,14,1.4358680899432132,13.0,15.0,12.0,18.0,13.0,15.0,0.0,0.0,0.0,0.86,1.0,ensemble_grid_blend,8.0,2023,Abu Dhabi Grand Prix,2023-11-26
RIC,AlphaTauri,15.0,13.06240847635972,12.29592694805195,12.565941153607861,12.69484647690163,15,15,15.0,15.0,15,2.2547592762730555,14.0,19.0,13.0,20.0,14.0,19.0,0.0,0.0,0.0,0.49,1.0,ensemble_grid_blend,11.0,2023,Abu Dhabi Grand Prix,2023-11-26
SAR,Williams,20.0,13.009115656585827,13.226461935123702,13.95657059280559,13.274677841318034,16,20,16.0,16.0,16,1.8363336331182338,15.0,19.0,14.0,20.0,15.0,19.0,0.0,0.0,0.0,0.54,1.0,ensemble_grid_blend,16.0,2023,Abu Dhabi Grand Prix,2023-11-26
BOT,Alfa Romeo,18.0,13.36799732610743,13.222485354514772,13.42136248991888,13.32774116881229,17,18,17.0,17.0,17,1.8882946183412603,16.0,20.0,14.0,20.0,16.0,20.0,0.0,0.0,0.0,0.51,1.0,ensemble_grid_blend,19.0,2023,Abu Dhabi Grand Prix,2023-11-26
ZHO,Alfa Romeo,19.0,13.619582565339579,13.816709262959272,13.414667146891786,13.647593825816912,18,19,18.0,18.0,18,1.6959547830831536,16.0,19.0,14.0,20.0,16.0,19.0,0.0,0.0,0.0,0.6,1.0,ensemble_grid_blend,17.0,2023,Abu Dhabi Grand Prix,2023-11-26
MAG,Haas F1 Team,17.0,13.638524840430582,13.507910506160508,14.028040016782562,13.670712858706453,19,17,19.0,19.0,19,1.728518954995223,16.0,20.0,14.475,20.0,16.0,20.0,0.0,0.0,0.0,0.62,1.0,ensemble_grid_blend,20.0,2023,Abu Dhabi Grand Prix,2023-11-26
HUL,Haas F1 Team,8.0,13.872542311748102,13.400453241203245,13.965900633145564,13.725982801336894,20,8,20.0,20.0,20,1.586687038320966,16.0,19.0,14.475,20.0,16.0,19.0,0.0,0.0,0.0,0.39,1.0,ensemble_grid_blend,15.0,2023,Abu Dhabi Grand Prix,2023-11-26
VER,Red Bull Racing,1.0,1.444978475366618,1.4576955266955265,1.5691154963573828,1.474256847529889,1,1,1.0,1.0,1,0.0,1.0,1.0,1.0,1.0,1.0,1.0,1.0,1.0,1.0,1.0,1.0,ensemble_grid_blend,1.0,2024,Bahrain Grand Prix,2024-03-02
LEC,Ferrari,2.0,3.1088059084126214,4.5516295926295935,6.005579126431698,4.193148841492377,2,2,2.0,2.0,2,1.3962431555767603,2.0,4.0,2.0,7.0,2.0,4.0,0.0,0.76,1.0,0.76,1.0,ensemble_grid_blend,4.0,2024,Bahrain Grand Prix,2024-03-02
PER,Red Bull Racing,5.0,4.664200695077868,4.419963954904745,4.178309537026471,4.481539604406995,3,5,3.0,3.0,3,1.383123386770068,2.0,5.0,2.0,7.0,2.0,5.0,0.0,0.72,1.0,0.82,1.0,ensemble_grid_blend,2.0,2024,Bahrain Grand Prix,2024-03-02
NOR,McLaren,7.0,5.264418436915235,5.224940753690754,5.87876605782178,5.373470771967975,4,7,4.0,4.0,4,1.8835813727786723,3.0,7.0,2.0,9.0,3.0,7.0,0.0,0.25,1.0,0.67,1.0,ensemble_grid_blend,6.0,2024,Bahrain Grand Prix,2024-03-02
ALO,Aston Martin,6.0,5.422143723719682,6.106578671328672,6.363026152586084,5.8498724411561085,5,6,5.0,5.0,5,1.7717194752527554,4.0,8.0,3.0,9.0,4.0,8.0,0.0,0.08,1.0,0.59,1.0,ensemble_grid_blend,9.0,2024,Bahrain Grand Prix,2024-03-02
HAM,Mercedes,9.0,5.510576170882082,6.051385614385612,6.874180376492962,5.972580317230493,6,9,6.0,6.0,6,1.9792866789769887,4.0,8.0,3.0,10.0,4.0,8.0,0.0,0.09,0.98,0.62,1.0,ensemble_grid_blend,7.0,2024,Bahrain Grand Prix,2024-03-02
SAI,Ferrari,4.0,6.476723359409771,5.640804632097087,7.0381756289279505,6.2964422587539675,7,4,7.0,7.0,7,1.9811995142215018,5.0,9.0,3.0,10.0,5.0,9.0,0.0,0.07,0.99,0.47,1.0,ensemble_grid_blend,3.0,2024,Bahrain Grand Prix,2024-03-02
RUS,Mercedes,3.0,5.863729972811695,6.767700577200574,6.97379979841517,6.402133649468498,8,3,8.0,8.0,8,1.6111981864313267,6.0,8.0,4.0,10.0,6.0,8.0,0.0,0.02,0.99,0.55,1.0,ensemble_grid_blend,5.0,2024,Bahrain Grand Prix,2024-03-02
STR,Aston Martin,12.0,6.0552575055291,8.541027888777885,8.485893998674985,7.411404438295351,9,12,9.0,9.0,9,1.7830571862093851,7.0,10.0,4.475,12.524999999999991,7.0,10.0,0.0,0.01,0.94,0.73,1.0,ensemble_grid_blend,10.0,2024,Bahrain Grand Prix,2024-03-02
PIA,McLaren,8.0,8.553051882112857,7.850276772085249,8.272566555978006,8.250983528376224,10,8,10.0,10.0,10,1.7271158886795328,9.0,11.0,6.475,14.0,9.0,11.0,0.0,0.0,0.78,0.76,1.0,ensemble_grid_blend,8.0,2024,Bahrain Grand Prix,2024-03-02
OCO,Alpine,19.0,10.230203364067707,10.17089822673027,9.284477133644799,10.020301319915022,11,19,11.0,11.0,11,2.3050230613014073,10.0,15.159999999999997,9.475,17.0,10.0,15.159999999999997,0.0,0.0,0.2,0.53,1.0,ensemble_grid_blend,17.0,2024,Bahrain Grand Prix,2024-03-02
TSU,Racing Bulls,11.0,10.383959832142857,10.374611107846402,10.142635877810202,10.332422987772567,12,11,12.0,12.0,12,2.0299773596786936,11.0,15.159999999999997,10.475,17.0,11.0,15.159999999999997,0.0,0.0,0.03,0.66,1.0,ensemble_grid_blend,14.0,2024,Bahrain Grand Prix,2024-03-02
RIC,Racing Bulls,14.0,10.41299938043563,10.533230331502002,10.355329068553502,10.443546150932434,13,14,13.0,13.0,13,1.580052422094171,11.0,14.0,10.0,16.0,11.0,14.0,0.0,0.0,0.06,0.69,1.0,ensemble_grid_blend,13.0,2024,Bahrain Grand Prix,2024-03-02
GAS,Alpine,20.0,10.894336963816533,10.818085343577996,9.91355156740337,10.671491817450413,14,20,14.0,14.0,14,2.2839802224550145,12.0,17.0,10.475,17.0,12.0,17.0,0.0,0.0,0.03,0.25,1.0,ensemble_grid_blend,18.0,2024,Bahrain Grand Prix,2024-03-02
BOT,Audi,16.0,10.558236710525886,10.95302072166739,11.087295245019808,10.802222821324197,15,16,15.0,15.0,15,1.5398740601789878,14.0,16.0,12.0,18.0,14.0,16.0,0.0,0.0,0.0,0.73,1.0,ensemble_grid_blend,19.0,2024,Bahrain Grand Prix,2024-03-02
ZHO,Audi,17.0,11.167058638968237,11.142541284437955,10.8498123033871,11.09502829776641,16,17,16.0,16.0,16,1.7610832295533738,13.0,16.0,11.0,17.52499999999999,13.0,16.0,0.0,0.0,0.0,0.42,1.0,ensemble_grid_blend,11.0,2024,Bahrain Grand Prix,2024-03-02
ALB,Williams,13.0,11.3760910779451,11.171308871683868,11.586646700061749,11.346528430176999,17,13,17.0,17.0,17,1.7459621526206799,14.0,17.0,11.0,17.0,14.0,17.0,0.0,0.0,0.0,0.56,1.0,ensemble_grid_blend,15.0,2024,Bahrain Grand Prix,2024-03-02
SAR,Williams,18.0,14.054183887666873,14.602595193205484,14.39057377978061,14.313405823028134,18,18,18.0,18.0,18,1.0378688342809592,18.0,20.0,16.95,20.0,18.0,20.0,0.0,0.0,0.0,0.75,1.0,ensemble_grid_blend,20.0,2024,Bahrain Grand Prix,2024-03-02
HUL,Haas F1 Team,10.0,15.341939531783462,14.216080377955375,14.564294166095749,14.792359754806089,19,10,19.0,19.0,19,0.7792122414154676,18.0,20.0,17.0,20.0,18.0,20.0,0.0,0.0,0.0,0.96,1.0,ensemble_grid_blend,16.0,2024,Bahrain Grand Prix,2024-03-02
MAG,Haas F1 Team,15.0,15.33409688697145,14.923170704295705,15.091050001580037,15.141663345956655,20,15,20.0,20.0,20,0.7436600722307894,19.0,20.0,18.0,20.0,19.0,20.0,0.0,0.0,0.0,0.87,1.0,ensemble_grid_blend,12.0,2024,Bahrain Grand Prix,2024-03-02
VER,Red Bull Racing,1.0,1.531159744756527,1.5545170793968754,1.4326803737340175,1.5196389376761472,1,1,1.0,1.0,1,0.0,1.0,1.0,1.0,1.0,1.0,1.0,1.0,1.0,1.0,1.0,1.0,ensemble_grid_blend,1.0,2024,Saudi Arabian Grand Prix,2024-03-09
PER,Red Bull Racing,3.0,4.504685030572226,4.174134569678688,3.8974171681388174,4.267538796772806,2,3,2.0,2.0,2,0.8905224887841424,2.0,3.0,2.0,5.0,2.0,3.0,0.0,0.86,1.0,0.86,1.0,ensemble_grid_blend,2.0,2024,Saudi Arabian Grand Prix,2024-03-09
LEC,Ferrari,2.0,4.683563903193097,4.8289045676545665,5.4069337851694925,4.879107112149891,3,2,3.0,3.0,3,1.200799397034822,2.0,4.0,2.0,6.0,2.0,4.0,0.0,0.75,1.0,0.88,1.0,ensemble_grid_blend,3.0,2024,Saudi Arabian Grand Prix,2024-03-09
HAM,Mercedes,8.0,5.611169214777731,6.048544524103351,6.738111154756648,5.989638961037481,4,8,4.0,4.0,4,1.519436365461505,4.0,7.0,3.0,8.524999999999991,4.0,7.0,0.0,0.1,1.0,0.63,1.0,ensemble_grid_blend,9.0,2024,Saudi Arabian Grand Prix,2024-03-09
NOR,McLaren,6.0,7.056740774206126,5.589359557109558,5.652686618803147,6.262346517141731,5,6,5.0,5.0,5,2.108759987971293,3.84,8.0,2.475,9.0,3.84,8.0,0.0,0.16,1.0,0.45,1.0,ensemble_grid_blend,8.0,2024,Saudi Arabian Grand Prix,2024-03-09
BEA,Ferrari,11.0,6.570720923931877,5.242821988683829,7.699797540891715,6.331771619987029,6,10,6.0,6.0,6,1.7321674400600078,4.0,8.0,2.475,9.0,4.0,8.0,0.0,0.1,1.0,0.54,1.0,ensemble_grid_blend,7.0,2024,Saudi Arabian Grand Prix,2024-03-09
RUS,Mercedes,7.0,6.813362632601295,7.13876828726829,6.506198411161163,6.865821767446716,7,7,7.0,7.0,7,1.4694189052791988,5.0,8.0,4.0,9.0,5.0,8.0,0.0,0.01,1.0,0.64,1.0,ensemble_grid_blend,6.0,2024,Saudi Arabian Grand Prix,2024-03-09
ALO,Aston Martin,4.0,7.259723181624991,7.450401237651237,7.428036354403567,7.360123135789892,8,4,8.0,8.0,8,1.520864985141779,6.0,9.0,4.0,9.0,6.0,9.0,0.0,0.02,1.0,0.72,1.0,ensemble_grid_blend,5.0,2024,Saudi Arabian Grand Prix,2024-03-09
PIA,McLaren,5.0,7.4403944384688945,7.158631673881675,8.111009580226025,7.475900499214793,9,5,9.0,9.0,9,1.345812810613765,6.0,9.0,5.0,9.0,6.0,9.0,0.0,0.0,1.0,0.62,1.0,ensemble_grid_blend,4.0,2024,Saudi Arabian Grand Prix,2024-03-09
OCO,Alpine,17.0,11.340384187391333,9.897787351537346,11.064501289579216,10.780298715280013,10,16,10.0,10.0,10,0.8047209190618556,10.0,11.0,9.0,12.0,10.0,11.0,0.0,0.0,0.76,0.9,1.0,ensemble_grid_blend,13.0,2024,Saudi Arabian Grand Prix,2024-03-09
TSU,Racing Bulls,9.0,12.657437130113191,11.669644827394825,12.29655302990003,12.23953300411913,11,9,11.0,11.0,11,0.9036402251812702,11.0,12.0,10.0,13.0,11.0,12.0,0.0,0.0,0.13,0.89,1.0,ensemble_grid_blend,15.0,2024,Saudi Arabian Grand Prix,2024-03-09
ALB,Williams,12.0,12.25439099366411,12.11620639164757,12.783577244747693,12.311863633175038,12,11,12.0,12.0,12,1.2045368781855919,11.0,13.0,10.0,14.524999999999991,11.0,13.0,0.0,0.0,0.08,0.85,1.0,ensemble_grid_blend,11.0,2024,Saudi Arabian Grand Prix,2024-03-09
RIC,Racing Bulls,14.0,13.287844125394646,12.118969003219,12.304737666095647,12.682116540773372,13,13,13.0,13.0,13,1.293964232250426,11.84,14.0,10.475,16.0,11.84,14.0,0.0,0.0,0.03,0.77,1.0,ensemble_grid_blend,16.0,2024,Saudi Arabian Grand Prix,2024-03-09
ZHO,Audi,20.0,14.073584480218363,13.778738455988456,13.242006246176796,13.804072724929583,14,18,14.0,14.0,14,1.314219052202378,13.84,16.0,12.0,17.0,13.84,16.0,0.0,0.0,0.0,0.69,1.0,ensemble_grid_blend,18.0,2024,Saudi Arabian Grand Prix,2024-03-09
HUL,Haas F1 Team,15.0,15.158058671799001,14.288810966810962,15.030198164374188,14.828249873568225,15,14,15.0,15.0,15,1.3333333333333333,14.0,17.0,13.0,17.52499999999999,14.0,17.0,0.0,0.0,0.0,0.68,1.0,ensemble_grid_blend,10.0,2024,Saudi Arabian Grand Prix,2024-03-09
MAG,Haas F1 Team,13.0,15.292179877200091,14.530640429015428,15.050377068914795,14.9772805086784,16,12,16.0,16.0,16,1.1279730636514473,15.0,17.0,14.0,18.0,15.0,17.0,0.0,0.0,0.0,0.83,1.0,ensemble_grid_blend,12.0,2024,Saudi Arabian Grand Prix,2024-03-09
BOT,Audi,16.0,15.703493015024915,14.581344548425434,14.428573097324257,15.055757068174964,17,15,17.0,17.0,17,1.2559354033443508,15.0,17.0,13.475,18.0,15.0,17.0,0.0,0.0,0.0,0.7,1.0,ensemble_grid_blend,17.0,2024,Saudi Arabian Grand Prix,2024-03-09
SAR,Williams,19.0,15.34497316035732,16.323472551141666,15.803798056766354,15.77921292641365,18,17,18.0,18.0,18,1.3825755500207397,16.0,18.0,14.0,18.0,16.0,18.0,0.0,0.0,0.0,0.77,1.0,ensemble_grid_blend,14.0,2024,Saudi Arabian Grand Prix,2024-03-09
PER,Red Bull Racing,6.0,4.304350803126178,4.0607187301003105,3.607901321934495,4.079789681328788,1,5,1.0,1.0,1,0.6849021164304496,1.0,2.0,1.0,3.0,1.0,2.0,0.75,0.99,1.0,0.93,1.0,ensemble_grid_blend,5.0,2024,Australian Grand Prix,2024-03-24
LEC,Ferrari,4.0,4.550847412195682,4.5224851531318935,5.338751951964433,4.698501529477106,2,3,2.0,2.0,2,0.7877855422677293,1.0,3.0,1.0,4.0,1.0,3.0,0.18,0.94,1.0,0.94,1.0,ensemble_grid_blend,2.0,2024,Australian Grand Prix,2024-03-24
SAI,Ferrari,2.0,5.8314436779284256,5.0824088574823865,6.679489964791255,5.738890748144878,3,1,3.0,3.0,3,1.3752502068035224,2.84,5.0,1.0,6.0,2.84,5.0,0.05,0.47,1.0,0.67,1.0,ensemble_grid_blend,1.0,2024,Australian Grand Prix,2024-03-24
NOR,McLaren,3.0,6.010201708916152,5.84463472638473,5.518976547695051,5.854008232785934,4,2,4.0,4.0,4,1.4802061008555873,2.0,6.0,2.0,7.0,2.0,6.0,0.02,0.37,1.0,0.65,1.0,ensemble_grid_blend,3.0,2024,Australian Grand Prix,2024-03-24
ALO,Aston Martin,10.0,6.285500509002177,6.306135642135644,6.98722286461855,6.433067276722165,5,9,5.0,5.0,5,1.3309068830361992,3.84,6.0,3.0,7.0,3.84,6.0,0.0,0.16,1.0,0.7,1.0,ensemble_grid_blend,8.0,2024,Australian Grand Prix,2024-03-24
PIA,McLaren,5.0,6.569552262873804,7.148795815295818,7.120474381117688,6.882471929870285,6,4,6.0,6.0,6,1.3005049524369878,5.0,7.0,3.0,8.0,5.0,7.0,0.0,0.05,1.0,0.77,1.0,ensemble_grid_blend,4.0,2024,Australian Grand Prix,2024-03-24
RUS,Mercedes,7.0,7.859573065621576,7.46197682872683,6.417782224704183,7.432056214524937,7,6,7.0,7.0,7,1.18560388227121,5.0,7.0,4.0,8.0,5.0,7.0,0.0,0.02,1.0,0.76,1.0,ensemble_grid_blend,17.0,2024,Australian Grand Prix,2024-03-24
STR,Aston Martin,9.0,8.57410578215252,9.645563149943268,9.045329223553223,9.043360549159422,8,8,8.0,8.0,8,0.6620293258480535,7.0,8.0,6.0,9.0,7.0,8.0,0.0,0.0,1.0,0.94,1.0,ensemble_grid_blend,6.0,2024,Australian Grand Prix,2024-03-24
OCO,Alpine,15.0,12.343635043872839,11.337660509425211,12.176840459716567,11.958185039984915,9,13,9.0,9.0,9,1.2414963275471786,9.0,10.159999999999997,9.0,13.0,9.0,10.159999999999997,0.0,0.0,0.84,0.84,1.0,ensemble_grid_blend,16.0,2024,Australian Grand Prix,2024-03-24
ALB,Williams,12.0,12.083522502870665,12.117943667443667,12.548603298826688,12.188586069662419,10,10,10.0,10.0,10,1.145919418253881,9.0,11.0,9.0,13.0,9.0,11.0,0.0,0.0,0.66,0.9,1.0,ensemble_grid_blend,11.0,2024,Australian Grand Prix,2024-03-24
GAS,Alpine,17.0,12.496895276476119,11.899965981730691,12.620233883910739,12.312637744802144,11,15,11.0,11.0,11,1.6061435084378264,10.0,13.0,9.0,15.0,10.0,13.0,0.0,0.0,0.28,0.72,1.0,ensemble_grid_blend,13.0,2024,Australian Grand Prix,2024-03-24
ZHO,Audi,19.0,13.9876993059765,14.640154040404036,14.51178952255524,14.320876506341884,12,17,12.0,12.0,12,2.3767391293301183,12.0,16.0,9.0,17.0,12.0,16.0,0.0,0.0,0.12,0.32,1.0,ensemble_grid_blend,15.0,2024,Australian Grand Prix,2024-03-24
HUL,Haas F1 Team,16.0,14.825717502157659,14.229261519526224,13.837934734548204,14.419401354714765,13,14,13.0,13.0,13,1.5769488503967641,12.0,15.0,10.475,17.0,12.0,15.0,0.0,0.0,0.03,0.71,1.0,ensemble_grid_blend,9.0,2024,Australian Grand Prix,2024-03-24
RIC,Racing Bulls,18.0,14.711102040315465,15.124928321678325,13.3242868516259,14.578578201054553,14,16,14.0,14.0,14,1.8884016008414644,12.0,17.0,11.0,17.0,12.0,17.0,0.0,0.0,0.0,0.41,1.0,ensemble_grid_blend,12.0,2024,Australian Grand Prix,2024-03-24
TSU,Racing Bulls,8.0,14.953309340661578,14.958007742257744,13.102321467950105,14.584756206677941,15,7,15.0,15.0,15,1.7972762782060023,12.0,16.0,10.475,17.0,12.0,16.0,0.0,0.0,0.03,0.54,1.0,ensemble_grid_blend,7.0,2024,Australian Grand Prix,2024-03-24
MAG,Haas F1 Team,14.0,15.238568440268338,14.78622738862445,14.221220542371476,14.876779492613606,16,12,16.0,16.0,16,1.55582970167241,13.0,17.0,12.0,17.0,13.0,17.0,0.0,0.0,0.0,0.69,1.0,ensemble_grid_blend,10.0,2024,Australian Grand Prix,2024-03-24
BOT,Audi,13.0,14.395173406509036,15.211389610389604,15.4489791040306,14.891610217371548,17,11,17.0,17.0,17,2.1354156504062622,13.0,17.0,10.0,17.0,13.0,17.0,0.0,0.0,0.04,0.46,1.0,ensemble_grid_blend,14.0,2024,Australian Grand Prix,2024-03-24
VER,Red Bull Racing,1.0,1.2104857896851848,1.252020675048169,1.6731207834688187,1.317549998318956,1,1,1.0,1.0,1,0.0,1.0,1.0,1.0,1.0,1.0,1.0,1.0,1.0,1.0,1.0,1.0,ensemble_grid_blend,1.0,2024,Japanese Grand Prix,2024-04-07
PER,Red Bull Racing,2.0,4.037711107329178,4.159884718222953,3.9907771480418432,4.071085079284533,2,2,2.0,2.0,2,0.9607972278953104,2.0,4.0,2.0,5.0,2.0,4.0,0.0,0.81,1.0,0.81,1.0,ensemble_grid_blend,2.0,2024,Japanese Grand Prix,2024-04-07
LEC,Ferrari,8.0,4.632756992155329,4.159724650349651,4.043732001609251,4.349390674414126,3,8,3.0,3.0,3,1.1102825193288746,2.0,4.0,2.0,6.0,2.0,4.0,0.0,0.7,1.0,0.9,1.0,ensemble_grid_blend,4.0,2024,Japanese Grand Prix,2024-04-07
SAI,Ferrari,4.0,4.837831768710393,5.239075785325786,5.027635966526933,5.016228014089088,4,4,4.0,4.0,4,1.3322343956108045,3.0,6.0,2.0,7.0,3.0,6.0,0.0,0.26,1.0,0.71,1.0,ensemble_grid_blend,3.0,2024,Japanese Grand Prix,2024-04-07
NOR,McLaren,3.0,5.820762705501552,5.680003524253525,5.026081185425778,5.612560688049587,5,3,5.0,5.0,5,1.4002525024819885,3.0,6.0,2.0,7.0,3.0,6.0,0.0,0.2,1.0,0.73,1.0,ensemble_grid_blend,5.0,2024,Japanese Grand Prix,2024-04-07
ALO,Aston Martin,5.0,5.8460237968782645,6.544158091908091,6.935420795111563,6.3082501997853635,6,5,6.0,6.0,6,1.1395551143256997,5.0,7.0,4.0,7.5249999999999915,5.0,7.0,0.0,0.02,1.0,0.84,1.0,ensemble_grid_blend,6.0,2024,Japanese Grand Prix,2024-04-07
PIA,McLaren,6.0,6.564923089030831,7.799464563214563,6.534586878427827,6.990945362874537,7,6,7.0,7.0,7,1.2444218973426409,6.0,8.0,4.0,9.0,6.0,8.0,0.0,0.01,1.0,0.8,1.0,ensemble_grid_blend,8.0,2024,Japanese Grand Prix,2024-04-07
STR,Aston Martin,16.0,7.742157950951224,9.294684093684095,8.572512067883968,8.451612924294277,8,14,8.0,8.0,8,0.8586458683722453,7.0,8.0,6.0,10.0,7.0,8.0,0.0,0.0,1.0,0.86,1.0,ensemble_grid_blend,12.0,2024,Japanese Grand Prix,2024-04-07
HAM,Mercedes,7.0,11.292260065914853,10.565508623978358,8.394469027401717,10.458338853534453,9,7,9.0,9.0,9,1.4247452368402536,9.0,10.159999999999997,6.475,12.524999999999991,9.0,10.159999999999997,0.0,0.0,0.84,0.8,1.0,ensemble_grid_blend,9.0,2024,Japanese Grand Prix,2024-04-07
RUS,Mercedes,9.0,11.209308695855004,11.07291923439477,8.903438185231002,10.700398282219123,10,9,10.0,10.0,10,1.4431657121506432,9.0,11.0,8.0,13.524999999999991,9.0,11.0,0.0,0.0,0.65,0.82,1.0,ensemble_grid_blend,7.0,2024,Japanese Grand Prix,2024-04-07
TSU,Racing Bulls,10.0,11.136844417239406,11.804593379573639,11.704373794791088,11.484062429566723,11,10,11.0,11.0,11,1.5894538799108442,9.0,13.0,9.0,15.0,9.0,13.0,0.0,0.0,0.25,0.59,1.0,ensemble_grid_blend,10.0,2024,Japanese Grand Prix,2024-04-07
OCO,Alpine,15.0,12.85207721379516,12.349555482958733,12.874453100291245,12.680669785301628,12,13,12.0,12.0,12,1.6427373066275264,11.0,14.0,9.0,15.0,11.0,14.0,0.0,0.0,0.11,0.65,1.0,ensemble_grid_blend,15.0,2024,Japanese Grand Prix,2024-04-07
GAS,Alpine,17.0,12.848114763202275,12.438404689307943,12.994052815805249,12.733903847859855,13,15,13.0,13.0,13,1.6194524576616205,12.0,15.0,10.0,16.0,12.0,15.0,0.0,0.0,0.09,0.62,1.0,ensemble_grid_blend,16.0,2024,Japanese Grand Prix,2024-04-07
HUL,Haas F1 Team,12.0,13.330982167408955,14.069761541777801,12.303486439741228,13.384055802904506,14,11,14.0,14.0,14,1.4788406597634842,12.0,14.159999999999997,10.475,16.0,12.0,14.159999999999997,0.0,0.0,0.03,0.58,1.0,ensemble_grid_blend,11.0,2024,Japanese Grand Prix,2024-04-07
MAG,Haas F1 Team,18.0,13.8432585913634,14.193761486277744,12.664780472310545,13.73023898077285,15,16,15.0,15.0,15,1.4447396745686496,13.0,16.0,10.95,17.0,13.0,16.0,0.0,0.0,0.03,0.7,1.0,ensemble_grid_blend,13.0,2024,Japanese Grand Prix,2024-04-07
SAR,Williams,19.0,14.44693808702049,15.525587250468824,14.898842405216612,14.91484615786663,16,17,16.0,16.0,16,1.0471703092456626,15.0,17.0,14.0,17.0,15.0,17.0,0.0,0.0,0.0,0.88,1.0,ensemble_grid_blend,17.0,2024,Japanese Grand Prix,2024-04-07
BOT,Audi,13.0,15.149331494229198,15.002304554965155,14.965145588310994,15.061034884303144,17,12,17.0,17.0,17,1.0221783038435541,15.0,17.0,13.475,17.0,15.0,17.0,0.0,0.0,0.0,0.82,1.0,ensemble_grid_blend,14.0,2024,Japanese Grand Prix,2024-04-07
VER,Red Bull Racing,1.0,1.1909792425690378,1.239106901575091,1.650885724225434,1.2998052195524357,1,1,1.0,1.0,1,0.0,1.0,1.0,1.0,1.0,1.0,1.0,1.0,1.0,1.0,1.0,1.0,ensemble_grid_blend,1.0,2024,Chinese Grand Prix,2024-04-21
SAI,Ferrari,7.0,3.2536557496394622,4.042520770895772,4.498092123696606,3.7786457818905994,2,7,2.0,2.0,2,1.1411052590016453,2.0,4.0,2.0,5.0,2.0,4.0,0.0,0.6,1.0,0.6,1.0,ensemble_grid_blend,5.0,2024,Chinese Grand Prix,2024-04-21
PER,Red Bull Racing,2.0,3.975476424857539,3.7451716413027123,3.8155413498028015,3.862882735602402,3,2,3.0,3.0,3,0.9040313751594727,2.0,4.0,2.0,5.0,2.0,4.0,0.0,0.73,1.0,0.94,1.0,ensemble_grid_blend,3.0,2024,Chinese Grand Prix,2024-04-21
LEC,Ferrari,6.0,4.4311949063899565,4.106261391386393,4.017740034764751,4.234777201813668,4,6,4.0,4.0,4,0.8581751840181855,3.0,4.0,2.0,5.0,3.0,4.0,0.0,0.53,1.0,0.91,1.0,ensemble_grid_blend,4.0,2024,Chinese Grand Prix,2024-04-21
NOR,McLaren,4.0,5.964527266799571,5.771616205689735,4.92250574102637,5.688604090256488,5,4,5.0,5.0,5,1.2942764446406012,4.0,6.0,2.0,7.0,4.0,6.0,0.0,0.12,1.0,0.76,1.0,ensemble_grid_blend,2.0,2024,Chinese Grand Prix,2024-04-21
ALO,Aston Martin,3.0,6.180604125834458,6.629993228993226,6.725495124842884,6.4468685117417115,6,3,6.0,6.0,6,0.864566219253764,5.0,7.0,5.0,8.0,5.0,7.0,0.0,0.0,1.0,0.96,1.0,ensemble_grid_blend,7.0,2024,Chinese Grand Prix,2024-04-21
PIA,McLaren,5.0,6.882262706203175,7.559373032196558,6.525521399117181,7.04790305888366,7,5,7.0,7.0,7,0.9918353561642042,6.0,8.0,5.0,8.0,6.0,8.0,0.0,0.02,1.0,0.94,1.0,ensemble_grid_blend,8.0,2024,Chinese Grand Prix,2024-04-21
STR,Aston Martin,11.0,8.169288862021945,9.657265975854212,8.864172106647821,8.829057500788414,8,10,8.0,8.0,8,0.9296463974234636,8.0,9.159999999999997,7.0,10.0,8.0,9.159999999999997,0.0,0.0,1.0,0.83,1.0,ensemble_grid_blend,15.0,2024,Chinese Grand Prix,2024-04-21
HAM,Mercedes,18.0,10.304667777280875,9.448820583236913,8.802216166449927,9.704630937199298,9,16,9.0,9.0,9,0.9847319278346619,8.0,10.0,6.475,10.0,8.0,10.0,0.0,0.0,0.98,0.9,1.0,ensemble_grid_blend,9.0,2024,Chinese Grand Prix,2024-04-21
RUS,Mercedes,8.0,11.15127334394296,9.992633809484351,9.137480203583701,10.342990878810594,10,8,10.0,10.0,10,0.9476712552783312,9.0,11.0,8.0,12.0,9.0,11.0,0.0,0.0,0.78,0.91,1.0,ensemble_grid_blend,6.0,2024,Chinese Grand Prix,2024-04-21
ALB,Williams,14.0,12.14183107196568,11.946435120435119,11.926404318761271,12.030357138289101,11,12,11.0,11.0,11,1.0817120735671808,10.0,12.0,9.0,13.524999999999991,10.0,12.0,0.0,0.0,0.22,0.85,1.0,ensemble_grid_blend,12.0,2024,Chinese Grand Prix,2024-04-21
HUL,Haas F1 Team,9.0,14.464858071213666,13.392960890899667,11.773127157127199,13.551347875286472,12,9,12.0,12.0,12,1.4305116694258861,11.0,14.159999999999997,11.0,16.0,11.0,14.159999999999997,0.0,0.0,0.0,0.69,1.0,ensemble_grid_blend,10.0,2024,Chinese Grand Prix,2024-04-21
OCO,Alpine,13.0,13.701131282276654,14.165578296703291,12.888951821176692,13.701251845105984,13,11,13.0,13.0,13,1.3772685601830483,12.0,15.0,11.0,16.0,12.0,15.0,0.0,0.0,0.02,0.71,1.0,ensemble_grid_blend,11.0,2024,Chinese Grand Prix,2024-04-21
MAG,Haas F1 Team,17.0,14.297512981482276,14.236332251082251,12.426373348937053,13.901871799333222,14,15,14.0,14.0,14,1.4064785167864522,13.0,15.159999999999997,11.475,16.52499999999999,13.0,15.159999999999997,0.0,0.0,0.0,0.72,1.0,ensemble_grid_blend,16.0,2024,Chinese Grand Prix,2024-04-21
GAS,Alpine,15.0,14.462251236699199,14.335496281496278,13.188983165939234,14.163233388226184,15,13,15.0,15.0,15,1.3285900478144173,13.0,16.0,11.475,17.0,13.0,16.0,0.0,0.0,0.0,0.72,1.0,ensemble_grid_blend,13.0,2024,Chinese Grand Prix,2024-04-21
ZHO,Audi,16.0,15.28688898692483,15.302072954822956,14.114874916490816,15.05780056160237,16,14,16.0,16.0,16,1.3065491598369758,15.0,17.0,12.475,17.0,15.0,17.0,0.0,0.0,0.0,0.86,1.0,ensemble_grid_blend,14.0,2024,Chinese Grand Prix,2024-04-21
SAR,Williams,20.0,15.307069907550156,15.857330336330334,15.02383150687805,15.443013377488796,17,17,17.0,17.0,17,1.4489285487538504,14.0,17.0,12.475,17.0,14.0,17.0,0.0,0.0,0.0,0.7,1.0,ensemble_grid_blend,17.0,2024,Chinese Grand Prix,2024-04-21
VER,Red Bull Racing,1.0,1.14850482411235,1.1187420934209298,1.6745277758986639,1.2432924587276157,1,1,1.0,1.0,1,0.0,1.0,1.0,1.0,1.0,1.0,1.0,1.0,1.0,1.0,1.0,1.0,ensemble_grid_blend,2.0,2024,Miami Grand Prix,2024-05-05
PER,Red Bull Racing,4.0,3.685791204135957,3.649589436148647,3.848445936597007,3.7056515318326086,2,4,2.0,2.0,2,1.0217829534888532,2.0,4.0,2.0,5.0,2.0,4.0,0.0,0.75,1.0,0.75,1.0,ensemble_grid_blend,4.0,2024,Miami Grand Prix,2024-05-05
LEC,Ferrari,2.0,4.059916545817768,4.1013758033905106,3.9696121278435967,4.056366402373394,3,2,3.0,3.0,3,0.8487066809581684,2.0,4.0,2.0,5.0,2.0,4.0,0.0,0.51,1.0,0.94,1.0,ensemble_grid_blend,3.0,2024,Miami Grand Prix,2024-05-05
NOR,McLaren,5.0,4.179486217284633,4.076695594710299,4.3801790514095105,4.183648066208591,4,5,4.0,4.0,4,1.0980239367411648,3.0,5.0,2.0,5.5249999999999915,3.0,5.0,0.0,0.39,1.0,0.86,1.0,ensemble_grid_blend,1.0,2024,Miami Grand Prix,2024-05-05
SAI,Ferrari,3.0,3.951155400414137,4.344835177349882,4.522614757545149,4.20323519376785,5,3,5.0,5.0,5,1.3503086067019396,2.0,5.0,2.0,6.0,2.0,5.0,0.0,0.33,1.0,0.66,1.0,ensemble_grid_blend,5.0,2024,Miami Grand Prix,2024-05-05
PIA,McLaren,6.0,5.552191161510713,6.438442252192248,6.618092776869935,6.075559366321095,6,6,6.0,6.0,6,0.9177816909936874,6.0,7.0,5.0,8.524999999999991,6.0,7.0,0.0,0.02,1.0,0.92,1.0,ensemble_grid_blend,13.0,2024,Miami Grand Prix,2024-05-05
ALO,Aston Martin,15.0,7.965003808341634,6.8018962426462455,7.5116191954757525,7.467239237775071,7,15,7.0,7.0,7,0.8142667272032569,6.0,7.159999999999997,6.0,9.0,6.0,7.159999999999997,0.0,0.0,1.0,0.9,1.0,ensemble_grid_blend,9.0,2024,Miami Grand Prix,2024-05-05
RUS,Mercedes,7.0,9.460370313821459,8.205575191361635,8.915645534727961,8.912247065141822,8,7,8.0,8.0,8,1.1026139740442145,8.0,9.0,6.475,11.0,8.0,9.0,0.0,0.0,0.94,0.82,1.0,ensemble_grid_blend,8.0,2024,Miami Grand Prix,2024-05-05
HAM,Mercedes,8.0,9.340995051471662,8.423414158553863,8.933228909184056,8.93828851049291,9,8,9.0,9.0,9,0.9350633317286238,8.0,10.0,7.0,11.0,8.0,10.0,0.0,0.0,0.94,0.87,1.0,ensemble_grid_blend,6.0,2024,Miami Grand Prix,2024-05-05
STR,Aston Martin,11.0,10.306491617332746,10.190790903540902,10.289459826912841,10.26259000942162,10,11,10.0,10.0,10,1.7802508051656454,9.0,11.159999999999997,8.0,14.524999999999991,9.0,11.159999999999997,0.0,0.0,0.71,0.69,1.0,ensemble_grid_blend,17.0,2024,Miami Grand Prix,2024-05-05
TSU,Racing Bulls,10.0,11.463893273073193,11.155765345765344,11.060728406590302,11.275415525218868,11,10,11.0,11.0,11,1.8093751362938486,10.0,14.0,8.475,15.0,10.0,14.0,0.0,0.0,0.22,0.71,1.0,ensemble_grid_blend,7.0,2024,Miami Grand Prix,2024-05-05
RIC,Racing Bulls,20.0,12.237564436309391,12.118797945518532,11.933383935043128,12.135160064279336,12,19,12.0,12.0,12,2.338608755027422,11.0,15.0,8.95,19.0,11.0,15.0,0.0,0.0,0.07,0.63,1.0,ensemble_grid_blend,15.0,2024,Miami Grand Prix,2024-05-05
ALB,Williams,14.0,12.454047257499617,12.084378149628144,12.12866499041904,12.259586616328486,13,14,13.0,13.0,13,1.8381754238616317,12.0,15.0,10.0,17.52499999999999,12.0,15.0,0.0,0.0,0.04,0.6,1.0,ensemble_grid_blend,18.0,2024,Miami Grand Prix,2024-05-05
HUL,Haas F1 Team,9.0,12.740230845341548,12.391913283611808,11.810172198082636,12.432307969284357,14,9,14.0,14.0,14,2.3543426456081735,12.0,16.0,10.0,18.0,12.0,16.0,0.0,0.0,0.05,0.34,1.0,ensemble_grid_blend,11.0,2024,Miami Grand Prix,2024-05-05
OCO,Alpine,13.0,12.832986303523317,12.983968056453342,12.610168369000256,12.841266330144213,15,13,15.0,15.0,15,2.0807923898594423,12.0,16.0,10.475,18.0,12.0,16.0,0.0,0.0,0.03,0.61,1.0,ensemble_grid_blend,10.0,2024,Miami Grand Prix,2024-05-05
MAG,Haas F1 Team,18.0,12.688656337738875,13.672249306249308,13.10077899990373,13.1153384091505,16,17,16.0,16.0,16,2.2087978356535665,13.0,18.0,11.475,19.0,13.0,18.0,0.0,0.0,0.0,0.49,1.0,ensemble_grid_blend,19.0,2024,Miami Grand Prix,2024-05-05
GAS,Alpine,12.0,13.546170046803825,13.206648539369121,13.000369076994371,13.318177325239787,17,12,17.0,17.0,17,1.8785337071473827,14.0,17.159999999999997,12.0,19.0,14.0,17.159999999999997,0.0,0.0,0.0,0.53,1.0,ensemble_grid_blend,12.0,2024,Miami Grand Prix,2024-05-05
ZHO,Audi,19.0,14.096533703453986,14.364733343453924,13.757300905993837,14.122557017961935,18,18,18.0,18.0,18,1.1711601776085803,16.0,18.0,15.0,19.0,16.0,18.0,0.0,0.0,0.0,0.79,1.0,ensemble_grid_blend,14.0,2024,Miami Grand Prix,2024-05-05
BOT,Audi,16.0,14.20951913823764,14.421263986013978,14.249730880244314,14.291672183360694,19,16,19.0,19.0,19,1.0702119114238708,17.0,19.0,16.0,19.0,17.0,19.0,0.0,0.0,0.0,0.76,1.0,ensemble_grid_blend,16.0,2024,Miami Grand Prix,2024-05-05
VER,Red Bull Racing,1.0,1.3571363704545387,1.3882118030761752,1.5166287295821537,1.3999112436976344,1,1,1.0,1.0,1,0.0,1.0,1.0,1.0,1.0,1.0,1.0,1.0,1.0,1.0,1.0,1.0,ensemble_grid_blend,1.0,2024,Emilia Romagna Grand Prix,2024-05-19
PER,Red Bull Racing,11.0,3.963371577432454,3.7376416342687246,3.60355928277664,3.812403638393986,2,11,2.0,2.0,2,0.8150106896491753,2.0,4.0,2.0,4.0,2.0,4.0,0.0,0.78,1.0,0.78,1.0,ensemble_grid_blend,8.0,2024,Emilia Romagna Grand Prix,2024-05-19
NOR,McLaren,2.0,3.9574154751449457,3.9280002358752366,4.380344238170144,4.031705894005587,3,2,3.0,3.0,3,0.7961396760860395,2.0,4.0,2.0,4.0,2.0,4.0,0.0,0.67,1.0,0.98,1.0,ensemble_grid_blend,2.0,2024,Emilia Romagna Grand Prix,2024-05-19
LEC,Ferrari,3.0,4.068831083331274,4.658734239616591,4.194069999373239,4.300344971239528,4,3,4.0,4.0,4,1.1370704872299222,2.0,4.0,2.0,6.5249999999999915,2.0,4.0,0.0,0.53,1.0,0.71,1.0,ensemble_grid_blend,3.0,2024,Emilia Romagna Grand Prix,2024-05-19
RUS,Mercedes,6.0,5.596200546604776,6.535354437229439,7.454285420083201,6.296521383019093,5,6,5.0,5.0,5,0.9468715100612418,5.0,7.0,4.475,8.0,5.0,7.0,0.0,0.0,1.0,0.79,1.0,ensemble_grid_blend,7.0,2024,Emilia Romagna Grand Prix,2024-05-19
HAM,Mercedes,8.0,6.0420404054869365,6.8350384729649445,7.4608564120974075,6.603352930426333,6,8,6.0,6.0,6,1.2624731220261218,5.0,7.159999999999997,4.0,9.0,5.0,7.159999999999997,0.0,0.01,1.0,0.8,1.0,ensemble_grid_blend,6.0,2024,Emilia Romagna Grand Prix,2024-05-19
PIA,McLaren,5.0,6.643573489284355,7.223700040381074,7.760597136944082,7.070022511700151,7,5,7.0,7.0,7,1.295329605883687,5.0,8.0,4.475,9.0,5.0,8.0,0.0,0.0,1.0,0.7,1.0,ensemble_grid_blend,4.0,2024,Emilia Romagna Grand Prix,2024-05-19
SAI,Ferrari,4.0,8.698880047883392,8.630908757908758,4.960027636163842,7.9273196140483595,8,4,8.0,8.0,8,1.6046334425184103,6.0,9.0,5.0,10.0,6.0,9.0,0.0,0.01,0.98,0.72,1.0,ensemble_grid_blend,5.0,2024,Emilia Romagna Grand Prix,2024-05-19
ALO,Aston Martin,20.0,8.64853744328533,7.615004959093194,8.305124907982192,8.218118566757456,9,19,9.0,9.0,9,1.1899834478095088,7.0,9.0,5.475,10.0,7.0,9.0,0.0,0.0,0.98,0.73,1.0,ensemble_grid_blend,19.0,2024,Emilia Romagna Grand Prix,2024-05-19
TSU,Racing Bulls,7.0,10.287461000837897,10.964760372968964,9.979167781027453,10.46285713712168,10,7,10.0,10.0,10,1.015585615009459,10.0,12.0,9.0,13.0,10.0,12.0,0.0,0.0,0.51,0.8,1.0,ensemble_grid_blend,10.0,2024,Emilia Romagna Grand Prix,2024-05-19
OCO,Alpine,12.0,11.219773453896762,10.536801143301146,11.83592909237609,11.103964272884161,11,12,11.0,11.0,11,1.4681466362235571,10.0,12.0,9.0,15.0,10.0,12.0,0.0,0.0,0.33,0.78,1.0,ensemble_grid_blend,14.0,2024,Emilia Romagna Grand Prix,2024-05-19
GAS,Alpine,15.0,12.106914557272965,11.717405122655123,12.480897430323257,12.04538282976678,12,14,12.0,12.0,12,1.3898622851625162,11.0,14.0,10.0,15.0,11.0,14.0,0.0,0.0,0.05,0.67,1.0,ensemble_grid_blend,16.0,2024,Emilia Romagna Grand Prix,2024-05-19
STR,Aston Martin,13.0,13.178269237737176,11.04258586511528,11.857275977054977,12.166581405183072,13,13,13.0,13.0,13,1.9103915723212244,11.0,15.0,10.0,17.0,11.0,15.0,0.0,0.0,0.09,0.57,1.0,ensemble_grid_blend,9.0,2024,Emilia Romagna Grand Prix,2024-05-19
HUL,Haas F1 Team,10.0,12.163966169542105,12.158681610056613,12.336454564579409,12.196614252729644,14,10,14.0,14.0,14,1.7860005542546675,11.0,15.0,10.0,17.0,11.0,15.0,0.0,0.0,0.06,0.59,1.0,ensemble_grid_blend,11.0,2024,Emilia Romagna Grand Prix,2024-05-19
RIC,Racing Bulls,9.0,13.772011537593439,13.413822452057751,11.763004574135556,13.244843964964371,15,9,15.0,15.0,15,1.3960984596692703,13.0,16.0,12.0,17.0,13.0,16.0,0.0,0.0,0.0,0.73,1.0,ensemble_grid_blend,13.0,2024,Emilia Romagna Grand Prix,2024-05-19
MAG,Haas F1 Team,18.0,14.888507446112392,13.935295777751664,14.445368018368477,14.466255476637354,16,17,16.0,16.0,16,1.4796600756234317,15.0,18.159999999999997,14.0,19.0,15.0,18.159999999999997,0.0,0.0,0.0,0.69,1.0,ensemble_grid_blend,12.0,2024,Emilia Romagna Grand Prix,2024-05-19
ZHO,Audi,17.0,14.883410055285951,14.710917346542344,13.687494964221681,14.583854589012835,17,16,17.0,17.0,17,1.1690883956175753,16.0,18.0,15.0,19.0,16.0,18.0,0.0,0.0,0.0,0.78,1.0,ensemble_grid_blend,15.0,2024,Emilia Romagna Grand Prix,2024-05-19
BOT,Audi,16.0,15.094132375444476,15.033402403152405,14.427080875048343,14.939466585063025,18,15,18.0,18.0,18,0.942594742444943,17.0,19.0,16.0,19.0,17.0,19.0,0.0,0.0,0.0,0.92,1.0,ensemble_grid_blend,18.0,2024,Emilia Romagna Grand Prix,2024-05-19
SAR,Williams,19.0,14.155835796157378,15.960158799533792,16.280761579470653,15.212334004001777,19,18,19.0,19.0,19,1.324630689908121,16.84,19.0,14.475,19.0,16.84,19.0,0.0,0.0,0.0,0.61,1.0,ensemble_grid_blend,17.0,2024,Emilia Romagna Grand Prix,2024-05-19
VER,Red Bull Racing,6.0,1.2960434193178658,1.1241242309977602,1.8366636019264435,1.3439957399275444,1,6,1.0,1.0,1,0.0,1.0,1.0,1.0,1.0,1.0,1.0,1.0,1.0,1.0,1.0,1.0,ensemble_grid_blend,6.0,2024,Monaco Grand Prix,2024-05-26
NOR,McLaren,4.0,5.559362177239109,4.912849415780298,4.339982538628606,5.089206783006425,2,4,2.0,2.0,2,1.7118422942561151,2.0,6.0,2.0,7.0,2.0,6.0,0.0,0.67,1.0,0.67,1.0,ensemble_grid_blend,4.0,2024,Monaco Grand Prix,2024-05-26
LEC,Ferrari,1.0,5.166950573153308,5.490493367743366,4.574233251032423,5.161647086835652,3,1,3.0,3.0,3,1.2512619892159138,2.0,5.0,2.0,6.0,2.0,5.0,0.0,0.72,1.0,0.83,1.0,ensemble_grid_blend,1.0,2024,Monaco Grand Prix,2024-05-26
HAM,Mercedes,7.0,5.928369493965025,5.692746822621822,7.11835680841067,6.083899021884033,4,7,4.0,4.0,4,1.674406271977134,2.0,6.0,2.0,7.0,2.0,6.0,0.0,0.31,1.0,0.58,1.0,ensemble_grid_blend,7.0,2024,Monaco Grand Prix,2024-05-26
RUS,Mercedes,5.0,5.5956182122149345,6.103160922410922,7.276299112429229,6.109394340826389,5,5,5.0,5.0,5,1.3203534880225571,3.0,6.0,2.0,7.0,3.0,6.0,0.0,0.18,1.0,0.74,1.0,ensemble_grid_blend,5.0,2024,Monaco Grand Prix,2024-05-26
SAI,Ferrari,3.0,6.155979696940287,7.255440531690535,5.512604656870835,6.412115981088984,6,3,6.0,6.0,6,1.385494842861553,4.0,6.159999999999997,2.475,7.5249999999999915,4.0,6.159999999999997,0.0,0.11,1.0,0.64,1.0,ensemble_grid_blend,3.0,2024,Monaco Grand Prix,2024-05-26
PIA,McLaren,2.0,7.638687750886952,6.933530692346868,7.443173106418365,7.352779851504205,7,2,7.0,7.0,7,1.3669622740170477,5.0,7.0,4.0,9.0,5.0,7.0,0.0,0.01,1.0,0.71,1.0,ensemble_grid_blend,2.0,2024,Monaco Grand Prix,2024-05-26
ALO,Aston Martin,14.0,9.60959028197441,8.685993700743705,9.721673602682623,9.308748142685305,8,13,8.0,8.0,8,1.3142190522023784,8.0,9.159999999999997,6.0,11.0,8.0,9.159999999999997,0.0,0.0,0.94,0.76,1.0,ensemble_grid_blend,11.0,2024,Monaco Grand Prix,2024-05-26
STR,Aston Martin,13.0,10.616116020384123,9.97646239287029,11.509325260500262,10.57087909877751,9,12,9.0,9.0,9,1.2356652810808786,9.0,11.0,8.0,12.524999999999991,9.0,11.0,0.0,0.0,0.78,0.77,1.0,ensemble_grid_blend,14.0,2024,Monaco Grand Prix,2024-05-26
TSU,Racing Bulls,8.0,10.588489135704076,10.859888757097734,10.414240527807802,10.6486292816126,10,8,10.0,10.0,10,1.5439683882250903,8.0,11.0,7.0,13.0,8.0,11.0,0.0,0.0,0.66,0.67,1.0,ensemble_grid_blend,8.0,2024,Monaco Grand Prix,2024-05-26
GAS,Alpine,10.0,11.772113309915383,11.235351454101455,12.06801880047356,11.643427758492145,11,10,11.0,11.0,11,1.7801089513813133,9.0,12.0,8.0,14.0,9.0,12.0,0.0,0.0,0.39,0.64,1.0,ensemble_grid_blend,10.0,2024,Monaco Grand Prix,2024-05-26
RIC,Racing Bulls,12.0,12.9607015983912,12.747467837717839,12.020904100834471,12.698110282644178,12,11,12.0,12.0,12,1.3542301849904963,10.0,13.0,8.0,14.0,10.0,13.0,0.0,0.0,0.17,0.79,1.0,ensemble_grid_blend,12.0,2024,Monaco Grand Prix,2024-05-26
ALB,Williams,9.0,13.304155671902166,12.697019480519478,13.420786262450829,13.114984123027957,13,9,13.0,13.0,13,1.1080969216989947,11.0,13.0,10.0,14.0,11.0,13.0,0.0,0.0,0.06,0.8,1.0,ensemble_grid_blend,9.0,2024,Monaco Grand Prix,2024-05-26
ZHO,Audi,18.0,15.319275630724116,14.935665501165504,14.304344993595219,14.982025957952823,14,16,14.0,14.0,14,0.9180567971690439,14.0,15.0,11.475,16.0,14.0,15.0,0.0,0.0,0.0,0.91,1.0,ensemble_grid_blend,16.0,2024,Monaco Grand Prix,2024-05-26
BOT,Audi,17.0,15.683054155472087,15.511657675657675,15.352261296706347,15.556906815783895,15,15,15.0,15.0,15,0.6650738547884981,15.0,16.0,14.0,16.0,15.0,16.0,0.0,0.0,0.0,0.99,1.0,ensemble_grid_blend,13.0,2024,Monaco Grand Prix,2024-05-26
SAR,Williams,15.0,15.424283491814045,16.304054972804973,16.145611917298986,15.876469195257858,16,14,16.0,16.0,16,0.8694593699303009,14.0,16.0,13.475,16.0,14.0,16.0,0.0,0.0,0.0,0.81,1.0,ensemble_grid_blend,15.0,2024,Monaco Grand Prix,2024-05-26
VER,Red Bull Racing,2.0,2.304300144094699,1.6304557037756948,2.896148688685761,2.18682429890126,1,2,1.0,1.0,1,0.5706632681858591,1.0,2.0,1.0,2.0,1.0,2.0,0.8,0.99,1.0,0.98,1.0,ensemble_grid_blend,1.0,2024,Canadian Grand Prix,2024-06-09
NOR,McLaren,3.0,3.1614075999718936,3.2785781995781984,3.637353798378829,3.297606549515487,2,3,2.0,2.0,2,0.40201512610368484,1.0,2.0,1.0,2.0,1.0,2.0,0.2,1.0,1.0,1.0,1.0,ensemble_grid_blend,2.0,2024,Canadian Grand Prix,2024-06-09
PIA,McLaren,4.0,5.424446553039272,7.369081500199144,5.99353583047095,6.218886640031563,3,4,3.0,3.0,3,0.9818555922539752,3.0,5.0,3.0,5.0,3.0,5.0,0.0,0.55,1.0,0.6,1.0,ensemble_grid_blend,5.0,2024,Canadian Grand Prix,2024-06-09
RUS,Mercedes,1.0,5.872406560280504,6.296456375324022,6.898632274921352,6.226069138473905,4,1,4.0,4.0,4,0.6558978733019496,3.0,4.0,3.0,5.0,3.0,4.0,0.0,0.38,1.0,0.99,1.0,ensemble_grid_blend,3.0,2024,Canadian Grand Prix,2024-06-09
HAM,Mercedes,7.0,5.932511382771768,6.473167220034868,6.8992842714841025,6.31509550355632,5,7,5.0,5.0,5,0.6371495868001454,4.0,5.0,3.0,5.0,4.0,5.0,0.0,0.08,1.0,0.92,1.0,ensemble_grid_blend,4.0,2024,Canadian Grand Prix,2024-06-09
TSU,Racing Bulls,8.0,10.935534803989789,11.059183694573393,10.151553627163146,10.822015680328722,6,8,6.0,6.0,6,1.6883139638124303,6.0,10.0,6.0,11.0,6.0,10.0,0.0,0.0,0.92,0.57,1.0,ensemble_grid_blend,14.0,2024,Canadian Grand Prix,2024-06-09
ALO,Aston Martin,6.0,11.123778981604161,10.973663419913416,10.760266542524688,10.998536047196506,7,6,7.0,7.0,7,1.5327732837552783,6.0,9.0,6.0,11.0,6.0,9.0,0.0,0.0,0.95,0.7,1.0,ensemble_grid_blend,6.0,2024,Canadian Grand Prix,2024-06-09
OCO,Alpine,18.0,11.029709518138112,10.81474531325228,11.693038973811927,11.087137937562833,8,13,8.0,8.0,8,1.8252992006016908,6.0,10.0,6.0,11.524999999999991,6.0,10.0,0.0,0.0,0.88,0.47,1.0,ensemble_grid_blend,10.0,2024,Canadian Grand Prix,2024-06-09
GAS,Alpine,15.0,11.836181989265276,11.712620144561322,12.242215774532593,11.874142100672357,9,11,9.0,9.0,9,1.6997920253057224,7.0,11.0,6.0,12.0,7.0,11.0,0.0,0.0,0.74,0.52,1.0,ensemble_grid_blend,9.0,2024,Canadian Grand Prix,2024-06-09
HUL,Haas F1 Team,17.0,11.967466419241996,12.008468739593738,12.266179822304508,12.041559911977608,10,12,10.0,10.0,10,1.6481088029200701,8.0,12.0,7.0,12.524999999999991,8.0,12.0,0.0,0.0,0.56,0.61,1.0,ensemble_grid_blend,11.0,2024,Canadian Grand Prix,2024-06-09
STR,Aston Martin,9.0,12.180411491619061,12.00906687172476,12.547452946078561,12.193849165547956,11,9,11.0,11.0,11,1.8558942411526131,8.0,12.0,7.0,13.0,8.0,12.0,0.0,0.0,0.56,0.57,1.0,ensemble_grid_blend,7.0,2024,Canadian Grand Prix,2024-06-09
RIC,Racing Bulls,5.0,13.100808557263246,12.623254633438462,11.938355032324296,12.701173978936783,12,5,12.0,12.0,12,1.676305461424021,9.0,12.159999999999997,8.0,13.0,9.0,12.159999999999997,0.0,0.0,0.36,0.63,1.0,ensemble_grid_blend,8.0,2024,Canadian Grand Prix,2024-06-09
MAG,Haas F1 Team,14.0,14.44605418218506,13.700474622599618,14.07142728882501,14.110175957658146,13,10,13.0,13.0,13,1.0096003809888985,12.0,14.0,10.475,15.0,12.0,14.0,0.0,0.0,0.03,0.87,1.0,ensemble_grid_blend,12.0,2024,Canadian Grand Prix,2024-06-09
ZHO,Audi,20.0,15.319678319395104,15.013744588744592,14.580233110368901,15.064712471862185,14,15,14.0,14.0,14,0.6556668284265951,14.0,15.0,13.0,15.0,14.0,15.0,0.0,0.0,0.0,0.99,1.0,ensemble_grid_blend,15.0,2024,Canadian Grand Prix,2024-06-09
BOT,Audi,19.0,15.1431539736996,15.368723304473303,15.15821526087537,15.22511549690555,15,14,15.0,15.0,15,0.744271048704297,14.0,15.0,13.0,15.0,14.0,15.0,0.0,0.0,0.0,0.92,1.0,ensemble_grid_blend,13.0,2024,Canadian Grand Prix,2024-06-09
VER,Red Bull Racing,2.0,2.1669331921608106,1.5771432709985818,3.0268157711266426,2.132483235547197,1,2,1.0,1.0,1,0.6076947665505515,1.0,1.0,1.0,2.0,1.0,1.0,0.94,0.98,1.0,0.98,1.0,ensemble_grid_blend,1.0,2024,Spanish Grand Prix,2024-06-23
LEC,Ferrari,5.0,4.522139644068126,5.6317048507048515,4.70012325916612,4.946084189410579,2,5,2.0,2.0,2,1.7574085604903742,2.0,6.0,1.0,7.5249999999999915,2.0,6.0,0.04,0.61,1.0,0.61,1.0,ensemble_grid_blend,5.0,2024,Spanish Grand Prix,2024-06-23
PER,Red Bull Racing,11.0,5.19214491746718,5.040795622677975,5.2361121703114755,5.147966114859818,3,11,3.0,3.0,3,1.8701266634572475,2.0,6.0,2.0,8.0,2.0,6.0,0.02,0.36,1.0,0.57,1.0,ensemble_grid_blend,8.0,2024,Spanish Grand Prix,2024-06-23
NOR,McLaren,1.0,5.908641508109843,5.114816951022834,4.509274589075419,5.350929529322506,4,1,4.0,4.0,4,2.29404146924729,2.0,7.0,2.0,8.0,2.0,7.0,0.0,0.48,1.0,0.3,1.0,ensemble_grid_blend,2.0,2024,Spanish Grand Prix,2024-06-23
RUS,Mercedes,4.0,5.662728491173923,5.330874956914431,6.899188028485554,5.7938716616454276,5,4,5.0,5.0,5,1.7943514064131834,3.0,7.0,2.0,8.0,3.0,7.0,0.0,0.26,1.0,0.48,1.0,ensemble_grid_blend,4.0,2024,Spanish Grand Prix,2024-06-23
HAM,Mercedes,3.0,5.829406607101403,5.441539664583781,7.106094743417112,5.948990804483377,6,3,6.0,6.0,6,1.7278467945551614,3.84,8.0,3.0,8.0,3.84,8.0,0.0,0.16,1.0,0.54,1.0,ensemble_grid_blend,3.0,2024,Spanish Grand Prix,2024-06-23
SAI,Ferrari,6.0,6.008792244630594,6.278578643578643,5.759795640753657,6.053418163487024,7,6,7.0,7.0,7,1.8182853505876395,4.0,8.0,2.0,8.0,4.0,8.0,0.0,0.14,1.0,0.61,1.0,ensemble_grid_blend,6.0,2024,Spanish Grand Prix,2024-06-23
PIA,McLaren,9.0,6.027162708061869,6.431262570762571,6.901430736298221,6.3434512656543856,8,9,8.0,8.0,8,1.6888224335676063,4.0,8.0,4.0,9.0,4.0,8.0,0.0,0.01,1.0,0.49,1.0,ensemble_grid_blend,7.0,2024,Spanish Grand Prix,2024-06-23
ALO,Aston Martin,10.0,9.53505213807053,8.650649858311624,9.992202431314047,9.316941398803618,9,10,9.0,9.0,9,1.217506974240079,9.0,10.0,7.475,12.0,9.0,10.0,0.0,0.0,0.85,0.82,1.0,ensemble_grid_blend,12.0,2024,Spanish Grand Prix,2024-06-23
STR,Aston Martin,14.0,10.241674126596926,10.004433150183152,11.71820646945154,10.453946253423027,10,14,10.0,10.0,10,2.169578462990151,9.0,14.0,8.475,16.0,9.0,14.0,0.0,0.0,0.49,0.6,1.0,ensemble_grid_blend,14.0,2024,Spanish Grand Prix,2024-06-23
OCO,Alpine,8.0,10.911461102956107,10.730728843868553,12.169710410428285,11.099854673769899,11,8,11.0,11.0,11,1.7308548714027372,10.0,14.0,9.0,15.0,10.0,14.0,0.0,0.0,0.29,0.62,1.0,ensemble_grid_blend,10.0,2024,Spanish Grand Prix,2024-06-23
TSU,Racing Bulls,17.0,11.254780061644878,11.761893206466732,11.456947507486086,11.47270315150077,12,17,12.0,12.0,12,1.6071494308026535,11.0,14.0,10.0,15.0,11.0,14.0,0.0,0.0,0.14,0.65,1.0,ensemble_grid_blend,19.0,2024,Spanish Grand Prix,2024-06-23
GAS,Alpine,7.0,12.223250430939288,11.455584702062652,12.681131551166848,12.04614364987798,13,7,13.0,13.0,13,1.8884016008414644,11.0,15.0,10.0,16.52499999999999,11.0,15.0,0.0,0.0,0.08,0.46,1.0,ensemble_grid_blend,9.0,2024,Spanish Grand Prix,2024-06-23
ALB,Williams,20.0,12.095787284415955,12.20812667887668,12.886303308066033,12.293209277207225,14,20,14.0,14.0,14,2.143253450606193,11.0,16.0,10.0,17.0,11.0,16.0,0.0,0.0,0.07,0.4,1.0,ensemble_grid_blend,18.0,2024,Spanish Grand Prix,2024-06-23
RIC,Racing Bulls,18.0,12.735441853796054,12.560410644910641,12.150748869277434,12.557242333782437,15,18,15.0,15.0,15,1.7014254273545124,12.84,16.0,11.0,17.0,12.84,16.0,0.0,0.0,0.02,0.64,1.0,ensemble_grid_blend,15.0,2024,Spanish Grand Prix,2024-06-23
HUL,Haas F1 Team,13.0,11.75734374530411,13.577827949827947,13.626558043407874,12.768356076508205,16,13,16.0,16.0,16,1.9189643671585572,12.0,16.0,10.0,17.0,12.0,16.0,0.0,0.0,0.06,0.48,1.0,ensemble_grid_blend,11.0,2024,Spanish Grand Prix,2024-06-23
SAR,Williams,19.0,14.7876956853574,15.270212045626998,15.784210739370277,15.155879422254335,17,19,17.0,17.0,17,1.5316195956759584,17.0,20.0,15.0,20.0,17.0,20.0,0.0,0.0,0.0,0.55,1.0,ensemble_grid_blend,20.0,2024,Spanish Grand Prix,2024-06-23
MAG,Haas F1 Team,16.0,15.290650977206635,15.075704184704177,15.113205548772534,15.179930514143955,18,16,18.0,18.0,18,1.5067189585991212,17.0,20.0,14.475,20.0,17.0,20.0,0.0,0.0,0.0,0.65,1.0,ensemble_grid_blend,17.0,2024,Spanish Grand Prix,2024-06-23
BOT,Audi,12.0,15.378431826835914,15.152521645021643,15.431322236450779,15.309941345123892,19,12,19.0,19.0,19,1.010000500049881,18.0,20.0,17.0,20.0,18.0,20.0,0.0,0.0,0.0,0.91,1.0,ensemble_grid_blend,16.0,2024,Spanish Grand Prix,2024-06-23
ZHO,Audi,15.0,15.507548761275967,15.168376262626264,15.257531620799108,15.3388349586532,20,15,20.0,20.0,20,0.9087676192837122,17.0,19.0,17.0,20.0,17.0,19.0,0.0,0.0,0.0,0.48,1.0,ensemble_grid_blend,13.0,2024,Spanish Grand Prix,2024-06-23
VER,Red Bull Racing,1.0,1.7121613726490528,1.3042387836546872,2.686381057207277,1.7642324034126697,1,1,1.0,1.0,1,0.0,1.0,1.0,1.0,1.0,1.0,1.0,1.0,1.0,1.0,1.0,1.0,ensemble_grid_blend,5.0,2024,Austrian Grand Prix,2024-06-30
NOR,McLaren,2.0,5.0385769691465505,4.603244794421263,3.8430160048417132,4.6470985151317326,2,2,2.0,2.0,2,1.1791111187258945,2.0,4.0,2.0,6.0,2.0,4.0,0.0,0.7,1.0,0.7,1.0,ensemble_grid_blend,20.0,2024,Austrian Grand Prix,2024-06-30
PER,Red Bull Racing,8.0,4.518928967544485,4.701078320802005,5.295414479306399,4.737978343537,3,8,3.0,3.0,3,1.592279352172079,2.0,5.0,2.0,7.0,2.0,5.0,0.0,0.56,1.0,0.79,1.0,ensemble_grid_blend,7.0,2024,Austrian Grand Prix,2024-06-30
LEC,Ferrari,6.0,4.634686729922784,5.338797269723739,4.274820884756625,4.809152249819887,4,6,4.0,4.0,4,1.2350111437766567,3.0,5.0,2.0,6.5249999999999915,3.0,5.0,0.0,0.48,1.0,0.77,1.0,ensemble_grid_blend,11.0,2024,Austrian Grand Prix,2024-06-30
RUS,Mercedes,3.0,5.722638688499993,6.07083275058275,5.842139782315657,5.86840682899209,5,3,5.0,5.0,5,1.6750094225575465,4.0,7.159999999999997,2.475,8.0,4.0,7.159999999999997,0.0,0.12,0.99,0.57,1.0,ensemble_grid_blend,1.0,2024,Austrian Grand Prix,2024-06-30
HAM,Mercedes,5.0,6.849700227123011,5.985210345210349,5.838545304540832,6.344897783937143,6,5,6.0,6.0,6,1.5689860329898326,4.0,7.0,2.475,9.0,4.0,7.0,0.0,0.09,1.0,0.69,1.0,ensemble_grid_blend,4.0,2024,Austrian Grand Prix,2024-06-30
SAI,Ferrari,4.0,7.13955683175276,6.553505550005549,5.315601419876329,6.56964780076595,7,4,7.0,7.0,7,1.3769751653753985,5.0,8.0,3.0,8.0,5.0,8.0,0.0,0.04,1.0,0.7,1.0,ensemble_grid_blend,3.0,2024,Austrian Grand Prix,2024-06-30
PIA,McLaren,7.0,7.386179566226409,7.185016126847007,6.301391990086317,7.0988148472156,8,7,8.0,8.0,8,1.2673044646258478,6.0,8.0,4.0,9.0,6.0,8.0,0.0,0.01,1.0,0.77,1.0,ensemble_grid_blend,2.0,2024,Austrian Grand Prix,2024-06-30
ALO,Aston Martin,15.0,9.711479278425472,8.823466641201936,9.85494468792906,9.429367937297952,9,15,9.0,9.0,9,1.465116260426338,9.0,11.0,7.0,13.524999999999991,9.0,11.0,0.0,0.0,0.81,0.76,1.0,ensemble_grid_blend,18.0,2024,Austrian Grand Prix,2024-06-30
STR,Aston Martin,17.0,11.054641767794505,10.046426046176045,11.738756919652886,10.83858929559972,10,17,10.0,10.0,10,1.9347695814575268,9.84,14.0,9.0,15.0,9.84,14.0,0.0,0.0,0.49,0.62,1.0,ensemble_grid_blend,13.0,2024,Austrian Grand Prix,2024-06-30
GAS,Alpine,13.0,11.138492194397893,11.37213888888889,11.190815321343901,11.230733162858943,11,13,11.0,11.0,11,1.7306214216432503,10.0,14.0,9.0,15.524999999999991,10.0,14.0,0.0,0.0,0.17,0.66,1.0,ensemble_grid_blend,10.0,2024,Austrian Grand Prix,2024-06-30
OCO,Alpine,10.0,12.371897694132922,11.507849209270264,11.026985512138433,11.800498288032095,12,10,12.0,12.0,12,2.2150996967781533,10.0,15.0,9.0,17.0,10.0,15.0,0.0,0.0,0.23,0.48,1.0,ensemble_grid_blend,12.0,2024,Austrian Grand Prix,2024-06-30
HUL,Haas F1 Team,9.0,11.300003508503146,12.500319042069036,12.566617882035624,11.973436819957701,13,9,13.0,13.0,13,1.976094505571405,11.0,15.0,9.0,16.0,11.0,15.0,0.0,0.0,0.15,0.49,1.0,ensemble_grid_blend,6.0,2024,Austrian Grand Prix,2024-06-30
RIC,Racing Bulls,11.0,12.015208436313301,12.27071789321789,13.088268808718382,12.319248820710923,14,11,14.0,14.0,14,1.7580981459830651,12.0,16.0,10.0,17.0,12.0,16.0,0.0,0.0,0.04,0.62,1.0,ensemble_grid_blend,9.0,2024,Austrian Grand Prix,2024-06-30
TSU,Racing Bulls,14.0,12.316474998790175,12.445816299713359,12.839540230955517,12.466357500546358,15,14,15.0,15.0,15,2.0432445974108155,11.0,15.159999999999997,9.0,17.0,11.0,15.159999999999997,0.0,0.0,0.1,0.44,1.0,ensemble_grid_blend,14.0,2024,Austrian Grand Prix,2024-06-30
ALB,Williams,16.0,13.90066383076873,14.152946442446439,13.964791758633012,14.001788330428784,16,16,16.0,16.0,16,1.6641192653451642,15.0,18.0,12.475,19.0,15.0,18.0,0.0,0.0,0.01,0.7,1.0,ensemble_grid_blend,15.0,2024,Austrian Grand Prix,2024-06-30
MAG,Haas F1 Team,12.0,13.40796954790005,14.657240420398317,14.397852305019974,14.04319090469843,17,12,17.0,17.0,17,2.303620339089466,13.0,18.0,11.0,19.0,13.0,18.0,0.0,0.0,0.01,0.61,1.0,ensemble_grid_blend,8.0,2024,Austrian Grand Prix,2024-06-30
ZHO,Audi,20.0,15.183055249357551,15.369261405261408,14.348665982257847,15.08134955050396,18,20,18.0,18.0,18,0.8832904506457773,17.0,19.0,16.0,19.0,17.0,19.0,0.0,0.0,0.0,0.91,1.0,ensemble_grid_blend,17.0,2024,Austrian Grand Prix,2024-06-30
BOT,Audi,18.0,15.181389335330545,15.398142718392721,14.851341132074351,15.191243378751068,19,18,19.0,19.0,19,1.1145955465204553,18.0,19.0,16.0,20.0,18.0,19.0,0.0,0.0,0.0,0.88,1.0,ensemble_grid_blend,16.0,2024,Austrian Grand Prix,2024-06-30
SAR,Williams,19.0,16.080225871011205,16.68696088633589,16.830081915867567,16.442554335346117,20,19,20.0,20.0,20,0.6572055933413773,20.0,20.0,17.475,20.0,20.0,20.0,0.0,0.0,0.0,0.95,1.0,ensemble_grid_blend,19.0,2024,Austrian Grand Prix,2024-06-30
VER,Red Bull Racing,4.0,2.1643725047232025,1.4418556484578224,2.5721480882204544,1.9930467217297698,1,3,1.0,1.0,1,0.1,1.0,1.0,1.0,1.0,1.0,1.0,0.99,1.0,1.0,1.0,1.0,ensemble_grid_blend,2.0,2024,British Grand Prix,2024-07-07
PER,Red Bull Racing,20.0,5.278326826805855,5.2823345109632305,5.176289160209208,5.259321982941607,2,18,2.0,2.0,2,1.5532305857551392,2.0,5.159999999999997,2.0,7.0,2.0,5.159999999999997,0.01,0.56,1.0,0.56,1.0,ensemble_grid_blend,17.0,2024,British Grand Prix,2024-07-07
HAM,Mercedes,2.0,5.826287474539183,5.10953563103563,4.683408358096759,5.346848506024455,3,1,3.0,3.0,3,1.6868774571839993,2.0,6.0,2.0,7.0,2.0,6.0,0.0,0.58,1.0,0.66,1.0,ensemble_grid_blend,1.0,2024,British Grand Prix,2024-07-07
SAI,Ferrari,7.0,5.393897467341855,6.130655927405929,4.873302336915128,5.547643902278936,4,6,4.0,4.0,4,1.5499755618796842,2.0,6.0,2.0,7.0,2.0,6.0,0.0,0.39,1.0,0.59,1.0,ensemble_grid_blend,5.0,2024,British Grand Prix,2024-07-07
NOR,McLaren,3.0,6.295100020226256,6.146541515248037,5.892338145943842,6.162552168627396,5,2,5.0,5.0,5,1.404322331988355,3.0,6.0,2.0,7.0,3.0,6.0,0.0,0.23,1.0,0.71,1.0,ensemble_grid_blend,3.0,2024,British Grand Prix,2024-07-07
LEC,Ferrari,11.0,5.724566520948578,7.446203768453771,4.9470384921638395,6.171633951818448,6,10,6.0,6.0,6,1.5805318117901987,3.0,7.0,2.0,7.0,3.0,7.0,0.0,0.21,1.0,0.61,1.0,ensemble_grid_blend,14.0,2024,British Grand Prix,2024-07-07
PIA,McLaren,5.0,7.560521917839135,7.045739565989565,6.142622147601589,7.096768140644276,7,4,7.0,7.0,7,1.3203534880225574,5.0,7.0,3.475,8.0,5.0,7.0,0.0,0.03,0.99,0.69,1.0,ensemble_grid_blend,4.0,2024,British Grand Prix,2024-07-07
ALO,Aston Martin,10.0,9.606836161956274,9.8764276720012,10.58540406381762,9.896906770844266,8,9,8.0,8.0,8,1.5504968249049733,8.0,11.0,7.475,13.0,8.0,11.0,0.0,0.0,0.81,0.68,1.0,ensemble_grid_blend,8.0,2024,British Grand Prix,2024-07-07
STR,Aston Martin,8.0,9.56728881019495,9.64355826363179,11.557262732753175,9.99197790340949,9,7,9.0,9.0,9,1.452827268021588,8.0,11.0,8.0,13.524999999999991,8.0,11.0,0.0,0.0,0.83,0.82,1.0,ensemble_grid_blend,7.0,2024,British Grand Prix,2024-07-07
HUL,Haas F1 Team,6.0,10.445294504755337,10.91039537023864,10.665316544793926,10.65208421568221,10,5,10.0,10.0,10,2.034326632693199,8.0,13.0,8.0,14.0,8.0,13.0,0.0,0.0,0.43,0.47,1.0,ensemble_grid_blend,6.0,2024,British Grand Prix,2024-07-07
RIC,Racing Bulls,15.0,10.26461650755037,10.684755954829482,11.947181858715116,10.748178384331009,11,14,11.0,11.0,11,1.6229104669815841,9.0,13.0,8.0,14.0,9.0,13.0,0.0,0.0,0.47,0.63,1.0,ensemble_grid_blend,13.0,2024,British Grand Prix,2024-07-07
OCO,Alpine,18.0,11.179492429449194,11.247797219120748,10.583863995319032,11.084273419008206,12,17,12.0,12.0,12,1.839081896551163,10.0,13.159999999999997,8.0,15.0,10.0,13.159999999999997,0.0,0.0,0.3,0.54,1.0,ensemble_grid_blend,16.0,2024,British Grand Prix,2024-07-07
TSU,Racing Bulls,13.0,11.845560658597892,11.959001651942831,12.509971079689038,12.01814709048685,13,12,13.0,13.0,13,1.4872861869930083,11.0,14.0,9.475,15.0,11.0,14.0,0.0,0.0,0.1,0.73,1.0,ensemble_grid_blend,10.0,2024,British Grand Prix,2024-07-07
MAG,Haas F1 Team,17.0,12.49904519309006,13.005384726384731,12.421006089068959,12.660656208938976,14,16,14.0,14.0,14,1.903611665686406,12.0,15.0,9.0,17.0,12.0,15.0,0.0,0.0,0.06,0.68,1.0,ensemble_grid_blend,12.0,2024,British Grand Prix,2024-07-07
ALB,Williams,9.0,13.418225672950873,13.199157331230857,13.607677888797216,13.379442196518136,15,8,15.0,15.0,15,1.4268705603381113,13.0,15.0,11.0,17.0,13.0,15.0,0.0,0.0,0.01,0.7,1.0,ensemble_grid_blend,9.0,2024,British Grand Prix,2024-07-07
ZHO,Audi,14.0,15.224531510302532,14.971698317764105,14.321043917159766,14.955342374285529,16,13,16.0,16.0,16,0.7017294652672369,15.0,17.0,15.0,17.0,15.0,17.0,0.0,0.0,0.0,0.98,1.0,ensemble_grid_blend,18.0,2024,British Grand Prix,2024-07-07
BOT,Audi,16.0,15.255830678569192,15.118494133059924,14.73235580329094,15.103067912585297,17,15,17.0,17.0,17,0.6521913333934569,16.0,17.0,15.475,18.0,16.0,17.0,0.0,0.0,0.0,0.97,1.0,ensemble_grid_blend,15.0,2024,British Grand Prix,2024-07-07
SAR,Williams,12.0,16.35119110585037,16.96679329004329,16.494493002964706,16.59531224974076,18,11,18.0,18.0,18,0.5860327153276883,18.0,18.0,16.0,18.0,18.0,18.0,0.0,0.0,0.0,0.91,1.0,ensemble_grid_blend,11.0,2024,British Grand Prix,2024-07-07
VER,Red Bull Racing,3.0,2.577807339823693,2.3609082833832833,3.5841270911455103,2.703156620333913,1,3,1.0,1.0,1,1.0415121097459572,1.0,1.0,1.0,5.0,1.0,1.0,0.89,0.95,1.0,0.92,1.0,ensemble_grid_blend,5.0,2024,Hungarian Grand Prix,2024-07-21
RUS,Mercedes,17.0,4.5649974999698735,5.132861280875987,4.781046772034261,4.806959677699891,2,17,2.0,2.0,2,1.3400964837871137,3.0,5.0,2.0,6.5249999999999915,3.0,5.0,0.0,0.65,1.0,0.65,1.0,ensemble_grid_blend,8.0,2024,Hungarian Grand Prix,2024-07-21
HAM,Mercedes,5.0,4.650470776108938,5.09226683039183,4.706744866024858,4.8163542130911345,3,5,3.0,3.0,3,1.3446489534747754,2.0,4.0,1.0,6.0,2.0,4.0,0.09,0.79,1.0,0.79,1.0,ensemble_grid_blend,3.0,2024,Hungarian Grand Prix,2024-07-21
NOR,McLaren,1.0,6.663668078777445,5.510018953268955,5.917960060065105,6.110749281107005,4,1,4.0,4.0,4,1.743211943163504,3.0,6.0,2.0,8.0,3.0,6.0,0.01,0.26,1.0,0.58,1.0,ensemble_grid_blend,2.0,2024,Hungarian Grand Prix,2024-07-21
PIA,McLaren,2.0,6.596996102481894,6.897057081807081,6.067281294416605,6.596074483632652,5,2,5.0,5.0,5,1.7791156582000298,4.0,8.0,3.475,10.049999999999983,4.0,8.0,0.0,0.03,0.97,0.53,1.0,ensemble_grid_blend,1.0,2024,Hungarian Grand Prix,2024-07-21
LEC,Ferrari,6.0,7.147560734235803,5.842026362526363,7.023735934817067,6.665858744253751,6,6,6.0,6.0,6,2.1854431166611534,2.84,7.0,2.0,9.524999999999991,2.84,7.0,0.01,0.2,0.98,0.57,1.0,ensemble_grid_blend,4.0,2024,Hungarian Grand Prix,2024-07-21
SAI,Ferrari,4.0,7.576647129189715,7.292586885336883,5.764908762365392,7.11487837047636,7,4,7.0,7.0,7,2.1220106721996697,4.0,8.0,2.475,11.0,4.0,8.0,0.0,0.05,0.94,0.53,1.0,ensemble_grid_blend,6.0,2024,Hungarian Grand Prix,2024-07-21
PER,Red Bull Racing,16.0,7.598172822212635,7.34076628926629,7.497286336349177,7.487903238508722,8,16,8.0,8.0,8,1.909571848992503,5.0,8.0,3.0,11.0,5.0,8.0,0.0,0.07,0.96,0.59,1.0,ensemble_grid_blend,7.0,2024,Hungarian Grand Prix,2024-07-21
ALO,Aston Martin,7.0,9.552665050470315,9.850786696619517,10.754004436641923,9.897275503856857,9,7,9.0,9.0,9,1.6468825769380833,9.0,11.0,7.475,14.0,9.0,11.0,0.0,0.0,0.7,0.67,1.0,ensemble_grid_blend,11.0,2024,Hungarian Grand Prix,2024-07-21
STR,Aston Martin,8.0,10.248877586205342,9.881538544788546,11.404498890601594,10.351433182588714,10,8,10.0,10.0,10,1.8955290298569167,9.0,13.0,8.475,15.0,9.0,13.0,0.0,0.0,0.56,0.65,1.0,ensemble_grid_blend,10.0,2024,Hungarian Grand Prix,2024-07-21
OCO,Alpine,19.0,10.193850892028426,10.211968142968145,11.805247461748571,10.522471243801355,11,19,11.0,11.0,11,1.769665836172799,10.0,13.0,8.0,15.0,10.0,13.0,0.0,0.0,0.39,0.65,1.0,ensemble_grid_blend,18.0,2024,Hungarian Grand Prix,2024-07-21
HUL,Haas F1 Team,11.0,10.652777156148804,10.657784409438248,10.476694688257227,10.619313201221795,12,11,12.0,12.0,12,2.082733246908441,9.0,12.159999999999997,6.0,14.524999999999991,9.0,12.159999999999997,0.0,0.0,0.35,0.58,1.0,ensemble_grid_blend,13.0,2024,Hungarian Grand Prix,2024-07-21
RIC,Racing Bulls,9.0,12.152568245105352,11.962463329154504,12.448404947359958,12.145198864973477,13,9,13.0,13.0,13,1.6666666666666665,12.0,15.0,10.0,16.52499999999999,12.0,15.0,0.0,0.0,0.06,0.67,1.0,ensemble_grid_blend,12.0,2024,Hungarian Grand Prix,2024-07-21
TSU,Racing Bulls,10.0,12.158125479589257,12.285733294483292,12.541543251060032,12.279471769096324,14,10,14.0,14.0,14,1.6942862982996885,12.0,15.0,9.0,16.0,12.0,15.0,0.0,0.0,0.06,0.73,1.0,ensemble_grid_blend,9.0,2024,Hungarian Grand Prix,2024-07-21
ALB,Williams,13.0,13.380724363433469,12.148713203463199,13.145466315012174,12.902468847759616,15,13,15.0,15.0,15,1.5796688055898096,13.0,16.0,12.0,17.0,13.0,16.0,0.0,0.0,0.02,0.75,1.0,ensemble_grid_blend,14.0,2024,Hungarian Grand Prix,2024-07-21
MAG,Haas F1 Team,15.0,13.162634170683914,13.66504066766567,12.723091496950508,13.250567909880846,16,15,16.0,16.0,16,1.8891235742502075,13.84,17.0,11.0,18.0,13.84,17.0,0.0,0.0,0.01,0.61,1.0,ensemble_grid_blend,15.0,2024,Hungarian Grand Prix,2024-07-21
ZHO,Audi,18.0,14.706942531636544,14.768939754689752,15.14031466399537,14.815315986176932,17,18,17.0,17.0,17,0.899157855153837,16.0,18.0,15.475,19.0,16.0,18.0,0.0,0.0,0.0,0.93,1.0,ensemble_grid_blend,19.0,2024,Hungarian Grand Prix,2024-07-21
BOT,Audi,12.0,14.978429812988379,14.98544336219336,15.251272801790286,15.035453152970502,18,12,18.0,18.0,18,0.8989331499509897,17.0,19.0,16.0,19.0,17.0,19.0,0.0,0.0,0.0,0.94,1.0,ensemble_grid_blend,16.0,2024,Hungarian Grand Prix,2024-07-21
SAR,Williams,14.0,15.522585821586494,16.267843248255012,15.782616034033857,15.835431963409949,19,14,19.0,19.0,19,0.9373829893308651,17.0,19.0,16.0,19.0,17.0,19.0,0.0,0.0,0.0,0.81,1.0,ensemble_grid_blend,17.0,2024,Hungarian Grand Prix,2024-07-21
VER,Red Bull Racing,11.0,3.9179492244835075,2.881289682539684,3.7623644795142077,3.5240014358093097,1,11,1.0,1.0,1,1.8247457274088819,1.0,4.0,1.0,7.0,1.0,4.0,0.66,0.81,1.0,0.75,1.0,ensemble_grid_blend,4.0,2024,Belgian Grand Prix,2024-07-28
PIA,McLaren,5.0,4.356833623924946,5.689022730537436,4.7503829405342515,4.9018096745611786,2,5,2.0,2.0,2,2.050966758985783,2.0,6.0,1.0,8.0,2.0,6.0,0.11,0.57,1.0,0.57,1.0,ensemble_grid_blend,2.0,2024,Belgian Grand Prix,2024-07-28
NOR,McLaren,4.0,4.86610334244359,5.182370128663606,4.86430429482986,4.976436908097849,3,4,3.0,3.0,3,2.1625602111078126,2.0,7.0,1.0,8.0,2.0,7.0,0.09,0.47,0.99,0.54,1.0,ensemble_grid_blend,5.0,2024,Belgian Grand Prix,2024-07-28
RUS,Mercedes,6.0,5.620216235321642,5.3307164502164515,4.436530011193069,5.282154065709111,4,6,4.0,4.0,4,1.9828558121349047,3.0,7.0,1.0,8.0,3.0,7.0,0.05,0.31,1.0,0.43,1.0,ensemble_grid_blend,20.0,2024,Belgian Grand Prix,2024-07-28
HAM,Mercedes,3.0,5.345007061724639,6.1181060606060615,3.787109227642226,5.304012144516654,5,3,5.0,5.0,5,1.8388347210429576,3.0,6.0,1.0,8.0,3.0,6.0,0.04,0.29,1.0,0.57,1.0,ensemble_grid_blend,1.0,2024,Belgian Grand Prix,2024-07-28
LEC,Ferrari,1.0,5.621776514324505,4.439874514374516,6.461929233343012,5.37614135814571,6,1,6.0,6.0,6,1.9658447178110112,2.84,7.0,1.0,8.0,2.84,7.0,0.04,0.3,1.0,0.47,1.0,ensemble_grid_blend,3.0,2024,Belgian Grand Prix,2024-07-28
SAI,Ferrari,7.0,6.090280030502297,5.439026695526695,5.562975660753974,5.756880489311172,7,7,7.0,7.0,7,1.8881876297795528,3.0,7.159999999999997,2.0,8.0,3.0,7.159999999999997,0.01,0.21,1.0,0.54,1.0,ensemble_grid_blend,6.0,2024,Belgian Grand Prix,2024-07-28
PER,Red Bull Racing,2.0,6.954146048571914,7.034101870351873,7.272276554734857,7.045756687427488,8,2,8.0,8.0,8,2.0647107068619333,5.0,8.0,3.0,12.0,5.0,8.0,0.0,0.04,0.94,0.61,1.0,ensemble_grid_blend,7.0,2024,Belgian Grand Prix,2024-07-28
ALO,Aston Martin,8.0,10.342198568655077,10.781047535797535,10.096697440288242,10.446695481481571,9,8,9.0,9.0,9,1.66760579601688,9.0,12.0,8.0,13.524999999999991,9.0,12.0,0.0,0.0,0.61,0.6,1.0,ensemble_grid_blend,8.0,2024,Belgian Grand Prix,2024-07-28
HUL,Haas F1 Team,16.0,11.04028888033895,10.64014980444392,9.754588033909974,10.643100034489894,10,16,10.0,10.0,10,1.8205060901415364,9.0,13.0,8.0,14.524999999999991,9.0,13.0,0.0,0.0,0.47,0.62,1.0,ensemble_grid_blend,18.0,2024,Belgian Grand Prix,2024-07-28
STR,Aston Martin,15.0,10.688737671013921,10.892737609612611,10.509634929110105,10.724317101142699,11,15,11.0,11.0,11,1.8222807332315925,10.0,13.0,9.0,15.0,10.0,13.0,0.0,0.0,0.36,0.58,1.0,ensemble_grid_blend,11.0,2024,Belgian Grand Prix,2024-07-28
TSU,Racing Bulls,20.0,11.035398539121974,11.077747918747919,10.65148025734474,10.973437165635607,12,19,12.0,12.0,12,1.6044131058244988,9.84,13.0,9.0,15.0,9.84,13.0,0.0,0.0,0.26,0.63,1.0,ensemble_grid_blend,16.0,2024,Belgian Grand Prix,2024-07-28
RIC,Racing Bulls,13.0,11.26217097241773,11.342183927183926,11.008125558648976,11.239366423832147,13,13,13.0,13.0,13,1.8612475451273065,10.0,14.0,9.0,16.0,10.0,14.0,0.0,0.0,0.2,0.55,1.0,ensemble_grid_blend,10.0,2024,Belgian Grand Prix,2024-07-28
GAS,Alpine,12.0,13.179140888125186,12.24824453324453,12.036696121693067,12.624838210630532,14,12,14.0,14.0,14,2.0694995247228936,12.0,16.0,9.475,17.0,12.0,16.0,0.0,0.0,0.08,0.55,1.0,ensemble_grid_blend,13.0,2024,Belgian Grand Prix,2024-07-28
ALB,Williams,10.0,12.901535439790042,12.758573981573978,12.390491086158978,12.749290058688207,15,10,15.0,15.0,15,1.9078784028338915,13.0,16.0,10.0,17.52499999999999,13.0,16.0,0.0,0.0,0.07,0.69,1.0,ensemble_grid_blend,12.0,2024,Belgian Grand Prix,2024-07-28
MAG,Haas F1 Team,17.0,13.623705486701537,13.626121137032904,11.80720663357964,13.261251193693136,16,17,16.0,16.0,16,1.7545035845739465,14.0,17.0,12.475,18.52499999999999,14.0,17.0,0.0,0.0,0.01,0.61,1.0,ensemble_grid_blend,14.0,2024,Belgian Grand Prix,2024-07-28
OCO,Alpine,9.0,14.718307624637088,13.86277056277056,13.218417129670541,14.118891553990494,17,9,17.0,17.0,17,1.6021135030851208,16.0,18.0,13.0,19.0,16.0,18.0,0.0,0.0,0.01,0.76,1.0,ensemble_grid_blend,9.0,2024,Belgian Grand Prix,2024-07-28
BOT,Audi,14.0,14.581733802195622,14.949545232545239,15.277036135825204,14.849528269543905,18,14,18.0,18.0,18,1.1153655920999195,17.0,19.0,15.0,19.0,17.0,19.0,0.0,0.0,0.0,0.87,1.0,ensemble_grid_blend,15.0,2024,Belgian Grand Prix,2024-07-28
SAR,Williams,18.0,14.932711881545488,16.285121615312786,15.047779338125935,15.429068779680131,19,18,19.0,19.0,19,0.8989331499509894,18.0,19.0,16.0,19.0,18.0,19.0,0.0,0.0,0.0,0.87,1.0,ensemble_grid_blend,17.0,2024,Belgian Grand Prix,2024-07-28
VER,Red Bull Racing,2.0,4.143381058784362,2.9394083307996346,3.8935870569943978,3.6720318036317146,1,2,1.0,1.0,1,1.6631478004256286,1.0,3.0,1.0,7.0,1.0,3.0,0.68,0.86,1.0,0.71,1.0,ensemble_grid_blend,2.0,2024,Dutch Grand Prix,2024-08-25
PIA,McLaren,3.0,4.4635977652779495,5.788827274849334,4.0293521695711485,4.840578974486574,2,3,2.0,2.0,2,1.6727162933324342,1.0,5.0,1.0,7.0,1.0,5.0,0.18,0.53,1.0,0.53,1.0,ensemble_grid_blend,4.0,2024,Dutch Grand Prix,2024-08-25
NOR,McLaren,1.0,4.9669905829782675,5.498179875679876,3.932504030792198,4.946009524986616,3,1,3.0,3.0,3,1.6236882817719773,2.0,5.0,1.0,7.0,2.0,5.0,0.04,0.57,1.0,0.75,1.0,ensemble_grid_blend,1.0,2024,Dutch Grand Prix,2024-08-25
HAM,Mercedes,14.0,4.952790826579929,5.686848304473305,4.575021623066578,5.13415710313994,4,14,4.0,4.0,4,2.0605971479308143,2.0,6.0,1.0,8.0,2.0,6.0,0.09,0.59,1.0,0.34,1.0,ensemble_grid_blend,8.0,2024,Dutch Grand Prix,2024-08-25
LEC,Ferrari,6.0,6.077720541413615,5.92588938838939,5.767150729147936,5.962465675401999,5,6,5.0,5.0,5,1.9541202262363129,3.0,6.159999999999997,2.0,9.0,3.0,6.159999999999997,0.0,0.27,0.99,0.57,1.0,ensemble_grid_blend,3.0,2024,Dutch Grand Prix,2024-08-25
PER,Red Bull Racing,5.0,6.98224234903047,6.599516708781416,7.347046791170079,6.921249263371223,6,5,6.0,6.0,6,1.6143297699232972,6.0,8.0,2.475,9.0,6.0,8.0,0.0,0.05,0.99,0.56,1.0,ensemble_grid_blend,6.0,2024,Dutch Grand Prix,2024-08-25
SAI,Ferrari,10.0,7.301102978996418,7.278832972582972,5.565373996913434,6.9461626803351155,7,10,7.0,7.0,7,2.1672493389016636,4.0,8.0,2.0,10.0,4.0,8.0,0.01,0.1,0.99,0.42,1.0,ensemble_grid_blend,5.0,2024,Dutch Grand Prix,2024-08-25
RUS,Mercedes,4.0,7.367583485128237,7.238016050126347,7.319431911445388,7.312604568141005,8,4,8.0,8.0,8,1.4954138645413937,5.0,8.0,3.475,9.524999999999991,5.0,8.0,0.0,0.03,0.99,0.53,1.0,ensemble_grid_blend,7.0,2024,Dutch Grand Prix,2024-08-25
ALO,Aston Martin,7.0,9.082352859006985,8.709860753625458,9.47476306863116,9.030462664048287,9,7,9.0,9.0,9,1.6174240650060228,8.0,10.0,5.475,12.524999999999991,8.0,10.0,0.0,0.0,0.86,0.71,1.0,ensemble_grid_blend,10.0,2024,Dutch Grand Prix,2024-08-25
STR,Aston Martin,8.0,9.933766010688391,9.843211704961705,10.341736135514681,9.98366602864931,10,8,10.0,10.0,10,2.040400040000079,10.0,13.159999999999997,8.0,16.0,10.0,13.159999999999997,0.0,0.0,0.5,0.56,1.0,ensemble_grid_blend,13.0,2024,Dutch Grand Prix,2024-08-25
RIC,Racing Bulls,13.0,10.135409107381923,10.762119494540547,11.409151839754974,10.609506289362052,11,13,11.0,11.0,11,1.714436621544503,10.0,13.0,9.0,15.0,10.0,13.0,0.0,0.0,0.29,0.66,1.0,ensemble_grid_blend,12.0,2024,Dutch Grand Prix,2024-08-25
TSU,Racing Bulls,11.0,10.457022007058711,10.937750804750813,11.625542407555253,10.858981166350254,12,11,12.0,12.0,12,1.7725174701023911,11.0,14.0,9.475,16.0,11.0,14.0,0.0,0.0,0.09,0.57,1.0,ensemble_grid_blend,17.0,2024,Dutch Grand Prix,2024-08-25
HUL,Haas F1 Team,12.0,11.17576865553458,10.734946370622845,12.115853929555495,11.209497910619655,13,12,13.0,13.0,13,1.9850705404355409,11.0,15.0,9.0,16.0,11.0,15.0,0.0,0.0,0.14,0.5,1.0,ensemble_grid_blend,11.0,2024,Dutch Grand Prix,2024-08-25
ALB,Williams,19.0,11.612204324545425,11.128819108995582,12.42531262517334,11.605641159228565,14,19,14.0,14.0,14,1.6904664349453284,12.0,16.0,11.0,17.0,12.0,16.0,0.0,0.0,0.0,0.61,1.0,ensemble_grid_blend,14.0,2024,Dutch Grand Prix,2024-08-25
GAS,Alpine,9.0,12.34322863593105,11.459617327117329,12.323997457195146,12.030118442099067,15,9,15.0,15.0,15,2.42485030257519,11.0,16.0,9.0,17.0,11.0,16.0,0.0,0.0,0.14,0.49,1.0,ensemble_grid_blend,9.0,2024,Dutch Grand Prix,2024-08-25
OCO,Alpine,15.0,12.887548840688476,12.08276356976357,12.843407970414626,12.597045821809989,16,15,16.0,16.0,16,1.8634170849069815,13.0,17.0,11.0,17.0,13.0,17.0,0.0,0.0,0.02,0.72,1.0,ensemble_grid_blend,15.0,2024,Dutch Grand Prix,2024-08-25
MAG,Haas F1 Team,20.0,12.961369121151574,14.009465909090911,13.498166764976578,13.435562525695342,17,20,17.0,17.0,17,1.4750107001837531,15.0,17.0,13.0,19.52499999999999,15.0,17.0,0.0,0.0,0.0,0.7,1.0,ensemble_grid_blend,18.0,2024,Dutch Grand Prix,2024-08-25
BOT,Audi,16.0,15.510732150904353,15.21880796980796,15.24205561657023,15.35482338065379,18,16,18.0,18.0,18,0.7722458393307382,18.0,19.0,17.0,20.0,18.0,19.0,0.0,0.0,0.0,0.87,1.0,ensemble_grid_blend,19.0,2024,Dutch Grand Prix,2024-08-25
ZHO,Audi,17.0,15.593853672982691,15.403822760572762,15.596596348467994,15.527891388736276,19,17,19.0,19.0,19,0.833333333333333,18.0,20.0,18.0,20.0,18.0,20.0,0.0,0.0,0.0,0.98,1.0,ensemble_grid_blend,20.0,2024,Dutch Grand Prix,2024-08-25
SAR,Williams,18.0,15.723466557492884,16.20735723590135,15.268472717562743,15.801829526949819,20,18,20.0,20.0,20,0.9947336073014472,18.0,20.0,17.475,20.0,18.0,20.0,0.0,0.0,0.0,0.61,1.0,ensemble_grid_blend,16.0,2024,Dutch Grand Prix,2024-08-25
VER,Red Bull Racing,7.0,3.6919647322698435,2.7586333666333673,3.6567745014021673,3.358260708123541,1,7,1.0,1.0,1,1.3989895343324472,1.0,3.0,1.0,5.5249999999999915,1.0,3.0,0.74,0.9,1.0,0.8,1.0,ensemble_grid_blend,6.0,2024,Italian Grand Prix,2024-09-01
PIA,McLaren,2.0,4.301934277716887,5.154232350982352,4.1880642042202085,4.5774645886604635,2,2,2.0,2.0,2,1.6174240650060225,2.0,6.0,1.0,6.5249999999999915,2.0,6.0,0.09,0.59,1.0,0.59,1.0,ensemble_grid_blend,2.0,2024,Italian Grand Prix,2024-09-01
NOR,McLaren,1.0,5.112909242348638,5.048492784992785,3.7820029055187847,4.824182214908119,3,1,3.0,3.0,3,1.8881876297795528,2.0,6.0,1.0,7.5249999999999915,2.0,6.0,0.11,0.59,1.0,0.61,1.0,ensemble_grid_blend,3.0,2024,Italian Grand Prix,2024-09-01
LEC,Ferrari,4.0,4.8428443414814675,5.016256299256299,5.138473733411059,4.962664405088577,4,4,4.0,4.0,4,1.7331002174243597,2.0,6.0,1.0,7.0,2.0,6.0,0.04,0.4,1.0,0.57,1.0,ensemble_grid_blend,1.0,2024,Italian Grand Prix,2024-09-01
HAM,Mercedes,6.0,5.402845101098977,5.615872002997006,6.067768096015365,5.610389115746565,5,6,5.0,5.0,5,1.7597061278991037,3.0,7.0,2.0,8.0,3.0,7.0,0.01,0.18,1.0,0.55,1.0,ensemble_grid_blend,5.0,2024,Italian Grand Prix,2024-09-01
SAI,Ferrari,5.0,6.168072433960622,6.010256105006104,5.458724210971646,5.970967074228746,6,5,6.0,6.0,6,1.786594299755597,4.0,7.0,2.0,8.0,4.0,7.0,0.0,0.15,1.0,0.55,1.0,ensemble_grid_blend,4.0,2024,Italian Grand Prix,2024-09-01
PER,Red Bull Racing,8.0,5.680643077928313,6.106893578643578,6.786578246919903,6.051017786976974,7,8,7.0,7.0,7,1.951404570554194,3.0,7.159999999999997,2.0,8.0,3.0,7.159999999999997,0.01,0.18,1.0,0.52,1.0,ensemble_grid_blend,8.0,2024,Italian Grand Prix,2024-09-01
RUS,Mercedes,3.0,7.222158150740094,7.027914224664227,8.479022882379894,7.4055457229415005,8,3,8.0,8.0,8,1.212560526449311,6.0,8.0,4.475,9.524999999999991,6.0,8.0,0.0,0.01,0.99,0.77,1.0,ensemble_grid_blend,7.0,2024,Italian Grand Prix,2024-09-01
ALO,Aston Martin,11.0,10.21051312596133,11.100398407148404,10.026939978671962,10.485258344918932,9,11,9.0,9.0,9,1.7909988184465024,9.0,12.0,8.0,14.524999999999991,9.0,12.0,0.0,0.0,0.62,0.6,1.0,ensemble_grid_blend,11.0,2024,Italian Grand Prix,2024-09-01
RIC,Racing Bulls,12.0,10.979376831489633,10.86016854782644,11.939372577437766,11.12965308139714,10,12,10.0,10.0,10,1.7097167347637772,9.0,13.0,9.0,14.0,9.0,13.0,0.0,0.0,0.48,0.68,1.0,ensemble_grid_blend,13.0,2024,Italian Grand Prix,2024-09-01
STR,Aston Martin,17.0,11.611859560425417,11.177211458132508,11.166717954337225,11.370704403405261,11,16,11.0,11.0,11,2.0121851030382096,10.0,14.0,9.0,16.0,10.0,14.0,0.0,0.0,0.43,0.54,1.0,ensemble_grid_blend,19.0,2024,Italian Grand Prix,2024-09-01
GAS,Alpine,14.0,11.89661542259932,11.450281531334165,12.135224280626447,11.788120332261942,12,14,12.0,12.0,12,1.8796894220142655,10.0,14.0,9.0,16.0,10.0,14.0,0.0,0.0,0.23,0.58,1.0,ensemble_grid_blend,15.0,2024,Italian Grand Prix,2024-09-01
COL,Williams,18.0,12.696008609968002,12.315875174533076,12.609895984052795,12.545739382382736,13,17,13.0,13.0,13,1.9096776395163362,11.0,15.0,10.0,16.0,11.0,15.0,0.0,0.0,0.12,0.5,1.0,ensemble_grid_blend,12.0,2024,Italian Grand Prix,2024-09-01
OCO,Alpine,15.0,13.07601205720906,12.312709381262009,13.079661641339491,12.809586037453679,14,15,14.0,14.0,14,1.9799755125513625,12.0,16.0,10.0,16.0,12.0,16.0,0.0,0.0,0.05,0.43,1.0,ensemble_grid_blend,14.0,2024,Italian Grand Prix,2024-09-01
ALB,Williams,9.0,12.819916037309806,12.642989184791825,13.311491757798713,12.856306783026294,15,9,15.0,15.0,15,1.9729483653976483,12.0,16.0,10.0,17.0,12.0,16.0,0.0,0.0,0.05,0.57,1.0,ensemble_grid_blend,9.0,2024,Italian Grand Prix,2024-09-01
HUL,Haas F1 Team,10.0,13.530242547415389,12.372499862710395,12.907299392498215,13.000443976785206,16,10,16.0,16.0,16,1.7019003045021899,12.84,16.0,10.475,17.0,12.84,16.0,0.0,0.0,0.03,0.51,1.0,ensemble_grid_blend,17.0,2024,Italian Grand Prix,2024-09-01
MAG,Haas F1 Team,13.0,15.453679659848538,15.446326395826395,14.718708634372621,15.304111812345603,17,13,17.0,17.0,17,0.8768054965543264,17.0,18.0,15.475,19.0,17.0,18.0,0.0,0.0,0.0,0.85,1.0,ensemble_grid_blend,10.0,2024,Italian Grand Prix,2024-09-01
BOT,Audi,19.0,16.172444361117662,16.168720834720837,16.35720775938329,16.2080938065319,18,18,18.0,18.0,18,0.5924610544247622,17.0,18.0,17.0,19.0,17.0,18.0,0.0,0.0,0.0,0.99,1.0,ensemble_grid_blend,16.0,2024,Italian Grand Prix,2024-09-01
ZHO,Audi,20.0,16.287105157622126,16.296518065268067,16.72867083067975,16.378712809909732,19,19,19.0,19.0,19,0.5839607015973773,18.0,19.0,17.0,19.0,18.0,19.0,0.0,0.0,0.0,0.94,1.0,ensemble_grid_blend,18.0,2024,Italian Grand Prix,2024-09-01
NOR,McLaren,15.0,3.496035820331238,2.872025047416352,3.3436180593617575,3.247148497617132,1,14,1.0,1.0,1,0.8950481054731702,1.0,3.0,1.0,4.0,1.0,3.0,0.41,0.94,1.0,0.78,1.0,ensemble_grid_blend,4.0,2024,Azerbaijan Grand Prix,2024-09-15
PIA,McLaren,2.0,3.465870295102515,3.408226412476415,3.635569996588095,3.479634876480496,2,2,2.0,2.0,2,1.015585615009459,2.0,4.0,1.0,5.0,2.0,4.0,0.07,0.76,1.0,0.76,1.0,ensemble_grid_blend,1.0,2024,Azerbaijan Grand Prix,2024-09-15
LEC,Ferrari,1.0,3.4441772968375615,3.802608835608833,3.960233166678691,3.672839509375732,3,1,3.0,3.0,3,1.1952769004238595,1.0,4.0,1.0,5.0,1.0,4.0,0.17,0.67,1.0,0.79,1.0,ensemble_grid_blend,2.0,2024,Azerbaijan Grand Prix,2024-09-15
VER,Red Bull Racing,6.0,4.5915862598744885,3.0560341325341325,3.6117262504692196,3.85817101342431,4,6,4.0,4.0,4,1.7977539297465577,1.0,5.0,1.0,6.5249999999999915,1.0,5.0,0.35,0.57,1.0,0.51,1.0,ensemble_grid_blend,5.0,2024,Azerbaijan Grand Prix,2024-09-15
PER,Red Bull Racing,4.0,5.810412480319169,5.878345987345987,6.549051711000262,5.981917053914774,5,4,5.0,5.0,5,1.068180743605735,5.0,7.0,4.0,7.5249999999999915,5.0,7.0,0.0,0.02,1.0,0.81,1.0,ensemble_grid_blend,17.0,2024,Azerbaijan Grand Prix,2024-09-15
SAI,Ferrari,3.0,6.6596024193019785,7.354054279054278,4.579846151071558,6.486709316569199,6,3,6.0,6.0,6,1.528715047669021,5.0,7.159999999999997,3.0,9.0,5.0,7.159999999999997,0.0,0.04,1.0,0.69,1.0,ensemble_grid_blend,18.0,2024,Azerbaijan Grand Prix,2024-09-15
HAM,Mercedes,19.0,7.738543078616044,7.326984833793656,5.830009625097562,7.212791002224511,7,18,7.0,7.0,7,1.2382375875543121,6.0,8.0,4.475,9.0,6.0,8.0,0.0,0.0,1.0,0.78,1.0,ensemble_grid_blend,9.0,2024,Azerbaijan Grand Prix,2024-09-15
RUS,Mercedes,5.0,7.557019100675838,7.88983362389245,8.105281853787687,7.783156734424022,8,5,8.0,8.0,8,1.1838560518556096,6.84,8.0,6.0,10.524999999999991,6.84,8.0,0.0,0.0,0.97,0.75,1.0,ensemble_grid_blend,3.0,2024,Azerbaijan Grand Prix,2024-09-15
ALO,Aston Martin,7.0,9.267713861116512,9.024888766462297,10.142200038904743,9.357622313545182,9,7,9.0,9.0,9,1.1304330090185741,8.0,10.0,7.0,12.524999999999991,8.0,10.0,0.0,0.0,0.93,0.89,1.0,ensemble_grid_blend,6.0,2024,Azerbaijan Grand Prix,2024-09-15
STR,Aston Martin,13.0,10.730494329020125,9.577780858030856,12.159611377416985,10.612868023853252,10,12,10.0,10.0,10,1.7255068059482517,9.0,13.0,8.475,15.0,9.0,13.0,0.0,0.0,0.53,0.65,1.0,ensemble_grid_blend,19.0,2024,Azerbaijan Grand Prix,2024-09-15
GAS,Alpine,18.0,11.510710451248585,11.25830577755578,11.73941609401968,11.468109944010322,11,17,11.0,11.0,11,1.9507833184532706,10.0,14.0,9.475,16.0,10.0,14.0,0.0,0.0,0.19,0.62,1.0,ensemble_grid_blend,12.0,2024,Azerbaijan Grand Prix,2024-09-15
BEA,Haas F1 Team,10.0,12.099704989232743,11.545632944454919,11.086813636905156,11.703201503094986,12,10,12.0,12.0,12,2.613021007929096,10.0,16.0,9.0,17.0,10.0,16.0,0.0,0.0,0.2,0.39,1.0,ensemble_grid_blend,10.0,2024,Azerbaijan Grand Prix,2024-09-15
OCO,Alpine,20.0,11.793070467134509,11.925952379320028,12.24026355116731,11.929017753206,13,19,13.0,13.0,13,2.2132749170823445,11.0,16.0,10.0,17.0,11.0,16.0,0.0,0.0,0.11,0.4,1.0,ensemble_grid_blend,15.0,2024,Azerbaijan Grand Prix,2024-09-15
COL,Williams,8.0,12.127163269549287,12.402317739450089,12.474226920454461,12.292880064195602,14,8,14.0,14.0,14,2.011356645539412,12.0,16.0,10.475,17.0,12.0,16.0,0.0,0.0,0.03,0.42,1.0,ensemble_grid_blend,8.0,2024,Azerbaijan Grand Prix,2024-09-15
RIC,Racing Bulls,14.0,12.65172557521486,12.34243265068265,11.9620955362942,12.405547043844454,15,13,15.0,15.0,15,1.7394995216609248,13.0,16.0,11.0,17.0,13.0,16.0,0.0,0.0,0.02,0.61,1.0,ensemble_grid_blend,13.0,2024,Azerbaijan Grand Prix,2024-09-15
ALB,Williams,9.0,12.494241892634653,12.63717443830679,11.921265568839534,12.429673018860877,16,9,16.0,16.0,16,1.8945962497310473,12.0,16.0,11.0,17.0,12.0,16.0,0.0,0.0,0.01,0.42,1.0,ensemble_grid_blend,7.0,2024,Azerbaijan Grand Prix,2024-09-15
HUL,Haas F1 Team,12.0,12.8957715500358,12.831722632759393,13.05218074432901,12.9046362678477,17,11,17.0,17.0,17,1.9472591460353144,13.0,17.0,11.0,17.0,13.0,17.0,0.0,0.0,0.01,0.5,1.0,ensemble_grid_blend,11.0,2024,Azerbaijan Grand Prix,2024-09-15
BOT,Audi,16.0,14.857916990774518,14.894824786324786,15.93297387897293,15.085846096856795,18,15,18.0,18.0,18,0.5198095999517711,18.0,19.0,18.0,19.0,18.0,19.0,0.0,0.0,0.0,1.0,1.0,ensemble_grid_blend,16.0,2024,Azerbaijan Grand Prix,2024-09-15
ZHO,Audi,17.0,15.105683507170058,14.864301698301702,16.422969871499127,15.284657146931947,19,16,19.0,19.0,19,0.6236905474591539,18.0,19.0,17.475,19.0,18.0,19.0,0.0,0.0,0.0,0.97,1.0,ensemble_grid_blend,14.0,2024,Azerbaijan Grand Prix,2024-09-15
PIA,McLaren,5.0,2.7000253959531886,3.053223317188487,3.266964295415404,2.937032448277986,1,5,1.0,1.0,1,0.7961396760860395,1.0,2.1599999999999966,1.0,3.5249999999999915,1.0,2.1599999999999966,0.44,0.97,1.0,0.84,1.0,ensemble_grid_blend,3.0,2024,Singapore Grand Prix,2024-09-22
NOR,McLaren,1.0,3.548929045418708,2.8505388802803657,3.265307897341234,3.2477682580047933,2,1,2.0,2.0,2,0.8515582864088138,1.0,3.0,1.0,3.0,1.0,3.0,0.42,1.0,1.0,1.0,1.0,ensemble_grid_blend,1.0,2024,Singapore Grand Prix,2024-09-22
LEC,Ferrari,9.0,2.885436186946868,3.307442640692642,4.234535857404343,3.3029583798493842,3,9,3.0,3.0,3,0.9308950835436057,2.0,3.0,1.0,4.5249999999999915,2.0,3.0,0.13,0.88,1.0,0.84,1.0,ensemble_grid_blend,5.0,2024,Singapore Grand Prix,2024-09-22
SAI,Ferrari,10.0,5.169762277000071,4.537745990120992,6.73167386983655,5.26093889515969,4,10,4.0,4.0,4,1.500033669655788,4.0,7.0,2.0,8.0,4.0,7.0,0.01,0.11,1.0,0.68,1.0,ensemble_grid_blend,7.0,2024,Singapore Grand Prix,2024-09-22
HAM,Mercedes,3.0,5.905504299568156,6.404231962481964,5.913478816937897,6.081653885061937,5,3,5.0,5.0,5,1.297199781347219,4.0,7.0,4.0,8.0,4.0,7.0,0.0,0.01,1.0,0.7,1.0,ensemble_grid_blend,6.0,2024,Singapore Grand Prix,2024-09-22
VER,Red Bull Racing,2.0,8.388798374503933,4.833048257298257,4.318271908838373,6.3301805403488345,6,2,6.0,6.0,6,1.645440593723987,4.0,8.0,3.475,8.524999999999991,4.0,8.0,0.0,0.03,0.99,0.57,1.0,ensemble_grid_blend,2.0,2024,Singapore Grand Prix,2024-09-22
RUS,Mercedes,4.0,6.326091788740594,6.907734848484844,6.61352003723884,6.58715250935073,7,4,7.0,7.0,7,1.2722365576361412,5.0,8.0,4.0,8.0,5.0,8.0,0.0,0.0,1.0,0.66,1.0,ensemble_grid_blend,4.0,2024,Singapore Grand Prix,2024-09-22
PER,Red Bull Racing,13.0,7.004627136982444,7.205115569615572,8.280870977937779,7.330046856595106,8,12,8.0,8.0,8,1.2346430392398584,6.0,8.0,4.475,9.0,6.0,8.0,0.0,0.0,1.0,0.69,1.0,ensemble_grid_blend,10.0,2024,Singapore Grand Prix,2024-09-22
ALO,Aston Martin,7.0,9.458261561814169,8.770177017427018,9.994293622352178,9.324638383386269,9,7,9.0,9.0,9,0.8703882797784892,9.0,9.0,7.475,11.524999999999991,9.0,9.0,0.0,0.0,0.92,0.89,1.0,ensemble_grid_blend,8.0,2024,Singapore Grand Prix,2024-09-22
HUL,Haas F1 Team,6.0,11.285819190185602,11.40839048533166,12.087774116130795,11.489110128675762,10,6,10.0,10.0,10,2.035517952102937,10.0,14.0,9.475,16.52499999999999,10.0,14.0,0.0,0.0,0.29,0.45,1.0,ensemble_grid_blend,9.0,2024,Singapore Grand Prix,2024-09-22
GAS,Alpine,18.0,11.475409822137665,11.462755230880239,11.967732784430671,11.569445307656167,11,17,11.0,11.0,11,1.9299604852813632,10.0,14.0,9.475,16.52499999999999,10.0,14.0,0.0,0.0,0.34,0.69,1.0,ensemble_grid_blend,17.0,2024,Singapore Grand Prix,2024-09-22
COL,Williams,12.0,11.849920469864001,11.732402208171948,11.148623611568109,11.668529706612604,12,11,12.0,12.0,12,2.4959563256992254,10.0,16.0,9.0,17.0,10.0,16.0,0.0,0.0,0.19,0.37,1.0,ensemble_grid_blend,11.0,2024,Singapore Grand Prix,2024-09-22
RIC,Racing Bulls,16.0,11.975413508225508,12.294089832482097,12.110036523453232,12.113874824760858,13,15,13.0,13.0,13,1.8674240887577538,12.0,16.0,10.0,17.0,12.0,16.0,0.0,0.0,0.05,0.45,1.0,ensemble_grid_blend,18.0,2024,Singapore Grand Prix,2024-09-22
OCO,Alpine,15.0,12.394037570446933,12.503129909306379,12.928437528979586,12.53909988075427,14,14,14.0,14.0,14,2.08651272546691,12.0,16.0,10.0,17.0,12.0,16.0,0.0,0.0,0.04,0.44,1.0,ensemble_grid_blend,13.0,2024,Singapore Grand Prix,2024-09-22
STR,Aston Martin,17.0,12.713002827808639,11.91917188122335,13.366241775554641,12.565809786052988,15,16,15.0,15.0,15,2.6525954509239864,11.0,17.0,10.0,17.52499999999999,11.0,17.0,0.0,0.0,0.11,0.27,1.0,ensemble_grid_blend,14.0,2024,Singapore Grand Prix,2024-09-22
TSU,Racing Bulls,8.0,13.085393155814064,12.16660757053404,12.73367408708828,12.693474387220899,16,8,16.0,16.0,16,2.1503112295289686,12.0,17.0,10.0,17.52499999999999,12.0,17.0,0.0,0.0,0.07,0.57,1.0,ensemble_grid_blend,12.0,2024,Singapore Grand Prix,2024-09-22
MAG,Haas F1 Team,14.0,12.462504549336336,13.085423285048286,13.129109194558257,12.813847035879903,17,13,17.0,17.0,17,1.9006644239647494,13.0,17.0,11.0,18.52499999999999,13.0,17.0,0.0,0.0,0.0,0.4,1.0,ensemble_grid_blend,19.0,2024,Singapore Grand Prix,2024-09-22
ZHO,Audi,20.0,14.645881826315321,14.960905677655678,16.00392919086429,15.027749647194241,18,19,18.0,18.0,18,0.6871842709362768,18.0,19.0,17.0,19.0,18.0,19.0,0.0,0.0,0.0,0.98,1.0,ensemble_grid_blend,15.0,2024,Singapore Grand Prix,2024-09-22
BOT,Audi,19.0,14.752051960110569,15.120327006327003,15.959589632938641,15.122455760851935,19,18,19.0,19.0,19,0.6030226891555273,18.0,19.0,17.0,19.0,18.0,19.0,0.0,0.0,0.0,0.94,1.0,ensemble_grid_blend,16.0,2024,Singapore Grand Prix,2024-09-22
PIA,McLaren,5.0,2.8788233788127964,2.826488408650174,3.130762199562519,2.910893903405823,1,5,1.0,1.0,1,0.6516490348695873,1.0,2.0,1.0,3.5249999999999915,1.0,2.0,0.26,0.97,1.0,0.91,1.0,ensemble_grid_blend,5.0,2024,United States Grand Prix,2024-10-20
NOR,McLaren,1.0,3.368410148731793,2.6585830419580434,2.9709314233769266,3.040474916290007,2,1,2.0,2.0,2,0.7571210756756961,1.0,2.0,1.0,3.0,1.0,2.0,0.69,0.98,1.0,0.98,1.0,ensemble_grid_blend,4.0,2024,United States Grand Prix,2024-10-20
LEC,Ferrari,4.0,3.666275100554876,3.5620846457464115,4.588313682230804,3.814216157707099,3,4,3.0,3.0,3,0.7146377199022388,3.0,4.0,2.0,5.0,3.0,4.0,0.01,0.81,1.0,0.93,1.0,ensemble_grid_blend,1.0,2024,United States Grand Prix,2024-10-20
SAI,Ferrari,3.0,4.642486757878007,4.297474414474415,7.060118377385209,5.00525876158819,4,3,4.0,4.0,4,0.8633385983225443,3.84,5.0,2.0,5.5249999999999915,3.84,5.0,0.01,0.16,1.0,0.92,1.0,ensemble_grid_blend,2.0,2024,United States Grand Prix,2024-10-20
VER,Red Bull Racing,2.0,7.403422889302825,5.1935568240239265,4.421081832888259,6.033501555172298,5,2,5.0,5.0,5,1.1808232019838676,4.0,6.0,1.475,7.0,4.0,6.0,0.03,0.08,1.0,0.87,1.0,ensemble_grid_blend,3.0,2024,United States Grand Prix,2024-10-20
RUS,Mercedes,20.0,7.528401876899592,8.278958680208683,5.987276998809275,7.482871782439711,6,19,6.0,6.0,6,1.0276972395416932,5.0,7.0,4.0,8.0,5.0,7.0,0.0,0.0,1.0,0.84,1.0,ensemble_grid_blend,6.0,2024,United States Grand Prix,2024-10-20
PER,Red Bull Racing,9.0,7.125675988869692,8.48977268581092,8.824380806895757,7.9428507964043344,7,9,7.0,7.0,7,0.7962031109832428,6.0,8.0,5.475,8.0,6.0,8.0,0.0,0.0,1.0,0.95,1.0,ensemble_grid_blend,7.0,2024,United States Grand Prix,2024-10-20
ALO,Aston Martin,7.0,9.957230327927007,9.205656787656787,9.748488924162535,9.652431308079535,8,7,8.0,8.0,8,1.1399096189584241,7.0,10.0,6.475,11.0,7.0,10.0,0.0,0.0,0.96,0.78,1.0,ensemble_grid_blend,13.0,2024,United States Grand Prix,2024-10-20
ALB,Williams,14.0,10.23994825779638,10.514966825542206,10.155718722219664,10.319358849392076,9,14,9.0,9.0,9,1.169649865592609,8.0,10.0,7.0,12.0,8.0,10.0,0.0,0.0,0.93,0.84,1.0,ensemble_grid_blend,16.0,2024,United States Grand Prix,2024-10-20
HUL,Haas F1 Team,11.0,11.866024824965764,10.781896853146847,11.683192403303867,11.450013550496765,10,11,10.0,10.0,10,1.5838834769915584,9.0,12.0,8.0,14.0,9.0,12.0,0.0,0.0,0.59,0.73,1.0,ensemble_grid_blend,8.0,2024,United States Grand Prix,2024-10-20
COL,Williams,15.0,13.188371087034083,12.213711716044537,10.687165860029978,12.34699926178692,11,15,11.0,11.0,11,2.3270695144865194,10.0,15.0,9.0,17.0,10.0,15.0,0.0,0.0,0.21,0.49,1.0,ensemble_grid_blend,10.0,2024,United States Grand Prix,2024-10-20
TSU,Racing Bulls,10.0,12.406836565764518,12.276193417693426,12.82190298041186,12.444124746869104,12,10,12.0,12.0,12,2.0961725582450015,11.0,15.0,10.0,18.049999999999983,11.0,15.0,0.0,0.0,0.14,0.6,1.0,ensemble_grid_blend,14.0,2024,United States Grand Prix,2024-10-20
STR,Aston Martin,13.0,13.260978830445392,12.531438616938617,13.462791083230217,13.046002206274986,13,13,13.0,13.0,13,2.4421384899387677,11.0,17.0,10.0,18.52499999999999,11.0,17.0,0.0,0.0,0.07,0.46,1.0,ensemble_grid_blend,15.0,2024,United States Grand Prix,2024-10-20
GAS,Alpine,6.0,13.101033635477505,13.277718975468975,12.985044882396336,13.139675753858286,14,6,14.0,14.0,14,2.237513049451253,12.0,16.159999999999997,11.0,18.0,12.0,16.159999999999997,0.0,0.0,0.02,0.45,1.0,ensemble_grid_blend,12.0,2024,United States Grand Prix,2024-10-20
LAW,Racing Bulls,19.0,13.351133157810516,13.111262459762468,12.815882356405073,13.16012825321261,15,18,15.0,15.0,15,1.9962338277239706,13.0,17.0,10.0,17.0,13.0,17.0,0.0,0.0,0.07,0.55,1.0,ensemble_grid_blend,9.0,2024,United States Grand Prix,2024-10-20
OCO,Alpine,12.0,13.827915543056571,13.28675302475302,13.166571739948353,13.506239901028685,16,12,16.0,16.0,16,2.004313530182523,13.0,17.0,11.0,19.0,13.0,17.0,0.0,0.0,0.01,0.58,1.0,ensemble_grid_blend,18.0,2024,United States Grand Prix,2024-10-20
MAG,Haas F1 Team,8.0,13.540701391529483,13.472639513264513,13.715372934649782,13.551814042760803,17,8,17.0,17.0,17,1.9873336281296479,13.0,17.0,11.0,19.0,13.0,17.0,0.0,0.0,0.0,0.39,1.0,ensemble_grid_blend,11.0,2024,United States Grand Prix,2024-10-20
ZHO,Audi,18.0,14.533583746986091,14.779111194361189,15.262092325871574,14.76522006934447,18,17,18.0,18.0,18,1.0035794523463089,17.0,18.159999999999997,15.0,19.0,17.0,18.159999999999997,0.0,0.0,0.0,0.9,1.0,ensemble_grid_blend,19.0,2024,United States Grand Prix,2024-10-20
BOT,Audi,16.0,14.811378807695935,15.110690920190914,15.42267025157765,15.038396335845519,19,16,19.0,19.0,19,0.8798530639495519,18.0,19.0,16.0,19.0,18.0,19.0,0.0,0.0,0.0,0.87,1.0,ensemble_grid_blend,17.0,2024,United States Grand Prix,2024-10-20
NOR,McLaren,3.0,3.2123888535708254,2.940636455048221,3.256273733173492,3.126052490008447,1,4,1.0,1.0,1,0.8887057892227213,1.0,3.0,1.0,4.0,1.0,3.0,0.39,0.95,1.0,0.75,1.0,ensemble_grid_blend,2.0,2024,Mexico City Grand Prix,2024-10-27
PIA,McLaren,17.0,3.1841449863269577,3.1496056818997995,3.580169152893128,3.251261063090687,2,15,2.0,2.0,2,0.9742129690631866,2.0,4.0,2.0,5.0,2.0,4.0,0.02,0.69,1.0,0.69,1.0,ensemble_grid_blend,8.0,2024,Mexico City Grand Prix,2024-10-27
LEC,Ferrari,4.0,3.3217179709695195,3.0709346209346218,4.267712970409064,3.423142798345214,3,5,3.0,3.0,3,1.3478003029253467,1.0,4.0,1.0,5.5249999999999915,1.0,4.0,0.21,0.58,1.0,0.71,1.0,ensemble_grid_blend,3.0,2024,Mexico City Grand Prix,2024-10-27
VER,Red Bull Racing,2.0,3.417448588590907,3.10391015096015,4.06809180955062,3.4378387796120844,4,3,4.0,4.0,4,1.6617807170367427,1.0,4.159999999999997,1.0,6.0,1.0,4.159999999999997,0.38,0.65,1.0,0.42,1.0,ensemble_grid_blend,6.0,2024,Mexico City Grand Prix,2024-10-27
SAI,Ferrari,1.0,4.353926043830736,4.18358460983461,6.505322762689218,4.724585885703789,5,2,5.0,5.0,5,0.9957485382942582,4.0,5.0,2.0,6.0,4.0,5.0,0.0,0.13,1.0,0.85,1.0,ensemble_grid_blend,1.0,2024,Mexico City Grand Prix,2024-10-27
HAM,Mercedes,6.0,5.775816665081128,6.035070819703172,5.622860872207795,5.835964460624176,6,7,6.0,6.0,6,0.8791065253018447,5.0,7.0,4.0,8.0,5.0,7.0,0.0,0.0,1.0,0.91,1.0,ensemble_grid_blend,4.0,2024,Mexico City Grand Prix,2024-10-27
RUS,Mercedes,5.0,6.580287590325176,7.821601939726938,5.923307057587995,6.883351506068356,7,6,7.0,7.0,7,0.8151965741742631,6.0,8.0,5.475,8.0,6.0,8.0,0.0,0.0,1.0,0.97,1.0,ensemble_grid_blend,5.0,2024,Mexico City Grand Prix,2024-10-27
PER,Red Bull Racing,18.0,7.380157868353957,7.6848254523254536,8.415352546576237,7.693830458388437,8,16,8.0,8.0,8,0.713222874483754,7.0,8.0,6.0,8.524999999999991,7.0,8.0,0.0,0.0,1.0,0.92,1.0,ensemble_grid_blend,17.0,2024,Mexico City Grand Prix,2024-10-27
HUL,Haas F1 Team,10.0,10.596614193935368,10.734707611832613,10.633561595802142,10.652336370572758,9,10,9.0,9.0,9,0.8887057892227213,9.0,10.0,9.0,12.0,9.0,10.0,0.0,0.0,0.87,0.87,1.0,ensemble_grid_blend,9.0,2024,Mexico City Grand Prix,2024-10-27
COL,Williams,16.0,11.350308152935291,11.152754040893745,10.754066082091917,11.161915799552075,10,14,10.0,10.0,10,1.3580660640570599,9.0,11.159999999999997,8.475,13.524999999999991,9.0,11.159999999999997,0.0,0.0,0.69,0.81,1.0,ensemble_grid_blend,12.0,2024,Mexico City Grand Prix,2024-10-27
LAW,Racing Bulls,12.0,12.406243953502033,11.667486957486956,12.288752439552052,12.12418070210676,11,11,11.0,11.0,11,1.5646344007725281,10.0,13.0,9.0,14.0,10.0,13.0,0.0,0.0,0.31,0.66,1.0,ensemble_grid_blend,16.0,2024,Mexico City Grand Prix,2024-10-27
GAS,Alpine,8.0,12.693299668904332,13.1286483859278,12.823054180235388,12.871622622128758,12,9,12.0,12.0,12,1.3607410340017534,11.0,14.0,10.0,15.0,11.0,14.0,0.0,0.0,0.06,0.62,1.0,ensemble_grid_blend,10.0,2024,Mexico City Grand Prix,2024-10-27
STR,Aston Martin,14.0,13.133751428661755,12.544752734193908,13.252323766483311,12.951316353162321,13,12,13.0,13.0,13,1.4721659985452482,11.0,15.0,11.0,15.0,11.0,15.0,0.0,0.0,0.02,0.61,1.0,ensemble_grid_blend,11.0,2024,Mexico City Grand Prix,2024-10-27
MAG,Haas F1 Team,7.0,12.693357823272962,14.081661320224322,12.757247432718316,13.192041969095008,14,8,14.0,14.0,14,1.5443281694476387,11.0,14.0,10.0,16.0,11.0,14.0,0.0,0.0,0.05,0.52,1.0,ensemble_grid_blend,7.0,2024,Mexico City Grand Prix,2024-10-27
OCO,Alpine,0.0,14.504560145627417,13.737907347554405,13.753729130617009,14.086065463299782,15,1,15.0,15.0,15,1.3065491598369756,13.0,15.0,11.475,17.0,13.0,15.0,0.0,0.0,0.0,0.77,1.0,ensemble_grid_blend,13.0,2024,Mexico City Grand Prix,2024-10-27
BOT,Audi,15.0,15.098874401838678,15.519516976487566,15.66867723933239,15.360059870464532,16,13,16.0,16.0,16,0.8382280492958122,16.0,17.0,14.0,17.0,16.0,17.0,0.0,0.0,0.0,0.96,1.0,ensemble_grid_blend,14.0,2024,Mexico City Grand Prix,2024-10-27
ZHO,Audi,19.0,15.180702835981755,15.53517063492064,15.666403666428463,15.401906731699706,17,17,17.0,17.0,17,0.6907761700954347,16.0,17.0,15.0,17.0,16.0,17.0,0.0,0.0,0.0,0.88,1.0,ensemble_grid_blend,15.0,2024,Mexico City Grand Prix,2024-10-27
NOR,McLaren,1.0,2.8995423316673747,2.735444569319568,3.287136494793444,2.919626947470856,1,1,1.0,1.0,1,0.40898988651643603,1.0,1.0,1.0,2.0,1.0,1.0,0.9,0.99,1.0,0.99,1.0,ensemble_grid_blend,6.0,2024,São Paulo Grand Prix,2024-11-03
LEC,Ferrari,6.0,3.988784320951038,3.7094804713260583,3.3939810495557605,3.7720673193032397,2,6,2.0,2.0,2,0.633731931983991,2.0,3.0,1.0,3.5249999999999915,2.0,3.0,0.06,0.97,1.0,0.97,1.0,ensemble_grid_blend,5.0,2024,São Paulo Grand Prix,2024-11-03
VER,Red Bull Racing,17.0,4.254278885461616,3.887718392718392,4.308581524764584,4.136843240862081,3,14,3.0,3.0,3,0.9931075602685876,2.0,4.0,1.0,5.5249999999999915,2.0,4.0,0.04,0.81,1.0,0.89,1.0,ensemble_grid_blend,1.0,2024,São Paulo Grand Prix,2024-11-03
HAM,Mercedes,14.0,5.545983137945472,5.374161754911757,5.312861935441408,5.4392214133828585,4,12,4.0,4.0,4,0.916955877241692,4.0,5.0,3.0,6.0,4.0,5.0,0.0,0.12,1.0,0.89,1.0,ensemble_grid_blend,10.0,2024,São Paulo Grand Prix,2024-11-03
RUS,Mercedes,2.0,6.4048706406787,7.045880230880233,5.76348575496354,6.500947020106205,5,2,5.0,5.0,5,1.0647710428713648,4.0,6.0,3.0,8.0,4.0,6.0,0.0,0.04,1.0,0.89,1.0,ensemble_grid_blend,4.0,2024,São Paulo Grand Prix,2024-11-03
PIA,McLaren,8.0,7.2808200689527505,8.0870135003885,4.513535545411813,7.009530865247074,6,7,6.0,6.0,6,1.3976531556270833,5.0,7.0,2.475,8.0,5.0,7.0,0.0,0.07,1.0,0.73,1.0,ensemble_grid_blend,8.0,2024,São Paulo Grand Prix,2024-11-03
PER,Red Bull Racing,12.0,8.121819411372266,10.125701104451105,9.215483257733466,9.0419107732221,7,10,7.0,7.0,7,1.0187633620614691,7.0,9.0,6.0,9.0,7.0,9.0,0.0,0.0,1.0,0.8,1.0,ensemble_grid_blend,11.0,2024,São Paulo Grand Prix,2024-11-03
ALO,Aston Martin,9.0,9.076780922393441,8.919643106893105,9.811632704185236,9.168753043326682,8,8,8.0,8.0,8,1.0550025132815102,7.0,9.0,5.475,9.0,7.0,9.0,0.0,0.0,1.0,0.84,1.0,ensemble_grid_blend,14.0,2024,São Paulo Grand Prix,2024-11-03
BEA,Haas F1 Team,15.0,10.246361418348586,10.785666016717489,9.587151548519348,10.303276053811855,9,13,9.0,9.0,9,1.3982673260687726,7.0,9.0,6.475,12.0,7.0,9.0,0.0,0.0,0.93,0.7,1.0,ensemble_grid_blend,12.0,2024,São Paulo Grand Prix,2024-11-03
GAS,Alpine,13.0,12.304193556277705,12.249155930326983,12.380263031421899,12.30014428222379,10,11,10.0,10.0,10,1.1583687589961071,10.0,12.0,9.0,13.0,10.0,12.0,0.0,0.0,0.69,0.77,1.0,ensemble_grid_blend,3.0,2024,São Paulo Grand Prix,2024-11-03
TSU,Racing Bulls,3.0,13.49291323559693,12.872107281607276,13.042593226833528,13.185567149947872,11,3,11.0,11.0,11,1.0550025132815102,11.0,13.0,10.0,13.0,11.0,13.0,0.0,0.0,0.15,0.77,1.0,ensemble_grid_blend,7.0,2024,São Paulo Grand Prix,2024-11-03
LAW,Racing Bulls,5.0,13.49434325376854,13.019641802641795,13.105146017490963,13.250358298618664,12,5,12.0,12.0,12,1.0952145677879515,11.0,13.0,9.475,13.524999999999991,11.0,13.0,0.0,0.0,0.09,0.88,1.0,ensemble_grid_blend,9.0,2024,São Paulo Grand Prix,2024-11-03
OCO,Alpine,4.0,13.331165229878504,13.182604096196195,13.472602021102778,13.30745619133455,13,4,13.0,13.0,13,1.281413361105698,11.0,13.0,10.0,14.524999999999991,11.0,13.0,0.0,0.0,0.14,0.52,1.0,ensemble_grid_blend,2.0,2024,São Paulo Grand Prix,2024-11-03
ZHO,Audi,19.0,14.88200483102121,15.322849567099567,15.613302980790671,15.182560118602527,14,15,14.0,14.0,14,0.7865022940753946,14.0,15.0,12.0,15.0,14.0,15.0,0.0,0.0,0.0,0.96,1.0,ensemble_grid_blend,15.0,2024,São Paulo Grand Prix,2024-11-03
BOT,Audi,11.0,15.197146163504184,15.377519314019317,15.448969327818727,15.31064139904739,15,9,15.0,15.0,15,0.5765624358421578,14.0,15.0,13.0,15.0,14.0,15.0,0.0,0.0,0.0,0.96,1.0,ensemble_grid_blend,13.0,2024,São Paulo Grand Prix,2024-11-03
VER,Red Bull Racing,5.0,3.065470552024975,3.163669746919746,3.965214054523214,3.2797889707377927,1,4,1.0,1.0,1,1.3562798197624815,1.0,3.0,1.0,5.0,1.0,3.0,0.64,0.87,1.0,0.75,1.0,ensemble_grid_blend,5.0,2024,Las Vegas Grand Prix,2024-11-23
LEC,Ferrari,4.0,4.050600886095105,3.936813103563103,3.5001896190035797,3.900692908790599,2,3,2.0,2.0,2,1.017572869849892,2.0,3.1599999999999966,1.0,4.5249999999999915,2.0,3.1599999999999966,0.14,0.84,1.0,0.84,1.0,ensemble_grid_blend,4.0,2024,Las Vegas Grand Prix,2024-11-23
SAI,Ferrari,2.0,3.6768773703865274,4.008031024531024,4.484658813071648,3.954337437874125,3,2,3.0,3.0,3,0.9987871432771637,2.0,4.0,1.0,4.5249999999999915,2.0,4.0,0.09,0.73,1.0,0.88,1.0,ensemble_grid_blend,3.0,2024,Las Vegas Grand Prix,2024-11-23
NOR,McLaren,6.0,4.2367659766178205,3.9630168442668436,4.303883598305918,4.1543773046325985,4,5,4.0,4.0,4,1.523419863599028,2.0,5.0,1.0,6.5249999999999915,2.0,5.0,0.13,0.49,1.0,0.57,1.0,ensemble_grid_blend,6.0,2024,Las Vegas Grand Prix,2024-11-23
HAM,Mercedes,10.0,5.0099469485734796,5.90034131146631,6.107846275173652,5.5411648409060055,5,9,5.0,5.0,5,1.0492421507493352,5.0,7.0,3.0,7.0,5.0,7.0,0.0,0.04,1.0,0.78,1.0,ensemble_grid_blend,2.0,2024,Las Vegas Grand Prix,2024-11-23
PIA,McLaren,8.0,5.6389877108602535,6.165716894216894,5.64822337989278,5.825190058841583,6,7,6.0,6.0,6,1.0446593374460074,5.0,7.0,3.475,7.0,5.0,7.0,0.0,0.03,1.0,0.92,1.0,ensemble_grid_blend,7.0,2024,Las Vegas Grand Prix,2024-11-23
RUS,Mercedes,1.0,6.166128809967971,6.8438001443001415,5.8073819736265095,6.331564409715938,7,1,7.0,7.0,7,1.0286305498481019,5.0,7.0,4.0,7.5249999999999915,5.0,7.0,0.0,0.0,1.0,0.73,1.0,ensemble_grid_blend,1.0,2024,Las Vegas Grand Prix,2024-11-23
PER,Red Bull Racing,15.0,8.716535242339507,10.257001207126207,9.463032867310494,9.40499785500905,8,14,8.0,8.0,8,1.5919938581679405,8.0,10.0,8.0,14.0,8.0,10.0,0.0,0.0,0.86,0.82,1.0,ensemble_grid_blend,10.0,2024,Las Vegas Grand Prix,2024-11-23
ALO,Aston Martin,16.0,10.423469171013023,8.827116860349832,10.843170135234416,9.948686055125185,9,15,9.0,9.0,9,1.6337352628534738,8.0,10.0,8.0,14.0,8.0,10.0,0.0,0.0,0.85,0.84,1.0,ensemble_grid_blend,11.0,2024,Las Vegas Grand Prix,2024-11-23
COL,Williams,20.0,10.659757742308543,11.28046636696637,11.480382496203903,11.041130711717855,10,18,10.0,10.0,10,1.9958542891289293,9.84,13.0,8.0,16.0,9.84,13.0,0.0,0.0,0.34,0.46,1.0,ensemble_grid_blend,14.0,2024,Las Vegas Grand Prix,2024-11-23
STR,Aston Martin,18.0,11.119394905184684,10.740708214987626,12.864322847016407,11.335840151982058,11,16,11.0,11.0,11,1.8350955717825048,10.0,14.0,9.0,15.524999999999991,10.0,14.0,0.0,0.0,0.26,0.59,1.0,ensemble_grid_blend,15.0,2024,Las Vegas Grand Prix,2024-11-23
TSU,Racing Bulls,7.0,11.08106606077969,11.652441863691868,11.386917202348318,11.342217820112676,12,6,12.0,12.0,12,1.7480436395172076,10.0,13.0,9.0,15.0,10.0,13.0,0.0,0.0,0.35,0.5,1.0,ensemble_grid_blend,9.0,2024,Las Vegas Grand Prix,2024-11-23
HUL,Haas F1 Team,9.0,12.06581895078411,11.301275885255022,10.02759316364656,11.39058372042142,13,8,13.0,13.0,13,1.8149491464061474,9.84,13.0,8.475,15.0,9.84,13.0,0.0,0.0,0.25,0.51,1.0,ensemble_grid_blend,8.0,2024,Las Vegas Grand Prix,2024-11-23
LAW,Racing Bulls,14.0,12.294240835608612,12.448743955391016,11.718671538686309,12.233203068147994,14,13,14.0,14.0,14,1.7457307231001455,12.0,16.0,10.0,16.0,12.0,16.0,0.0,0.0,0.04,0.58,1.0,ensemble_grid_blend,16.0,2024,Las Vegas Grand Prix,2024-11-23
OCO,Alpine,11.0,13.31745316973338,12.975621919746919,10.786268996877363,12.691575397666915,15,10,15.0,15.0,15,1.4774739567685424,13.0,15.0,11.0,16.0,13.0,15.0,0.0,0.0,0.02,0.72,1.0,ensemble_grid_blend,17.0,2024,Las Vegas Grand Prix,2024-11-23
MAG,Haas F1 Team,12.0,13.982821628569368,13.387257410073584,11.684140765588566,13.314637979499683,16,11,16.0,16.0,16,1.3976531556270833,14.0,16.0,10.475,16.52499999999999,14.0,16.0,0.0,0.0,0.03,0.82,1.0,ensemble_grid_blend,12.0,2024,Las Vegas Grand Prix,2024-11-23
ZHO,Audi,13.0,15.289241313607796,15.40412945387946,15.46736449247844,15.365076798477007,17,12,17.0,17.0,17,0.5411361037930132,17.0,18.0,17.0,18.0,17.0,18.0,0.0,0.0,0.0,1.0,1.0,ensemble_grid_blend,13.0,2024,Las Vegas Grand Prix,2024-11-23
BOT,Audi,19.0,15.679314766900541,15.346757353757353,15.025389394120987,15.432134597744513,18,17,18.0,18.0,18,0.5206833117271102,17.0,18.0,17.0,18.0,17.0,18.0,0.0,0.0,0.0,0.99,1.0,ensemble_grid_blend,18.0,2024,Las Vegas Grand Prix,2024-11-23
RUS,Mercedes,1.0,3.1835834180194973,3.977776889776889,4.785813477966558,3.7819971451239964,1,1,1.0,1.0,1,1.3550876821308009,1.0,3.0,1.0,5.5249999999999915,1.0,3.0,0.61,0.85,1.0,0.74,1.0,ensemble_grid_blend,4.0,2024,Qatar Grand Prix,2024-12-01
SAI,Ferrari,7.0,3.596472766601075,4.176542846042844,4.38094195098928,3.9563911312833353,2,7,2.0,2.0,2,0.9961542211541508,1.0,3.0,1.0,4.5249999999999915,1.0,3.0,0.22,0.91,1.0,0.91,1.0,ensemble_grid_blend,6.0,2024,Qatar Grand Prix,2024-12-01
VER,Red Bull Racing,2.0,4.763010729553278,4.401278499278497,4.460266921808769,4.575855687408203,3,2,3.0,3.0,3,1.7545035845739467,2.0,6.0,1.0,7.0,2.0,6.0,0.09,0.51,1.0,0.54,1.0,ensemble_grid_blend,1.0,2024,Qatar Grand Prix,2024-12-01
PIA,McLaren,4.0,4.560396903332356,5.514848082473083,6.053965528695041,5.193168541104148,4,4,4.0,4.0,4,1.5469422429523032,3.0,6.0,2.0,7.0,3.0,6.0,0.02,0.26,1.0,0.58,1.0,ensemble_grid_blend,3.0,2024,Qatar Grand Prix,2024-12-01
LEC,Ferrari,5.0,5.676513990329824,5.595335316644138,3.8687239203861328,5.286543440551096,5,5,5.0,5.0,5,1.6256777918235468,3.0,7.0,1.0,7.0,3.0,7.0,0.04,0.17,1.0,0.61,1.0,ensemble_grid_blend,2.0,2024,Qatar Grand Prix,2024-12-01
NOR,McLaren,3.0,6.311087727397264,5.427199227501084,4.730779404029514,5.685665087760051,6,3,6.0,6.0,6,1.6774198561294587,3.0,7.0,2.0,7.0,3.0,7.0,0.01,0.18,1.0,0.64,1.0,ensemble_grid_blend,10.0,2024,Qatar Grand Prix,2024-12-01
HAM,Mercedes,6.0,6.245935803783445,6.133023088023091,5.185651030073024,5.994359398525237,7,6,7.0,7.0,7,1.506350194706035,4.0,7.0,2.475,7.0,4.0,7.0,0.01,0.12,1.0,0.53,1.0,ensemble_grid_blend,12.0,2024,Qatar Grand Prix,2024-12-01
ALO,Aston Martin,8.0,9.849048897141625,9.255569653385827,10.894891018594606,9.850499586117692,8,8,8.0,8.0,8,0.8577631233374258,8.0,9.0,7.475,11.0,8.0,9.0,0.0,0.0,0.96,0.87,1.0,ensemble_grid_blend,7.0,2024,Qatar Grand Prix,2024-12-01
TSU,Racing Bulls,14.0,11.000498573301932,10.825715011840018,11.163863161622418,10.971997244454359,9,13,9.0,9.0,9,1.2218135221171367,8.0,11.0,8.0,12.0,8.0,11.0,0.0,0.0,0.74,0.74,1.0,ensemble_grid_blend,13.0,2024,Qatar Grand Prix,2024-12-01
GAS,Alpine,11.0,11.655990490989048,11.054879199747623,10.117136332811922,11.137830707419123,10,10,10.0,10.0,10,1.343108109550156,9.0,12.0,8.0,13.0,9.0,12.0,0.0,0.0,0.6,0.71,1.0,ensemble_grid_blend,5.0,2024,Qatar Grand Prix,2024-12-01
ALB,Williams,16.0,11.603345156040472,11.570086370080611,11.794701222669419,11.629975794280309,11,14,11.0,11.0,11,1.2340292876703869,9.0,12.0,8.475,13.0,9.0,12.0,0.0,0.0,0.36,0.77,1.0,ensemble_grid_blend,15.0,2024,Qatar Grand Prix,2024-12-01
LAW,Racing Bulls,17.0,12.039102821204757,12.12093251193251,12.397145290832276,12.139351706884977,12,15,12.0,12.0,12,1.340887690293187,10.0,13.0,9.0,13.0,10.0,13.0,0.0,0.0,0.25,0.74,1.0,ensemble_grid_blend,14.0,2024,Qatar Grand Prix,2024-12-01
MAG,Haas F1 Team,10.0,13.098006262377561,12.484525508701827,11.471405311836623,12.557967808482868,13,9,13.0,13.0,13,1.1708151351977307,11.0,13.0,9.0,13.0,11.0,13.0,0.0,0.0,0.09,0.77,1.0,ensemble_grid_blend,9.0,2024,Qatar Grand Prix,2024-12-01
ZHO,Audi,12.0,15.689776111099476,15.623402819402818,14.707935282164163,15.470177293218583,14,11,14.0,14.0,14,0.4578165130223675,14.0,15.0,14.0,15.0,14.0,15.0,0.0,0.0,0.0,1.0,1.0,ensemble_grid_blend,8.0,2024,Qatar Grand Prix,2024-12-01
BOT,Audi,13.0,15.550634651188627,15.718023247993836,15.0627182113867,15.511637372110064,15,12,15.0,15.0,15,0.49838121792844314,14.0,15.0,14.0,15.0,14.0,15.0,0.0,0.0,0.0,0.98,1.0,ensemble_grid_blend,11.0,2024,Qatar Grand Prix,2024-12-01
VER,Red Bull Racing,4.0,2.5973859216983395,1.8824797369297364,3.0396279005143425,2.435617152792529,1,4,1.0,1.0,1,1.013843571700678,1.0,1.0,1.0,4.5249999999999915,1.0,1.0,0.89,0.93,1.0,0.91,1.0,ensemble_grid_blend,6.0,2024,Abu Dhabi Grand Prix,2024-12-08
LEC,Ferrari,19.0,3.9301083760431244,3.8947294649794655,3.8932350262529587,3.9103510872128107,2,17,2.0,2.0,2,1.3261549188110973,2.0,4.0,1.0,6.5249999999999915,2.0,4.0,0.04,0.81,1.0,0.81,1.0,ensemble_grid_blend,3.0,2024,Abu Dhabi Grand Prix,2024-12-08
RUS,Mercedes,6.0,3.6576430355273377,4.114691669441668,4.981635244435047,4.082408499178895,3,6,3.0,3.0,3,1.2447465362048369,2.0,5.0,2.0,6.0,2.0,5.0,0.01,0.6,1.0,0.82,1.0,ensemble_grid_blend,5.0,2024,Abu Dhabi Grand Prix,2024-12-08
SAI,Ferrari,3.0,3.6530221611968146,4.341124458874457,4.9335281983357255,4.149959172811771,4,3,4.0,4.0,4,1.1238462096880975,2.0,4.0,1.0,5.0,2.0,4.0,0.05,0.52,1.0,0.75,1.0,ensemble_grid_blend,2.0,2024,Abu Dhabi Grand Prix,2024-12-08
NOR,McLaren,1.0,5.439376530121991,4.5005967920967915,5.811709425462707,5.185270200881314,5,1,5.0,5.0,5,1.0600171525198843,4.0,6.0,3.0,7.0,4.0,6.0,0.0,0.07,1.0,0.82,1.0,ensemble_grid_blend,1.0,2024,Abu Dhabi Grand Prix,2024-12-08
PIA,McLaren,2.0,5.933949128087854,5.524358505873212,5.762243006175199,5.756251185930199,6,2,6.0,6.0,6,1.2796385221908364,5.0,7.0,3.0,8.0,5.0,7.0,0.0,0.04,1.0,0.81,1.0,ensemble_grid_blend,10.0,2024,Abu Dhabi Grand Prix,2024-12-08
HAM,Mercedes,16.0,5.665022974893699,6.286580183705187,6.563048001236842,6.062173003246349,7,14,7.0,7.0,7,1.2559354033443508,5.0,7.0,3.475,8.0,5.0,7.0,0.01,0.03,1.0,0.76,1.0,ensemble_grid_blend,4.0,2024,Abu Dhabi Grand Prix,2024-12-08
GAS,Alpine,5.0,7.636538042774148,8.769224802974803,8.844476660862162,8.27456613246198,8,5,8.0,8.0,8,1.0859525446781408,8.0,10.0,7.0,11.0,8.0,10.0,0.0,0.0,0.94,0.77,1.0,ensemble_grid_blend,7.0,2024,Abu Dhabi Grand Prix,2024-12-08
DOO,Alpine,17.0,7.889670711738424,9.283315569696006,9.464510526563663,8.692414374988624,9,15,9.0,9.0,9,1.014839391184137,8.0,10.0,7.475,11.0,8.0,10.0,0.0,0.0,0.92,0.89,1.0,ensemble_grid_blend,15.0,2024,Abu Dhabi Grand Prix,2024-12-08
ALO,Aston Martin,8.0,9.671917322854178,8.506802114552116,10.083881158968515,9.346519767171323,10,8,10.0,10.0,10,1.3580660640570599,8.0,11.0,8.0,12.0,8.0,11.0,0.0,0.0,0.74,0.7,1.0,ensemble_grid_blend,9.0,2024,Abu Dhabi Grand Prix,2024-12-08
HUL,Haas F1 Team,7.0,11.08787921915032,11.091335341129456,9.939416352341343,10.859396288481223,11,7,11.0,11.0,11,1.5678589918043708,10.0,14.0,10.0,15.0,10.0,14.0,0.0,0.0,0.19,0.67,1.0,ensemble_grid_blend,8.0,2024,Abu Dhabi Grand Prix,2024-12-08
TSU,Racing Bulls,11.0,10.873720003856135,11.107554461877985,11.083112545669394,10.997440572526434,12,9,12.0,12.0,12,1.4240006242195884,11.0,13.0,9.475,15.0,11.0,13.0,0.0,0.0,0.11,0.76,1.0,ensemble_grid_blend,12.0,2024,Abu Dhabi Grand Prix,2024-12-08
MAG,Haas F1 Team,14.0,12.747489320418255,11.691058105293395,11.339901401267097,12.096220811294323,13,12,13.0,13.0,13,1.9952215643654945,11.0,16.0,10.0,16.52499999999999,11.0,16.0,0.0,0.0,0.06,0.42,1.0,ensemble_grid_blend,16.0,2024,Abu Dhabi Grand Prix,2024-12-08
STR,Aston Martin,13.0,12.55844871355089,12.553599872349869,12.513703455256646,12.547802567471685,14,11,14.0,14.0,14,1.5418734505055003,12.0,15.0,11.0,17.0,12.0,15.0,0.0,0.0,0.01,0.68,1.0,ensemble_grid_blend,14.0,2024,Abu Dhabi Grand Prix,2024-12-08
ALB,Williams,18.0,12.546230448909332,12.545535068689476,12.629429814072921,12.562626938865101,15,16,15.0,15.0,15,1.6598344812210963,13.0,16.0,11.0,17.0,13.0,16.0,0.0,0.0,0.02,0.64,1.0,ensemble_grid_blend,11.0,2024,Abu Dhabi Grand Prix,2024-12-08
LAW,Racing Bulls,12.0,12.68838852766022,12.93990584415584,12.262550395570386,12.69125196201572,16,10,16.0,16.0,16,1.5795409127178361,13.0,16.0,12.0,17.0,13.0,16.0,0.0,0.0,0.01,0.48,1.0,ensemble_grid_blend,17.0,2024,Abu Dhabi Grand Prix,2024-12-08
ZHO,Audi,15.0,14.296113313815512,14.494285092358625,13.32747529724487,14.171745832991473,17,13,17.0,17.0,17,0.6494753127087911,16.0,17.0,15.0,17.0,16.0,17.0,0.0,0.0,0.0,0.92,1.0,ensemble_grid_blend,13.0,2024,Abu Dhabi Grand Prix,2024-12-08
VER,Red Bull Racing,3.0,3.9402420771105158,3.56616489066489,3.535699470717235,3.7284065405758904,1,3,1.0,1.0,1,1.2091820425896227,1.0,3.0,1.0,5.5249999999999915,1.0,3.0,0.47,0.91,1.0,0.75,1.0,ensemble_grid_blend,2.0,2025,Australian Grand Prix,2025-03-16
LEC,Ferrari,7.0,4.077250620210653,3.889180344165639,3.540087662784244,3.903993432109616,2,7,2.0,2.0,2,1.0286796479865916,1.0,3.0,1.0,4.0,1.0,3.0,0.3,0.92,1.0,0.92,1.0,ensemble_grid_blend,8.0,2025,Australian Grand Prix,2025-03-16
RUS,Mercedes,4.0,3.301196940436141,4.2850508658008675,4.807219321936335,3.946750290613834,3,4,3.0,3.0,3,1.2594691843243433,1.0,4.0,1.0,5.0,1.0,4.0,0.21,0.74,1.0,0.72,1.0,ensemble_grid_blend,3.0,2025,Australian Grand Prix,2025-03-16
NOR,McLaren,1.0,5.759515771135158,4.964097430347431,5.037608410808493,5.33673787979412,4,1,4.0,4.0,4,1.2825164657221695,3.0,6.0,2.0,7.0,3.0,6.0,0.01,0.2,1.0,0.7,1.0,ensemble_grid_blend,1.0,2025,Australian Grand Prix,2025-03-16
PIA,McLaren,2.0,4.7066593958093925,6.064876706626706,6.147974497741001,5.4702984749817745,5,2,5.0,5.0,5,1.0257295999049714,4.0,6.0,2.0,6.0,4.0,6.0,0.0,0.11,1.0,0.88,1.0,ensemble_grid_blend,9.0,2025,Australian Grand Prix,2025-03-16
HAM,Ferrari,8.0,6.61085564822324,6.7944341491841485,5.289405579074697,6.410818109729849,6,8,6.0,6.0,6,1.391750587199336,4.0,7.0,3.0,7.0,4.0,7.0,0.01,0.12,1.0,0.71,1.0,ensemble_grid_blend,10.0,2025,Australian Grand Prix,2025-03-16
ANT,Mercedes,16.0,8.078823482144918,6.766862622671445,7.631941140278567,7.530260712955933,7,11,7.0,7.0,7,0.8022065529122494,6.0,7.0,5.0,8.0,6.0,7.0,0.0,0.0,1.0,0.93,1.0,ensemble_grid_blend,4.0,2025,Australian Grand Prix,2025-03-16
BEA,Haas F1 Team,20.0,9.315809761411794,10.669426334630282,9.96261238042636,9.918936085841178,8,14,8.0,8.0,8,1.0507813350747215,8.0,10.0,7.0,11.0,8.0,10.0,0.0,0.0,0.95,0.79,1.0,ensemble_grid_blend,14.0,2025,Australian Grand Prix,2025-03-16
GAS,Alpine,9.0,11.034962538243601,10.02609827672328,9.426806573980587,10.360228853858885,9,9,9.0,9.0,9,1.1127815725841386,8.0,10.0,7.0,11.0,8.0,10.0,0.0,0.0,0.88,0.84,1.0,ensemble_grid_blend,11.0,2025,Australian Grand Prix,2025-03-16
HUL,Audi,17.0,11.342315794452142,11.301999000182827,10.721860267547966,11.204113811077047,10,12,10.0,10.0,10,1.3622248586986534,9.0,12.0,8.0,13.0,9.0,12.0,0.0,0.0,0.63,0.71,1.0,ensemble_grid_blend,7.0,2025,Australian Grand Prix,2025-03-16
TSU,Racing Bulls,5.0,12.134018721471577,11.864338264676501,12.027291379464291,12.018285093191842,11,5,11.0,11.0,11,1.593262328835038,10.0,13.0,8.0,14.0,10.0,13.0,0.0,0.0,0.27,0.57,1.0,ensemble_grid_blend,12.0,2025,Australian Grand Prix,2025-03-16
ALB,Williams,6.0,12.751029428434519,12.069922910422909,12.635297011959295,12.489495663835411,12,6,12.0,12.0,12,1.2599502956365969,11.0,14.0,10.0,14.0,11.0,14.0,0.0,0.0,0.07,0.73,1.0,ensemble_grid_blend,5.0,2025,Australian Grand Prix,2025-03-16
STR,Aston Martin,13.0,13.085542858783057,12.814855071828756,12.36075461502497,12.845844484597434,13,10,13.0,13.0,13,1.7354299673905518,10.84,14.0,8.0,14.0,10.84,14.0,0.0,0.0,0.16,0.66,1.0,ensemble_grid_blend,6.0,2025,Australian Grand Prix,2025-03-16
OCO,Haas F1 Team,19.0,13.957781680411594,13.277731351981354,11.408318146651924,13.209871358709076,14,13,14.0,14.0,14,1.1677484162422842,12.0,14.0,10.0,14.0,12.0,14.0,0.0,0.0,0.04,0.67,1.0,ensemble_grid_blend,13.0,2025,Australian Grand Prix,2025-03-16
VER,Red Bull Racing,4.0,3.1981897320341437,2.2661422671755487,2.812095424089308,2.7947542577446685,1,4,1.0,1.0,1,0.9603766096293852,1.0,2.0,1.0,4.5249999999999915,1.0,2.0,0.83,0.92,1.0,0.91,1.0,ensemble_grid_blend,4.0,2025,Chinese Grand Prix,2025-03-23
NOR,McLaren,3.0,3.9380968822413758,4.227876474832357,4.322682613463543,4.116436885892653,2,3,2.0,2.0,2,0.9694317819207187,2.0,3.0,1.0,5.0,2.0,3.0,0.13,0.86,1.0,0.86,1.0,ensemble_grid_blend,2.0,2025,Chinese Grand Prix,2025-03-23
ANT,Mercedes,8.0,3.9396692534187663,4.702492784992786,5.454090774678382,4.509541793721596,3,6,3.0,3.0,3,0.8819171036881969,3.0,4.0,2.0,5.0,3.0,4.0,0.01,0.45,1.0,0.89,1.0,ensemble_grid_blend,6.0,2025,Chinese Grand Prix,2025-03-23
RUS,Mercedes,2.0,4.111760151703987,4.897896464646465,4.978444756382773,4.560244782169611,4,2,4.0,4.0,4,0.9416834270431209,2.0,4.0,1.475,5.0,2.0,4.0,0.03,0.7,1.0,0.75,1.0,ensemble_grid_blend,3.0,2025,Chinese Grand Prix,2025-03-23
PIA,McLaren,1.0,4.930243164376019,5.969127197965431,6.500878615843298,5.607979666425769,5,1,5.0,5.0,5,0.7052472881009451,4.0,5.0,3.0,5.5249999999999915,4.0,5.0,0.0,0.06,1.0,0.93,1.0,ensemble_grid_blend,1.0,2025,Chinese Grand Prix,2025-03-23
LAW,Red Bull Racing,20.0,8.684165003185418,8.398132145632143,9.393802067562989,8.725980915917287,6,16,6.0,6.0,6,1.698603109985533,6.0,9.0,6.0,11.0,6.0,9.0,0.0,0.01,0.94,0.73,1.0,ensemble_grid_blend,12.0,2025,Chinese Grand Prix,2025-03-23
SAI,Williams,15.0,9.688396803918813,8.840384694940422,7.868607097406638,9.027634624473942,7,12,7.0,7.0,7,1.9373000059699874,6.0,10.0,6.0,12.524999999999991,6.0,10.0,0.0,0.0,0.87,0.77,1.0,ensemble_grid_blend,10.0,2025,Chinese Grand Prix,2025-03-23
BOR,Audi,19.0,9.929225035767141,9.973278306188135,10.250608820046367,10.008920437270334,8,15,8.0,8.0,8,1.6968181750535087,7.0,10.0,6.0,12.0,7.0,10.0,0.0,0.0,0.88,0.59,1.0,ensemble_grid_blend,14.0,2025,Chinese Grand Prix,2025-03-23
HUL,Audi,12.0,10.638796024539733,10.09061250187721,9.590735413243062,10.237319669348516,9,10,9.0,9.0,9,1.7580981459830651,8.0,11.0,6.475,14.0,8.0,11.0,0.0,0.0,0.83,0.72,1.0,ensemble_grid_blend,15.0,2025,Chinese Grand Prix,2025-03-23
STR,Aston Martin,14.0,9.962792896998705,11.624164675194086,10.952552203235923,10.74222488061453,10,11,10.0,10.0,10,2.0325631924526064,8.0,12.0,7.0,14.524999999999991,8.0,12.0,0.0,0.0,0.54,0.48,1.0,ensemble_grid_blend,9.0,2025,Chinese Grand Prix,2025-03-23
HAD,Racing Bulls,7.0,11.11439848974532,11.082669814920207,11.227265519462291,11.125866859499924,11,5,11.0,11.0,11,2.2734968394057375,9.0,14.0,6.475,15.0,9.0,14.0,0.0,0.0,0.33,0.46,1.0,ensemble_grid_blend,11.0,2025,Chinese Grand Prix,2025-03-23
BEA,Haas F1 Team,17.0,11.336173606080635,11.553516095016093,11.160500879764706,11.377108931944859,12,13,12.0,12.0,12,2.2559461273028947,9.0,13.159999999999997,7.0,15.0,9.0,13.159999999999997,0.0,0.0,0.44,0.4,1.0,ensemble_grid_blend,8.0,2025,Chinese Grand Prix,2025-03-23
TSU,Racing Bulls,9.0,12.640648373508954,11.82849372849373,12.263641273305193,12.280992827712874,13,7,13.0,13.0,13,1.6738934231064988,12.84,15.159999999999997,10.0,16.0,12.84,15.159999999999997,0.0,0.0,0.04,0.49,1.0,ensemble_grid_blend,16.0,2025,Chinese Grand Prix,2025-03-23
ALB,Williams,10.0,13.134918434575964,12.136989433768845,10.799530444819439,12.318565686342167,14,8,14.0,14.0,14,2.075810660679316,11.0,15.0,8.0,16.0,11.0,15.0,0.0,0.0,0.11,0.51,1.0,ensemble_grid_blend,7.0,2025,Chinese Grand Prix,2025-03-23
DOO,Alpine,18.0,12.902993940064057,12.227676961926964,13.028391110403817,12.691712431784026,15,14,15.0,15.0,15,1.745875370145535,12.84,16.0,11.0,16.0,12.84,16.0,0.0,0.0,0.02,0.69,1.0,ensemble_grid_blend,13.0,2025,Chinese Grand Prix,2025-03-23
OCO,Haas F1 Team,11.0,12.930002867324623,13.121921602477325,12.073824941293198,12.825938839421783,16,9,16.0,16.0,16,1.4659433478105144,13.0,16.0,11.0,16.0,13.0,16.0,0.0,0.0,0.0,0.58,1.0,ensemble_grid_blend,5.0,2025,Chinese Grand Prix,2025-03-23
NOR,McLaren,2.0,3.146666211787652,3.018136363636363,3.368661161944517,3.1460797549660735,1,2,1.0,1.0,1,0.7713951678941896,1.0,2.0,1.0,3.0,1.0,2.0,0.68,0.98,1.0,0.87,1.0,ensemble_grid_blend,2.0,2025,Japanese Grand Prix,2025-04-06
VER,Red Bull Racing,1.0,3.6481098076991434,3.223202297702298,3.7014580666667314,3.5100618309937652,2,1,2.0,2.0,2,0.7872724939930138,1.0,3.0,1.0,3.5249999999999915,1.0,3.0,0.22,0.97,1.0,0.97,1.0,ensemble_grid_blend,1.0,2025,Japanese Grand Prix,2025-04-06
RUS,Mercedes,5.0,3.6074554683660938,4.141959401709402,4.421452481932327,3.957331247749498,3,5,3.0,3.0,3,0.9468181696950297,2.0,3.0,1.0,5.0,2.0,3.0,0.1,0.92,1.0,0.86,1.0,ensemble_grid_blend,5.0,2025,Japanese Grand Prix,2025-04-06
PIA,McLaren,3.0,6.393395947833666,6.7489509423325185,5.4655121941619935,6.33226344517393,4,3,4.0,4.0,4,1.901195795951973,4.0,8.0,4.0,10.0,4.0,8.0,0.0,0.0,0.99,0.48,1.0,ensemble_grid_blend,3.0,2025,Japanese Grand Prix,2025-04-06
HAM,Ferrari,8.0,7.4281560373900195,5.340555722055724,6.710399342216695,6.553944587988351,5,8,5.0,5.0,5,1.8929961287425663,4.0,8.0,3.0,10.0,4.0,8.0,0.0,0.06,0.98,0.51,1.0,ensemble_grid_blend,7.0,2025,Japanese Grand Prix,2025-04-06
LEC,Ferrari,4.0,6.901444866051004,7.766696026196029,4.696815339386761,6.763356866768914,6,4,6.0,6.0,6,2.369226102176051,4.0,9.0,3.0,11.524999999999991,4.0,9.0,0.0,0.05,0.95,0.33,1.0,ensemble_grid_blend,4.0,2025,Japanese Grand Prix,2025-04-06
SAI,Williams,15.0,6.406367398296266,6.731176573426572,7.816795389198199,6.80213620777226,7,15,7.0,7.0,7,1.497472618255253,5.0,8.0,4.0,9.0,5.0,8.0,0.0,0.0,1.0,0.61,1.0,ensemble_grid_blend,14.0,2025,Japanese Grand Prix,2025-04-06
ANT,Mercedes,6.0,7.919027959602776,6.973111198742778,5.284937642214565,7.061139029824134,8,6,8.0,8.0,8,2.1625602111078126,5.0,9.0,4.0,11.524999999999991,5.0,9.0,0.0,0.02,0.95,0.42,1.0,ensemble_grid_blend,6.0,2025,Japanese Grand Prix,2025-04-06
ALB,Williams,9.0,7.766438924812268,7.5093321123321095,9.501611510623961,8.02348605760655,9,9,9.0,9.0,9,2.2495566342070723,7.0,10.0,5.0,15.0,7.0,10.0,0.0,0.0,0.88,0.55,1.0,ensemble_grid_blend,9.0,2025,Japanese Grand Prix,2025-04-06
TSU,Red Bull Racing,14.0,8.87955471538975,9.430929482282423,9.410642215450775,9.17875338381439,10,14,10.0,10.0,10,2.08127777380079,8.0,12.0,6.0,14.524999999999991,8.0,12.0,0.0,0.0,0.51,0.55,1.0,ensemble_grid_blend,12.0,2025,Japanese Grand Prix,2025-04-06
ALO,Aston Martin,12.0,9.817307253922282,8.712778589100957,9.004608402024063,9.268182450855173,11,12,11.0,11.0,11,2.0932551616363377,9.0,13.0,7.0,15.0,9.0,13.0,0.0,0.0,0.47,0.53,1.0,ensemble_grid_blend,11.0,2025,Japanese Grand Prix,2025-04-06
HUL,Audi,16.0,10.186305030164158,10.49069178941973,11.01645153391509,10.458869696653794,12,16,12.0,12.0,12,1.9662557351884868,12.0,16.0,10.0,17.0,12.0,16.0,0.0,0.0,0.07,0.49,1.0,ensemble_grid_blend,16.0,2025,Japanese Grand Prix,2025-04-06
GAS,Alpine,11.0,11.368629614785648,10.526861622983137,10.26909333335545,10.85410356136873,13,11,13.0,13.0,13,1.63101257512075,12.0,15.0,11.0,17.52499999999999,12.0,15.0,0.0,0.0,0.0,0.59,1.0,ensemble_grid_blend,13.0,2025,Japanese Grand Prix,2025-04-06
STR,Aston Martin,20.0,11.525356588793638,10.56593665003727,10.724264648613941,11.029341222192969,14,20,14.0,14.0,14,2.3471237502504847,11.0,16.0,10.0,19.0,11.0,16.0,0.0,0.0,0.08,0.47,1.0,ensemble_grid_blend,20.0,2025,Japanese Grand Prix,2025-04-06
BEA,Haas F1 Team,10.0,10.892467458555616,11.4940559097765,10.646900597924146,11.053910044356634,15,10,15.0,15.0,15,2.548994652284257,11.0,16.159999999999997,10.0,18.52499999999999,11.0,16.159999999999997,0.0,0.0,0.09,0.34,1.0,ensemble_grid_blend,10.0,2025,Japanese Grand Prix,2025-04-06
OCO,Haas F1 Team,18.0,11.789821950175615,11.798219155844157,11.210356407068318,11.676867863538144,16,18,16.0,16.0,16,2.4191157913835406,13.0,17.0,11.0,20.0,13.0,17.0,0.0,0.0,0.02,0.49,1.0,ensemble_grid_blend,18.0,2025,Japanese Grand Prix,2025-04-06
HAD,Racing Bulls,7.0,12.367815047535027,12.209041249857814,11.648454267530855,12.168372062347169,17,7,17.0,17.0,17,1.7317883557441158,15.0,17.0,12.475,20.0,15.0,17.0,0.0,0.0,0.01,0.7,1.0,ensemble_grid_blend,8.0,2025,Japanese Grand Prix,2025-04-06
DOO,Alpine,19.0,13.347700839944414,12.714904179154178,13.690871781139137,13.194856196906777,18,19,18.0,18.0,18,1.6041297713191174,17.0,20.0,13.475,20.0,17.0,20.0,0.0,0.0,0.0,0.64,1.0,ensemble_grid_blend,15.0,2025,Japanese Grand Prix,2025-04-06
BOR,Audi,17.0,13.675229276428814,13.521692252192256,13.18018205915869,13.522481874491994,19,17,19.0,19.0,19,1.3172898410192515,17.84,20.0,15.0,20.0,17.84,20.0,0.0,0.0,0.0,0.84,1.0,ensemble_grid_blend,19.0,2025,Japanese Grand Prix,2025-04-06
LAW,Racing Bulls,13.0,14.494352809751385,13.166380292222398,13.5490911981498,13.840510106295923,20,13,20.0,20.0,20,1.1499231419200295,18.0,20.0,16.0,20.0,18.0,20.0,0.0,0.0,0.0,0.65,1.0,ensemble_grid_blend,17.0,2025,Japanese Grand Prix,2025-04-06
VER,Red Bull Racing,7.0,2.9517930526988736,2.8796434584526,3.343407578570128,3.004863599886929,1,7,1.0,1.0,1,0.6989169110021938,1.0,2.0,1.0,3.0,1.0,2.0,0.54,1.0,1.0,0.88,1.0,ensemble_grid_blend,6.0,2025,Bahrain Grand Prix,2025-04-13
NOR,McLaren,6.0,3.199146195933573,3.0580038115479304,3.0070365873340688,3.111324439678697,2,6,2.0,2.0,2,0.7895146188218007,1.0,2.0,1.0,3.5249999999999915,1.0,2.0,0.45,0.97,1.0,0.97,1.0,ensemble_grid_blend,3.0,2025,Bahrain Grand Prix,2025-04-13
RUS,Mercedes,3.0,3.666696419735084,4.154539738039739,4.563582955740682,4.016818888342833,3,3,3.0,3.0,3,0.7,2.0,3.0,2.0,4.5249999999999915,2.0,3.0,0.01,0.86,1.0,0.96,1.0,ensemble_grid_blend,2.0,2025,Bahrain Grand Prix,2025-04-13
HAM,Ferrari,9.0,6.4263226005071905,6.359362503438591,6.648831072403874,6.4473882609125175,4,8,4.0,4.0,4,1.6017667013821226,4.0,7.0,3.0,9.0,4.0,7.0,0.0,0.06,1.0,0.52,1.0,ensemble_grid_blend,5.0,2025,Bahrain Grand Prix,2025-04-13
LEC,Ferrari,2.0,6.458793813996718,7.7933652784413665,4.874716115896402,6.609078286932283,5,2,5.0,5.0,5,1.6110727964792764,4.0,7.0,3.0,8.524999999999991,4.0,7.0,0.0,0.07,0.99,0.67,1.0,ensemble_grid_blend,4.0,2025,Bahrain Grand Prix,2025-04-13
ANT,Mercedes,5.0,7.349249397458085,7.0983818126318114,5.485670772544479,6.888730017786168,6,5,6.0,6.0,6,1.2231355632392538,4.0,7.0,4.0,8.0,4.0,7.0,0.0,0.0,1.0,0.72,1.0,ensemble_grid_blend,11.0,2025,Bahrain Grand Prix,2025-04-13
PIA,McLaren,1.0,7.735251856113653,7.742209706959704,4.693205899091194,7.129277912505279,7,1,7.0,7.0,7,1.5955746882733461,4.0,8.0,3.0,9.0,4.0,8.0,0.0,0.04,1.0,0.54,1.0,ensemble_grid_blend,1.0,2025,Bahrain Grand Prix,2025-04-13
ALB,Williams,15.0,8.096415696240465,8.246435797046095,9.361088635123874,8.401857319299117,8,14,8.0,8.0,8,1.5949414985629988,7.0,9.0,5.0,12.574999999999974,7.0,9.0,0.0,0.0,0.96,0.77,1.0,ensemble_grid_blend,12.0,2025,Bahrain Grand Prix,2025-04-13
ALO,Aston Martin,13.0,9.63988217112738,9.377366248238907,9.43087318035425,9.50619979996179,9,12,9.0,9.0,9,1.5602058916189314,8.0,11.0,7.0,13.0,8.0,11.0,0.0,0.0,0.8,0.76,1.0,ensemble_grid_blend,15.0,2025,Bahrain Grand Prix,2025-04-13
TSU,Red Bull Racing,10.0,9.772991825658499,10.351315058479535,9.654992190205002,9.951805030055162,10,9,10.0,10.0,10,1.4183501583590603,8.84,11.0,7.0,12.524999999999991,8.84,11.0,0.0,0.0,0.73,0.75,1.0,ensemble_grid_blend,9.0,2025,Bahrain Grand Prix,2025-04-13
BEA,Haas F1 Team,20.0,11.387771853102198,11.046897679615071,10.692156093039873,11.129342740369239,11,18,11.0,11.0,11,1.6774198561294587,11.0,14.0,9.475,15.524999999999991,11.0,14.0,0.0,0.0,0.12,0.6,1.0,ensemble_grid_blend,10.0,2025,Bahrain Grand Prix,2025-04-13
HAD,Racing Bulls,12.0,11.061972811234517,11.338932634718445,10.965662723181815,11.139646731843351,12,11,12.0,12.0,12,1.5953214425470827,10.0,13.0,9.0,15.0,10.0,13.0,0.0,0.0,0.2,0.66,1.0,ensemble_grid_blend,13.0,2025,Bahrain Grand Prix,2025-04-13
GAS,Alpine,4.0,11.379582288658277,11.653058820933325,11.046313121001809,11.40864524142325,13,4,13.0,13.0,13,1.368144064716206,11.0,14.0,10.0,15.524999999999991,11.0,14.0,0.0,0.0,0.08,0.77,1.0,ensemble_grid_blend,7.0,2025,Bahrain Grand Prix,2025-04-13
OCO,Haas F1 Team,14.0,12.311917888152452,12.250537864912863,11.944310066934872,12.216913315775079,14,13,14.0,14.0,14,1.97366500079257,12.0,16.0,10.475,18.0,12.0,16.0,0.0,0.0,0.03,0.55,1.0,ensemble_grid_blend,8.0,2025,Bahrain Grand Prix,2025-04-13
STR,Aston Martin,19.0,13.59595512838361,12.0851095016095,11.947038984053423,12.737375930146635,15,17,15.0,15.0,15,2.627669397897396,12.84,17.0,8.475,18.0,12.84,17.0,0.0,0.0,0.09,0.57,1.0,ensemble_grid_blend,17.0,2025,Bahrain Grand Prix,2025-04-13
LAW,Racing Bulls,17.0,13.683612288193402,13.49920600641189,13.708689689923458,13.624085569915884,16,15,16.0,16.0,16,1.3264595544135336,15.0,17.0,13.0,18.0,15.0,17.0,0.0,0.0,0.0,0.75,1.0,ensemble_grid_blend,16.0,2025,Bahrain Grand Prix,2025-04-13
DOO,Alpine,11.0,13.969809020778728,13.416902708402706,14.063839152770878,13.79509783784555,17,10,17.0,17.0,17,1.4666666666666668,15.0,18.0,13.475,18.0,15.0,18.0,0.0,0.0,0.0,0.77,1.0,ensemble_grid_blend,14.0,2025,Bahrain Grand Prix,2025-04-13
BOR,Audi,18.0,14.031153108409885,14.174696161517101,14.46197298747175,14.167557152809783,18,16,18.0,18.0,18,0.9725526134140949,16.0,18.0,15.0,18.0,16.0,18.0,0.0,0.0,0.0,0.76,1.0,ensemble_grid_blend,18.0,2025,Bahrain Grand Prix,2025-04-13
NOR,McLaren,10.0,3.7123770144159396,3.257227709837835,2.804779635484687,3.371555282027352,1,8,1.0,1.0,1,1.2366049972371613,1.0,4.0,1.0,5.0,1.0,4.0,0.4,0.82,1.0,0.64,1.0,ensemble_grid_blend,4.0,2025,Saudi Arabian Grand Prix,2025-04-20
PIA,McLaren,2.0,3.2625410290323615,3.8325691749770696,3.6924934628953006,3.5480413668855975,2,2,2.0,2.0,2,1.249808066072628,1.0,4.0,1.0,5.0,1.0,4.0,0.26,0.76,1.0,0.76,1.0,ensemble_grid_blend,1.0,2025,Saudi Arabian Grand Prix,2025-04-20
VER,Red Bull Racing,1.0,3.4809498235582863,3.3460763925616863,4.318151649171582,3.6011844878321355,3,1,3.0,3.0,3,1.4486496673060254,1.0,4.0,1.0,6.0,1.0,4.0,0.27,0.7,1.0,0.63,1.0,ensemble_grid_blend,2.0,2025,Saudi Arabian Grand Prix,2025-04-20
RUS,Mercedes,3.0,3.6288418970906355,3.708622405372405,4.596645954624307,3.8503258864959893,4,3,4.0,4.0,4,1.1828317332109877,2.0,4.0,1.0,6.0,2.0,4.0,0.06,0.65,1.0,0.61,1.0,ensemble_grid_blend,5.0,2025,Saudi Arabian Grand Prix,2025-04-20
HAM,Ferrari,7.0,4.529357476575977,5.079880397380399,6.718552122198204,5.15987942798197,5,7,5.0,5.0,5,1.0162318990896086,4.0,6.0,3.0,7.0,4.0,6.0,0.01,0.05,1.0,0.89,1.0,ensemble_grid_blend,7.0,2025,Saudi Arabian Grand Prix,2025-04-20
ANT,Mercedes,5.0,5.477519445420935,5.564865467865469,6.588997503009422,5.730386164794219,6,5,6.0,6.0,6,0.8859737552261326,5.0,7.0,4.0,7.0,5.0,7.0,0.0,0.01,1.0,0.94,1.0,ensemble_grid_blend,6.0,2025,Saudi Arabian Grand Prix,2025-04-20
LEC,Ferrari,4.0,6.682540723428567,7.0397411199911195,5.1084786933220165,6.492748456204151,7,4,7.0,7.0,7,0.9857059204530332,6.0,7.0,4.0,8.0,6.0,7.0,0.0,0.01,1.0,0.87,1.0,ensemble_grid_blend,3.0,2025,Saudi Arabian Grand Prix,2025-04-20
SAI,Williams,6.0,9.885029660574638,10.597321841067428,9.530206639379067,10.063367319508,8,6,8.0,8.0,8,1.4804790379529802,8.0,11.0,7.475,12.0,8.0,11.0,0.0,0.0,0.8,0.73,1.0,ensemble_grid_blend,8.0,2025,Saudi Arabian Grand Prix,2025-04-20
ALO,Aston Martin,13.0,10.973854376882935,8.985346255939284,11.201531944761985,10.323412048128468,9,11,9.0,9.0,9,1.3803820288074407,8.0,11.0,8.0,12.524999999999991,8.0,11.0,0.0,0.0,0.73,0.72,1.0,ensemble_grid_blend,11.0,2025,Saudi Arabian Grand Prix,2025-04-20
ALB,Williams,11.0,10.859482896828242,11.368138808456768,10.533826762787637,10.972381239090105,10,9,10.0,10.0,10,1.4955827214726964,9.0,13.0,8.475,13.0,9.0,13.0,0.0,0.0,0.5,0.6,1.0,ensemble_grid_blend,9.0,2025,Saudi Arabian Grand Prix,2025-04-20
BEA,Haas F1 Team,15.0,11.09083694612724,11.455223639595701,10.050778326331683,11.01036056488209,11,13,11.0,11.0,11,1.5859229221975182,9.0,12.0,8.0,14.0,9.0,12.0,0.0,0.0,0.52,0.6,1.0,ensemble_grid_blend,13.0,2025,Saudi Arabian Grand Prix,2025-04-20
HAD,Racing Bulls,14.0,11.56019780901311,11.22748132905742,11.568397713266224,11.445387021879242,12,12,12.0,12.0,12,1.4268705603381115,10.0,13.0,9.0,14.0,10.0,13.0,0.0,0.0,0.29,0.65,1.0,ensemble_grid_blend,10.0,2025,Saudi Arabian Grand Prix,2025-04-20
OCO,Haas F1 Team,19.0,13.280528816343391,12.498984931734931,10.898658457163727,12.530614384894498,13,17,13.0,13.0,13,1.8184242262647807,11.0,15.0,8.475,16.0,11.0,15.0,0.0,0.0,0.09,0.62,1.0,ensemble_grid_blend,14.0,2025,Saudi Arabian Grand Prix,2025-04-20
HUL,Audi,18.0,12.298509115800321,13.452588618983352,13.425395347680253,12.92781418829037,14,16,14.0,14.0,14,2.2585192252688686,12.0,16.159999999999997,8.475,18.0,12.0,16.159999999999997,0.0,0.0,0.07,0.55,1.0,ensemble_grid_blend,15.0,2025,Saudi Arabian Grand Prix,2025-04-20
STR,Aston Martin,16.0,13.88250241379795,13.197812770562766,13.753341507014872,13.61702885730902,15,14,15.0,15.0,15,1.4667699688138363,14.0,17.0,13.0,18.0,14.0,17.0,0.0,0.0,0.0,0.64,1.0,ensemble_grid_blend,16.0,2025,Saudi Arabian Grand Prix,2025-04-20
DOO,Alpine,17.0,13.907993686688169,13.619073544962088,13.930322867687714,13.81133747328395,16,15,16.0,16.0,16,1.4864709750264078,14.0,17.0,12.475,18.0,14.0,17.0,0.0,0.0,0.0,0.67,1.0,ensemble_grid_blend,17.0,2025,Saudi Arabian Grand Prix,2025-04-20
LAW,Racing Bulls,12.0,14.58022639833584,14.076999111999108,14.109068713065277,14.309865311063872,17,10,17.0,17.0,17,1.3205447299650186,15.0,18.0,13.475,18.0,15.0,18.0,0.0,0.0,0.0,0.81,1.0,ensemble_grid_blend,12.0,2025,Saudi Arabian Grand Prix,2025-04-20
BOR,Audi,20.0,14.598788753528122,14.914635391655125,16.00286479542177,14.990150285251303,18,18,18.0,18.0,18,1.1864555481250731,16.0,18.0,15.0,18.0,16.0,18.0,0.0,0.0,0.0,0.7,1.0,ensemble_grid_blend,18.0,2025,Saudi Arabian Grand Prix,2025-04-20
PIA,McLaren,4.0,3.0420408238437027,3.2939044376675946,3.490384709539338,3.2198618658211915,1,4,1.0,1.0,1,1.447952228689074,1.0,4.0,1.0,5.5249999999999915,1.0,4.0,0.39,0.76,1.0,0.6,1.0,ensemble_grid_blend,1.0,2025,Miami Grand Prix,2025-05-04
VER,Red Bull Racing,1.0,3.418432609219599,3.448637753912754,3.568543260088097,3.459026540035903,2,1,2.0,2.0,2,1.452966314513558,1.0,4.159999999999997,1.0,6.0,1.0,4.159999999999997,0.22,0.66,1.0,0.66,1.0,ensemble_grid_blend,4.0,2025,Miami Grand Prix,2025-05-04
NOR,McLaren,2.0,4.01159772350347,3.1807918811065097,3.081925290615721,3.5348811920869836,3,2,3.0,3.0,3,1.3649286805655096,1.0,4.0,1.0,5.5249999999999915,1.0,4.0,0.21,0.75,1.0,0.66,1.0,ensemble_grid_blend,2.0,2025,Miami Grand Prix,2025-05-04
LEC,Ferrari,8.0,3.6668948796308336,3.4827994505494506,4.3299567730910375,3.7350738581443905,4,8,4.0,4.0,4,1.465392008089896,2.0,5.0,1.0,6.0,2.0,5.0,0.15,0.56,1.0,0.62,1.0,ensemble_grid_blend,7.0,2025,Miami Grand Prix,2025-05-04
RUS,Mercedes,5.0,3.873420496839251,4.277292013542015,4.838813080147268,4.2078540443468215,5,5,5.0,5.0,5,1.2999999999999998,3.0,6.0,1.475,6.0,3.0,6.0,0.03,0.24,1.0,0.76,1.0,ensemble_grid_blend,3.0,2025,Miami Grand Prix,2025-05-04
ANT,Mercedes,3.0,4.523569741199782,5.304560480369303,6.659111675452531,5.224024886759664,6,3,6.0,6.0,6,0.9468181696950299,5.0,6.0,3.475,7.0,5.0,6.0,0.0,0.03,1.0,0.86,1.0,ensemble_grid_blend,6.0,2025,Miami Grand Prix,2025-05-04
HAM,Ferrari,12.0,6.240163304309101,7.314566572316572,6.226286619659138,6.613429111181723,7,12,7.0,7.0,7,0.5179602574356726,7.0,7.0,6.0,8.0,7.0,7.0,0.0,0.0,1.0,0.97,1.0,ensemble_grid_blend,8.0,2025,Miami Grand Prix,2025-05-04
SAI,Williams,6.0,9.008707809161228,10.198523171273171,9.764525054147727,9.576306634897708,8,6,8.0,8.0,8,1.8525439784035334,8.0,11.0,7.0,14.0,8.0,11.0,0.0,0.0,0.79,0.66,1.0,ensemble_grid_blend,9.0,2025,Miami Grand Prix,2025-05-04
TSU,Red Bull Racing,10.0,10.014642450597881,10.28665112411668,9.358382264440943,9.978593449098073,9,10,9.0,9.0,9,1.5774932166208668,8.0,11.0,8.0,13.0,8.0,11.0,0.0,0.0,0.75,0.75,1.0,ensemble_grid_blend,10.0,2025,Miami Grand Prix,2025-05-04
ALO,Aston Martin,17.0,11.167559295107464,9.849437000478027,11.756259860436963,10.823956605053061,10,14,10.0,10.0,10,1.9265293020131178,9.0,13.0,8.0,14.0,9.0,13.0,0.0,0.0,0.42,0.43,1.0,ensemble_grid_blend,15.0,2025,Miami Grand Prix,2025-05-04
GAS,Alpine,20.0,10.840165012953982,11.02966064027132,11.117779836529529,10.962011447230159,11,16,11.0,11.0,11,1.689659579604571,9.84,13.0,9.0,14.0,9.84,13.0,0.0,0.0,0.28,0.49,1.0,ensemble_grid_blend,13.0,2025,Miami Grand Prix,2025-05-04
ALB,Williams,7.0,11.11295581887561,11.263602287332551,10.53809150869725,11.050709220799867,12,7,12.0,12.0,12,1.7825189304390958,10.0,14.0,8.475,14.0,10.0,14.0,0.0,0.0,0.23,0.56,1.0,ensemble_grid_blend,5.0,2025,Miami Grand Prix,2025-05-04
HAD,Racing Bulls,11.0,10.996605252764992,11.10931338106338,11.172597851401893,11.071251617396808,13,11,13.0,13.0,13,1.7137294672347463,10.0,13.0,8.0,14.0,10.0,13.0,0.0,0.0,0.29,0.51,1.0,ensemble_grid_blend,11.0,2025,Miami Grand Prix,2025-05-04
OCO,Haas F1 Team,9.0,11.229096374283863,11.438875541125547,12.225382986108352,11.501776405043351,14,9,14.0,14.0,14,1.8744426781140449,10.0,14.0,8.475,15.0,10.0,14.0,0.0,0.0,0.24,0.42,1.0,ensemble_grid_blend,12.0,2025,Miami Grand Prix,2025-05-04
HUL,Audi,16.0,12.750997211325755,14.904819915378736,14.202095123037664,13.79505474008668,15,13,15.0,15.0,15,0.6819461159435583,15.0,16.0,13.475,16.0,15.0,16.0,0.0,0.0,0.0,0.97,1.0,ensemble_grid_blend,14.0,2025,Miami Grand Prix,2025-05-04
STR,Aston Martin,18.0,15.308271308378085,14.158780636030633,14.73988865990243,14.792273043361346,16,15,16.0,16.0,16,0.4731156136066361,15.0,16.0,15.0,16.0,15.0,16.0,0.0,0.0,0.0,0.99,1.0,ensemble_grid_blend,16.0,2025,Miami Grand Prix,2025-05-04
PIA,McLaren,1.0,2.548081124571419,2.8498633311133315,3.0281440548589025,2.749717482918585,1,1,1.0,1.0,1,0.8896713727636466,1.0,3.0,1.0,4.0,1.0,3.0,0.64,0.95,1.0,0.83,1.0,ensemble_grid_blend,3.0,2025,Emilia Romagna Grand Prix,2025-05-18
VER,Red Bull Racing,2.0,3.4066590262464005,2.9820819735819737,3.7977643352723565,3.336278119619042,2,2,2.0,2.0,2,0.8348471099367217,1.0,3.0,1.0,4.0,1.0,3.0,0.18,0.94,1.0,0.94,1.0,ensemble_grid_blend,1.0,2025,Emilia Romagna Grand Prix,2025-05-18
NOR,McLaren,4.0,3.9419663224911883,3.0386651575548633,2.8752573613704726,3.4124691225393313,3,4,3.0,3.0,3,1.1038957643663003,1.0,4.0,1.0,5.0,1.0,4.0,0.18,0.78,1.0,0.78,1.0,ensemble_grid_blend,2.0,2025,Emilia Romagna Grand Prix,2025-05-18
RUS,Mercedes,3.0,4.088310456235733,3.9191974414474395,4.535653711456118,4.1185895521039075,4,3,4.0,4.0,4,0.6771150924952481,3.0,4.0,2.0,5.0,3.0,4.0,0.0,0.31,1.0,0.94,1.0,ensemble_grid_blend,7.0,2025,Emilia Romagna Grand Prix,2025-05-18
LEC,Ferrari,11.0,6.075998906630479,6.654398989898991,4.918974370859972,6.047034028620358,5,11,5.0,5.0,5,0.7813482261482716,5.0,6.0,4.0,7.0,5.0,6.0,0.0,0.02,1.0,0.94,1.0,ensemble_grid_blend,6.0,2025,Emilia Romagna Grand Prix,2025-05-18
HAM,Ferrari,12.0,6.251500577212033,6.390872738372739,6.63022210141966,6.376025138459806,6,12,6.0,6.0,6,0.6741998624632421,5.0,6.0,5.0,7.0,5.0,6.0,0.0,0.0,1.0,0.97,1.0,ensemble_grid_blend,4.0,2025,Emilia Romagna Grand Prix,2025-05-18
TSU,Red Bull Racing,20.0,9.260789963220372,9.54469869019869,9.148788810523964,9.337757787123502,7,18,7.0,7.0,7,1.80246744461277,7.0,10.0,5.0,12.524999999999991,7.0,10.0,0.0,0.0,0.9,0.71,1.0,ensemble_grid_blend,10.0,2025,Emilia Romagna Grand Prix,2025-05-18
SAI,Williams,6.0,9.414185304278172,9.752173113651054,9.386000350050583,9.526844046713162,8,6,8.0,8.0,8,1.6659089186544758,7.0,10.0,6.0,12.524999999999991,7.0,10.0,0.0,0.0,0.9,0.78,1.0,ensemble_grid_blend,8.0,2025,Emilia Romagna Grand Prix,2025-05-18
ALB,Williams,7.0,11.107429922748251,10.719330872558814,9.479019257380155,10.645913122108329,9,7,9.0,9.0,9,1.4886438815447456,9.0,12.0,8.0,12.0,9.0,12.0,0.0,0.0,0.6,0.58,1.0,ensemble_grid_blend,5.0,2025,Emilia Romagna Grand Prix,2025-05-18
BEA,Haas F1 Team,19.0,10.517778374803747,10.75579419191919,10.965335889212364,10.690595413675876,10,17,10.0,10.0,10,1.6758534686794215,8.0,12.0,8.0,13.0,8.0,12.0,0.0,0.0,0.6,0.57,1.0,ensemble_grid_blend,17.0,2025,Emilia Romagna Grand Prix,2025-05-18
HAD,Racing Bulls,9.0,10.509852742461524,11.164630924630925,11.271816918293785,10.891417941387267,11,9,11.0,11.0,11,1.8359760567088232,9.0,13.0,8.0,14.524999999999991,9.0,13.0,0.0,0.0,0.48,0.55,1.0,ensemble_grid_blend,9.0,2025,Emilia Romagna Grand Prix,2025-05-18
GAS,Alpine,10.0,10.983435696264689,11.255400377400374,11.43411585918967,11.168759367247175,12,10,12.0,12.0,12,1.667848066137072,9.0,13.0,8.0,14.0,9.0,13.0,0.0,0.0,0.27,0.65,1.0,ensemble_grid_blend,13.0,2025,Emilia Romagna Grand Prix,2025-05-18
ALO,Aston Martin,5.0,12.12903262149302,12.021709706959705,12.38514804440658,12.142692685989072,13,5,13.0,13.0,13,2.202179819995624,10.0,15.0,8.0,16.52499999999999,10.0,15.0,0.0,0.0,0.19,0.53,1.0,ensemble_grid_blend,11.0,2025,Emilia Romagna Grand Prix,2025-05-18
COL,Alpine,16.0,12.157267227097494,12.202452908202908,12.138703577654987,12.169369485595887,14,15,14.0,14.0,14,1.498281844263116,12.0,14.0,8.95,15.0,12.0,14.0,0.0,0.0,0.05,0.78,1.0,ensemble_grid_blend,16.0,2025,Emilia Romagna Grand Prix,2025-05-18
HUL,Audi,17.0,12.66639519502386,14.613094821844818,14.048072021342541,13.624075429674932,15,16,15.0,15.0,15,1.2479882801832507,15.0,17.0,13.0,17.0,15.0,17.0,0.0,0.0,0.01,0.75,1.0,ensemble_grid_blend,12.0,2025,Emilia Romagna Grand Prix,2025-05-18
LAW,Racing Bulls,15.0,13.630684710138501,14.005385364635366,13.487022266133106,13.733097450411325,16,14,16.0,16.0,16,1.4154986272110488,14.0,17.0,12.475,18.0,14.0,17.0,0.0,0.0,0.0,0.75,1.0,ensemble_grid_blend,14.0,2025,Emilia Romagna Grand Prix,2025-05-18
STR,Aston Martin,8.0,14.798281832583891,14.480621947496948,14.795068624623678,14.686458231211418,17,8,17.0,17.0,17,0.9547330263037681,16.0,18.0,15.0,18.0,16.0,18.0,0.0,0.0,0.0,0.93,1.0,ensemble_grid_blend,15.0,2025,Emilia Romagna Grand Prix,2025-05-18
BOR,Audi,14.0,15.115635773821726,15.417479546597194,16.29820605436271,15.457795150401335,18,13,18.0,18.0,18,0.7017294652672371,17.0,18.0,16.0,18.0,17.0,18.0,0.0,0.0,0.0,0.9,1.0,ensemble_grid_blend,18.0,2025,Emilia Romagna Grand Prix,2025-05-18
VER,Red Bull Racing,4.0,4.351940803431498,3.704596400675349,2.874884273303385,3.8299589564412235,1,4,1.0,1.0,1,1.5723301886761007,1.0,4.0,1.0,5.5249999999999915,1.0,4.0,0.39,0.81,1.0,0.62,1.0,ensemble_grid_blend,4.0,2025,Monaco Grand Prix,2025-05-25
NOR,McLaren,1.0,4.465131425739498,4.89621790521215,2.508301768023067,4.22464576201164,2,1,2.0,2.0,2,2.0081651507600844,1.0,5.159999999999997,1.0,7.0,1.0,5.159999999999997,0.28,0.58,1.0,0.58,1.0,ensemble_grid_blend,1.0,2025,Monaco Grand Prix,2025-05-25
PIA,McLaren,3.0,4.626379486550079,5.184378010878009,3.0285739775104226,4.502117868256923,3,3,3.0,3.0,3,2.0591996091450264,1.8399999999999999,6.0,1.0,7.0,1.8399999999999999,6.0,0.16,0.45,1.0,0.46,1.0,ensemble_grid_blend,3.0,2025,Monaco Grand Prix,2025-05-25
RUS,Mercedes,14.0,5.042334898534881,4.81945498945499,4.813919469910925,4.918643844632128,4,13,4.0,4.0,4,1.703798489531345,2.0,5.0,1.0,7.0,2.0,5.0,0.1,0.42,1.0,0.61,1.0,ensemble_grid_blend,11.0,2025,Monaco Grand Prix,2025-05-25
LEC,Ferrari,2.0,5.053686624432834,5.0832059468309465,4.747370908546353,5.002755244094876,5,2,5.0,5.0,5,1.855921454276674,2.0,6.0,1.0,7.0,2.0,6.0,0.05,0.45,1.0,0.44,1.0,ensemble_grid_blend,2.0,2025,Monaco Grand Prix,2025-05-25
ANT,Mercedes,15.0,5.115311661698457,5.241271950271949,6.334843480672226,5.403304126493933,6,14,6.0,6.0,6,1.6345697237555155,4.0,7.0,2.0,8.0,4.0,7.0,0.01,0.14,1.0,0.73,1.0,ensemble_grid_blend,18.0,2025,Monaco Grand Prix,2025-05-25
HAM,Ferrari,7.0,5.698150311801387,5.526121156621158,5.895416954438586,5.6773934360157465,7,6,7.0,7.0,7,1.751507287389287,4.0,7.0,3.0,9.0,4.0,7.0,0.01,0.14,1.0,0.56,1.0,ensemble_grid_blend,5.0,2025,Monaco Grand Prix,2025-05-25
SAI,Williams,11.0,7.265543951707193,7.579994103119103,8.97898964208882,7.718290642777687,8,10,8.0,8.0,8,0.9782999065065411,8.0,10.0,6.0,10.0,8.0,10.0,0.0,0.0,1.0,0.78,1.0,ensemble_grid_blend,10.0,2025,Monaco Grand Prix,2025-05-25
ALB,Williams,10.0,6.941781883322726,8.035186484267363,9.275412140793202,7.791199545147444,9,9,9.0,9.0,9,1.2115187896924164,8.0,10.0,5.95,10.0,8.0,10.0,0.0,0.01,0.98,0.88,1.0,ensemble_grid_blend,9.0,2025,Monaco Grand Prix,2025-05-25
TSU,Red Bull Racing,12.0,8.482293846691887,8.588649606413536,8.81201373886768,8.585462341029622,10,11,10.0,10.0,10,1.4248515783063234,8.0,11.0,6.475,12.0,8.0,11.0,0.0,0.0,0.78,0.7,1.0,ensemble_grid_blend,17.0,2025,Monaco Grand Prix,2025-05-25
HAD,Racing Bulls,5.0,11.083865764189708,10.958773350016,10.588294238872056,10.94096911416538,11,5,11.0,11.0,11,1.1752927853573898,10.0,12.159999999999997,10.0,14.0,10.0,12.159999999999997,0.0,0.0,0.19,0.82,1.0,ensemble_grid_blend,6.0,2025,Monaco Grand Prix,2025-05-25
BEA,Haas F1 Team,20.0,11.804705371997473,11.833552732939575,12.251418327293921,11.904144539386497,12,18,12.0,12.0,12,1.3818447631680448,11.0,14.0,10.0,15.0,11.0,14.0,0.0,0.0,0.04,0.76,1.0,ensemble_grid_blend,12.0,2025,Monaco Grand Prix,2025-05-25
OCO,Haas F1 Team,8.0,12.622415668780299,12.605705412561298,12.513507199725911,12.594785385292772,13,7,13.0,13.0,13,1.6368237288089145,12.0,16.0,11.0,17.0,12.0,16.0,0.0,0.0,0.01,0.69,1.0,ensemble_grid_blend,7.0,2025,Monaco Grand Prix,2025-05-25
COL,Alpine,18.0,13.804213837171632,12.639323741617861,12.732398987584613,13.182139333810408,14,16,14.0,14.0,14,1.5978204852330262,13.0,16.0,11.475,17.0,13.0,16.0,0.0,0.0,0.0,0.61,1.0,ensemble_grid_blend,13.0,2025,Monaco Grand Prix,2025-05-25
HUL,Audi,13.0,12.819758533915678,13.738037393162399,13.272744810434244,13.231753389955744,15,12,15.0,15.0,15,1.617954813268213,13.0,16.159999999999997,11.475,17.0,13.0,16.159999999999997,0.0,0.0,0.0,0.63,1.0,ensemble_grid_blend,16.0,2025,Monaco Grand Prix,2025-05-25
STR,Aston Martin,19.0,13.779239087576318,13.432999444999448,13.758339556467977,13.653875306452743,16,17,16.0,16.0,16,1.65681939421607,13.0,17.0,12.0,17.0,13.0,17.0,0.0,0.0,0.0,0.68,1.0,ensemble_grid_blend,15.0,2025,Monaco Grand Prix,2025-05-25
LAW,Racing Bulls,9.0,14.521167653084593,13.898575396825395,12.963073214604172,13.991641475697788,17,8,17.0,17.0,17,1.2742595393943001,15.0,17.0,12.475,17.52499999999999,15.0,17.0,0.0,0.0,0.0,0.62,1.0,ensemble_grid_blend,8.0,2025,Monaco Grand Prix,2025-05-25
BOR,Audi,16.0,15.651394044739204,16.198124809731333,16.037309512627537,15.919932906064115,18,15,18.0,18.0,18,0.2564323999762428,18.0,18.0,17.0,18.0,18.0,18.0,0.0,0.0,0.0,1.0,1.0,ensemble_grid_blend,14.0,2025,Monaco Grand Prix,2025-05-25
NOR,McLaren,2.0,3.4303540503239933,4.290871739371737,3.3807407922410784,3.7216125898741206,1,2,1.0,1.0,1,1.1666666666666667,1.0,3.0,1.0,5.0,1.0,3.0,0.53,0.91,1.0,0.77,1.0,ensemble_grid_blend,2.0,2025,Spanish Grand Prix,2025-06-01
VER,Red Bull Racing,3.0,4.124871299175143,3.5939806582306577,4.9440688308784795,4.102899081185241,2,3,2.0,2.0,2,1.147857028368846,1.0,3.0,1.0,5.0,1.0,3.0,0.28,0.86,1.0,0.86,1.0,ensemble_grid_blend,10.0,2025,Spanish Grand Prix,2025-06-01
PIA,McLaren,1.0,4.651031027605302,4.604480886760297,4.155557104096739,4.535643693607838,3,1,3.0,3.0,3,1.401694501218962,2.0,5.0,1.0,6.0,2.0,5.0,0.09,0.67,1.0,0.72,1.0,ensemble_grid_blend,1.0,2025,Spanish Grand Prix,2025-06-01
LEC,Ferrari,7.0,4.903065588019632,5.5989718614718615,5.460527525494027,5.258125171222791,4,6,4.0,4.0,4,1.2496059985111911,3.0,5.0,1.0,6.0,3.0,5.0,0.08,0.31,1.0,0.79,1.0,ensemble_grid_blend,3.0,2025,Spanish Grand Prix,2025-06-01
HAM,Ferrari,5.0,5.899750906783299,5.871657786657789,6.746836938145378,6.0593355210117865,5,5,5.0,5.0,5,1.265070764978798,3.0,6.0,2.0,6.0,3.0,6.0,0.02,0.18,1.0,0.81,1.0,ensemble_grid_blend,6.0,2025,Spanish Grand Prix,2025-06-01
RUS,Mercedes,4.0,6.52312592109361,6.591464249802484,7.626970472851511,6.767813246493295,6,4,6.0,6.0,6,1.1200198410940962,4.0,6.0,3.0,7.0,4.0,6.0,0.0,0.07,1.0,0.81,1.0,ensemble_grid_blend,4.0,2025,Spanish Grand Prix,2025-06-01
SAI,Williams,17.0,10.441875376524063,10.0756689617572,10.19310781531588,10.263949619114024,7,15,7.0,7.0,7,1.7545035845739465,7.0,9.0,6.0,13.0,7.0,9.0,0.0,0.0,0.88,0.71,1.0,ensemble_grid_blend,14.0,2025,Spanish Grand Prix,2025-06-01
TSU,Red Bull Racing,19.0,10.748833409353617,11.138899288619868,11.74106643606616,11.083803072439313,8,17,8.0,8.0,8,1.4487542541400487,7.0,10.0,7.0,12.0,7.0,10.0,0.0,0.0,0.88,0.75,1.0,ensemble_grid_blend,13.0,2025,Spanish Grand Prix,2025-06-01
HAD,Racing Bulls,9.0,11.430487114598284,11.868650986694465,10.437221540423883,11.385191354997067,9,8,9.0,9.0,9,1.7118422942561151,8.0,11.0,7.0,13.0,8.0,11.0,0.0,0.0,0.76,0.61,1.0,ensemble_grid_blend,7.0,2025,Spanish Grand Prix,2025-06-01
GAS,Alpine,8.0,11.783809468230402,12.580000360750361,12.421068986725622,12.18992818431143,10,7,10.0,10.0,10,1.7191435499848595,8.0,12.0,7.0,14.0,8.0,12.0,0.0,0.0,0.56,0.6,1.0,ensemble_grid_blend,8.0,2025,Spanish Grand Prix,2025-06-01
OCO,Haas F1 Team,16.0,11.822284531005625,13.630314241314238,12.773159399554466,12.645269903323408,11,14,11.0,11.0,11,2.0374275719914836,9.0,13.159999999999997,8.0,15.0,9.0,13.159999999999997,0.0,0.0,0.31,0.44,1.0,ensemble_grid_blend,16.0,2025,Spanish Grand Prix,2025-06-01
ALO,Aston Martin,10.0,13.174187420633139,13.334289682539682,12.484088410274728,13.092203410228747,12,9,12.0,12.0,12,2.426682484130934,10.0,15.0,7.0,16.0,10.0,15.0,0.0,0.0,0.18,0.45,1.0,ensemble_grid_blend,9.0,2025,Spanish Grand Prix,2025-06-01
COL,Alpine,18.0,12.987527295695813,13.826192196692197,13.739135832697581,13.4313817184449,13,16,13.0,13.0,13,2.2861904265976323,10.84,15.0,7.95,16.0,10.84,15.0,0.0,0.0,0.16,0.41,1.0,ensemble_grid_blend,15.0,2025,Spanish Grand Prix,2025-06-01
LAW,Racing Bulls,13.0,13.795664392372162,13.631169580419575,12.707638194667721,13.520485968647868,14,11,14.0,14.0,14,2.1409664578730263,10.0,15.0,9.475,17.0,10.0,15.0,0.0,0.0,0.17,0.5,1.0,ensemble_grid_blend,11.0,2025,Spanish Grand Prix,2025-06-01
BEA,Haas F1 Team,14.0,13.372081452864599,14.150673520923522,13.03357543512323,13.57688747313695,15,12,15.0,15.0,15,2.0907443940405823,11.0,15.0,9.0,17.0,11.0,15.0,0.0,0.0,0.1,0.44,1.0,ensemble_grid_blend,17.0,2025,Spanish Grand Prix,2025-06-01
HUL,Audi,15.0,14.389725686840261,14.943298063048067,14.689798523091818,14.643490585763306,16,13,16.0,16.0,16,1.2268049987877068,15.0,16.0,11.475,17.0,15.0,16.0,0.0,0.0,0.0,0.87,1.0,ensemble_grid_blend,5.0,2025,Spanish Grand Prix,2025-06-01
BOR,Audi,12.0,15.163750452852504,15.747905233655233,16.524131573688265,15.640280850300613,17,10,17.0,17.0,17,1.0576799462440747,16.0,17.0,13.475,17.0,16.0,17.0,0.0,0.0,0.0,0.88,1.0,ensemble_grid_blend,12.0,2025,Spanish Grand Prix,2025-06-01
NOR,McLaren,7.0,2.4770967286588363,2.840672885937591,2.4352272088061557,2.5959744797358644,1,7,1.0,1.0,1,0.3666666666666667,1.0,1.0,1.0,2.0,1.0,1.0,0.88,1.0,1.0,0.99,1.0,ensemble_grid_blend,18.0,2025,Canadian Grand Prix,2025-06-15
PIA,McLaren,3.0,3.5226696818942607,2.9898635873929993,3.003435786818425,3.232340769803652,2,3,2.0,2.0,2,0.562372319964831,2.0,3.0,1.0,3.0,2.0,3.0,0.1,1.0,1.0,1.0,1.0,ensemble_grid_blend,4.0,2025,Canadian Grand Prix,2025-06-15
LEC,Ferrari,8.0,3.5596327114727284,3.9305523381846914,4.140621855489354,3.8056524096252407,3,8,3.0,3.0,3,0.4845074558223792,2.0,3.0,2.0,3.0,2.0,3.0,0.02,1.0,1.0,0.98,1.0,ensemble_grid_blend,5.0,2025,Canadian Grand Prix,2025-06-15
RUS,Mercedes,1.0,6.589436988742368,6.865522782772781,6.595112091411968,6.687202037186934,4,1,4.0,4.0,4,1.2316942425255981,4.0,7.0,4.0,8.0,4.0,7.0,0.0,0.0,1.0,0.66,1.0,ensemble_grid_blend,1.0,2025,Canadian Grand Prix,2025-06-15
HAM,Ferrari,5.0,6.689184693411536,8.001207736707736,5.5308504370572225,6.916725907294343,5,5,5.0,5.0,5,1.0777829844714388,4.0,6.0,4.0,7.0,4.0,6.0,0.0,0.0,1.0,0.85,1.0,ensemble_grid_blend,6.0,2025,Canadian Grand Prix,2025-06-15
VER,Red Bull Racing,2.0,9.238015832521048,6.587008505383503,5.303822101761356,7.523324521870968,6,2,6.0,6.0,6,1.1940932065205736,4.84,7.0,4.0,8.0,4.84,7.0,0.0,0.0,1.0,0.78,1.0,ensemble_grid_blend,2.0,2025,Canadian Grand Prix,2025-06-15
ANT,Mercedes,4.0,7.957015871104708,7.082317987567985,8.748766392106523,7.809221716067218,7,4,7.0,7.0,7,1.1555312740261623,5.0,7.0,4.0,8.0,5.0,7.0,0.0,0.0,1.0,0.66,1.0,ensemble_grid_blend,3.0,2025,Canadian Grand Prix,2025-06-15
ALO,Aston Martin,6.0,9.962716870232365,9.588157814407817,11.11140014042647,10.061357854732593,8,6,8.0,8.0,8,1.3215769582455865,8.0,10.0,6.0,12.0,8.0,10.0,0.0,0.0,0.89,0.69,1.0,ensemble_grid_blend,7.0,2025,Canadian Grand Prix,2025-06-15
HAD,Racing Bulls,12.0,10.920586199217563,9.632122530247532,8.899899231887053,10.065486521611952,9,11,9.0,9.0,9,1.6956271745733245,8.0,11.159999999999997,7.0,13.0,8.0,11.159999999999997,0.0,0.0,0.77,0.7,1.0,ensemble_grid_blend,16.0,2025,Canadian Grand Prix,2025-06-15
SAI,Williams,16.0,11.127158623189416,10.811953909179913,10.290794616507274,10.849564171949662,10,15,10.0,10.0,10,2.1245082615832196,8.0,13.0,7.475,15.0,8.0,13.0,0.0,0.0,0.54,0.53,1.0,ensemble_grid_blend,10.0,2025,Canadian Grand Prix,2025-06-15
GAS,Alpine,20.0,11.250798230324914,11.54474798051965,11.218509198159047,11.347222836459897,11,18,11.0,11.0,11,1.7407765595569782,10.0,13.0,8.0,15.0,10.0,13.0,0.0,0.0,0.31,0.65,1.0,ensemble_grid_blend,15.0,2025,Canadian Grand Prix,2025-06-15
TSU,Red Bull Racing,18.0,12.210033470772359,11.409174881405146,11.473051458614188,11.7823365620622,12,17,12.0,12.0,12,2.4183640851792454,9.84,15.0,8.0,17.0,9.84,15.0,0.0,0.0,0.26,0.43,1.0,ensemble_grid_blend,12.0,2025,Canadian Grand Prix,2025-06-15
OCO,Haas F1 Team,14.0,12.445383728599593,12.260370172311356,12.57953448118521,12.407459134415834,13,13,13.0,13.0,13,2.1220106721996697,11.0,16.0,10.0,18.0,11.0,16.0,0.0,0.0,0.09,0.46,1.0,ensemble_grid_blend,9.0,2025,Canadian Grand Prix,2025-06-15
HUL,Audi,11.0,12.528296080551689,12.652399891774891,11.873880363584489,12.44084927108637,14,10,14.0,14.0,14,2.263009527424072,11.0,16.0,10.0,18.0,11.0,16.0,0.0,0.0,0.07,0.5,1.0,ensemble_grid_blend,8.0,2025,Canadian Grand Prix,2025-06-15
COL,Alpine,10.0,12.543575584558628,12.586175629925627,13.04565469073599,12.65890142167255,15,9,15.0,15.0,15,2.1902216114061854,12.0,16.0,9.475,18.0,12.0,16.0,0.0,0.0,0.04,0.46,1.0,ensemble_grid_blend,13.0,2025,Canadian Grand Prix,2025-06-15
BEA,Haas F1 Team,13.0,13.173058615251104,12.926567064514437,13.429565337010073,13.138087916845066,16,12,16.0,16.0,16,2.0296787823682743,13.0,17.0,10.475,18.0,13.0,17.0,0.0,0.0,0.03,0.56,1.0,ensemble_grid_blend,11.0,2025,Canadian Grand Prix,2025-06-15
STR,Aston Martin,17.0,13.551607336420311,14.191968170718166,13.867486659123074,13.838909492965112,17,16,17.0,17.0,17,1.456992890452209,15.0,18.0,13.0,18.0,15.0,18.0,0.0,0.0,0.0,0.74,1.0,ensemble_grid_blend,17.0,2025,Canadian Grand Prix,2025-06-15
BOR,Audi,15.0,14.016711012825938,14.735994254928075,14.397971974168076,14.344712339830114,18,14,18.0,18.0,18,0.8721852272923859,16.0,18.0,15.475,18.0,16.0,18.0,0.0,0.0,0.0,0.83,1.0,ensemble_grid_blend,14.0,2025,Canadian Grand Prix,2025-06-15
NOR,McLaren,1.0,5.052049761270022,4.2137290217951975,6.032917906998712,4.9548111315995715,1,1,1.0,1.0,1,1.1899834478095088,1.0,4.0,1.0,4.5249999999999915,1.0,4.0,0.43,0.83,1.0,0.68,1.0,ensemble_grid_blend,1.0,2025,Austrian Grand Prix,2025-06-29
PIA,McLaren,3.0,5.502811225567557,5.5200768398268405,4.461350245621686,5.300561994569132,2,3,2.0,2.0,2,1.3586609569571049,1.0,4.0,1.0,5.0,1.0,4.0,0.24,0.66,1.0,0.66,1.0,ensemble_grid_blend,2.0,2025,Austrian Grand Prix,2025-06-29
LEC,Ferrari,2.0,5.334840337022158,6.303429292929292,4.937239720118667,5.594326348208957,3,2,3.0,3.0,3,1.3669622740170482,2.0,5.0,1.0,5.0,2.0,5.0,0.1,0.49,1.0,0.55,1.0,ensemble_grid_blend,3.0,2025,Austrian Grand Prix,2025-06-29
RUS,Mercedes,5.0,5.57618985930737,5.53436383061383,6.195342729543583,5.685381323311875,4,5,4.0,4.0,4,1.3723091208733997,2.0,5.0,1.0,5.0,2.0,5.0,0.14,0.52,1.0,0.73,1.0,ensemble_grid_blend,5.0,2025,Austrian Grand Prix,2025-06-29
HAM,Ferrari,4.0,5.692941288988699,5.4345501998002,6.4627502619387895,5.756466202362743,5,4,5.0,5.0,5,1.324821314423766,2.0,5.0,1.0,5.0,2.0,5.0,0.09,0.5,1.0,0.5,1.0,ensemble_grid_blend,4.0,2025,Austrian Grand Prix,2025-06-29
OCO,Haas F1 Team,17.0,10.663954192008312,11.880542553851376,12.331560956461292,11.423281471543982,6,14,6.0,6.0,6,2.4736796294368655,7.0,12.0,6.0,14.524999999999991,7.0,12.0,0.0,0.0,0.76,0.32,1.0,ensemble_grid_blend,10.0,2025,Austrian Grand Prix,2025-06-29
ALO,Aston Martin,11.0,11.379178775191741,11.979533075112023,10.879687632546183,11.48940455163473,7,9,7.0,7.0,7,2.4979991993593593,6.0,12.0,6.0,14.0,6.0,12.0,0.0,0.0,0.73,0.39,1.0,ensemble_grid_blend,7.0,2025,Austrian Grand Prix,2025-06-29
HUL,Audi,20.0,11.005061653155558,12.209582899127017,11.78163073381608,11.581957905377672,8,16,8.0,8.0,8,2.979458292571272,6.0,13.0,6.0,15.0,6.0,13.0,0.0,0.0,0.64,0.37,1.0,ensemble_grid_blend,9.0,2025,Austrian Grand Prix,2025-06-29
GAS,Alpine,10.0,11.367848243756686,11.595089771339769,12.323576110353429,11.638528351730114,9,8,9.0,9.0,9,2.66050424323714,6.0,12.0,6.0,14.524999999999991,6.0,12.0,0.0,0.0,0.66,0.38,1.0,ensemble_grid_blend,13.0,2025,Austrian Grand Prix,2025-06-29
BEA,Haas F1 Team,15.0,10.731007529558994,12.340931457431463,13.112930788583357,11.770865556119231,10,12,10.0,10.0,10,2.447509556733748,7.0,12.0,6.0,14.0,7.0,12.0,0.0,0.0,0.67,0.37,1.0,ensemble_grid_blend,11.0,2025,Austrian Grand Prix,2025-06-29
HAD,Racing Bulls,13.0,12.279236628652304,11.927248445534515,11.008384043911816,11.90187024761298,11,10,11.0,11.0,11,2.3471237502504847,8.0,12.0,6.0,15.0,8.0,12.0,0.0,0.0,0.48,0.49,1.0,ensemble_grid_blend,12.0,2025,Austrian Grand Prix,2025-06-29
TSU,Red Bull Racing,18.0,11.38891455718421,12.68827052849112,12.405787239755295,12.047063683655846,12,15,12.0,12.0,12,3.124746454360802,7.0,14.0,6.0,16.0,7.0,14.0,0.0,0.0,0.52,0.26,1.0,ensemble_grid_blend,16.0,2025,Austrian Grand Prix,2025-06-29
LAW,Racing Bulls,6.0,13.17257705345395,12.81033488733489,12.601259979503354,12.931528880522158,13,6,13.0,13.0,13,2.2629872096658237,10.0,14.159999999999997,7.0,16.0,10.0,14.159999999999997,0.0,0.0,0.18,0.59,1.0,ensemble_grid_blend,6.0,2025,Austrian Grand Prix,2025-06-29
BOR,Audi,8.0,12.37584829752893,13.795020784770786,14.534233745753749,13.304235757708545,14,7,14.0,14.0,14,2.614180444028184,10.0,15.159999999999997,7.0,16.0,10.0,15.159999999999997,0.0,0.0,0.2,0.44,1.0,ensemble_grid_blend,8.0,2025,Austrian Grand Prix,2025-06-29
COL,Alpine,14.0,13.7993923607895,13.219610084360086,13.498612785973028,13.536312649075912,15,11,15.0,15.0,15,2.1685539565863383,11.0,16.0,9.0,16.0,11.0,16.0,0.0,0.0,0.13,0.57,1.0,ensemble_grid_blend,15.0,2025,Austrian Grand Prix,2025-06-29
STR,Aston Martin,16.0,14.122998788823354,13.944749240525555,14.762198505949621,14.188451390344378,16,13,16.0,16.0,16,1.7561148578436987,13.84,16.0,10.475,16.0,13.84,16.0,0.0,0.0,0.03,0.75,1.0,ensemble_grid_blend,14.0,2025,Austrian Grand Prix,2025-06-29
PIA,McLaren,2.0,4.0638329516817375,3.5291116106116096,3.5918969290080405,3.782293277772453,1,2,1.0,1.0,1,1.2900160518929267,1.0,3.0,1.0,5.5249999999999915,1.0,3.0,0.52,0.88,1.0,0.74,1.0,ensemble_grid_blend,2.0,2025,British Grand Prix,2025-07-06
LEC,Ferrari,6.0,3.8138611824853483,4.420767200191112,4.215016747938604,4.106509401773017,2,6,2.0,2.0,2,1.0195562512656915,1.0,3.0,1.0,4.5249999999999915,1.0,3.0,0.18,0.85,1.0,0.85,1.0,ensemble_grid_blend,14.0,2025,British Grand Prix,2025-07-06
NOR,McLaren,3.0,5.256078636492654,3.6484244782994777,4.990721925280479,4.6403283388826075,3,3,3.0,3.0,3,1.3188225541341523,1.0,4.0,1.0,5.0,1.0,4.0,0.17,0.63,1.0,0.72,1.0,ensemble_grid_blend,1.0,2025,British Grand Prix,2025-07-06
RUS,Mercedes,4.0,4.931008370350382,5.317969622697563,4.4132719669750315,4.962897527996825,4,4,4.0,4.0,4,1.3151794439151523,2.0,4.0,1.0,6.0,2.0,4.0,0.11,0.55,1.0,0.67,1.0,ensemble_grid_blend,10.0,2025,British Grand Prix,2025-07-06
HAM,Ferrari,5.0,7.348092575878581,8.15987007437007,5.543683311284685,7.271332847431823,5,5,5.0,5.0,5,1.2068407709655182,4.84,6.0,3.0,8.0,4.84,6.0,0.0,0.04,1.0,0.81,1.0,ensemble_grid_blend,4.0,2025,British Grand Prix,2025-07-06
VER,Red Bull Racing,1.0,8.827972745173343,7.2207860472860474,5.824641752759103,7.6647912024299405,6,1,6.0,6.0,6,1.9073488925678481,4.84,6.0,2.475,11.0,4.84,6.0,0.02,0.05,0.95,0.71,1.0,ensemble_grid_blend,5.0,2025,British Grand Prix,2025-07-06
HUL,Audi,19.0,10.105675271951247,10.542200341325342,9.977549445158495,10.232833880873631,7,15,7.0,7.0,7,2.052123807476567,7.0,11.0,6.0,13.0,7.0,11.0,0.0,0.0,0.79,0.47,1.0,ensemble_grid_blend,3.0,2025,British Grand Prix,2025-07-06
ALB,Williams,13.0,10.324953988554062,10.619792346542347,9.46901779880077,10.256960175899303,8,11,8.0,8.0,8,1.945183120875095,7.0,11.0,6.0,13.0,7.0,11.0,0.0,0.0,0.74,0.46,1.0,ensemble_grid_blend,8.0,2025,British Grand Prix,2025-07-06
OCO,Haas F1 Team,14.0,9.806458981479418,10.730745254745255,11.764867870973656,10.521640955021308,9,12,9.0,9.0,9,2.098002898381259,7.0,12.0,7.0,13.524999999999991,7.0,12.0,0.0,0.0,0.59,0.4,1.0,ensemble_grid_blend,13.0,2025,British Grand Prix,2025-07-06
ALO,Aston Martin,7.0,10.803202160927784,10.977893647202471,9.359343385184584,10.575572425975285,10,7,10.0,10.0,10,2.1017308884043,7.0,12.0,6.0,13.0,7.0,12.0,0.0,0.0,0.62,0.44,1.0,ensemble_grid_blend,9.0,2025,British Grand Prix,2025-07-06
SAI,Williams,9.0,11.108671976808605,10.43192590501286,10.87629972561094,10.825336401440563,11,9,11.0,11.0,11,2.292367661381894,7.84,12.159999999999997,6.0,14.0,7.84,12.159999999999997,0.0,0.0,0.55,0.49,1.0,ensemble_grid_blend,12.0,2025,British Grand Prix,2025-07-06
BEA,Haas F1 Team,18.0,10.312861710259845,10.732757159507157,12.343507139493202,10.865954203343076,12,14,12.0,12.0,12,1.913904465492022,8.84,13.0,7.0,13.0,8.84,13.0,0.0,0.0,0.44,0.55,1.0,ensemble_grid_blend,11.0,2025,British Grand Prix,2025-07-06
GAS,Alpine,8.0,12.174345714731395,11.350071650571646,11.959289446109505,11.842838538551105,13,8,13.0,13.0,13,2.1400226563513223,9.84,14.0,7.0,15.0,9.84,14.0,0.0,0.0,0.26,0.54,1.0,ensemble_grid_blend,6.0,2025,British Grand Prix,2025-07-06
TSU,Red Bull Racing,11.0,13.276176952854877,12.935120102120095,12.512612490593082,13.004094162645345,14,10,14.0,14.0,14,1.5161087885062399,13.0,15.0,9.0,15.0,13.0,15.0,0.0,0.0,0.06,0.85,1.0,ensemble_grid_blend,15.0,2025,British Grand Prix,2025-07-06
STR,Aston Martin,17.0,13.480778216461921,13.990320485070486,13.749416417211531,13.71284565062484,15,13,15.0,15.0,15,0.7152028743756218,14.0,15.0,13.0,15.0,14.0,15.0,0.0,0.0,0.0,0.92,1.0,ensemble_grid_blend,7.0,2025,British Grand Prix,2025-07-06
PIA,McLaren,2.0,4.350663810093975,3.164362304362305,3.7182139286931477,3.808968306807725,1,2,1.0,1.0,1,1.2583458759158166,1.0,3.1599999999999966,1.0,5.0,1.0,3.1599999999999966,0.39,0.84,1.0,0.66,1.0,ensemble_grid_blend,1.0,2025,Belgian Grand Prix,2025-07-27
NOR,McLaren,1.0,4.8506256282937725,2.9549918284330055,4.767166092580669,4.170461891199883,2,1,2.0,2.0,2,1.4146063449281963,1.0,3.0,1.0,6.0,1.0,3.0,0.38,0.86,1.0,0.86,1.0,ensemble_grid_blend,2.0,2025,Belgian Grand Prix,2025-07-27
LEC,Ferrari,3.0,5.340195614765879,5.006352009102007,6.333921421239273,5.422095514078203,3,3,3.0,3.0,3,1.7203476275439098,2.0,6.0,1.0,7.5249999999999915,2.0,6.0,0.09,0.42,1.0,0.55,1.0,ensemble_grid_blend,3.0,2025,Belgian Grand Prix,2025-07-27
HAM,Ferrari,18.0,5.9820407234736415,5.651610056610054,5.692358124106265,5.808453470197911,4,18,4.0,4.0,4,1.839411412227929,3.0,6.0,1.0,8.0,3.0,6.0,0.04,0.32,0.99,0.61,1.0,ensemble_grid_blend,7.0,2025,Belgian Grand Prix,2025-07-27
RUS,Mercedes,6.0,5.796589945214046,5.921110750360753,5.852260072374538,5.8513062524474915,5,6,5.0,5.0,5,1.9606997307959817,2.0,6.0,1.0,8.0,2.0,6.0,0.07,0.37,1.0,0.5,1.0,ensemble_grid_blend,5.0,2025,Belgian Grand Prix,2025-07-27
ANT,Mercedes,19.0,6.742735118338833,6.541338938838939,7.604309537524715,6.8445613393510465,6,19,6.0,6.0,6,1.8491330209838688,4.84,7.0,2.0,10.0,4.84,7.0,0.02,0.08,0.98,0.69,1.0,ensemble_grid_blend,16.0,2025,Belgian Grand Prix,2025-07-27
VER,Red Bull Racing,4.0,8.527808010114803,7.11283320845821,5.9489628848188385,7.516797804475803,7,4,7.0,7.0,7,2.1081851067789197,4.0,8.0,2.0,10.524999999999991,4.0,8.0,0.01,0.1,0.97,0.62,1.0,ensemble_grid_blend,4.0,2025,Belgian Grand Prix,2025-07-27
HUL,Audi,14.0,7.4602488622834615,7.525967476967479,8.851816614134728,7.761563927793121,8,14,8.0,8.0,8,1.7204650534085253,6.0,9.0,4.475,11.049999999999983,6.0,9.0,0.0,0.01,0.97,0.69,1.0,ensemble_grid_blend,12.0,2025,Belgian Grand Prix,2025-07-27
ALO,Aston Martin,20.0,10.844373046172429,10.15108818958819,9.390519853203099,10.310952707774078,9,20,9.0,9.0,9,2.6130983196739512,9.0,14.0,7.0,17.52499999999999,9.0,14.0,0.0,0.0,0.49,0.45,1.0,ensemble_grid_blend,17.0,2025,Belgian Grand Prix,2025-07-27
ALB,Williams,5.0,10.360730842801283,10.649787906537904,9.707879100006192,10.331330466550083,10,5,10.0,10.0,10,2.280882338575193,9.0,13.0,8.0,16.0,9.0,13.0,0.0,0.0,0.62,0.67,1.0,ensemble_grid_blend,6.0,2025,Belgian Grand Prix,2025-07-27
BOR,Audi,10.0,10.654547915740578,10.910743926824809,11.689654156341447,10.951237767740233,11,10,11.0,11.0,11,3.593189405112135,9.0,17.0,7.0,19.52499999999999,9.0,17.0,0.0,0.0,0.3,0.26,1.0,ensemble_grid_blend,9.0,2025,Belgian Grand Prix,2025-07-27
SAI,Williams,17.0,11.041218448646145,11.538850788100792,11.390987103817176,11.285343498489476,12,17,12.0,12.0,12,3.1766191290283907,10.0,17.0,9.0,20.0,10.0,17.0,0.0,0.0,0.18,0.32,1.0,ensemble_grid_blend,18.0,2025,Belgian Grand Prix,2025-07-27
GAS,Alpine,13.0,11.255222578496117,12.103346320346326,11.116020342821384,11.524225441008744,13,13,13.0,13.0,13,3.155882754412141,10.84,17.0,8.0,19.52499999999999,10.84,17.0,0.0,0.0,0.16,0.33,1.0,ensemble_grid_blend,10.0,2025,Belgian Grand Prix,2025-07-27
OCO,Haas F1 Team,11.0,11.817724053660308,12.14878780369957,11.548883563002908,11.879828268042571,14,11,14.0,14.0,14,3.0907323181774027,11.0,18.0,9.0,19.52499999999999,11.0,18.0,0.0,0.0,0.09,0.24,1.0,ensemble_grid_blend,15.0,2025,Belgian Grand Prix,2025-07-27
LAW,Racing Bulls,9.0,12.166275218499893,12.013957768538651,11.051356160107808,11.88998029933504,15,9,15.0,15.0,15,2.9894595977983522,11.0,18.0,10.0,20.0,11.0,18.0,0.0,0.0,0.07,0.32,1.0,ensemble_grid_blend,8.0,2025,Belgian Grand Prix,2025-07-27
HAD,Racing Bulls,8.0,12.161520007870113,12.095295079920085,11.072034824670245,11.92044424644763,16,8,16.0,16.0,16,2.8734064534041552,11.0,18.0,10.0,19.0,11.0,18.0,0.0,0.0,0.08,0.28,1.0,ensemble_grid_blend,20.0,2025,Belgian Grand Prix,2025-07-27
BEA,Haas F1 Team,12.0,12.107078926034724,12.138354895104897,11.698163853810804,12.036242500764502,17,12,17.0,17.0,17,3.1698548544026113,12.0,19.0,10.0,20.0,12.0,19.0,0.0,0.0,0.06,0.35,1.0,ensemble_grid_blend,11.0,2025,Belgian Grand Prix,2025-07-27
STR,Aston Martin,16.0,12.753868776338631,12.32413247863248,12.652102416191276,12.583107800112007,18,16,18.0,18.0,18,2.858179826251651,13.0,19.159999999999997,10.95,20.0,13.0,19.159999999999997,0.0,0.0,0.03,0.41,1.0,ensemble_grid_blend,14.0,2025,Belgian Grand Prix,2025-07-27
TSU,Red Bull Racing,7.0,13.277648469653519,12.854848373848375,12.985881213624957,13.071314984916006,19,7,19.0,19.0,19,2.3881864130411476,15.0,20.0,12.0,20.0,15.0,20.0,0.0,0.0,0.0,0.57,1.0,ensemble_grid_blend,13.0,2025,Belgian Grand Prix,2025-07-27
COL,Alpine,15.0,13.517645447577882,12.801516587987173,12.798318449527445,13.123134947111046,20,15,20.0,20.0,20,2.4677925358506134,15.0,20.0,11.475,20.0,15.0,20.0,0.0,0.0,0.01,0.45,1.0,ensemble_grid_blend,19.0,2025,Belgian Grand Prix,2025-07-27
NOR,McLaren,3.0,3.561896882881289,3.9335051060051067,2.9552197946680074,3.5706243433319687,1,3,1.0,1.0,1,1.1411052590016453,1.0,3.0,1.0,5.0,1.0,3.0,0.43,0.88,1.0,0.77,1.0,ensemble_grid_blend,1.0,2025,Hungarian Grand Prix,2025-08-03
PIA,McLaren,2.0,4.671508685857425,3.3237709512709523,2.7756788364498464,3.8206345088706444,2,2,2.0,2.0,2,1.2051656493711735,1.0,3.0,1.0,5.5249999999999915,1.0,3.0,0.49,0.92,1.0,0.92,1.0,ensemble_grid_blend,2.0,2025,Hungarian Grand Prix,2025-08-03
LEC,Ferrari,1.0,4.820465474458013,5.039979145854145,5.4899954459861,5.031201253752276,3,1,3.0,3.0,3,1.0907786117255782,2.0,4.0,1.0,5.5249999999999915,2.0,4.0,0.05,0.67,1.0,0.88,1.0,ensemble_grid_blend,4.0,2025,Hungarian Grand Prix,2025-08-03
RUS,Mercedes,4.0,5.925793968634379,6.018308108558109,6.779785662482375,6.128972256377284,4,4,4.0,4.0,4,1.3734495390671027,3.0,6.0,2.0,7.0,3.0,6.0,0.0,0.3,1.0,0.67,1.0,ensemble_grid_blend,3.0,2025,Hungarian Grand Prix,2025-08-03
HAM,Ferrari,12.0,6.962450889999369,6.067142302142303,5.842160754076711,6.4250348570648645,5,11,5.0,5.0,5,1.5242153139344594,4.0,6.0,2.0,8.524999999999991,4.0,6.0,0.01,0.1,1.0,0.75,1.0,ensemble_grid_blend,12.0,2025,Hungarian Grand Prix,2025-08-03
VER,Red Bull Racing,8.0,7.326913857763959,5.746256867493121,5.591360262516664,6.426573192119706,6,8,6.0,6.0,6,1.895742172300438,4.0,7.0,2.0,10.0,4.0,7.0,0.02,0.12,0.99,0.58,1.0,ensemble_grid_blend,9.0,2025,Hungarian Grand Prix,2025-08-03
ANT,Mercedes,15.0,8.767345918105393,8.76582095682096,10.186524676674876,9.050647933369738,7,14,7.0,7.0,7,2.2184715823323415,6.84,10.0,5.0,13.524999999999991,6.84,10.0,0.0,0.0,0.86,0.58,1.0,ensemble_grid_blend,10.0,2025,Hungarian Grand Prix,2025-08-03
HUL,Audi,18.0,8.81472093412824,9.479616010333752,9.850771788738163,9.254644381722155,8,17,8.0,8.0,8,2.0605971479308143,6.84,11.0,5.0,13.0,6.84,11.0,0.0,0.01,0.83,0.56,1.0,ensemble_grid_blend,13.0,2025,Hungarian Grand Prix,2025-08-03
ALB,Williams,19.0,9.722289171714303,10.257620111495749,9.81477198932793,9.928151564160535,9,18,9.0,9.0,9,2.636649235662414,7.0,13.0,6.0,15.0,7.0,13.0,0.0,0.0,0.58,0.4,1.0,ensemble_grid_blend,15.0,2025,Hungarian Grand Prix,2025-08-03
ALO,Aston Martin,5.0,10.387661856461689,9.555965150862214,10.7453057534398,10.168096788897493,10,5,10.0,10.0,10,2.4209523128327213,8.0,13.0,7.0,16.0,8.0,13.0,0.0,0.0,0.61,0.48,1.0,ensemble_grid_blend,5.0,2025,Hungarian Grand Prix,2025-08-03
GAS,Alpine,16.0,10.741025605144511,10.34499385418503,10.661908307446362,10.586591032769064,11,15,11.0,11.0,11,2.115741864302835,8.0,13.0,8.0,15.0,8.0,13.0,0.0,0.0,0.5,0.53,1.0,ensemble_grid_blend,19.0,2025,Hungarian Grand Prix,2025-08-03
BOR,Audi,7.0,10.430289634962337,10.942647186147186,11.743483073129685,10.872253465510504,12,7,12.0,12.0,12,2.804667826349783,8.84,14.0,7.0,17.0,8.84,14.0,0.0,0.0,0.39,0.42,1.0,ensemble_grid_blend,6.0,2025,Hungarian Grand Prix,2025-08-03
LAW,Racing Bulls,9.0,11.926647905382977,11.671719529094908,11.281399510744468,11.708373294754452,13,9,13.0,13.0,13,2.2535045658446817,11.0,15.0,9.0,17.0,11.0,15.0,0.0,0.0,0.09,0.39,1.0,ensemble_grid_blend,8.0,2025,Hungarian Grand Prix,2025-08-03
SAI,Williams,13.0,12.278983315570708,12.333912044096255,11.74149068698199,12.190709844836906,14,12,14.0,14.0,14,2.434993207216792,12.0,17.0,10.475,19.0,12.0,17.0,0.0,0.0,0.03,0.39,1.0,ensemble_grid_blend,14.0,2025,Hungarian Grand Prix,2025-08-03
OCO,Haas F1 Team,17.0,12.63028594943869,12.188395923520927,12.360979555376424,12.42176316155502,15,16,15.0,15.0,15,2.567158551843464,12.0,17.0,9.0,19.0,12.0,17.0,0.0,0.0,0.07,0.41,1.0,ensemble_grid_blend,16.0,2025,Hungarian Grand Prix,2025-08-03
HAD,Racing Bulls,10.0,13.39575848579775,12.610125834691623,11.92755041666229,12.827145444083513,16,10,16.0,16.0,16,2.4223496398698883,13.0,18.0,10.0,19.0,13.0,18.0,0.0,0.0,0.05,0.49,1.0,ensemble_grid_blend,11.0,2025,Hungarian Grand Prix,2025-08-03
STR,Aston Martin,6.0,13.210955849719808,13.131867132867136,12.8614018029018,13.11336398945777,17,6,17.0,17.0,17,1.996436218805293,14.84,19.0,13.0,19.0,14.84,19.0,0.0,0.0,0.0,0.48,1.0,ensemble_grid_blend,7.0,2025,Hungarian Grand Prix,2025-08-03
TSU,Red Bull Racing,20.0,13.913877602511082,13.420361602449834,13.058746042419358,13.570120690471299,18,19,18.0,18.0,18,1.5851265762160014,15.0,18.0,13.475,19.0,15.0,18.0,0.0,0.0,0.0,0.66,1.0,ensemble_grid_blend,17.0,2025,Hungarian Grand Prix,2025-08-03
COL,Alpine,14.0,13.988523090469753,13.828313270063273,13.474664895324793,13.829678014298494,19,13,19.0,19.0,19,1.6011044168121433,16.0,19.0,14.0,19.0,16.0,19.0,0.0,0.0,0.0,0.62,1.0,ensemble_grid_blend,18.0,2025,Hungarian Grand Prix,2025-08-03
NOR,McLaren,2.0,3.045272338850658,3.292399350649351,2.846060726557978,3.0919244705216644,1,2,1.0,1.0,1,0.519809599951771,1.0,2.0,1.0,2.0,1.0,2.0,0.56,1.0,1.0,0.99,1.0,ensemble_grid_blend,18.0,2025,Dutch Grand Prix,2025-08-31
PIA,McLaren,1.0,4.442074769327506,2.89617784992785,2.7721444953121246,3.56702479273455,2,1,2.0,2.0,2,0.6301354672375672,1.0,2.0,1.0,3.0,1.0,2.0,0.43,0.98,1.0,0.98,1.0,ensemble_grid_blend,1.0,2025,Dutch Grand Prix,2025-08-31
RUS,Mercedes,5.0,7.187994427446896,6.129217816603683,6.563206358543592,6.692464999871111,3,5,3.0,3.0,3,0.8558178792384757,3.0,4.0,3.0,5.5249999999999915,3.0,4.0,0.0,0.65,1.0,0.96,1.0,ensemble_grid_blend,4.0,2025,Dutch Grand Prix,2025-08-31
VER,Red Bull Racing,3.0,8.599979112008626,6.491333513708515,6.374862883973047,7.416929906996471,4,3,4.0,4.0,4,2.1624901471136546,3.0,6.0,2.475,10.524999999999991,3.0,6.0,0.01,0.35,0.97,0.76,1.0,ensemble_grid_blend,2.0,2025,Dutch Grand Prix,2025-08-31
ANT,Mercedes,11.0,10.62650956521231,7.924717282717276,9.829876528937127,9.521555659084012,5,9,5.0,5.0,5,2.825908274477,5.0,9.159999999999997,4.0,14.0,5.0,9.159999999999997,0.0,0.0,0.88,0.61,1.0,ensemble_grid_blend,16.0,2025,Dutch Grand Prix,2025-08-31
HUL,Audi,17.0,9.43849321818756,9.573530136530136,10.255634914411814,9.649184478852312,6,15,6.0,6.0,6,2.179125021329859,5.0,9.159999999999997,4.0,11.524999999999991,5.0,9.159999999999997,0.0,0.0,0.92,0.55,1.0,ensemble_grid_blend,14.0,2025,Dutch Grand Prix,2025-08-31
BOR,Audi,13.0,9.433095439765852,10.119324106449099,10.714135360797137,9.929483457311244,7,11,7.0,7.0,7,2.5573028721287554,5.0,10.159999999999997,4.0,14.0,5.0,10.159999999999997,0.0,0.01,0.84,0.48,1.0,ensemble_grid_blend,15.0,2025,Dutch Grand Prix,2025-08-31
ALO,Aston Martin,10.0,10.799154217131276,9.635768592518597,9.776088779978334,10.18735616108625,8,8,8.0,8.0,8,2.3951972146296634,6.0,10.0,5.0,13.524999999999991,6.0,10.0,0.0,0.0,0.89,0.46,1.0,ensemble_grid_blend,8.0,2025,Dutch Grand Prix,2025-08-31
ALB,Williams,15.0,10.211872185436995,11.07409704184704,10.905259232785841,10.652328294650278,9,13,9.0,9.0,9,2.953015921105579,6.0,13.0,4.475,15.524999999999991,6.0,13.0,0.0,0.0,0.7,0.37,1.0,ensemble_grid_blend,5.0,2025,Dutch Grand Prix,2025-08-31
LAW,Racing Bulls,8.0,11.275046361227204,10.54182377344877,10.30662220467317,10.824733624193945,10,6,10.0,10.0,10,3.1541378946688208,6.0,13.0,4.0,15.0,6.0,13.0,0.0,0.01,0.61,0.31,1.0,ensemble_grid_blend,12.0,2025,Dutch Grand Prix,2025-08-31
GAS,Alpine,14.0,12.282414939114446,11.0302077416048,12.239234308352813,11.835506293833744,11,12,11.0,11.0,11,2.3846309245802897,9.0,14.0,7.0,17.0,9.0,14.0,0.0,0.0,0.34,0.45,1.0,ensemble_grid_blend,17.0,2025,Dutch Grand Prix,2025-08-31
BEA,Haas F1 Team,20.0,11.834745664715399,11.94813028638028,12.746386779438467,12.056758505242719,12,18,12.0,12.0,12,2.1461734799546393,10.0,14.0,8.0,16.0,10.0,14.0,0.0,0.0,0.27,0.49,1.0,ensemble_grid_blend,6.0,2025,Dutch Grand Prix,2025-08-31
HAD,Racing Bulls,4.0,12.693499444278336,11.840836177711171,11.337165743417303,12.123800560807622,13,4,13.0,13.0,13,2.835845588536196,10.0,16.0,7.475,17.0,10.0,16.0,0.0,0.0,0.24,0.31,1.0,ensemble_grid_blend,3.0,2025,Dutch Grand Prix,2025-08-31
STR,Aston Martin,19.0,13.538843329385156,11.93165415140415,11.766986702953208,12.621955791805414,14,17,14.0,14.0,14,2.8086986094609507,9.84,16.0,7.0,16.52499999999999,9.84,16.0,0.0,0.0,0.19,0.49,1.0,ensemble_grid_blend,7.0,2025,Dutch Grand Prix,2025-08-31
OCO,Haas F1 Team,18.0,12.701534395009586,13.247371850371847,13.24559922853524,13.001390471091508,15,16,15.0,15.0,15,2.5005049995001514,12.0,16.159999999999997,8.0,18.0,12.0,16.159999999999997,0.0,0.0,0.08,0.41,1.0,ensemble_grid_blend,10.0,2025,Dutch Grand Prix,2025-08-31
SAI,Williams,9.0,13.315018458759337,13.3281274003774,12.676089866150484,13.191820869803887,16,7,16.0,16.0,16,2.2612010753204377,12.0,17.0,10.0,18.0,12.0,17.0,0.0,0.0,0.06,0.61,1.0,ensemble_grid_blend,13.0,2025,Dutch Grand Prix,2025-08-31
TSU,Red Bull Racing,12.0,13.977231871055476,14.242655030641867,13.324249328551222,13.939533468409863,17,10,17.0,17.0,17,1.6041297713191172,14.0,17.0,12.0,18.0,14.0,17.0,0.0,0.0,0.01,0.69,1.0,ensemble_grid_blend,9.0,2025,Dutch Grand Prix,2025-08-31
COL,Alpine,16.0,15.30994766058139,14.831891663891657,14.51182718409154,14.983003966442013,18,14,18.0,18.0,18,0.8287754140107481,17.0,18.0,15.0,18.0,17.0,18.0,0.0,0.0,0.0,0.89,1.0,ensemble_grid_blend,11.0,2025,Dutch Grand Prix,2025-08-31
PIA,McLaren,3.0,2.977871878963705,2.7109201076701077,3.1549877538646998,2.919861933991145,1,3,1.0,1.0,1,0.6890192121758832,1.0,2.0,1.0,3.0,1.0,2.0,0.79,0.98,1.0,0.94,1.0,ensemble_grid_blend,3.0,2025,Italian Grand Prix,2025-09-07
NOR,McLaren,2.0,4.530926139029007,2.8721286654521947,5.836789237099262,4.211519642891173,2,2,2.0,2.0,2,1.3837440062191686,2.0,4.0,1.0,6.0,2.0,4.0,0.15,0.78,1.0,0.78,1.0,ensemble_grid_blend,2.0,2025,Italian Grand Prix,2025-09-07
LEC,Ferrari,4.0,5.190879817585545,4.698212509712512,6.40334011759059,5.260938319830993,3,4,3.0,3.0,3,1.1579762911688178,2.0,5.0,1.475,6.0,2.0,5.0,0.03,0.51,1.0,0.76,1.0,ensemble_grid_blend,4.0,2025,Italian Grand Prix,2025-09-07
RUS,Mercedes,5.0,5.371602063052512,5.317884559884558,6.082984669931559,5.495077458319537,4,5,4.0,4.0,4,1.3504956067453102,3.0,6.0,2.0,6.0,3.0,6.0,0.02,0.35,1.0,0.69,1.0,ensemble_grid_blend,5.0,2025,Italian Grand Prix,2025-09-07
VER,Red Bull Racing,1.0,6.875908261222857,4.768159007659007,5.505481431798703,5.864110656590678,5,1,5.0,5.0,5,1.3515423288475528,3.0,6.0,2.0,6.0,3.0,6.0,0.01,0.23,1.0,0.75,1.0,ensemble_grid_blend,1.0,2025,Italian Grand Prix,2025-09-07
HAM,Ferrari,10.0,5.854170325575793,5.614635761297526,7.335068306760734,6.066512824315388,6,9,6.0,6.0,6,1.1281521496355325,4.0,6.0,3.0,6.0,4.0,6.0,0.0,0.15,1.0,0.73,1.0,ensemble_grid_blend,6.0,2025,Italian Grand Prix,2025-09-07
ALB,Williams,14.0,10.417494097674489,11.121770579910285,10.040922298456186,10.588676506613359,7,12,7.0,7.0,7,2.1381338034875554,7.0,11.0,7.0,13.0,7.0,11.0,0.0,0.0,0.81,0.54,1.0,ensemble_grid_blend,7.0,2025,Italian Grand Prix,2025-09-07
ANT,Mercedes,6.0,11.996343636044061,11.803317071817071,10.912918035292323,11.712099218414266,8,6,8.0,8.0,8,3.260956666967285,7.84,15.0,7.0,17.0,7.84,15.0,0.0,0.0,0.45,0.4,1.0,ensemble_grid_blend,9.0,2025,Italian Grand Prix,2025-09-07
BOR,Audi,7.0,11.322994179398245,12.518421176046177,11.949099748525668,11.866614742050505,9,7,9.0,9.0,9,2.834919342197883,8.0,14.159999999999997,7.0,17.0,8.0,14.159999999999997,0.0,0.0,0.53,0.46,1.0,ensemble_grid_blend,8.0,2025,Italian Grand Prix,2025-09-07
BEA,Haas F1 Team,11.0,12.020270657763383,12.215551739926742,11.329090674018886,11.950383039771658,10,10,10.0,10.0,10,2.6944762051653046,8.0,14.0,7.0,16.0,8.0,14.0,0.0,0.0,0.47,0.4,1.0,ensemble_grid_blend,12.0,2025,Italian Grand Prix,2025-09-07
LAW,Racing Bulls,18.0,12.550560197151164,12.123392690642696,10.766376465282416,12.04421482349945,11,16,11.0,11.0,11,2.683582710038236,8.84,14.0,7.0,16.52499999999999,8.84,14.0,0.0,0.0,0.37,0.33,1.0,ensemble_grid_blend,14.0,2025,Italian Grand Prix,2025-09-07
STR,Aston Martin,16.0,12.56231853433891,11.917729437229438,11.265517960705392,12.077352235623891,12,14,12.0,12.0,12,2.5993588953175872,8.84,14.0,7.0,16.52499999999999,8.84,14.0,0.0,0.0,0.38,0.4,1.0,ensemble_grid_blend,18.0,2025,Italian Grand Prix,2025-09-07
HAD,Racing Bulls,19.0,11.922317289972211,13.101191197691199,10.885728528586789,12.127605405396771,13,17,13.0,13.0,13,3.334605817723582,8.0,15.0,7.0,17.52499999999999,8.0,15.0,0.0,0.0,0.47,0.28,1.0,ensemble_grid_blend,10.0,2025,Italian Grand Prix,2025-09-07
TSU,Red Bull Racing,9.0,12.740449324086791,12.390995670995672,12.261710981479704,12.522392876983481,14,8,14.0,14.0,14,3.290697018670492,9.84,17.0,7.0,18.0,9.84,17.0,0.0,0.0,0.26,0.22,1.0,ensemble_grid_blend,13.0,2025,Italian Grand Prix,2025-09-07
OCO,Haas F1 Team,15.0,13.477179838649583,12.931226869621609,12.744385128664305,13.139537357492735,15,13,15.0,15.0,15,2.585585528512357,11.0,17.0,8.475,18.0,11.0,17.0,0.0,0.0,0.09,0.4,1.0,ensemble_grid_blend,15.0,2025,Italian Grand Prix,2025-09-07
SAI,Williams,13.0,13.263365654913503,13.777356504606503,13.065177194495776,13.403624760222508,16,11,16.0,16.0,16,2.729764854637879,11.0,17.0,8.0,18.0,11.0,17.0,0.0,0.0,0.12,0.43,1.0,ensemble_grid_blend,11.0,2025,Italian Grand Prix,2025-09-07
GAS,Alpine,20.0,13.64559242697285,13.652660922410922,13.902856226920818,13.699519160365767,17,18,17.0,17.0,17,2.178197753773852,13.0,17.0,10.475,18.0,13.0,17.0,0.0,0.0,0.03,0.54,1.0,ensemble_grid_blend,16.0,2025,Italian Grand Prix,2025-09-07
COL,Alpine,17.0,15.35961111171773,14.978438755688753,14.68624421154697,15.091527407073436,18,15,18.0,18.0,18,1.9068192352605415,15.0,18.0,11.475,18.0,15.0,18.0,0.0,0.0,0.02,0.77,1.0,ensemble_grid_blend,17.0,2025,Italian Grand Prix,2025-09-07
VER,Red Bull Racing,1.0,3.656564010266592,3.0802354451104446,4.440609012188348,3.611658012846292,1,1,1.0,1.0,1,0.9308950835436056,1.0,2.0,1.0,4.0,1.0,2.0,0.61,0.91,1.0,0.87,1.0,ensemble_grid_blend,1.0,2025,Azerbaijan Grand Prix,2025-09-21
LEC,Ferrari,10.0,3.752958669896459,3.8860675190822245,4.983688880777444,4.045692809287674,2,9,2.0,2.0,2,1.0068452580895306,1.0,4.0,1.0,4.0,1.0,4.0,0.17,0.83,1.0,0.83,1.0,ensemble_grid_blend,9.0,2025,Azerbaijan Grand Prix,2025-09-21
NOR,McLaren,7.0,4.688017102563485,3.5632359307359316,5.338002306510585,4.424340733213262,3,7,3.0,3.0,3,1.4472544539732652,1.0,5.0,1.0,5.5249999999999915,1.0,5.0,0.21,0.66,1.0,0.61,1.0,ensemble_grid_blend,7.0,2025,Azerbaijan Grand Prix,2025-09-21
RUS,Mercedes,5.0,4.639198595305722,5.301300893550895,5.406330042708815,5.024360689172151,4,5,4.0,4.0,4,0.9318169499868676,3.0,5.0,2.0,5.0,3.0,5.0,0.0,0.32,1.0,0.94,1.0,ensemble_grid_blend,2.0,2025,Azerbaijan Grand Prix,2025-09-21
HAM,Ferrari,12.0,4.796186123294006,5.098538933288934,6.734291074891567,5.289630597111742,5,11,5.0,5.0,5,1.0059921480907303,3.0,5.0,2.0,5.0,3.0,5.0,0.01,0.28,1.0,0.72,1.0,ensemble_grid_blend,8.0,2025,Azerbaijan Grand Prix,2025-09-21
ALB,Williams,19.0,8.353161107001585,9.315929398130253,9.306537278829314,8.880805243262165,6,18,6.0,6.0,6,1.313296415417127,6.0,8.0,5.0,10.524999999999991,6.0,8.0,0.0,0.0,0.97,0.75,1.0,ensemble_grid_blend,13.0,2025,Azerbaijan Grand Prix,2025-09-21
ANT,Mercedes,4.0,10.20695949942643,8.204923319370687,9.70041885863355,9.404938708248345,7,4,7.0,7.0,7,1.3295020712942713,6.0,9.0,6.0,10.0,6.0,9.0,0.0,0.0,0.98,0.79,1.0,ensemble_grid_blend,4.0,2025,Azerbaijan Grand Prix,2025-09-21
ALO,Aston Martin,11.0,9.869964994469257,8.795578195133114,9.77305135387096,9.474546886581948,8,10,8.0,8.0,8,1.5581651991617538,6.0,8.159999999999997,6.0,12.0,6.0,8.159999999999997,0.0,0.0,0.95,0.62,1.0,ensemble_grid_blend,15.0,2025,Azerbaijan Grand Prix,2025-09-21
HAD,Racing Bulls,8.0,11.847747000850788,11.475427957663255,9.61942692349646,11.271771320264286,9,8,9.0,9.0,9,2.293953404544701,9.0,14.0,8.0,16.52499999999999,9.0,14.0,0.0,0.0,0.4,0.39,1.0,ensemble_grid_blend,10.0,2025,Azerbaijan Grand Prix,2025-09-21
TSU,Red Bull Racing,6.0,11.002998127415378,11.829846431346436,11.75030654806985,11.441856717922143,10,6,10.0,10.0,10,2.748737083745107,8.0,14.0,6.475,16.0,8.0,14.0,0.0,0.0,0.43,0.38,1.0,ensemble_grid_blend,6.0,2025,Azerbaijan Grand Prix,2025-09-21
BEA,Haas F1 Team,15.0,11.550872888512385,11.76439306104523,11.10852558488369,11.53713548817314,11,14,11.0,11.0,11,2.179125021329859,9.0,14.0,9.0,16.52499999999999,9.0,14.0,0.0,0.0,0.3,0.47,1.0,ensemble_grid_blend,12.0,2025,Azerbaijan Grand Prix,2025-09-21
HUL,Audi,17.0,11.82729061758538,12.136585436493329,11.400002380861071,11.8500861568583,12,16,12.0,12.0,12,2.4659294557647184,9.0,15.0,8.0,17.0,9.0,15.0,0.0,0.0,0.31,0.43,1.0,ensemble_grid_blend,16.0,2025,Azerbaijan Grand Prix,2025-09-21
STR,Aston Martin,14.0,12.51215267205275,11.649111920973764,11.661709483962774,12.039999771557108,13,13,13.0,13.0,13,3.147726452248006,9.84,16.159999999999997,8.0,19.0,9.84,16.159999999999997,0.0,0.0,0.24,0.31,1.0,ensemble_grid_blend,17.0,2025,Azerbaijan Grand Prix,2025-09-21
BOR,Audi,13.0,12.343724839582359,12.63098565078712,11.16173842932946,12.207868841453447,14,12,14.0,14.0,14,2.735383562194383,10.0,16.0,8.0,18.0,10.0,16.0,0.0,0.0,0.19,0.37,1.0,ensemble_grid_blend,11.0,2025,Azerbaijan Grand Prix,2025-09-21
SAI,Williams,2.0,13.001279451487953,12.284840354090354,11.91555012052651,12.533379901206505,15,2,15.0,15.0,15,2.6668749918626147,11.0,17.0,9.0,18.0,11.0,17.0,0.0,0.0,0.11,0.46,1.0,ensemble_grid_blend,3.0,2025,Azerbaijan Grand Prix,2025-09-21
OCO,Haas F1 Team,20.0,13.385046377726011,12.400025601849126,12.593663463390182,12.882012523301935,16,19,16.0,16.0,16,2.547250448716193,12.84,18.0,10.0,19.0,12.84,18.0,0.0,0.0,0.07,0.5,1.0,ensemble_grid_blend,14.0,2025,Azerbaijan Grand Prix,2025-09-21
LAW,Racing Bulls,3.0,13.847459183469944,13.013914418313025,10.787597396592401,12.943746158289514,17,3,17.0,17.0,17,2.4064517657767626,13.0,18.0,10.0,18.52499999999999,13.0,18.0,0.0,0.0,0.05,0.53,1.0,ensemble_grid_blend,5.0,2025,Azerbaijan Grand Prix,2025-09-21
GAS,Alpine,18.0,13.928183845805268,13.271720973470977,14.395374606541234,13.79185999263546,18,17,18.0,18.0,18,2.0014136418183437,15.0,19.0,12.0,19.0,15.0,19.0,0.0,0.0,0.0,0.7,1.0,ensemble_grid_blend,18.0,2025,Azerbaijan Grand Prix,2025-09-21
COL,Alpine,16.0,15.01759847858035,14.107045578604403,14.716815225915642,14.638748313055826,19,15,19.0,19.0,19,1.2978225742925857,17.0,19.0,14.475,19.0,17.0,19.0,0.0,0.0,0.0,0.78,1.0,ensemble_grid_blend,19.0,2025,Azerbaijan Grand Prix,2025-09-21
VER,Red Bull Racing,2.0,2.9578103707690815,2.7302959451968736,3.0037338142778163,2.8873650105205555,1,2,1.0,1.0,1,0.5659532050470518,1.0,2.0,1.0,3.0,1.0,2.0,0.79,1.0,1.0,0.94,1.0,ensemble_grid_blend,2.0,2025,Singapore Grand Prix,2025-10-05
PIA,McLaren,3.0,3.747224652748483,3.9587205441617197,3.6595989059315928,3.803723065379738,2,3,2.0,2.0,2,0.9918353561642043,2.0,3.0,1.0,4.0,2.0,3.0,0.15,0.88,1.0,0.88,1.0,ensemble_grid_blend,4.0,2025,Singapore Grand Prix,2025-10-05
NOR,McLaren,5.0,4.026474595108952,4.060337471352177,6.26152558261659,4.485336799295609,3,5,3.0,3.0,3,1.1950656125007608,2.0,5.0,1.0,5.5249999999999915,2.0,5.0,0.04,0.6,1.0,0.77,1.0,ensemble_grid_blend,3.0,2025,Singapore Grand Prix,2025-10-05
RUS,Mercedes,1.0,4.2701073703387875,4.690403782492019,4.9003278899502725,4.543255218514716,4,1,4.0,4.0,4,0.9795896894087643,3.0,4.0,2.0,6.0,3.0,4.0,0.02,0.4,1.0,0.87,1.0,ensemble_grid_blend,1.0,2025,Singapore Grand Prix,2025-10-05
HAM,Ferrari,6.0,5.029757089103369,5.30169071206571,7.185809559866698,5.556144351292854,5,6,5.0,5.0,5,1.066287811507614,4.0,6.0,3.0,7.0,4.0,6.0,0.0,0.09,1.0,0.83,1.0,ensemble_grid_blend,8.0,2025,Singapore Grand Prix,2025-10-05
LEC,Ferrari,7.0,6.355422848091372,5.592604617604619,5.940469790281788,6.005445855859092,6,7,6.0,6.0,6,1.1196590390098067,5.0,7.0,3.475,8.0,5.0,7.0,0.0,0.03,1.0,0.81,1.0,ensemble_grid_blend,6.0,2025,Singapore Grand Prix,2025-10-05
ANT,Mercedes,4.0,7.12288828015995,6.795697857697856,8.518437388620772,7.287481453990381,7,4,7.0,7.0,7,1.3410383433682418,6.0,8.0,5.0,11.0,6.0,8.0,0.0,0.0,0.96,0.85,1.0,ensemble_grid_blend,5.0,2025,Singapore Grand Prix,2025-10-05
ALB,Williams,20.0,9.85167779612794,9.59904693998812,8.996622543591828,9.59224594597178,8,20,8.0,8.0,8,1.9751997725329307,8.0,12.0,7.0,14.0,8.0,12.0,0.0,0.0,0.71,0.56,1.0,ensemble_grid_blend,14.0,2025,Singapore Grand Prix,2025-10-05
TSU,Red Bull Racing,13.0,9.767244400060152,9.751657703407707,9.662560222813838,9.740852220782532,9,13,9.0,9.0,9,2.367200110602474,8.0,13.0,7.0,15.0,8.0,13.0,0.0,0.0,0.58,0.48,1.0,ensemble_grid_blend,12.0,2025,Singapore Grand Prix,2025-10-05
SAI,Williams,18.0,9.99336144535661,9.397914113664113,9.928710939775877,9.77202477814809,10,18,10.0,10.0,10,1.7700082748194408,8.0,11.0,7.0,14.0,8.0,11.0,0.0,0.0,0.71,0.62,1.0,ensemble_grid_blend,10.0,2025,Singapore Grand Prix,2025-10-05
ALO,Aston Martin,10.0,10.81763584154488,10.045140504919916,10.836044492112354,10.550944203839638,11,10,11.0,11.0,11,2.6014758825860307,9.0,15.0,8.0,16.0,9.0,15.0,0.0,0.0,0.35,0.33,1.0,ensemble_grid_blend,7.0,2025,Singapore Grand Prix,2025-10-05
LAW,Racing Bulls,12.0,11.132909894217276,10.184945596070596,9.986040430625982,10.571748497147679,12,12,12.0,12.0,12,2.7974555538484567,9.0,15.0,8.0,17.52499999999999,9.0,15.0,0.0,0.0,0.33,0.34,1.0,ensemble_grid_blend,15.0,2025,Singapore Grand Prix,2025-10-05
HAD,Racing Bulls,8.0,11.244495979475571,10.910265748140752,9.402742514328123,10.759164705478895,13,8,13.0,13.0,13,2.466666666666667,10.0,15.0,8.0,18.0,10.0,15.0,0.0,0.0,0.19,0.39,1.0,ensemble_grid_blend,11.0,2025,Singapore Grand Prix,2025-10-05
OCO,Haas F1 Team,17.0,11.058470932362697,11.314271006771005,12.237865026669574,11.38387977726698,14,17,14.0,14.0,14,2.1226056028981324,12.0,16.0,10.0,18.0,12.0,16.0,0.0,0.0,0.09,0.51,1.0,ensemble_grid_blend,18.0,2025,Singapore Grand Prix,2025-10-05
BEA,Haas F1 Team,9.0,11.64409455138633,11.881550421800421,10.927343845498598,11.583853964853715,15,9,15.0,15.0,15,1.8753046890486027,13.0,16.0,10.0,17.0,13.0,16.0,0.0,0.0,0.04,0.54,1.0,ensemble_grid_blend,9.0,2025,Singapore Grand Prix,2025-10-05
BOR,Audi,14.0,11.592958574191798,12.26790488759606,11.711751379281868,11.852948344901304,16,14,16.0,16.0,16,2.275805995530579,12.0,17.0,10.0,18.0,12.0,17.0,0.0,0.0,0.04,0.55,1.0,ensemble_grid_blend,17.0,2025,Singapore Grand Prix,2025-10-05
STR,Aston Martin,15.0,12.8568460108146,12.54533782445625,13.39596077527662,12.855641098481582,17,15,17.0,17.0,17,2.1503816903381163,14.0,18.0,11.0,19.0,14.0,18.0,0.0,0.0,0.0,0.61,1.0,ensemble_grid_blend,13.0,2025,Singapore Grand Prix,2025-10-05
HUL,Audi,11.0,13.307406373169336,13.847483405483409,12.31126686714043,13.29720543327348,18,11,18.0,18.0,18,1.7443704545847718,16.0,18.159999999999997,12.475,19.52499999999999,16.0,18.159999999999997,0.0,0.0,0.0,0.78,1.0,ensemble_grid_blend,20.0,2025,Singapore Grand Prix,2025-10-05
GAS,Alpine,19.0,14.35497914148067,14.68102297702298,14.596657946756018,14.517430244975548,19,19,19.0,19.0,19,1.0465913889161975,17.84,19.0,16.0,20.0,17.84,19.0,0.0,0.0,0.0,0.84,1.0,ensemble_grid_blend,19.0,2025,Singapore Grand Prix,2025-10-05
COL,Alpine,16.0,15.300921971015425,15.553665501165506,15.082268283589192,15.345651469082707,20,16,20.0,20.0,20,0.5290548080293666,19.0,20.0,18.0,20.0,19.0,20.0,0.0,0.0,0.0,0.95,1.0,ensemble_grid_blend,16.0,2025,Singapore Grand Prix,2025-10-05
VER,Red Bull Racing,1.0,2.5071813843799178,2.6738280459306782,3.020350816050211,2.6681416022567426,1,1,1.0,1.0,1,0.7474535896541461,1.0,2.0,1.0,3.0,1.0,2.0,0.77,0.98,1.0,0.88,1.0,ensemble_grid_blend,1.0,2025,United States Grand Prix,2025-10-19
PIA,McLaren,6.0,3.4879267957716946,3.4830591353091354,3.350596576261948,3.4587570707078497,2,6,2.0,2.0,2,1.1588918426800248,1.8399999999999999,4.0,1.0,5.0,1.8399999999999999,4.0,0.16,0.79,1.0,0.79,1.0,ensemble_grid_blend,5.0,2025,United States Grand Prix,2025-10-19
RUS,Mercedes,4.0,3.4815594717941893,4.287930833872011,3.8636718284959084,3.840211919861771,3,4,3.0,3.0,3,0.8581751840181854,2.0,4.0,1.0,4.0,2.0,4.0,0.05,0.71,1.0,0.93,1.0,ensemble_grid_blend,6.0,2025,United States Grand Prix,2025-10-19
NOR,McLaren,2.0,3.652248458032298,3.7833462738242156,4.623818557656928,3.8924467134843947,4,2,4.0,4.0,4,0.9961542211541506,2.0,4.0,2.0,5.0,2.0,4.0,0.02,0.51,1.0,0.7,1.0,ensemble_grid_blend,2.0,2025,United States Grand Prix,2025-10-19
LEC,Ferrari,3.0,5.942025363825564,5.25415873015873,5.9752610091186735,5.707919171100794,5,3,5.0,5.0,5,0.7852169487254186,5.0,6.0,4.0,7.0,5.0,6.0,0.0,0.0,1.0,0.9,1.0,ensemble_grid_blend,3.0,2025,United States Grand Prix,2025-10-19
HAM,Ferrari,5.0,5.774865307847532,6.246151959151957,6.940024264502213,6.172847427135016,6,5,6.0,6.0,6,0.7691002220225603,5.0,7.0,5.0,7.0,5.0,7.0,0.0,0.01,1.0,0.98,1.0,ensemble_grid_blend,4.0,2025,United States Grand Prix,2025-10-19
ANT,Mercedes,7.0,6.925162326521986,6.959931005269241,6.964690319082433,6.945236962595615,7,7,7.0,7.0,7,0.7571210756756962,6.0,7.0,5.0,7.5249999999999915,6.0,7.0,0.0,0.0,1.0,0.9,1.0,ensemble_grid_blend,13.0,2025,United States Grand Prix,2025-10-19
TSU,Red Bull Racing,13.0,10.159013457914032,10.738621975246975,10.026917759918206,10.335457299381396,8,12,8.0,8.0,8,1.7655227857693332,8.0,11.159999999999997,8.0,14.524999999999991,8.0,11.159999999999997,0.0,0.0,0.73,0.54,1.0,ensemble_grid_blend,7.0,2025,United States Grand Prix,2025-10-19
ALO,Aston Martin,10.0,11.042149042052024,9.641366581131292,10.86867996179081,10.517181364677526,9,9,9.0,9.0,9,1.9685404530137336,8.0,12.0,8.0,14.0,8.0,12.0,0.0,0.0,0.64,0.64,1.0,ensemble_grid_blend,10.0,2025,United States Grand Prix,2025-10-19
HAD,Racing Bulls,20.0,10.833966965331244,11.180130992700107,10.366273733215666,10.861585728487231,10,19,10.0,10.0,10,1.7787749728508115,8.0,12.0,8.0,13.524999999999991,8.0,12.0,0.0,0.0,0.52,0.52,1.0,ensemble_grid_blend,16.0,2025,United States Grand Prix,2025-10-19
BEA,Haas F1 Team,8.0,10.943446708815818,11.672672799422799,11.374771290654971,11.284940756896093,11,8,11.0,11.0,11,1.890192657595591,9.0,13.0,8.0,15.0,9.0,13.0,0.0,0.0,0.36,0.52,1.0,ensemble_grid_blend,9.0,2025,United States Grand Prix,2025-10-19
ALB,Williams,18.0,11.876337007038988,11.173909311448785,10.176744198546734,11.290568751883965,12,17,12.0,12.0,12,2.072888971186997,9.0,13.0,8.0,16.0,9.0,13.0,0.0,0.0,0.43,0.46,1.0,ensemble_grid_blend,14.0,2025,United States Grand Prix,2025-10-19
LAW,Racing Bulls,12.0,12.271880657626216,11.420714415486472,10.913720094256638,11.70234036020339,13,11,13.0,13.0,13,2.293689190149812,10.0,15.0,9.0,16.52499999999999,10.0,15.0,0.0,0.0,0.22,0.36,1.0,ensemble_grid_blend,11.0,2025,United States Grand Prix,2025-10-19
OCO,Haas F1 Team,17.0,12.396465691171066,12.255273727906081,13.576475593597321,12.583050484513572,14,16,14.0,14.0,14,1.3535960336164636,13.0,16.0,11.0,16.52499999999999,13.0,16.0,0.0,0.0,0.0,0.72,1.0,ensemble_grid_blend,15.0,2025,United States Grand Prix,2025-10-19
BOR,Audi,16.0,12.811395480744805,13.44596174903528,12.469865187228958,12.9651876159433,15,15,15.0,15.0,15,2.142664252982744,12.0,16.0,10.0,17.0,12.0,16.0,0.0,0.0,0.08,0.61,1.0,ensemble_grid_blend,18.0,2025,United States Grand Prix,2025-10-19
STR,Aston Martin,19.0,13.781627618848558,13.572914385451147,13.972083091993536,13.746669081788461,16,18,16.0,16.0,16,1.8460714498577235,14.0,17.0,11.0,19.0,14.0,17.0,0.0,0.0,0.02,0.75,1.0,ensemble_grid_blend,12.0,2025,United States Grand Prix,2025-10-19
HUL,Audi,11.0,13.52140605880174,15.176098834172365,13.628785395472027,14.122024397515515,17,10,17.0,17.0,17,1.629122587173968,14.0,17.0,13.0,19.0,14.0,17.0,0.0,0.0,0.0,0.57,1.0,ensemble_grid_blend,8.0,2025,United States Grand Prix,2025-10-19
GAS,Alpine,14.0,15.944764135968105,15.75122469850411,15.306075640613917,15.749287633784869,18,13,18.0,18.0,18,0.6012613005301035,17.0,18.0,16.475,19.0,17.0,18.0,0.0,0.0,0.0,0.97,1.0,ensemble_grid_blend,19.0,2025,United States Grand Prix,2025-10-19
COL,Alpine,15.0,15.831568583747705,15.90280009532951,15.684326865004032,15.8270512690526,19,14,19.0,19.0,19,0.4793724854411023,18.0,19.0,18.0,19.0,18.0,19.0,0.0,0.0,0.0,0.98,1.0,ensemble_grid_blend,17.0,2025,United States Grand Prix,2025-10-19
VER,Red Bull Racing,5.0,1.9889632018635957,2.1078558539551997,2.6669510523662927,2.1661732001961966,1,5,1.0,1.0,1,0.37859388972001834,1.0,1.0,1.0,2.5249999999999915,1.0,1.0,0.94,1.0,1.0,0.97,1.0,ensemble_grid_blend,3.0,2025,Mexico City Grand Prix,2025-10-26
NOR,McLaren,1.0,3.534831061892145,3.7706732105613683,4.490910409216715,3.808591683391287,2,1,2.0,2.0,2,0.8882510337679879,2.0,4.0,1.475,4.0,2.0,4.0,0.03,0.75,1.0,0.75,1.0,ensemble_grid_blend,1.0,2025,Mexico City Grand Prix,2025-10-26
PIA,McLaren,7.0,3.345313284448908,4.626700171560466,3.8917477835196497,3.9030855947521017,3,7,3.0,3.0,3,1.079468630971982,2.0,4.0,2.0,5.0,2.0,4.0,0.02,0.75,1.0,0.86,1.0,ensemble_grid_blend,5.0,2025,Mexico City Grand Prix,2025-10-26
RUS,Mercedes,4.0,4.307175531183833,4.812339507241986,4.2530178879227485,4.473151394151969,4,4,4.0,4.0,4,0.9673456340716982,2.84,4.0,2.0,5.0,2.84,4.0,0.01,0.41,1.0,0.82,1.0,ensemble_grid_blend,7.0,2025,Mexico City Grand Prix,2025-10-26
LEC,Ferrari,2.0,5.527599584205116,4.939677960927959,5.614007730738689,5.339108645364825,5,2,5.0,5.0,5,1.0199524647271707,4.0,6.0,3.0,7.0,4.0,6.0,0.0,0.08,1.0,0.84,1.0,ensemble_grid_blend,2.0,2025,Mexico City Grand Prix,2025-10-26
HAM,Ferrari,3.0,5.483904491867369,6.207683982683985,6.459849250564899,5.93241626539269,6,3,6.0,6.0,6,0.6723244767373876,5.0,6.0,4.475,7.0,5.0,6.0,0.0,0.01,1.0,0.97,1.0,ensemble_grid_blend,8.0,2025,Mexico City Grand Prix,2025-10-26
ANT,Mercedes,6.0,6.903234324914405,7.429133533133534,7.803384851450425,7.267329153098304,7,6,7.0,7.0,7,0.7057484028184605,6.0,7.0,5.0,8.0,6.0,7.0,0.0,0.0,1.0,0.94,1.0,ensemble_grid_blend,6.0,2025,Mexico City Grand Prix,2025-10-26
TSU,Red Bull Racing,10.0,9.631144002494446,9.669168331668335,9.040561100081055,9.526335937222628,8,10,8.0,8.0,8,0.7327821620165825,8.0,9.0,7.0,10.0,8.0,9.0,0.0,0.0,0.99,0.96,1.0,ensemble_grid_blend,11.0,2025,Mexico City Grand Prix,2025-10-26
SAI,Williams,12.0,11.33222536219931,11.093220089550973,10.368765376095075,11.055881519551546,9,12,9.0,9.0,9,1.3973640408376988,9.0,11.0,8.0,12.524999999999991,9.0,11.0,0.0,0.0,0.6,0.6,1.0,ensemble_grid_blend,17.0,2025,Mexico City Grand Prix,2025-10-26
BEA,Haas F1 Team,9.0,11.271072577642705,11.462480991230994,10.891924347328363,11.262235876335737,10,9,10.0,10.0,10,1.3074765579141179,9.0,12.0,8.0,13.0,9.0,12.0,0.0,0.0,0.61,0.72,1.0,ensemble_grid_blend,4.0,2025,Mexico City Grand Prix,2025-10-26
HAD,Racing Bulls,8.0,11.991297091316856,11.74788197913198,11.261888564168162,11.76022009662241,11,8,11.0,11.0,11,1.6495790708878162,9.0,13.0,8.0,14.0,9.0,13.0,0.0,0.0,0.46,0.59,1.0,ensemble_grid_blend,13.0,2025,Mexico City Grand Prix,2025-10-26
ALB,Williams,17.0,13.399398565071479,11.431055744908692,11.30400644019319,12.291400153038847,12,14,12.0,12.0,12,1.6719612870681384,10.0,13.0,8.475,15.0,10.0,13.0,0.0,0.0,0.24,0.64,1.0,ensemble_grid_blend,12.0,2025,Mexico City Grand Prix,2025-10-26
OCO,Haas F1 Team,11.0,12.993803813816788,12.65864769449676,13.5293866687092,12.98361574303326,13,11,13.0,13.0,13,1.2869194287761827,12.0,14.0,10.0,15.0,12.0,14.0,0.0,0.0,0.06,0.78,1.0,ensemble_grid_blend,9.0,2025,Mexico City Grand Prix,2025-10-26
STR,Aston Martin,19.0,13.624854166951291,13.364092976467973,12.872079152388764,13.383032747369624,14,16,14.0,14.0,14,1.2650707649787976,12.0,15.0,10.475,15.0,12.0,15.0,0.0,0.0,0.03,0.78,1.0,ensemble_grid_blend,14.0,2025,Mexico City Grand Prix,2025-10-26
BOR,Audi,16.0,14.408469343559327,14.902800421800425,13.955876639871887,14.490966680206222,15,13,15.0,15.0,15,0.9795381306998464,14.0,15.0,12.0,15.0,14.0,15.0,0.0,0.0,0.01,0.85,1.0,ensemble_grid_blend,10.0,2025,Mexico City Grand Prix,2025-10-26
COL,Alpine,20.0,16.545789719907397,16.667802534067235,15.886368788283253,16.456610018538512,16,17,16.0,16.0,16,0.3942772444036626,16.0,17.0,16.0,17.0,16.0,17.0,0.0,0.0,0.0,1.0,1.0,ensemble_grid_blend,16.0,2025,Mexico City Grand Prix,2025-10-26
GAS,Alpine,18.0,16.5767984554529,16.75289918741389,15.876855308431185,16.498445082234905,17,15,17.0,17.0,17,0.4197161137740797,16.0,17.0,16.0,17.0,16.0,17.0,0.0,0.0,0.0,0.98,1.0,ensemble_grid_blend,15.0,2025,Mexico City Grand Prix,2025-10-26
VER,Red Bull Racing,19.0,2.9308245648594693,2.8919307555189913,3.107790705413521,2.9526049597011124,1,16,1.0,1.0,1,0.4845074558223792,1.0,2.0,1.0,2.0,1.0,2.0,0.76,1.0,1.0,0.98,1.0,ensemble_grid_blend,3.0,2025,São Paulo Grand Prix,2025-11-09
NOR,McLaren,1.0,3.4587590565986672,3.7194133366633366,3.4938804856073222,3.5570123404230323,2,1,2.0,2.0,2,0.5001009999000303,1.0,2.0,1.0,3.0,1.0,2.0,0.23,1.0,1.0,1.0,1.0,ensemble_grid_blend,1.0,2025,São Paulo Grand Prix,2025-11-09
PIA,McLaren,4.0,7.860508777019682,6.109911198278846,3.8590214066775808,6.447502150391969,3,3,3.0,3.0,3,0.9387289924212,3.0,5.0,2.0,5.5249999999999915,3.0,5.0,0.01,0.46,1.0,0.77,1.0,ensemble_grid_blend,5.0,2025,São Paulo Grand Prix,2025-11-09
RUS,Mercedes,6.0,6.863357703096951,7.528853479853484,5.1249992827903,6.748609540900408,4,5,4.0,4.0,4,0.9931075602685876,3.0,5.0,2.475,6.0,3.0,5.0,0.0,0.39,1.0,0.9,1.0,ensemble_grid_blend,4.0,2025,São Paulo Grand Prix,2025-11-09
ANT,Mercedes,2.0,7.519328816443744,7.588167193101017,7.998413778813344,7.63923924074771,5,2,5.0,5.0,5,0.9585342345414058,4.0,5.0,3.0,6.0,4.0,5.0,0.0,0.15,1.0,0.83,1.0,ensemble_grid_blend,2.0,2025,São Paulo Grand Prix,2025-11-09
ALO,Aston Martin,11.0,10.267503040346307,8.952289380554085,10.206788834629764,9.795035418275722,6,10,6.0,6.0,6,1.5633427020459731,6.0,8.0,5.0,11.524999999999991,6.0,8.0,0.0,0.0,0.95,0.77,1.0,ensemble_grid_blend,14.0,2025,São Paulo Grand Prix,2025-11-09
TSU,Red Bull Racing,17.0,9.813067797396199,10.03387950937951,9.746023800911603,9.876943097293438,7,15,7.0,7.0,7,1.6250563315799487,6.0,9.0,5.0,10.524999999999991,6.0,9.0,0.0,0.0,0.97,0.7,1.0,ensemble_grid_blend,17.0,2025,São Paulo Grand Prix,2025-11-09
ALB,Williams,12.0,11.040942605170438,11.010120161262886,11.876364166859902,11.197239062140687,8,11,8.0,8.0,8,2.1892990437649904,8.0,12.0,6.475,14.0,8.0,12.0,0.0,0.0,0.53,0.41,1.0,ensemble_grid_blend,11.0,2025,São Paulo Grand Prix,2025-11-09
BEA,Haas F1 Team,8.0,11.875787476103648,11.493825382134203,9.396474971338979,11.24623824226141,9,7,9.0,9.0,9,2.4752512371209283,7.0,12.159999999999997,6.0,14.0,7.0,12.159999999999997,0.0,0.0,0.58,0.39,1.0,ensemble_grid_blend,6.0,2025,São Paulo Grand Prix,2025-11-09
LAW,Racing Bulls,7.0,11.743727225103983,11.025056166056165,11.289408522612723,11.401328613938995,10,6,10.0,10.0,10,2.083387878073848,8.0,12.159999999999997,7.0,14.0,8.0,12.159999999999997,0.0,0.0,0.54,0.48,1.0,ensemble_grid_blend,7.0,2025,São Paulo Grand Prix,2025-11-09
SAI,Williams,15.0,12.01055279902603,11.425440725940724,11.884149737224002,11.780482961085767,11,13,11.0,11.0,11,1.9877402021167432,9.0,13.0,7.475,15.0,9.0,13.0,0.0,0.0,0.4,0.52,1.0,ensemble_grid_blend,13.0,2025,São Paulo Grand Prix,2025-11-09
HAD,Racing Bulls,5.0,11.731758299033004,11.904185675435674,12.056726189457104,11.857101458858757,12,4,12.0,12.0,12,2.4794916390015893,8.0,14.0,7.0,15.0,8.0,14.0,0.0,0.0,0.36,0.38,1.0,ensemble_grid_blend,8.0,2025,São Paulo Grand Prix,2025-11-09
STR,Aston Martin,14.0,11.658734907019769,11.834835776968129,12.579870804997555,11.904597391097251,13,12,13.0,13.0,13,2.5427853971103374,8.84,14.0,7.0,15.0,8.84,14.0,0.0,0.0,0.41,0.39,1.0,ensemble_grid_blend,16.0,2025,São Paulo Grand Prix,2025-11-09
HUL,Audi,10.0,12.250145533191326,13.550964674214681,12.917808985886559,12.838964923088547,14,9,14.0,14.0,14,2.2870739101977158,10.0,15.0,7.475,16.0,10.0,15.0,0.0,0.0,0.17,0.6,1.0,ensemble_grid_blend,9.0,2025,São Paulo Grand Prix,2025-11-09
OCO,Haas F1 Team,20.0,13.265228447007791,12.950287129537132,12.366905104742653,12.975334317440034,15,17,15.0,15.0,15,1.850443572266232,11.84,15.0,9.0,15.0,11.84,15.0,0.0,0.0,0.09,0.65,1.0,ensemble_grid_blend,12.0,2025,São Paulo Grand Prix,2025-11-09
COL,Alpine,16.0,15.47642559016204,16.320436258186255,15.530504007228092,15.782645007383726,16,14,16.0,16.0,16,0.6231234454607115,16.0,17.0,15.0,17.0,16.0,17.0,0.0,0.0,0.0,1.0,1.0,ensemble_grid_blend,15.0,2025,São Paulo Grand Prix,2025-11-09
GAS,Alpine,9.0,16.361493539747595,16.859387864550897,15.443209473450098,16.35209974016925,17,8,17.0,17.0,17,0.4960449637488582,16.0,17.0,16.0,17.0,16.0,17.0,0.0,0.0,0.0,1.0,1.0,ensemble_grid_blend,10.0,2025,São Paulo Grand Prix,2025-11-09
VER,Red Bull Racing,2.0,2.8182971564129327,3.277276423739659,3.3172319001760755,3.0787268487299158,1,1,1.0,1.0,1,0.3208259542638235,1.0,1.0,1.0,2.0,1.0,1.0,0.92,1.0,1.0,0.99,1.0,ensemble_grid_blend,1.0,2025,Las Vegas Grand Prix,2025-11-22
LEC,Ferrari,9.0,4.155191272395013,4.728097300360459,4.578618805564348,4.440393888816786,2,7,2.0,2.0,2,0.5103969538555756,2.0,3.0,1.0,3.0,2.0,3.0,0.08,1.0,1.0,1.0,1.0,ensemble_grid_blend,4.0,2025,Las Vegas Grand Prix,2025-11-22
RUS,Mercedes,4.0,5.152889877806907,5.2488111194361196,5.301313962993065,5.216147129414363,3,3,3.0,3.0,3,0.8333333333333334,2.0,4.0,2.0,5.0,2.0,4.0,0.0,0.77,1.0,0.9,1.0,ensemble_grid_blend,2.0,2025,Las Vegas Grand Prix,2025-11-22
HAM,Ferrari,19.0,6.534950997317098,6.7963587376675605,6.35707277847674,6.590868062671689,4,14,4.0,4.0,4,0.7137891491854926,4.0,5.0,3.0,6.0,4.0,5.0,0.0,0.1,1.0,0.96,1.0,ensemble_grid_blend,8.0,2025,Las Vegas Grand Prix,2025-11-22
ANT,Mercedes,17.0,6.570247893984822,6.868840437340436,7.328950683426127,6.826495842047548,5,13,5.0,5.0,5,0.9479376870796196,4.0,5.0,3.0,6.5249999999999915,4.0,5.0,0.0,0.12,1.0,0.85,1.0,ensemble_grid_blend,3.0,2025,Las Vegas Grand Prix,2025-11-22
BEA,Haas F1 Team,14.0,9.347986566014338,9.56698443223443,8.536078722099305,9.262254250408363,6,11,6.0,6.0,6,1.5841385512305892,6.0,8.0,4.0,10.524999999999991,6.0,8.0,0.0,0.01,0.97,0.74,1.0,ensemble_grid_blend,10.0,2025,Las Vegas Grand Prix,2025-11-22
ALO,Aston Martin,7.0,9.79439620691187,9.471818656489711,10.858129220453444,9.89424066697243,7,5,7.0,7.0,7,1.0542841891611348,6.0,8.0,6.0,9.524999999999991,6.0,8.0,0.0,0.0,1.0,0.87,1.0,ensemble_grid_blend,11.0,2025,Las Vegas Grand Prix,2025-11-22
TSU,Red Bull Racing,20.0,10.879380602154237,11.264388444888441,10.919899993207103,11.022237225321783,8,15,8.0,8.0,8,1.6713872542099135,7.0,11.0,6.0,12.0,7.0,11.0,0.0,0.0,0.79,0.58,1.0,ensemble_grid_blend,12.0,2025,Las Vegas Grand Prix,2025-11-22
LAW,Racing Bulls,6.0,11.528985705934062,11.314443313222721,10.64495862556635,11.27709045241155,9,4,9.0,9.0,9,1.7097167347637774,8.0,11.0,6.475,13.0,8.0,11.0,0.0,0.0,0.77,0.62,1.0,ensemble_grid_blend,14.0,2025,Las Vegas Grand Prix,2025-11-22
SAI,Williams,3.0,11.491875519767778,10.838447788322789,12.61988473923111,11.488777657654698,10,2,10.0,10.0,10,1.6063007253319725,8.0,11.159999999999997,7.0,13.0,8.0,11.159999999999997,0.0,0.0,0.63,0.59,1.0,ensemble_grid_blend,5.0,2025,Las Vegas Grand Prix,2025-11-22
HAD,Racing Bulls,8.0,12.062929200911935,11.542503444268148,11.157046032879558,11.699603552480134,11,6,11.0,11.0,11,1.7343528470238685,8.0,12.0,7.0,13.0,8.0,12.0,0.0,0.0,0.46,0.62,1.0,ensemble_grid_blend,6.0,2025,Las Vegas Grand Prix,2025-11-22
HUL,Audi,11.0,12.76555919843307,13.17977358752359,11.499233434852592,12.657269081898656,12,9,12.0,12.0,12,1.5866870383209655,10.0,13.0,8.0,14.0,10.0,13.0,0.0,0.0,0.18,0.76,1.0,ensemble_grid_blend,7.0,2025,Las Vegas Grand Prix,2025-11-22
OCO,Haas F1 Team,13.0,13.48224186537017,12.68481244559534,11.647543902358628,12.83620197584667,13,10,13.0,13.0,13,1.7717194752527554,10.0,13.0,7.475,14.0,10.0,13.0,0.0,0.0,0.2,0.64,1.0,ensemble_grid_blend,9.0,2025,Las Vegas Grand Prix,2025-11-22
GAS,Alpine,10.0,15.182682564096513,14.995201562326573,14.086816920939226,14.897891084845575,14,8,14.0,14.0,14,0.7114503609961951,14.0,15.0,12.475,15.0,14.0,15.0,0.0,0.0,0.0,0.97,1.0,ensemble_grid_blend,13.0,2025,Las Vegas Grand Prix,2025-11-22
COL,Alpine,15.0,15.165238301816705,15.62590244477745,15.079964544961154,15.309416000481857,15,12,15.0,15.0,15,0.6356417261637284,14.0,15.0,13.0,15.0,14.0,15.0,0.0,0.0,0.0,0.92,1.0,ensemble_grid_blend,15.0,2025,Las Vegas Grand Prix,2025-11-22
VER,Red Bull Racing,3.0,2.6196392602464424,2.9079154090577477,3.3307012164950125,2.8627483035801133,1,3,1.0,1.0,1,0.5800557270337449,1.0,2.0,1.0,3.0,1.0,2.0,0.68,1.0,1.0,0.95,1.0,ensemble_grid_blend,1.0,2025,Qatar Grand Prix,2025-11-30
NOR,McLaren,2.0,3.357914719609694,3.981938509735878,3.0823545379603905,3.5212110098239973,2,2,2.0,2.0,2,1.2379112417391815,1.0,3.1599999999999966,1.0,5.5249999999999915,1.0,3.1599999999999966,0.29,0.84,1.0,0.84,1.0,ensemble_grid_blend,4.0,2025,Qatar Grand Prix,2025-11-30
LEC,Ferrari,10.0,4.236573621164721,4.017096801590222,4.318461433000325,4.176134296680767,3,10,3.0,3.0,3,0.9455370981830402,2.0,4.0,1.475,5.0,2.0,4.0,0.03,0.66,1.0,0.93,1.0,ensemble_grid_blend,8.0,2025,Qatar Grand Prix,2025-11-30
ANT,Mercedes,5.0,4.3395400700819495,4.976454944178628,5.829379324873569,4.860428126974111,4,5,4.0,4.0,4,1.0533256616521547,3.0,5.0,2.0,6.0,3.0,5.0,0.0,0.36,1.0,0.87,1.0,ensemble_grid_blend,5.0,2025,Qatar Grand Prix,2025-11-30
PIA,McLaren,1.0,7.207230141460559,5.801739136766226,4.015003734723572,6.076863008470145,5,1,5.0,5.0,5,1.15749642755301,4.0,7.0,3.0,7.0,4.0,7.0,0.0,0.06,1.0,0.75,1.0,ensemble_grid_blend,2.0,2025,Qatar Grand Prix,2025-11-30
RUS,Mercedes,4.0,7.792074167350114,6.734069264069263,4.291332331226956,6.721624083977185,6,4,6.0,6.0,6,1.5529379129946443,4.0,7.0,3.0,8.0,4.0,7.0,0.0,0.08,0.99,0.72,1.0,ensemble_grid_blend,6.0,2025,Qatar Grand Prix,2025-11-30
HAM,Ferrari,17.0,7.460611257443043,6.820483723792546,6.494463065344503,7.043336982245661,7,15,7.0,7.0,7,0.8689364217539193,5.0,7.0,5.0,7.5249999999999915,5.0,7.0,0.0,0.0,1.0,0.78,1.0,ensemble_grid_blend,12.0,2025,Qatar Grand Prix,2025-11-30
OCO,Haas F1 Team,16.0,9.467511158325962,10.414771964146967,10.846109400001005,10.074772088698323,8,14,8.0,8.0,8,2.1666666666666665,8.0,12.0,7.0,15.0,8.0,12.0,0.0,0.0,0.69,0.6,1.0,ensemble_grid_blend,15.0,2025,Qatar Grand Prix,2025-11-30
ALO,Aston Martin,8.0,10.425881281879755,9.606877039627042,11.26188184395797,10.30642990950695,9,8,9.0,9.0,9,2.191719955568312,8.0,13.0,7.475,15.524999999999991,8.0,13.0,0.0,0.0,0.61,0.58,1.0,ensemble_grid_blend,7.0,2025,Qatar Grand Prix,2025-11-30
HAD,Racing Bulls,6.0,10.261238950737654,10.820460998152173,9.866235058008598,10.377965888786925,10,6,10.0,10.0,10,1.9000000000000001,9.0,13.0,8.0,14.524999999999991,9.0,13.0,0.0,0.0,0.5,0.52,1.0,ensemble_grid_blend,18.0,2025,Qatar Grand Prix,2025-11-30
TSU,Red Bull Racing,15.0,10.338030767107796,10.94146810542399,11.61977364732082,10.805582411561069,11,13,11.0,11.0,11,1.855676521793428,10.0,14.0,8.0,15.0,10.0,14.0,0.0,0.0,0.33,0.55,1.0,ensemble_grid_blend,10.0,2025,Qatar Grand Prix,2025-11-30
ALB,Williams,14.0,11.101524466370508,11.082594363969365,10.891973820931304,11.052988801442268,12,12,12.0,12.0,12,2.265485431960277,9.0,14.0,8.0,16.0,9.0,14.0,0.0,0.0,0.32,0.43,1.0,ensemble_grid_blend,11.0,2025,Qatar Grand Prix,2025-11-30
SAI,Williams,7.0,11.812454320758553,10.77556238206239,11.122405815757803,11.311532441214746,13,7,13.0,13.0,13,2.645064013660848,9.0,15.0,8.0,16.52499999999999,9.0,15.0,0.0,0.0,0.27,0.34,1.0,ensemble_grid_blend,3.0,2025,Qatar Grand Prix,2025-11-30
LAW,Racing Bulls,12.0,12.125607324834178,11.545705502830499,10.734030560596484,11.644326334285351,14,11,14.0,14.0,14,2.4075638384814715,10.0,16.0,8.0,17.0,10.0,16.0,0.0,0.0,0.18,0.44,1.0,ensemble_grid_blend,9.0,2025,Qatar Grand Prix,2025-11-30
BOR,Audi,19.0,13.07773177482942,12.480802974802975,11.931818559548319,12.639624051763946,15,17,15.0,15.0,15,2.3064249304054876,12.0,17.0,10.0,18.0,12.0,17.0,0.0,0.0,0.06,0.45,1.0,ensemble_grid_blend,13.0,2025,Qatar Grand Prix,2025-11-30
GAS,Alpine,9.0,12.794072563127427,12.678978049728052,13.40948472991184,12.876871916794528,16,9,16.0,16.0,16,2.1539486877581253,13.0,17.0,9.0,18.0,13.0,17.0,0.0,0.0,0.05,0.61,1.0,ensemble_grid_blend,16.0,2025,Qatar Grand Prix,2025-11-30
STR,Aston Martin,18.0,13.924425035389724,13.64641711650922,13.407794964056695,13.723796249514944,17,16,17.0,17.0,17,1.5273929726593918,15.0,18.0,13.0,18.0,15.0,18.0,0.0,0.0,0.0,0.83,1.0,ensemble_grid_blend,17.0,2025,Qatar Grand Prix,2025-11-30
COL,Alpine,20.0,13.581834162812989,14.697715326340324,14.7613712370349,14.208299984891937,18,18,18.0,18.0,18,0.9534625892455924,16.0,18.0,15.0,18.0,16.0,18.0,0.0,0.0,0.0,0.78,1.0,ensemble_grid_blend,14.0,2025,Qatar Grand Prix,2025-11-30
VER,Red Bull Racing,1.0,2.2686365964396358,2.324865760021451,2.9777082372808934,2.4301311318615224,1,1,1.0,1.0,1,0.5264710031632486,1.0,1.0,1.0,2.0,1.0,1.0,0.88,0.99,1.0,0.98,1.0,ensemble_grid_blend,1.0,2025,Abu Dhabi Grand Prix,2025-12-07
NOR,McLaren,2.0,3.330770023289878,3.4297094754660544,3.252904772851662,3.3498257814638963,2,2,2.0,2.0,2,0.8736316862570424,2.0,3.0,1.0,5.0,2.0,3.0,0.08,0.9,1.0,0.9,1.0,ensemble_grid_blend,3.0,2025,Abu Dhabi Grand Prix,2025-12-07
PIA,McLaren,3.0,3.518834538845854,4.18005728043886,3.6601826547079197,3.7785321215758194,3,3,3.0,3.0,3,1.034749762361447,2.0,4.0,1.475,5.0,2.0,4.0,0.03,0.64,1.0,0.84,1.0,ensemble_grid_blend,2.0,2025,Abu Dhabi Grand Prix,2025-12-07
RUS,Mercedes,4.0,4.148558577204529,3.8940898565583923,4.307945770993267,4.091371963736129,4,4,4.0,4.0,4,0.9287223764534009,3.0,5.0,2.0,5.5249999999999915,3.0,5.0,0.01,0.34,1.0,0.9,1.0,ensemble_grid_blend,5.0,2025,Abu Dhabi Grand Prix,2025-12-07
ANT,Mercedes,14.0,4.388139480175252,4.560669233544234,5.559752574840708,4.682847512787487,5,14,5.0,5.0,5,0.9459643147859674,4.0,5.159999999999997,3.0,6.0,4.0,5.159999999999997,0.0,0.12,1.0,0.86,1.0,ensemble_grid_blend,15.0,2025,Abu Dhabi Grand Prix,2025-12-07
LEC,Ferrari,5.0,6.209447899404081,5.5245721778221775,5.393573634429675,5.806566543855534,6,5,6.0,6.0,6,0.7782394012491052,5.0,7.0,4.0,7.0,5.0,7.0,0.0,0.01,1.0,0.95,1.0,ensemble_grid_blend,4.0,2025,Abu Dhabi Grand Prix,2025-12-07
HAM,Ferrari,16.0,7.370564696337373,6.071402208902209,7.923856878821418,7.026516262231874,7,16,7.0,7.0,7,1.3622248586986534,6.0,8.0,6.0,11.524999999999991,6.0,8.0,0.0,0.0,0.96,0.89,1.0,ensemble_grid_blend,8.0,2025,Abu Dhabi Grand Prix,2025-12-07
SAI,Williams,12.0,8.138345499053452,9.578328255078254,8.98013731553807,8.810697826959057,8,12,8.0,8.0,8,1.4653920080898957,8.0,10.0,7.0,12.0,8.0,10.0,0.0,0.0,0.9,0.76,1.0,ensemble_grid_blend,13.0,2025,Abu Dhabi Grand Prix,2025-12-07
ALO,Aston Martin,6.0,9.59966211743518,9.474219103565853,10.549875724836808,9.74579978406124,9,6,9.0,9.0,9,1.5646344007725281,9.0,12.0,8.0,13.524999999999991,9.0,12.0,0.0,0.0,0.57,0.57,1.0,ensemble_grid_blend,6.0,2025,Abu Dhabi Grand Prix,2025-12-07
ALB,Williams,17.0,9.388200251636608,10.400033708250815,10.215030774883616,9.907708066100982,10,17,10.0,10.0,10,2.2785783269221165,8.0,13.0,7.0,15.0,8.0,13.0,0.0,0.0,0.59,0.44,1.0,ensemble_grid_blend,16.0,2025,Abu Dhabi Grand Prix,2025-12-07
BEA,Haas F1 Team,11.0,10.353397301545685,10.10545951597422,9.365849882519889,10.069109592790515,11,11,11.0,11.0,11,2.3211587144738246,9.0,14.0,7.475,15.524999999999991,9.0,14.0,0.0,0.0,0.38,0.42,1.0,ensemble_grid_blend,12.0,2025,Abu Dhabi Grand Prix,2025-12-07
LAW,Racing Bulls,13.0,10.721501725878209,10.876567239133415,10.441577637687633,10.719789837879416,12,13,12.0,12.0,12,2.3913987285243503,10.0,15.0,8.475,17.049999999999983,10.0,15.0,0.0,0.0,0.23,0.48,1.0,ensemble_grid_blend,18.0,2025,Abu Dhabi Grand Prix,2025-12-07
TSU,Red Bull Racing,10.0,10.84783552272287,10.814090909090913,11.270534030134675,10.920564609434045,13,10,13.0,13.0,13,1.8489418213091127,11.0,14.0,9.0,15.0,11.0,14.0,0.0,0.0,0.15,0.63,1.0,ensemble_grid_blend,14.0,2025,Abu Dhabi Grand Prix,2025-12-07
HAD,Racing Bulls,9.0,11.704423437730215,10.803981227106227,10.818203571456015,11.212024690756978,14,9,14.0,14.0,14,2.2432615144521653,11.0,16.0,9.475,17.0,11.0,16.0,0.0,0.0,0.11,0.45,1.0,ensemble_grid_blend,17.0,2025,Abu Dhabi Grand Prix,2025-12-07
HUL,Audi,18.0,11.97684601480353,11.735386349761356,10.266939629253882,11.550353854928838,15,18,15.0,15.0,15,2.451035650000986,11.0,16.0,9.0,18.0,11.0,16.0,0.0,0.0,0.1,0.51,1.0,ensemble_grid_blend,9.0,2025,Abu Dhabi Grand Prix,2025-12-07
OCO,Haas F1 Team,8.0,12.653832660757553,12.774144355644347,12.082476579096879,12.581670537635794,16,8,16.0,16.0,16,2.153198231994125,14.0,18.0,11.475,20.0,14.0,18.0,0.0,0.0,0.01,0.54,1.0,ensemble_grid_blend,7.0,2025,Abu Dhabi Grand Prix,2025-12-07
BOR,Audi,7.0,13.415658989264205,13.741215784215782,11.972508894633474,13.240973848571112,17,7,17.0,17.0,17,1.512373210313092,16.0,19.0,14.475,20.0,16.0,19.0,0.0,0.0,0.0,0.6,1.0,ensemble_grid_blend,11.0,2025,Abu Dhabi Grand Prix,2025-12-07
GAS,Alpine,19.0,13.240192708095881,13.240507213546685,13.570981878722838,13.306460619129053,18,19,18.0,18.0,18,2.087456525888563,15.0,19.0,12.0,20.0,15.0,19.0,0.0,0.0,0.0,0.56,1.0,ensemble_grid_blend,19.0,2025,Abu Dhabi Grand Prix,2025-12-07
STR,Aston Martin,15.0,13.900635399358572,13.879155085832632,13.859184631200186,13.884827135992817,19,15,19.0,19.0,19,1.3594413588238397,17.0,20.0,16.0,20.0,17.0,20.0,0.0,0.0,0.0,0.75,1.0,ensemble_grid_blend,10.0,2025,Abu Dhabi Grand Prix,2025-12-07
COL,Alpine,20.0,13.87802467162854,14.51269481760929,14.462429103453168,14.217040109086728,20,20,20.0,20.0,20,1.1814645935696022,18.0,20.0,16.0,20.0,18.0,20.0,0.0,0.0,0.0,0.71,1.0,ensemble_grid_blend,20.0,2025,Abu Dhabi Grand Prix,2025-12-07
