driver,team,grid_pos,pred_finish_rf,pred_finish_extra_trees,pred_finish_elastic_net,pred_finish_model_ensemble,pred_rank_model_ensemble,grid_rank_component,blend_rank_score,pred_finish,pred_rank,pred_std,pi68_low,pi68_high,pi95_low,pi95_high,pred_low,pred_high,p_win,p_podium,p_top10,p_rank_pm1,ensemble_grid_alpha,ranking_mode_default,finish_pos,year,gp,date
VER,Red Bull Racing,1.0,1.8543010165574634,1.1934063297813318,1.345189766761468,1.5211656262266184,1,2,1.0,1.0,1,0.0,1.0,1.0,1.0,1.0,1.0,1.0,1.0,1.0,1.0,1.0,1.0,ensemble_grid_blend,1.0,2023,Dutch Grand Prix,2023-08-27
PER,Red Bull Racing,7.0,4.672302370633681,5.010529477466977,3.631054354937456,4.58243225488609,2,8,2.0,2.0,2,0.0,2.0,2.0,2.0,2.0,2.0,2.0,0.0,1.0,1.0,1.0,1.0,ensemble_grid_blend,4.0,2023,Dutch Grand Prix,2023-08-27
HAM,Mercedes,13.0,5.0078236057570225,4.7573503649128615,4.2462494476842085,4.767843139847003,3,12,3.0,3.0,3,0.0,3.0,3.0,3.0,3.0,3.0,3.0,0.0,1.0,1.0,1.0,1.0,ensemble_grid_blend,6.0,2023,Dutch Grand Prix,2023-08-27
RUS,Mercedes,3.0,5.860806593398311,5.344517517205016,5.333120257745034,5.574568149600003,4,4,4.0,4.0,4,0.0,5.0,5.0,5.0,5.0,5.0,5.0,0.0,0.0,1.0,1.0,1.0,ensemble_grid_blend,17.0,2023,Dutch Grand Prix,2023-08-27
NOR,McLaren,2.0,6.080545024166306,5.664500374625374,6.264587670835283,5.971737926160775,5,3,5.0,5.0,5,0.0,4.0,4.0,4.0,4.0,4.0,4.0,0.0,0.0,1.0,1.0,1.0,ensemble_grid_blend,7.0,2023,Dutch Grand Prix,2023-08-27
SAI,Ferrari,6.0,7.946701112501232,6.870871454203692,7.022636947408129,7.385347899078472,6,7,6.0,6.0,6,0.0,6.0,6.0,6.0,6.0,6.0,6.0,0.0,0.0,1.0,1.0,1.0,ensemble_grid_blend,5.0,2023,Dutch Grand Prix,2023-08-27
PIA,McLaren,8.0,8.19777600206489,7.389961218605955,7.895755396261822,7.854636706693649,7,9,7.0,7.0,7,0.0,8.0,8.0,8.0,8.0,8.0,8.0,0.0,0.0,1.0,1.0,1.0,ensemble_grid_blend,9.0,2023,Dutch Grand Prix,2023-08-27
ALO,Aston Martin,5.0,8.994163858172023,7.363676214184367,6.320096741851877,7.888679759512314,8,6,8.0,8.0,8,0.0,7.0,7.0,7.0,7.0,7.0,7.0,0.0,0.0,1.0,1.0,1.0,ensemble_grid_blend,2.0,2023,Dutch Grand Prix,2023-08-27
STR,Aston Martin,11.0,10.510452000526989,9.157782768010051,9.502607826904384,9.83544893442154,9,10,9.0,9.0,9,0.0,9.0,9.0,9.0,9.0,9.0,9.0,0.0,0.0,1.0,1.0,1.0,ensemble_grid_blend,11.0,2023,Dutch Grand Prix,2023-08-27
OCO,Alpine,16.0,11.993608934279386,10.434431823486973,10.74775449933309,11.198726058512783,10,14,10.0,10.0,10,0.0,10.0,10.0,10.0,10.0,10.0,10.0,0.0,0.0,1.0,1.0,1.0,ensemble_grid_blend,10.0,2023,Dutch Grand Prix,2023-08-27
GAS,Alpine,12.0,12.295483251932948,10.922103354978354,11.99019032797454,11.75374170320716,11,11,11.0,11.0,11,0.0,11.0,11.0,11.0,11.0,11.0,11.0,0.0,0.0,0.0,1.0,1.0,ensemble_grid_blend,3.0,2023,Dutch Grand Prix,2023-08-27
ALB,Williams,4.0,12.39634263085682,12.350860931831326,11.812179337528042,12.263591377532142,12,5,12.0,12.0,12,0.0,12.0,12.0,12.0,12.0,12.0,12.0,0.0,0.0,0.0,1.0,1.0,ensemble_grid_blend,8.0,2023,Dutch Grand Prix,2023-08-27
LAW,AlphaTauri,19.0,12.501583553169915,12.910587214336642,12.649068179461288,12.674231759836545,13,17,13.0,13.0,13,0.0,13.0,13.0,13.0,13.0,13.0,13.0,0.0,0.0,0.0,1.0,1.0,ensemble_grid_blend,13.0,2023,Dutch Grand Prix,2023-08-27
BOT,Alfa Romeo,18.0,12.900381889449507,12.925573024198023,12.749379261308345,12.878998260983254,14,16,14.0,14.0,14,0.0,14.0,14.0,14.0,14.0,14.0,14.0,0.0,0.0,0.0,1.0,1.0,ensemble_grid_blend,14.0,2023,Dutch Grand Prix,2023-08-27
TSU,AlphaTauri,17.0,14.054056623417857,13.958473762348765,13.452879176573706,13.900367132674845,15,15,15.0,15.0,15,0.0,15.0,15.0,15.0,15.0,15.0,15.0,0.0,0.0,0.0,1.0,1.0,ensemble_grid_blend,15.0,2023,Dutch Grand Prix,2023-08-27
HUL,Haas F1 Team,14.0,15.660391280767303,15.695590784215781,14.791323970826777,15.498897644986165,16,13,16.0,16.0,16,0.0,16.0,16.0,16.0,16.0,16.0,16.0,0.0,0.0,0.0,1.0,1.0,ensemble_grid_blend,12.0,2023,Dutch Grand Prix,2023-08-27
MAG,Haas F1 Team,0.0,15.85101893057558,16.07468710456211,15.387644082021922,15.836627821760134,17,1,17.0,17.0,17,0.0,17.0,17.0,17.0,17.0,17.0,17.0,0.0,0.0,0.0,1.0,1.0,ensemble_grid_blend,16.0,2023,Dutch Grand Prix,2023-08-27
VER,Red Bull Racing,2.0,1.7285815041297503,1.1730918248418245,1.6123368306031107,1.5109111816736485,1,2,1.0,1.0,1,0.0,1.0,1.0,1.0,1.0,1.0,1.0,1.0,1.0,1.0,1.0,1.0,ensemble_grid_blend,1.0,2023,Italian Grand Prix,2023-09-03
PER,Red Bull Racing,5.0,4.541948547034309,5.057189380064378,4.10547041683742,4.634987212555456,2,5,2.0,2.0,2,0.0,2.0,2.0,2.0,2.0,2.0,2.0,0.0,1.0,1.0,1.0,1.0,ensemble_grid_blend,2.0,2023,Italian Grand Prix,2023-09-03
HAM,Mercedes,8.0,5.084295161535783,5.303537100154745,5.797088074974489,5.3035884227401615,3,8,3.0,3.0,3,0.0,4.0,4.0,4.0,4.0,4.0,4.0,0.0,0.0,1.0,1.0,1.0,ensemble_grid_blend,6.0,2023,Italian Grand Prix,2023-09-03
ALO,Aston Martin,10.0,5.852102045289023,5.879636362004006,5.952809252295821,5.881880497540626,4,10,4.0,4.0,4,0.0,5.0,5.0,5.0,5.0,5.0,5.0,0.0,0.0,1.0,1.0,1.0,ensemble_grid_blend,9.0,2023,Italian Grand Prix,2023-09-03
LEC,Ferrari,3.0,6.044971795465626,6.647364647607294,6.130016905986479,6.27281831581938,5,3,5.0,5.0,5,0.0,6.0,6.0,6.0,6.0,6.0,6.0,0.0,0.0,1.0,1.0,1.0,ensemble_grid_blend,4.0,2023,Italian Grand Prix,2023-09-03
SAI,Ferrari,1.0,6.138716515093361,6.706588286713286,6.747998306386314,6.459327993418925,6,1,6.0,6.0,6,0.0,7.0,7.0,7.0,7.0,7.0,7.0,0.0,0.0,1.0,1.0,1.0,ensemble_grid_blend,3.0,2023,Italian Grand Prix,2023-09-03
NOR,McLaren,9.0,6.248749624621323,6.27486356535621,7.546327106728663,6.517405000300001,7,9,7.0,7.0,7,0.0,3.0,3.0,3.0,3.0,3.0,3.0,0.0,1.0,1.0,0.0,1.0,ensemble_grid_blend,8.0,2023,Italian Grand Prix,2023-09-03
RUS,Mercedes,4.0,6.836951179862428,6.672386375879021,8.166363643361269,7.045235991168004,8,4,8.0,8.0,8,0.0,8.0,8.0,8.0,8.0,8.0,8.0,0.0,0.0,1.0,1.0,1.0,ensemble_grid_blend,5.0,2023,Italian Grand Prix,2023-09-03
PIA,McLaren,7.0,7.01214851470643,7.086715436985579,8.647320276216433,7.365281289806133,9,7,9.0,9.0,9,0.0,9.0,9.0,9.0,9.0,9.0,9.0,0.0,0.0,1.0,1.0,1.0,ensemble_grid_blend,12.0,2023,Italian Grand Prix,2023-09-03
STR,Aston Martin,20.0,8.465585146258006,8.574964708225174,9.665782754701466,8.743907514635206,10,18,10.0,10.0,10,0.0,10.0,10.0,10.0,10.0,10.0,10.0,0.0,0.0,1.0,1.0,1.0,ensemble_grid_blend,16.0,2023,Italian Grand Prix,2023-09-03
GAS,Alpine,17.0,11.28599746891523,9.645747018504379,10.816096247124245,10.617929566913235,11,16,11.0,11.0,11,0.0,11.0,11.0,11.0,11.0,11.0,11.0,0.0,0.0,0.0,1.0,1.0,ensemble_grid_blend,15.0,2023,Italian Grand Prix,2023-09-03
ALB,Williams,6.0,11.793297563815592,11.51613558785986,11.777812799935623,11.69319391945509,12,6,12.0,12.0,12,0.0,14.0,14.0,14.0,14.0,14.0,14.0,0.0,0.0,0.0,0.0,1.0,ensemble_grid_blend,7.0,2023,Italian Grand Prix,2023-09-03
BOT,Alfa Romeo,14.0,13.306333901754257,13.595717102342096,13.580366467526286,13.462424535114407,13,13,13.0,13.0,13,0.0,13.0,13.0,13.0,13.0,13.0,13.0,0.0,0.0,0.0,1.0,1.0,ensemble_grid_blend,10.0,2023,Italian Grand Prix,2023-09-03
LAW,AlphaTauri,12.0,13.693788803172653,14.57906007881008,13.880579107479075,14.040991810507037,14,11,14.0,14.0,14,0.0,12.0,12.0,12.0,12.0,12.0,12.0,0.0,0.0,0.0,0.0,1.0,ensemble_grid_blend,11.0,2023,Italian Grand Prix,2023-09-03
ZHO,Alfa Romeo,16.0,15.085328741123101,13.935055833055822,13.953514269153514,14.456370328905637,15,15,15.0,15.0,15,0.0,18.0,18.0,18.0,18.0,18.0,18.0,0.0,0.0,0.0,0.0,1.0,ensemble_grid_blend,14.0,2023,Italian Grand Prix,2023-09-03
SAR,Williams,15.0,14.5551248971329,14.996308524808521,15.422007306053835,14.882915648603554,16,14,16.0,16.0,16,0.0,15.0,15.0,15.0,15.0,15.0,15.0,0.0,0.0,0.0,1.0,1.0,ensemble_grid_blend,13.0,2023,Italian Grand Prix,2023-09-03
HUL,Haas F1 Team,13.0,15.81803166967609,15.506745587745584,14.92264108033555,15.530003423132305,17,12,17.0,17.0,17,0.0,17.0,17.0,17.0,17.0,17.0,17.0,0.0,0.0,0.0,1.0,1.0,ensemble_grid_blend,17.0,2023,Italian Grand Prix,2023-09-03
MAG,Haas F1 Team,19.0,16.148897859448937,16.314692918192925,15.943216097767316,16.16578977767301,18,17,18.0,18.0,18,0.0,16.0,16.0,16.0,16.0,16.0,16.0,0.0,0.0,0.0,0.0,1.0,ensemble_grid_blend,18.0,2023,Italian Grand Prix,2023-09-03
VER,Red Bull Racing,11.0,1.482538090846623,1.2893936480186496,0.9619984656511917,1.310829610817746,1,10,1.0,1.0,1,0.0,1.0,1.0,1.0,1.0,1.0,1.0,1.0,1.0,1.0,1.0,1.0,ensemble_grid_blend,5.0,2023,Singapore Grand Prix,2023-09-17
PER,Red Bull Racing,13.0,3.5841990735374725,3.6181187839937867,3.2507799203283234,3.5293871415553526,2,12,2.0,2.0,2,0.0,3.0,3.0,3.0,3.0,3.0,3.0,0.0,1.0,1.0,1.0,1.0,ensemble_grid_blend,8.0,2023,Singapore Grand Prix,2023-09-17
HAM,Mercedes,5.0,5.572690973336868,5.187499708624712,5.527058524834818,5.428747540987203,3,5,3.0,3.0,3,0.0,2.0,2.0,2.0,2.0,2.0,2.0,0.0,1.0,1.0,1.0,1.0,ensemble_grid_blend,3.0,2023,Singapore Grand Prix,2023-09-17
LEC,Ferrari,3.0,5.711369671736767,6.696427863802862,4.729336882598143,5.859733481132175,4,3,4.0,4.0,4,0.0,5.0,5.0,5.0,5.0,5.0,5.0,0.0,0.0,1.0,1.0,1.0,ensemble_grid_blend,4.0,2023,Singapore Grand Prix,2023-09-17
SAI,Ferrari,1.0,6.234421069063472,7.088883893883893,5.148607179236868,6.316320279785299,5,1,5.0,5.0,5,0.0,6.0,6.0,6.0,6.0,6.0,6.0,0.0,0.0,1.0,1.0,1.0,ensemble_grid_blend,1.0,2023,Singapore Grand Prix,2023-09-17
ALO,Aston Martin,7.0,7.614726256590546,6.432733969178026,6.175738831644992,6.9132314710070535,6,7,6.0,6.0,6,0.0,9.0,9.0,9.0,9.0,9.0,9.0,0.0,0.0,1.0,0.0,1.0,ensemble_grid_blend,15.0,2023,Singapore Grand Prix,2023-09-17
NOR,McLaren,4.0,6.638728757193198,7.6628540523975515,7.773644723718364,7.224155803819755,7,4,7.0,7.0,7,0.0,4.0,4.0,4.0,4.0,4.0,4.0,0.0,0.0,1.0,0.0,1.0,ensemble_grid_blend,2.0,2023,Singapore Grand Prix,2023-09-17
RUS,Mercedes,2.0,8.484841490888293,7.814342945676613,7.4305133408190605,8.039301370050358,8,2,8.0,8.0,8,0.0,7.0,7.0,7.0,7.0,7.0,7.0,0.0,0.0,1.0,1.0,1.0,ensemble_grid_blend,16.0,2023,Singapore Grand Prix,2023-09-17
PIA,McLaren,17.0,9.793338615700803,9.341651189827544,9.123295154770048,9.50123932445901,9,14,9.0,9.0,9,0.0,8.0,8.0,8.0,8.0,8.0,8.0,0.0,0.0,1.0,1.0,1.0,ensemble_grid_blend,7.0,2023,Singapore Grand Prix,2023-09-17
ALB,Williams,14.0,11.181012361125573,10.736184369310964,10.13367338955198,10.81585476967574,10,13,10.0,10.0,10,0.0,13.0,13.0,13.0,13.0,13.0,13.0,0.0,0.0,0.0,0.0,1.0,ensemble_grid_blend,11.0,2023,Singapore Grand Prix,2023-09-17
GAS,Alpine,12.0,11.022126410613755,11.26313501886631,10.283268878930738,10.958707917165546,11,11,11.0,11.0,11,0.0,10.0,10.0,10.0,10.0,10.0,10.0,0.0,0.0,1.0,1.0,1.0,ensemble_grid_blend,6.0,2023,Singapore Grand Prix,2023-09-17
LAW,AlphaTauri,10.0,13.565441241054211,13.693329018204023,12.77016459474556,13.451146633794915,12,9,12.0,12.0,12,0.0,12.0,12.0,12.0,12.0,12.0,12.0,0.0,0.0,0.0,1.0,1.0,ensemble_grid_blend,9.0,2023,Singapore Grand Prix,2023-09-17
ZHO,Alfa Romeo,19.0,14.4508628128937,14.223682095682097,13.18272639416023,14.117722278122944,13,16,13.0,13.0,13,0.0,11.0,11.0,11.0,11.0,11.0,11.0,0.0,0.0,0.0,0.0,1.0,ensemble_grid_blend,12.0,2023,Singapore Grand Prix,2023-09-17
SAR,Williams,18.0,14.642608131691931,14.776345972081101,14.105647538823028,14.58202425725436,14,15,14.0,14.0,14,0.0,14.0,14.0,14.0,14.0,14.0,14.0,0.0,0.0,0.0,1.0,1.0,ensemble_grid_blend,14.0,2023,Singapore Grand Prix,2023-09-17
HUL,Haas F1 Team,9.0,15.801785860989128,15.31878675491175,14.934972719332826,15.459373545530784,15,8,15.0,15.0,15,0.0,15.0,15.0,15.0,15.0,15.0,15.0,0.0,0.0,0.0,1.0,1.0,ensemble_grid_blend,13.0,2023,Singapore Grand Prix,2023-09-17
MAG,Haas F1 Team,6.0,16.1113745340907,16.136630369630367,15.892317720970171,16.076402713905477,16,6,16.0,16.0,16,0.0,16.0,16.0,16.0,16.0,16.0,16.0,0.0,0.0,0.0,1.0,1.0,ensemble_grid_blend,10.0,2023,Singapore Grand Prix,2023-09-17
VER,Red Bull Racing,1.0,2.007509957761523,1.8079116508491506,2.134361539484809,1.96302086668685,1,1,1.0,1.0,1,0.0,1.0,1.0,1.0,1.0,1.0,1.0,1.0,1.0,1.0,1.0,1.0,ensemble_grid_blend,1.0,2023,Japanese Grand Prix,2023-09-24
SAI,Ferrari,6.0,4.370399179811011,4.595136849261849,4.458551561911033,4.4666878405388095,2,5,2.0,2.0,2,0.0,2.0,2.0,2.0,2.0,2.0,2.0,0.0,1.0,1.0,1.0,1.0,ensemble_grid_blend,6.0,2023,Japanese Grand Prix,2023-09-24
LEC,Ferrari,4.0,4.492510781934938,4.668883602508601,4.490559525972268,4.553851017943186,3,4,3.0,3.0,3,0.0,3.0,3.0,3.0,3.0,3.0,3.0,0.0,1.0,1.0,1.0,1.0,ensemble_grid_blend,4.0,2023,Japanese Grand Prix,2023-09-24
NOR,McLaren,3.0,6.482993669774723,7.070122974247976,6.791395118721889,6.750169216129795,4,3,4.0,4.0,4,0.0,4.0,4.0,4.0,4.0,4.0,4.0,0.0,0.0,1.0,1.0,1.0,ensemble_grid_blend,2.0,2023,Japanese Grand Prix,2023-09-24
HAM,Mercedes,7.0,7.681717231266336,6.632868472514758,5.980375088006209,6.974351737051258,5,6,5.0,5.0,5,0.0,5.0,5.0,5.0,5.0,5.0,5.0,0.0,0.0,1.0,1.0,1.0,ensemble_grid_blend,5.0,2023,Japanese Grand Prix,2023-09-24
PIA,McLaren,2.0,9.226259470961534,9.109290185817757,8.58499001738382,9.05706633044567,6,2,6.0,6.0,6,0.0,6.0,6.0,6.0,6.0,6.0,6.0,0.0,0.0,1.0,1.0,1.0,ensemble_grid_blend,3.0,2023,Japanese Grand Prix,2023-09-24
GAS,Alpine,12.0,9.751578905096363,10.706244347714547,9.35733733005482,10.006863495004419,7,11,7.0,7.0,7,0.0,7.0,7.0,7.0,7.0,7.0,7.0,0.0,0.0,1.0,1.0,1.0,ensemble_grid_blend,10.0,2023,Japanese Grand Prix,2023-09-24
RUS,Mercedes,8.0,10.655322417929806,10.00915604623928,9.12429505878918,10.122958716009997,8,7,8.0,8.0,8,0.0,10.0,10.0,10.0,10.0,10.0,10.0,0.0,0.0,1.0,0.0,1.0,ensemble_grid_blend,7.0,2023,Japanese Grand Prix,2023-09-24
ALO,Aston Martin,10.0,11.336916102740975,10.27429771284655,8.416273008537555,10.380871047437243,9,9,9.0,9.0,9,0.0,8.0,8.0,8.0,8.0,8.0,8.0,0.0,0.0,1.0,1.0,1.0,ensemble_grid_blend,8.0,2023,Japanese Grand Prix,2023-09-24
OCO,Alpine,14.0,10.495257826599955,10.89731437243508,9.384046227055029,10.413735297733265,10,12,10.0,10.0,10,0.0,9.0,9.0,9.0,9.0,9.0,9.0,0.0,0.0,1.0,1.0,1.0,ensemble_grid_blend,9.0,2023,Japanese Grand Prix,2023-09-24
LAW,AlphaTauri,11.0,13.303688028505107,12.737965143821237,11.80511155663167,12.805969724491064,11,10,11.0,11.0,11,0.0,11.0,11.0,11.0,11.0,11.0,11.0,0.0,0.0,0.0,1.0,1.0,ensemble_grid_blend,11.0,2023,Japanese Grand Prix,2023-09-24
TSU,AlphaTauri,9.0,12.99687617755191,13.72925836524586,12.418650141771492,13.137564736088708,12,8,12.0,12.0,12,0.0,13.0,13.0,13.0,13.0,13.0,13.0,0.0,0.0,0.0,1.0,1.0,ensemble_grid_blend,12.0,2023,Japanese Grand Prix,2023-09-24
ZHO,Alfa Romeo,19.0,13.38276489719985,13.673091998279487,12.877524020217425,13.383331207181238,13,15,13.0,13.0,13,0.0,12.0,12.0,12.0,12.0,12.0,12.0,0.0,0.0,0.0,1.0,1.0,ensemble_grid_blend,13.0,2023,Japanese Grand Prix,2023-09-24
HUL,Haas F1 Team,18.0,14.851643024739683,14.574296793484287,14.084880305908131,14.601219300033986,14,14,14.0,14.0,14,0.0,14.0,14.0,14.0,14.0,14.0,14.0,0.0,0.0,0.0,1.0,1.0,ensemble_grid_blend,14.0,2023,Japanese Grand Prix,2023-09-24
MAG,Haas F1 Team,15.0,14.989261719168562,14.724233662171148,14.605119332901182,14.819673421965991,15,13,15.0,15.0,15,0.0,15.0,15.0,15.0,15.0,15.0,15.0,0.0,0.0,0.0,1.0,1.0,ensemble_grid_blend,15.0,2023,Japanese Grand Prix,2023-09-24
VER,Red Bull Racing,1.0,1.701972907062777,1.5478280138978664,1.8465295271035522,1.6769335184632133,1,1,1.0,1.0,1,0.0,1.0,1.0,1.0,1.0,1.0,1.0,1.0,1.0,1.0,1.0,1.0,ensemble_grid_blend,1.0,2023,Qatar Grand Prix,2023-10-08
PER,Red Bull Racing,20.0,4.5913150528064905,4.120888353476591,4.178106636762211,4.344024024832169,2,17,2.0,2.0,2,0.0,2.0,2.0,2.0,2.0,2.0,2.0,0.0,1.0,1.0,1.0,1.0,ensemble_grid_blend,10.0,2023,Qatar Grand Prix,2023-10-08
LEC,Ferrari,5.0,4.532458803854479,4.707085885111621,4.369150027607293,4.560916527045041,3,4,3.0,3.0,3,0.0,3.0,3.0,3.0,3.0,3.0,3.0,0.0,1.0,1.0,1.0,1.0,ensemble_grid_blend,5.0,2023,Qatar Grand Prix,2023-10-08
NOR,McLaren,10.0,5.224533663642311,4.95531970684544,5.408218572299342,5.167045760494813,4,9,4.0,4.0,4,0.0,5.0,5.0,5.0,5.0,5.0,5.0,0.0,0.0,1.0,1.0,1.0,ensemble_grid_blend,3.0,2023,Qatar Grand Prix,2023-10-08
PIA,McLaren,6.0,5.509425060180843,5.801526722460548,7.130988702980787,5.935973370538727,5,5,5.0,5.0,5,0.0,4.0,4.0,4.0,4.0,4.0,4.0,0.0,0.0,1.0,1.0,1.0,ensemble_grid_blend,2.0,2023,Qatar Grand Prix,2023-10-08
RUS,Mercedes,2.0,8.679754508618535,8.117294759122808,7.976645824913497,8.342271859554023,6,2,6.0,6.0,6,0.0,6.0,6.0,6.0,6.0,6.0,6.0,0.0,0.0,1.0,1.0,1.0,ensemble_grid_blend,4.0,2023,Qatar Grand Prix,2023-10-08
ALB,Williams,13.0,9.671524642364888,9.553099721027431,9.71537803035896,9.638846597495593,7,11,7.0,7.0,7,0.0,8.0,8.0,8.0,8.0,8.0,8.0,0.0,0.0,1.0,1.0,1.0,ensemble_grid_blend,13.0,2023,Qatar Grand Prix,2023-10-08
OCO,Alpine,8.0,9.962256371854053,10.209785140893153,9.588905486536207,9.974221263954169,8,7,8.0,8.0,8,0.0,7.0,7.0,7.0,7.0,7.0,7.0,0.0,0.0,1.0,1.0,1.0,ensemble_grid_blend,7.0,2023,Qatar Grand Prix,2023-10-08
GAS,Alpine,7.0,10.272109615219758,10.77577447454992,9.981156008851594,10.390201594711682,9,6,9.0,9.0,9,0.0,9.0,9.0,9.0,9.0,9.0,9.0,0.0,0.0,1.0,1.0,1.0,ensemble_grid_blend,12.0,2023,Qatar Grand Prix,2023-10-08
ALO,Aston Martin,4.0,11.539523496086158,10.229420775657985,8.891143526285594,10.551311549976184,10,3,10.0,10.0,10,0.0,13.0,13.0,13.0,13.0,13.0,13.0,0.0,0.0,0.0,0.0,1.0,ensemble_grid_blend,6.0,2023,Qatar Grand Prix,2023-10-08
STR,Aston Martin,16.0,11.321175324284603,11.12234924870451,11.510607879887905,11.289472708952232,11,13,11.0,11.0,11,0.0,15.0,15.0,15.0,15.0,15.0,15.0,0.0,0.0,0.0,0.0,1.0,ensemble_grid_blend,11.0,2023,Qatar Grand Prix,2023-10-08
LAW,AlphaTauri,17.0,11.966126297537624,11.551737007092981,11.335579363020653,11.694980658978604,12,14,12.0,12.0,12,0.0,10.0,10.0,10.0,10.0,10.0,10.0,0.0,0.0,1.0,0.0,1.0,ensemble_grid_blend,17.0,2023,Qatar Grand Prix,2023-10-08
BOT,Alfa Romeo,9.0,11.354699201733835,12.980279485865001,12.172148309909968,12.08714212281497,13,8,13.0,13.0,13,0.0,16.0,16.0,16.0,16.0,16.0,16.0,0.0,0.0,0.0,0.0,1.0,ensemble_grid_blend,8.0,2023,Qatar Grand Prix,2023-10-08
TSU,AlphaTauri,11.0,12.568415131489402,12.422684746713147,11.980730456220025,12.39987256176384,14,10,14.0,14.0,14,0.0,11.0,11.0,11.0,11.0,11.0,11.0,0.0,0.0,0.0,0.0,1.0,ensemble_grid_blend,15.0,2023,Qatar Grand Prix,2023-10-08
ZHO,Alfa Romeo,19.0,13.005657949484519,13.593001902745504,12.754265791334873,13.160949901495936,15,16,15.0,15.0,15,0.0,12.0,12.0,12.0,12.0,12.0,12.0,0.0,0.0,0.0,0.0,1.0,ensemble_grid_blend,9.0,2023,Qatar Grand Prix,2023-10-08
HUL,Haas F1 Team,14.0,14.73492668557021,14.40570621045621,14.228299265902479,14.518374035346763,16,12,16.0,16.0,16,0.0,14.0,14.0,14.0,14.0,14.0,14.0,0.0,0.0,0.0,0.0,1.0,ensemble_grid_blend,16.0,2023,Qatar Grand Prix,2023-10-08
MAG,Haas F1 Team,18.0,14.66334401573877,14.567915098790095,14.734604673134069,14.644196026285794,17,15,17.0,17.0,17,0.0,17.0,17.0,17.0,17.0,17.0,17.0,0.0,0.0,0.0,1.0,1.0,ensemble_grid_blend,14.0,2023,Qatar Grand Prix,2023-10-08
VER,Red Bull Racing,6.0,1.6920118662003125,1.4729921328671325,2.2770482758739963,1.7323622414684363,1,6,1.0,1.0,1,0.0,1.0,1.0,1.0,1.0,1.0,1.0,1.0,1.0,1.0,1.0,1.0,ensemble_grid_blend,1.0,2023,United States Grand Prix,2023-10-22
NOR,McLaren,2.0,2.622856713223847,4.189995741186916,4.053999383477583,3.457583907061668,2,2,2.0,2.0,2,0.0,2.0,2.0,2.0,2.0,2.0,2.0,0.0,1.0,1.0,1.0,1.0,ensemble_grid_blend,2.0,2023,United States Grand Prix,2023-10-22
SAI,Ferrari,4.0,4.723131034783292,4.895636891703068,4.753994773615906,4.789680832471737,3,4,3.0,3.0,3,0.0,3.0,3.0,3.0,3.0,3.0,3.0,0.0,1.0,1.0,1.0,1.0,ensemble_grid_blend,3.0,2023,United States Grand Prix,2023-10-22
HAM,Mercedes,3.0,5.086338772469819,4.583307303807299,5.000502175915111,4.893110439126996,4,3,4.0,4.0,4,0.0,6.0,6.0,6.0,6.0,6.0,6.0,0.0,0.0,1.0,0.0,1.0,ensemble_grid_blend,19.0,2023,United States Grand Prix,2023-10-22
PER,Red Bull Racing,9.0,4.935795516176551,5.09931822344322,5.302850524467818,5.066439465378138,5,8,5.0,5.0,5,0.0,4.0,4.0,4.0,4.0,4.0,4.0,0.0,0.0,1.0,1.0,1.0,ensemble_grid_blend,4.0,2023,United States Grand Prix,2023-10-22
LEC,Ferrari,1.0,5.2703250042869545,5.2281678737928745,4.604938965820353,5.122492800920706,6,1,6.0,6.0,6,0.0,5.0,5.0,5.0,5.0,5.0,5.0,0.0,0.0,1.0,1.0,1.0,ensemble_grid_blend,20.0,2023,United States Grand Prix,2023-10-22
RUS,Mercedes,5.0,7.952546629234274,7.0323652515784865,7.407915324834227,7.521556886174739,7,5,7.0,7.0,7,0.0,7.0,7.0,7.0,7.0,7.0,7.0,0.0,0.0,1.0,1.0,1.0,ensemble_grid_blend,5.0,2023,United States Grand Prix,2023-10-22
GAS,Alpine,7.0,8.885091055594721,9.68038039166716,9.395376891991557,9.265499490499442,8,7,8.0,8.0,8,0.0,9.0,9.0,9.0,9.0,9.0,9.0,0.0,0.0,1.0,1.0,1.0,ensemble_grid_blend,6.0,2023,United States Grand Prix,2023-10-22
STR,Aston Martin,20.0,11.041098785962397,10.384523743789934,11.068215089867724,10.8167207819831,9,17,9.0,9.0,9,0.0,11.0,11.0,11.0,11.0,11.0,11.0,0.0,0.0,0.0,0.0,1.0,ensemble_grid_blend,7.0,2023,United States Grand Prix,2023-10-22
ALB,Williams,15.0,11.1170616568734,10.965473862893363,10.77906475077476,10.99640654776066,10,13,10.0,10.0,10,0.0,8.0,8.0,8.0,8.0,8.0,8.0,0.0,0.0,1.0,0.0,1.0,ensemble_grid_blend,9.0,2023,United States Grand Prix,2023-10-22
BOT,Alfa Romeo,13.0,11.69863712447511,12.269700179894778,11.250400955450344,11.808861960067041,11,11,11.0,11.0,11,0.0,10.0,10.0,10.0,10.0,10.0,10.0,0.0,0.0,1.0,1.0,1.0,ensemble_grid_blend,12.0,2023,United States Grand Prix,2023-10-22
RIC,AlphaTauri,14.0,12.860976598970176,13.518684856809857,12.880142969914967,13.095007763403022,12,12,12.0,12.0,12,0.0,12.0,12.0,12.0,12.0,12.0,12.0,0.0,0.0,0.0,1.0,1.0,ensemble_grid_blend,15.0,2023,United States Grand Prix,2023-10-22
TSU,AlphaTauri,11.0,13.120737643443702,13.629661512099007,13.030660718727194,13.280845612529758,13,9,13.0,13.0,13,0.0,13.0,13.0,13.0,13.0,13.0,13.0,0.0,0.0,0.0,1.0,1.0,ensemble_grid_blend,8.0,2023,United States Grand Prix,2023-10-22
ZHO,Alfa Romeo,12.0,13.981083023151141,13.31529457756297,11.79486134755249,13.31081273207555,14,10,14.0,14.0,14,0.0,15.0,15.0,15.0,15.0,15.0,15.0,0.0,0.0,0.0,1.0,1.0,ensemble_grid_blend,13.0,2023,United States Grand Prix,2023-10-22
MAG,Haas F1 Team,17.0,13.867170425698914,13.944872696747693,14.227357057895832,13.96640354700537,15,15,15.0,15.0,15,0.0,16.0,16.0,16.0,16.0,16.0,16.0,0.0,0.0,0.0,1.0,1.0,ensemble_grid_blend,14.0,2023,United States Grand Prix,2023-10-22
SAR,Williams,16.0,13.843416103856255,14.4515833957709,14.077540312616641,14.103099497778457,16,14,16.0,16.0,16,0.0,14.0,14.0,14.0,14.0,14.0,14.0,0.0,0.0,0.0,0.0,1.0,ensemble_grid_blend,10.0,2023,United States Grand Prix,2023-10-22
HUL,Haas F1 Team,18.0,14.448564976868518,14.309673076923072,14.047130069782977,14.319665830470505,17,16,17.0,17.0,17,0.0,17.0,17.0,17.0,17.0,17.0,17.0,0.0,0.0,0.0,1.0,1.0,ensemble_grid_blend,11.0,2023,United States Grand Prix,2023-10-22
VER,Red Bull Racing,3.0,1.4669114070084501,1.3528126514008847,1.78590710862888,1.4907759828698883,1,4,1.0,1.0,1,0.0,1.0,1.0,1.0,1.0,1.0,1.0,1.0,1.0,1.0,1.0,1.0,ensemble_grid_blend,1.0,2023,Mexico City Grand Prix,2023-10-29
NOR,McLaren,17.0,2.185482336138001,3.751546441131966,3.6310274649216687,3.022713798642622,2,15,2.0,2.0,2,0.0,2.0,2.0,2.0,2.0,2.0,2.0,0.0,1.0,1.0,1.0,1.0,ensemble_grid_blend,5.0,2023,Mexico City Grand Prix,2023-10-29
PIA,McLaren,7.0,5.085159028559039,4.5928781649636905,5.025068815220054,4.90084268363287,3,7,3.0,3.0,3,0.0,3.0,3.0,3.0,3.0,3.0,3.0,0.0,1.0,1.0,1.0,1.0,ensemble_grid_blend,8.0,2023,Mexico City Grand Prix,2023-10-29
SAI,Ferrari,2.0,5.047818056862682,5.426209167294692,5.883789662422242,5.347449266625797,4,3,4.0,4.0,4,0.0,4.0,4.0,4.0,4.0,4.0,4.0,0.0,0.0,1.0,1.0,1.0,ensemble_grid_blend,4.0,2023,Mexico City Grand Prix,2023-10-29
RUS,Mercedes,8.0,6.133277870414272,7.129456723831725,7.28445667073184,6.712176229173894,5,8,5.0,5.0,5,0.0,6.0,6.0,6.0,6.0,6.0,6.0,0.0,0.0,1.0,1.0,1.0,ensemble_grid_blend,6.0,2023,Mexico City Grand Prix,2023-10-29
LEC,Ferrari,1.0,7.698962688388661,6.326850531576269,7.552127389442052,7.189356373715001,6,2,6.0,6.0,6,0.0,7.0,7.0,7.0,7.0,7.0,7.0,0.0,0.0,1.0,1.0,1.0,ensemble_grid_blend,3.0,2023,Mexico City Grand Prix,2023-10-29
HAM,Mercedes,6.0,7.566588298465731,7.237233390384122,6.957895287149455,7.329575478373912,7,6,7.0,7.0,7,0.0,5.0,5.0,5.0,5.0,5.0,5.0,0.0,0.0,1.0,0.0,1.0,ensemble_grid_blend,2.0,2023,Mexico City Grand Prix,2023-10-29
OCO,Alpine,15.0,8.680428410014848,9.24169488150738,8.65180142882166,8.871146278798596,8,14,8.0,8.0,8,0.0,8.0,8.0,8.0,8.0,8.0,8.0,0.0,0.0,1.0,1.0,1.0,ensemble_grid_blend,10.0,2023,Mexico City Grand Prix,2023-10-29
GAS,Alpine,11.0,8.624910603889372,9.215451402763899,9.046793491318963,8.915976460981375,9,11,9.0,9.0,9,0.0,9.0,9.0,9.0,9.0,9.0,9.0,0.0,0.0,1.0,1.0,1.0,ensemble_grid_blend,11.0,2023,Mexico City Grand Prix,2023-10-29
STR,Aston Martin,0.0,8.576652245715431,9.692727253547105,9.45968990090336,9.143886029494102,10,1,10.0,10.0,10,0.0,10.0,10.0,10.0,10.0,10.0,10.0,0.0,0.0,1.0,1.0,1.0,ensemble_grid_blend,17.0,2023,Mexico City Grand Prix,2023-10-29
ALB,Williams,14.0,10.961079319241904,11.070463683783537,10.626533318495564,10.932454646682208,11,13,11.0,11.0,11,0.0,11.0,11.0,11.0,11.0,11.0,11.0,0.0,0.0,0.0,1.0,1.0,ensemble_grid_blend,9.0,2023,Mexico City Grand Prix,2023-10-29
BOT,Alfa Romeo,9.0,10.57308074815898,11.985814341227226,11.332735657582223,11.219468487617513,12,9,12.0,12.0,12,0.0,12.0,12.0,12.0,12.0,12.0,12.0,0.0,0.0,0.0,1.0,1.0,ensemble_grid_blend,15.0,2023,Mexico City Grand Prix,2023-10-29
ZHO,Alfa Romeo,10.0,13.604791989973478,13.114873494560992,11.858761503222885,13.084114419228989,13,10,13.0,13.0,13,0.0,14.0,14.0,14.0,14.0,14.0,14.0,0.0,0.0,0.0,1.0,1.0,ensemble_grid_blend,14.0,2023,Mexico City Grand Prix,2023-10-29
TSU,AlphaTauri,18.0,13.600101711664335,12.753040279165273,12.694825174521478,13.122574902861091,14,16,14.0,14.0,14,0.0,13.0,13.0,13.0,13.0,13.0,13.0,0.0,0.0,0.0,1.0,1.0,ensemble_grid_blend,12.0,2023,Mexico City Grand Prix,2023-10-29
SAR,Williams,19.0,13.572475692467714,13.377157925407916,13.264257078164725,13.442470751136186,15,17,15.0,15.0,15,0.0,16.0,16.0,16.0,16.0,16.0,16.0,0.0,0.0,0.0,1.0,1.0,ensemble_grid_blend,16.0,2023,Mexico City Grand Prix,2023-10-29
RIC,AlphaTauri,4.0,13.544606549369188,13.474599358974366,13.358675974441821,13.482917917745528,16,5,16.0,16.0,16,0.0,17.0,17.0,17.0,17.0,17.0,17.0,0.0,0.0,0.0,1.0,1.0,ensemble_grid_blend,7.0,2023,Mexico City Grand Prix,2023-10-29
HUL,Haas F1 Team,12.0,13.819272017778685,13.6785191960817,13.736248848082601,13.753403896245523,17,12,17.0,17.0,17,0.0,15.0,15.0,15.0,15.0,15.0,15.0,0.0,0.0,0.0,0.0,1.0,ensemble_grid_blend,13.0,2023,Mexico City Grand Prix,2023-10-29
VER,Red Bull Racing,1.0,1.441403797347814,1.267636897459265,1.798660271749978,1.4520366772672546,1,1,1.0,1.0,1,0.0,1.0,1.0,1.0,1.0,1.0,1.0,1.0,1.0,1.0,1.0,1.0,ensemble_grid_blend,1.0,2023,São Paulo Grand Prix,2023-11-05
NOR,McLaren,6.0,4.70995358114972,4.38387672415304,4.369826691485412,4.527801303268021,2,5,2.0,2.0,2,0.0,3.0,3.0,3.0,3.0,3.0,3.0,0.0,1.0,1.0,1.0,1.0,ensemble_grid_blend,2.0,2023,São Paulo Grand Prix,2023-11-05
PER,Red Bull Racing,9.0,5.521610981867528,4.865039051226551,4.6706262078675245,5.121613851343185,3,7,3.0,3.0,3,0.0,2.0,2.0,2.0,2.0,2.0,2.0,0.0,1.0,1.0,1.0,1.0,ensemble_grid_blend,4.0,2023,São Paulo Grand Prix,2023-11-05
HAM,Mercedes,5.0,6.504618302540894,5.828775613275615,6.253754621467779,6.2179006250834234,4,4,4.0,4.0,4,0.0,5.0,5.0,5.0,5.0,5.0,5.0,0.0,0.0,1.0,1.0,1.0,ensemble_grid_blend,8.0,2023,São Paulo Grand Prix,2023-11-05
PIA,McLaren,10.0,6.902187067467812,6.270547979067715,5.85230990035473,6.471137953105162,5,8,5.0,5.0,5,0.0,4.0,4.0,4.0,4.0,4.0,4.0,0.0,0.0,1.0,1.0,1.0,ensemble_grid_blend,14.0,2023,São Paulo Grand Prix,2023-11-05
SAI,Ferrari,7.0,6.780648352690143,7.144232749276861,5.646846584852902,6.6811425379280465,6,6,6.0,6.0,6,0.0,6.0,6.0,6.0,6.0,6.0,6.0,0.0,0.0,1.0,1.0,1.0,ensemble_grid_blend,6.0,2023,São Paulo Grand Prix,2023-11-05
ALO,Aston Martin,4.0,10.782547529628598,9.061590004802271,8.326731641142128,9.68904921824209,7,3,7.0,7.0,7,0.0,7.0,7.0,7.0,7.0,7.0,7.0,0.0,0.0,1.0,1.0,1.0,ensemble_grid_blend,3.0,2023,São Paulo Grand Prix,2023-11-05
OCO,Alpine,14.0,9.992945540623438,10.000121893274388,8.88643884869048,9.77415592566468,8,10,8.0,8.0,8,0.0,8.0,8.0,8.0,8.0,8.0,8.0,0.0,0.0,1.0,1.0,1.0,ensemble_grid_blend,10.0,2023,São Paulo Grand Prix,2023-11-05
GAS,Alpine,15.0,10.047187431434308,9.738570571461075,9.355186180223395,9.800771280201495,9,11,9.0,9.0,9,0.0,9.0,9.0,9.0,9.0,9.0,9.0,0.0,0.0,1.0,1.0,1.0,ensemble_grid_blend,7.0,2023,São Paulo Grand Prix,2023-11-05
STR,Aston Martin,3.0,11.816467085751388,10.760460243460246,11.223775531186586,11.328326380036527,10,2,10.0,10.0,10,0.0,10.0,10.0,10.0,10.0,10.0,10.0,0.0,0.0,1.0,1.0,1.0,ensemble_grid_blend,5.0,2023,São Paulo Grand Prix,2023-11-05
RIC,AlphaTauri,17.0,11.5192237459076,11.914420190920193,12.388776162374263,11.831452984955341,11,13,11.0,11.0,11,0.0,12.0,12.0,12.0,12.0,12.0,12.0,0.0,0.0,0.0,1.0,1.0,ensemble_grid_blend,13.0,2023,São Paulo Grand Prix,2023-11-05
TSU,AlphaTauri,16.0,12.763465602399737,12.05628035853036,12.379336979761636,12.439125042517835,12,12,12.0,12.0,12,0.0,11.0,11.0,11.0,11.0,11.0,11.0,0.0,0.0,0.0,1.0,1.0,ensemble_grid_blend,9.0,2023,São Paulo Grand Prix,2023-11-05
SAR,Williams,19.0,12.86682948270697,13.413003321025387,13.589097091307908,13.202443847838603,13,14,13.0,13.0,13,0.0,14.0,14.0,14.0,14.0,14.0,14.0,0.0,0.0,0.0,1.0,1.0,ensemble_grid_blend,11.0,2023,São Paulo Grand Prix,2023-11-05
HUL,Haas F1 Team,11.0,13.728495669075087,13.516444740716798,13.472671766502074,13.603113063635085,14,9,14.0,14.0,14,0.0,13.0,13.0,13.0,13.0,13.0,13.0,0.0,0.0,0.0,1.0,1.0,ensemble_grid_blend,12.0,2023,São Paulo Grand Prix,2023-11-05
VER,Red Bull Racing,2.0,1.6274794534479509,1.670987372964152,1.3788274925902364,1.5929768331070784,1,2,1.0,1.0,1,0.0,1.0,1.0,1.0,1.0,1.0,1.0,1.0,1.0,1.0,1.0,1.0,ensemble_grid_blend,1.0,2023,Las Vegas Grand Prix,2023-11-18
PER,Red Bull Racing,11.0,5.658984011712567,5.1660598290598285,4.242345353868057,5.203132816215207,2,11,2.0,2.0,2,0.0,2.0,2.0,2.0,2.0,2.0,2.0,0.0,1.0,1.0,1.0,1.0,ensemble_grid_blend,3.0,2023,Las Vegas Grand Prix,2023-11-18
LEC,Ferrari,1.0,6.515908733409998,5.508838141863299,7.05342813341164,6.270937906368982,3,1,3.0,3.0,3,0.0,6.0,6.0,6.0,6.0,6.0,6.0,0.0,0.0,1.0,0.0,1.0,ensemble_grid_blend,2.0,2023,Las Vegas Grand Prix,2023-11-18
PIA,McLaren,18.0,6.597267548462508,6.176550474345351,7.510792363485787,6.632721535526159,4,17,4.0,4.0,4,0.0,3.0,3.0,3.0,3.0,3.0,3.0,0.0,1.0,1.0,1.0,1.0,ensemble_grid_blend,10.0,2023,Las Vegas Grand Prix,2023-11-18
SAI,Ferrari,12.0,7.111444940320236,7.179528416028415,5.860942677136022,6.8851737041812555,5,12,5.0,5.0,5,0.0,5.0,5.0,5.0,5.0,5.0,5.0,0.0,0.0,1.0,1.0,1.0,ensemble_grid_blend,6.0,2023,Las Vegas Grand Prix,2023-11-18
HAM,Mercedes,10.0,7.5581611079524,6.410876760816581,7.005784614738653,7.046136287812114,6,10,6.0,6.0,6,0.0,9.0,9.0,9.0,9.0,9.0,9.0,0.0,0.0,1.0,0.0,1.0,ensemble_grid_blend,7.0,2023,Las Vegas Grand Prix,2023-11-18
RUS,Mercedes,3.0,7.257062095982551,7.112111888111886,7.401825445609179,7.235282193153144,7,3,7.0,7.0,7,0.0,7.0,7.0,7.0,7.0,7.0,7.0,0.0,0.0,1.0,1.0,1.0,ensemble_grid_blend,8.0,2023,Las Vegas Grand Prix,2023-11-18
ALO,Aston Martin,9.0,7.82562217509699,7.714670091836269,7.099194103131046,7.641503331562549,8,9,8.0,8.0,8,0.0,4.0,4.0,4.0,4.0,4.0,4.0,0.0,0.0,1.0,0.0,1.0,ensemble_grid_blend,9.0,2023,Las Vegas Grand Prix,2023-11-18
STR,Aston Martin,19.0,8.654610501664585,8.607674410979714,9.976778614962985,8.90261649258456,9,18,9.0,9.0,9,0.0,8.0,8.0,8.0,8.0,8.0,8.0,0.0,0.0,1.0,1.0,1.0,ensemble_grid_blend,5.0,2023,Las Vegas Grand Prix,2023-11-18
OCO,Alpine,16.0,9.04017060958379,9.576375731294846,8.930226556391355,9.205853591544173,10,15,10.0,10.0,10,0.0,10.0,10.0,10.0,10.0,10.0,10.0,0.0,0.0,1.0,1.0,1.0,ensemble_grid_blend,4.0,2023,Las Vegas Grand Prix,2023-11-18
GAS,Alpine,4.0,8.926782549934234,9.804964989259108,8.965366925928658,9.241863278896824,11,4,11.0,11.0,11,0.0,11.0,11.0,11.0,11.0,11.0,11.0,0.0,0.0,0.0,1.0,1.0,ensemble_grid_blend,11.0,2023,Las Vegas Grand Prix,2023-11-18
ALB,Williams,5.0,11.574757706125276,11.015219852713805,10.192432724850406,11.102454461176286,12,5,12.0,12.0,12,0.0,12.0,12.0,12.0,12.0,12.0,12.0,0.0,0.0,0.0,1.0,1.0,ensemble_grid_blend,12.0,2023,Las Vegas Grand Prix,2023-11-18
TSU,AlphaTauri,20.0,11.126235494892434,11.775218570208544,11.41843997177036,11.411820466628658,13,19,13.0,13.0,13,0.0,15.0,15.0,15.0,15.0,15.0,15.0,0.0,0.0,0.0,0.0,1.0,ensemble_grid_blend,18.0,2023,Las Vegas Grand Prix,2023-11-18
BOT,Alfa Romeo,7.0,11.231833524114142,12.63498738761239,11.940369110691675,11.864644493654035,14,7,14.0,14.0,14,0.0,13.0,13.0,13.0,13.0,13.0,13.0,0.0,0.0,0.0,1.0,1.0,ensemble_grid_blend,17.0,2023,Las Vegas Grand Prix,2023-11-18
ZHO,Alfa Romeo,17.0,12.921285700282729,13.19190113358864,12.208733295656767,12.873490621014605,15,16,15.0,15.0,15,0.0,17.0,17.0,17.0,17.0,17.0,17.0,0.0,0.0,0.0,0.0,1.0,ensemble_grid_blend,15.0,2023,Las Vegas Grand Prix,2023-11-18
RIC,AlphaTauri,14.0,13.298755773484611,13.257402757781433,11.81062996024234,12.986657055340046,16,14,16.0,16.0,16,0.0,16.0,16.0,16.0,16.0,16.0,16.0,0.0,0.0,0.0,1.0,1.0,ensemble_grid_blend,14.0,2023,Las Vegas Grand Prix,2023-11-18
MAG,Haas F1 Team,8.0,12.851522458277413,12.766701548451543,13.705151003426383,12.992560848868152,17,8,17.0,17.0,17,0.0,14.0,14.0,14.0,14.0,14.0,14.0,0.0,0.0,0.0,0.0,1.0,ensemble_grid_blend,13.0,2023,Las Vegas Grand Prix,2023-11-18
HUL,Haas F1 Team,13.0,13.371468732577936,13.519339625652128,12.959829019585232,13.340895602555362,18,13,18.0,18.0,18,0.0,18.0,18.0,18.0,18.0,18.0,18.0,0.0,0.0,0.0,1.0,1.0,ensemble_grid_blend,19.0,2023,Las Vegas Grand Prix,2023-11-18
SAR,Williams,6.0,14.083353872053385,13.793541487107664,13.07714631001115,13.780678024913936,19,6,19.0,19.0,19,0.0,19.0,19.0,19.0,19.0,19.0,19.0,0.0,0.0,0.0,1.0,1.0,ensemble_grid_blend,16.0,2023,Las Vegas Grand Prix,2023-11-18
VER,Red Bull Racing,1.0,1.585443808704689,1.6818115327654795,1.3291743067717725,1.5679186117393824,1,1,1.0,1.0,1,0.0,1.0,1.0,1.0,1.0,1.0,1.0,1.0,1.0,1.0,1.0,1.0,ensemble_grid_blend,1.0,2023,Abu Dhabi Grand Prix,2023-11-26
PER,Red Bull Racing,9.0,4.657559377011484,4.532591402362686,3.9868027422338344,4.479669258928874,2,9,2.0,2.0,2,0.0,3.0,3.0,3.0,3.0,3.0,3.0,0.0,1.0,1.0,1.0,1.0,ensemble_grid_blend,4.0,2023,Abu Dhabi Grand Prix,2023-11-26
NOR,McLaren,5.0,5.839163101811566,4.98124718337218,5.987082977987495,5.568476505592967,3,5,3.0,3.0,3,0.0,7.0,7.0,7.0,7.0,7.0,7.0,0.0,0.0,1.0,0.0,1.0,ensemble_grid_blend,5.0,2023,Abu Dhabi Grand Prix,2023-11-26
LEC,Ferrari,2.0,6.145204714129833,5.523936549561551,5.565126467791418,5.811745207263252,4,2,4.0,4.0,4,0.0,5.0,5.0,5.0,5.0,5.0,5.0,0.0,0.0,1.0,1.0,1.0,ensemble_grid_blend,2.0,2023,Abu Dhabi Grand Prix,2023-11-26
SAI,Ferrari,16.0,5.784986684157759,6.295121697746698,5.039372288189348,5.814411059720205,5,16,5.0,5.0,5,0.0,2.0,2.0,2.0,2.0,2.0,2.0,0.0,1.0,1.0,0.0,1.0,ensemble_grid_blend,18.0,2023,Abu Dhabi Grand Prix,2023-11-26
HAM,Mercedes,11.0,6.048174282613522,6.22519008075258,6.31562310837752,6.163619577114992,6,11,6.0,6.0,6,0.0,4.0,4.0,4.0,4.0,4.0,4.0,0.0,0.0,1.0,0.0,1.0,ensemble_grid_blend,9.0,2023,Abu Dhabi Grand Prix,2023-11-26
RUS,Mercedes,4.0,5.7049897657445285,6.330578163666397,7.036873765979042,6.190322505064085,7,4,7.0,7.0,7,0.0,6.0,6.0,6.0,6.0,6.0,6.0,0.0,0.0,1.0,1.0,1.0,ensemble_grid_blend,3.0,2023,Abu Dhabi Grand Prix,2023-11-26
ALO,Aston Martin,7.0,7.195240892511298,7.454335580226447,7.432988951717331,7.333473645052806,8,7,8.0,8.0,8,0.0,9.0,9.0,9.0,9.0,9.0,9.0,0.0,0.0,1.0,1.0,1.0,ensemble_grid_blend,7.0,2023,Abu Dhabi Grand Prix,2023-11-26
STR,Aston Martin,13.0,8.405574404356061,8.099394296763796,9.592389634262604,8.535774412680077,9,13,9.0,9.0,9,0.0,8.0,8.0,8.0,8.0,8.0,8.0,0.0,0.0,1.0,1.0,1.0,ensemble_grid_blend,10.0,2023,Abu Dhabi Grand Prix,2023-11-26
PIA,McLaren,3.0,9.4965590961488,8.564206730661837,8.658740640987444,9.002672077196094,10,3,10.0,10.0,10,0.0,11.0,11.0,11.0,11.0,11.0,11.0,0.0,0.0,0.0,1.0,1.0,ensemble_grid_blend,6.0,2023,Abu Dhabi Grand Prix,2023-11-26
GAS,Alpine,10.0,8.80240227799734,9.168158830204883,9.416398109741463,9.053216237618805,11,10,11.0,11.0,11,0.0,10.0,10.0,10.0,10.0,10.0,10.0,0.0,0.0,1.0,1.0,1.0,ensemble_grid_blend,13.0,2023,Abu Dhabi Grand Prix,2023-11-26
OCO,Alpine,12.0,9.658134958713031,10.06224080508863,8.756595935864132,9.619264200374712,12,12,12.0,12.0,12,0.0,12.0,12.0,12.0,12.0,12.0,12.0,0.0,0.0,0.0,1.0,1.0,ensemble_grid_blend,12.0,2023,Abu Dhabi Grand Prix,2023-11-26
ALB,Williams,14.0,11.395200061057988,10.733360098235096,10.940236614785366,11.072563384815451,13,14,13.0,13.0,13,0.0,14.0,14.0,14.0,14.0,14.0,14.0,0.0,0.0,0.0,1.0,1.0,ensemble_grid_blend,14.0,2023,Abu Dhabi Grand Prix,2023-11-26
TSU,AlphaTauri,6.0,11.034874785857554,11.56173871961372,12.640469685322,11.5403961425651,14,6,14.0,14.0,14,0.0,13.0,13.0,13.0,13.0,13.0,13.0,0.0,0.0,0.0,1.0,1.0,ensemble_grid_blend,8.0,2023,Abu Dhabi Grand Prix,2023-11-26
RIC,AlphaTauri,15.0,13.039753052013971,12.21598239260739,12.565941153607861,12.656670941540446,15,15,15.0,15.0,15,0.0,16.0,16.0,16.0,16.0,16.0,16.0,0.0,0.0,0.0,1.0,1.0,ensemble_grid_blend,11.0,2023,Abu Dhabi Grand Prix,2023-11-26
SAR,Williams,20.0,12.885574438196223,13.19725252933342,13.95657059280559,13.208861001016114,16,20,16.0,16.0,16,0.0,15.0,15.0,15.0,15.0,15.0,15.0,0.0,0.0,0.0,1.0,1.0,ensemble_grid_blend,16.0,2023,Abu Dhabi Grand Prix,2023-11-26
BOT,Alfa Romeo,18.0,13.590592452372206,13.085592008481715,13.42136248991888,13.379996304519869,17,18,17.0,17.0,17,0.0,20.0,20.0,20.0,20.0,20.0,20.0,0.0,0.0,0.0,0.0,1.0,ensemble_grid_blend,19.0,2023,Abu Dhabi Grand Prix,2023-11-26
MAG,Haas F1 Team,17.0,13.72686912423539,13.421052433677437,14.028040016782562,13.680067461049541,18,17,18.0,18.0,18,0.0,18.0,18.0,18.0,18.0,18.0,18.0,0.0,0.0,0.0,1.0,1.0,ensemble_grid_blend,20.0,2023,Abu Dhabi Grand Prix,2023-11-26
ZHO,Alfa Romeo,19.0,13.803446808424047,13.684106240981242,13.414667146891786,13.683921677512613,19,19,19.0,19.0,19,0.0,19.0,19.0,19.0,19.0,19.0,19.0,0.0,0.0,0.0,1.0,1.0,ensemble_grid_blend,17.0,2023,Abu Dhabi Grand Prix,2023-11-26
HUL,Haas F1 Team,8.0,13.887781837905575,13.450469835719835,13.965900633145564,13.750346396188565,20,8,20.0,20.0,20,0.0,17.0,17.0,17.0,17.0,17.0,17.0,0.0,0.0,0.0,0.0,1.0,ensemble_grid_blend,15.0,2023,Abu Dhabi Grand Prix,2023-11-26
VER,Red Bull Racing,1.0,1.4472995730528342,1.4377173312798297,1.5691154963573828,1.4683089730931922,1,1,1.0,1.0,1,0.0,1.0,1.0,1.0,1.0,1.0,1.0,1.0,1.0,1.0,1.0,1.0,ensemble_grid_blend,1.0,2024,Bahrain Grand Prix,2024-03-02
LEC,Ferrari,2.0,3.061689401657918,4.644484598734595,6.005579126431698,4.20444566558951,2,2,2.0,2.0,2,0.0,6.0,6.0,6.0,6.0,6.0,6.0,0.0,0.0,1.0,0.0,1.0,ensemble_grid_blend,4.0,2024,Bahrain Grand Prix,2024-03-02
PER,Red Bull Racing,5.0,4.753968014624919,4.4731512080755484,4.178309537026471,4.540550436812949,3,5,3.0,3.0,3,0.0,2.0,2.0,2.0,2.0,2.0,2.0,0.0,1.0,1.0,1.0,1.0,ensemble_grid_blend,2.0,2024,Bahrain Grand Prix,2024-03-02
NOR,McLaren,7.0,5.419527146708503,5.070900932400929,5.87876605782178,5.389355753923507,4,7,4.0,4.0,4,0.0,3.0,3.0,3.0,3.0,3.0,3.0,0.0,1.0,1.0,1.0,1.0,ensemble_grid_blend,6.0,2024,Bahrain Grand Prix,2024-03-02
ALO,Aston Martin,6.0,5.410241487304129,6.1140380869130855,6.363026152586084,5.847127230223654,5,6,5.0,5.0,5,0.0,5.0,5.0,5.0,5.0,5.0,5.0,0.0,0.0,1.0,1.0,1.0,ensemble_grid_blend,9.0,2024,Bahrain Grand Prix,2024-03-02
HAM,Mercedes,9.0,5.586212763591975,6.201345584970586,6.874180376492962,6.059102773654686,6,9,6.0,6.0,6,0.0,8.0,8.0,8.0,8.0,8.0,8.0,0.0,0.0,1.0,0.0,1.0,ensemble_grid_blend,7.0,2024,Bahrain Grand Prix,2024-03-02
SAI,Ferrari,4.0,6.561028118763162,5.913263996765487,7.0381756289279505,6.429740178096933,7,4,7.0,7.0,7,0.0,4.0,4.0,4.0,4.0,4.0,4.0,0.0,0.0,1.0,0.0,1.0,ensemble_grid_blend,3.0,2024,Bahrain Grand Prix,2024-03-02
RUS,Mercedes,3.0,6.038344949399982,6.811964022089021,6.97379979841517,6.496202594644183,8,3,8.0,8.0,8,0.0,9.0,9.0,9.0,9.0,9.0,9.0,0.0,0.0,1.0,1.0,1.0,ensemble_grid_blend,5.0,2024,Bahrain Grand Prix,2024-03-02
STR,Aston Martin,12.0,6.138499285854259,8.515244658119661,8.485893998674985,7.439839108711295,9,12,9.0,9.0,9,0.0,7.0,7.0,7.0,7.0,7.0,7.0,0.0,0.0,1.0,0.0,1.0,ensemble_grid_blend,10.0,2024,Bahrain Grand Prix,2024-03-02
PIA,McLaren,8.0,8.698549274319873,7.789762290183231,8.272566555978006,8.295277286203675,10,8,10.0,10.0,10,0.0,10.0,10.0,10.0,10.0,10.0,10.0,0.0,0.0,1.0,1.0,1.0,ensemble_grid_blend,8.0,2024,Bahrain Grand Prix,2024-03-02
OCO,Alpine,19.0,10.220768792942318,10.10265804654731,9.284477133644799,9.99217169984456,11,19,11.0,11.0,11,0.0,17.0,17.0,17.0,17.0,17.0,17.0,0.0,0.0,0.0,0.0,1.0,ensemble_grid_blend,17.0,2024,Bahrain Grand Prix,2024-03-02
TSU,Racing Bulls,11.0,10.318837945132152,10.36561352674,10.142635877810202,10.299968985230509,12,11,12.0,12.0,12,0.0,11.0,11.0,11.0,11.0,11.0,11.0,0.0,0.0,0.0,1.0,1.0,ensemble_grid_blend,14.0,2024,Bahrain Grand Prix,2024-03-02
RIC,Racing Bulls,14.0,10.316800403847019,10.419009593779258,10.355329068553502,10.360279353264598,13,14,13.0,13.0,13,0.0,12.0,12.0,12.0,12.0,12.0,12.0,0.0,0.0,0.0,1.0,1.0,ensemble_grid_blend,13.0,2024,Bahrain Grand Prix,2024-03-02
GAS,Alpine,20.0,10.82547564040244,10.597807380460733,9.91355156740337,10.563406934823028,14,20,14.0,14.0,14,0.0,15.0,15.0,15.0,15.0,15.0,15.0,0.0,0.0,0.0,1.0,1.0,ensemble_grid_blend,18.0,2024,Bahrain Grand Prix,2024-03-02
BOT,Audi,16.0,10.432486197164968,10.87098874820326,11.087295245019808,10.716923899599339,15,16,15.0,15.0,15,0.0,14.0,14.0,14.0,14.0,14.0,14.0,0.0,0.0,0.0,1.0,1.0,ensemble_grid_blend,19.0,2024,Bahrain Grand Prix,2024-03-02
ZHO,Audi,17.0,10.898043160277396,11.030837233051745,10.8498123033871,10.934874914370358,16,17,16.0,16.0,16,0.0,13.0,13.0,13.0,13.0,13.0,13.0,0.0,0.0,0.0,0.0,1.0,ensemble_grid_blend,11.0,2024,Bahrain Grand Prix,2024-03-02
ALB,Williams,13.0,11.459895910838988,11.203238426197991,11.586646700061749,11.395415949059192,17,13,17.0,17.0,17,0.0,16.0,16.0,16.0,16.0,16.0,16.0,0.0,0.0,0.0,1.0,1.0,ensemble_grid_blend,15.0,2024,Bahrain Grand Prix,2024-03-02
SAR,Williams,18.0,13.996733229145821,14.556025880573674,14.39057377978061,14.271253767272528,18,18,18.0,18.0,18,0.0,20.0,20.0,20.0,20.0,20.0,20.0,0.0,0.0,0.0,0.0,1.0,ensemble_grid_blend,20.0,2024,Bahrain Grand Prix,2024-03-02
HUL,Haas F1 Team,10.0,15.2951796310406,14.327014076201571,14.564294166095749,14.81014459385797,19,10,19.0,19.0,19,0.0,18.0,18.0,18.0,18.0,18.0,18.0,0.0,0.0,0.0,1.0,1.0,ensemble_grid_blend,16.0,2024,Bahrain Grand Prix,2024-03-02
MAG,Haas F1 Team,15.0,15.310643783664382,14.933715402652908,15.091050001580037,15.134800093893496,20,15,20.0,20.0,20,0.0,19.0,19.0,19.0,19.0,19.0,19.0,0.0,0.0,0.0,1.0,1.0,ensemble_grid_blend,12.0,2024,Bahrain Grand Prix,2024-03-02
VER,Red Bull Racing,1.0,1.4875587200622702,1.5575672004182233,1.4326803737340175,1.5010860189212034,1,1,1.0,1.0,1,0.0,1.0,1.0,1.0,1.0,1.0,1.0,1.0,1.0,1.0,1.0,1.0,ensemble_grid_blend,1.0,2024,Saudi Arabian Grand Prix,2024-03-09
PER,Red Bull Racing,3.0,4.48417564443785,4.231630695843539,3.8974171681388174,4.2784332171700346,2,3,2.0,2.0,2,0.0,2.0,2.0,2.0,2.0,2.0,2.0,0.0,1.0,1.0,1.0,1.0,ensemble_grid_blend,2.0,2024,Saudi Arabian Grand Prix,2024-03-09
LEC,Ferrari,2.0,4.632752979106768,4.981541125541126,5.4069337851694925,4.909664991571338,3,2,3.0,3.0,3,0.0,4.0,4.0,4.0,4.0,4.0,4.0,0.0,0.0,1.0,1.0,1.0,ensemble_grid_blend,3.0,2024,Saudi Arabian Grand Prix,2024-03-09
HAM,Mercedes,8.0,5.394811093381651,5.9469446795035035,6.738111154756648,5.856717860799299,4,8,4.0,4.0,4,0.0,7.0,7.0,7.0,7.0,7.0,7.0,0.0,0.0,1.0,0.0,1.0,ensemble_grid_blend,9.0,2024,Saudi Arabian Grand Prix,2024-03-09
NOR,McLaren,6.0,7.170454282241668,5.682172216672219,5.652686618803147,6.346002026604657,5,6,5.0,5.0,5,0.0,3.0,3.0,3.0,3.0,3.0,3.0,0.0,1.0,1.0,0.0,1.0,ensemble_grid_blend,8.0,2024,Saudi Arabian Grand Prix,2024-03-09
BEA,Ferrari,11.0,6.753512656071427,5.228146143330354,7.699797540891715,6.408891353576109,6,10,6.0,6.0,6,0.0,6.0,6.0,6.0,6.0,6.0,6.0,0.0,0.0,1.0,1.0,1.0,ensemble_grid_blend,7.0,2024,Saudi Arabian Grand Prix,2024-03-09
RUS,Mercedes,7.0,6.882946355449954,7.1547581585081605,6.506198411161163,6.902730897662568,7,7,7.0,7.0,7,0.0,8.0,8.0,8.0,8.0,8.0,8.0,0.0,0.0,1.0,1.0,1.0,ensemble_grid_blend,6.0,2024,Saudi Arabian Grand Prix,2024-03-09
ALO,Aston Martin,4.0,7.1297993751840405,7.374039849039847,7.428036354403567,7.274930936877478,8,4,8.0,8.0,8,0.0,9.0,9.0,9.0,9.0,9.0,9.0,0.0,0.0,1.0,1.0,1.0,ensemble_grid_blend,5.0,2024,Saudi Arabian Grand Prix,2024-03-09
PIA,McLaren,5.0,7.785393522595471,7.089400946275954,8.111009580226025,7.606919332409751,9,5,9.0,9.0,9,0.0,5.0,5.0,5.0,5.0,5.0,5.0,0.0,0.0,1.0,0.0,1.0,ensemble_grid_blend,4.0,2024,Saudi Arabian Grand Prix,2024-03-09
OCO,Alpine,17.0,11.390464432925773,10.089623556998554,11.064501289579216,10.869977497681935,10,16,10.0,10.0,10,0.0,10.0,10.0,10.0,10.0,10.0,10.0,0.0,0.0,1.0,1.0,1.0,ensemble_grid_blend,13.0,2024,Saudi Arabian Grand Prix,2024-03-09
ALB,Williams,12.0,12.443720922461653,12.110601988697583,12.783577244747693,12.395100560101437,11,11,11.0,11.0,11,0.0,11.0,11.0,11.0,11.0,11.0,11.0,0.0,0.0,0.0,1.0,1.0,ensemble_grid_blend,11.0,2024,Saudi Arabian Grand Prix,2024-03-09
TSU,Racing Bulls,9.0,12.999763554388082,11.715468947718943,12.29655302990003,12.409618337156273,12,9,12.0,12.0,12,0.0,14.0,14.0,14.0,14.0,14.0,14.0,0.0,0.0,0.0,0.0,1.0,ensemble_grid_blend,15.0,2024,Saudi Arabian Grand Prix,2024-03-09
RIC,Racing Bulls,14.0,13.416501894279339,12.27619294594294,12.304737666095647,12.795040916724862,13,13,13.0,13.0,13,0.0,12.0,12.0,12.0,12.0,12.0,12.0,0.0,0.0,0.0,1.0,1.0,ensemble_grid_blend,16.0,2024,Saudi Arabian Grand Prix,2024-03-09
ZHO,Audi,20.0,14.173970213386124,13.75865391552892,13.242006246176796,13.842216715694237,14,18,14.0,14.0,14,0.0,13.0,13.0,13.0,13.0,13.0,13.0,0.0,0.0,0.0,1.0,1.0,ensemble_grid_blend,18.0,2024,Saudi Arabian Grand Prix,2024-03-09
HUL,Haas F1 Team,15.0,15.305846704345656,14.308410020535012,15.030198164374188,14.901614157017637,15,14,15.0,15.0,15,0.0,16.0,16.0,16.0,16.0,16.0,16.0,0.0,0.0,0.0,1.0,1.0,ensemble_grid_blend,10.0,2024,Saudi Arabian Grand Prix,2024-03-09
MAG,Haas F1 Team,13.0,15.373697948436686,14.546770528083023,15.050377068914795,15.019609175408524,16,12,16.0,16.0,16,0.0,17.0,17.0,17.0,17.0,17.0,17.0,0.0,0.0,0.0,1.0,1.0,ensemble_grid_blend,12.0,2024,Saudi Arabian Grand Prix,2024-03-09
BOT,Audi,16.0,15.794277958671348,14.82875224979269,14.428573097324257,15.183202988294399,17,15,17.0,17.0,17,0.0,15.0,15.0,15.0,15.0,15.0,15.0,0.0,0.0,0.0,0.0,1.0,ensemble_grid_blend,17.0,2024,Saudi Arabian Grand Prix,2024-03-09
SAR,Williams,19.0,15.443683531819499,16.265531424865983,15.803798056766354,15.803353199375138,18,17,18.0,18.0,18,0.0,18.0,18.0,18.0,18.0,18.0,18.0,0.0,0.0,0.0,1.0,1.0,ensemble_grid_blend,14.0,2024,Saudi Arabian Grand Prix,2024-03-09
PER,Red Bull Racing,6.0,4.182344577548895,4.133585506963795,3.607901321934495,4.05039025172123,1,5,1.0,1.0,1,0.0,2.0,2.0,2.0,2.0,2.0,2.0,0.0,1.0,1.0,1.0,1.0,ensemble_grid_blend,5.0,2024,Australian Grand Prix,2024-03-24
LEC,Ferrari,4.0,4.534035941202951,4.491952984213855,5.338751951964433,4.680250108409064,2,3,2.0,2.0,2,0.0,1.0,1.0,1.0,1.0,1.0,1.0,1.0,1.0,1.0,1.0,1.0,ensemble_grid_blend,2.0,2024,Australian Grand Prix,2024-03-24
SAI,Ferrari,2.0,5.80169164345129,5.15594496598173,6.679489964791255,5.751239970604937,3,1,3.0,3.0,3,0.0,5.0,5.0,5.0,5.0,5.0,5.0,0.0,0.0,1.0,0.0,1.0,ensemble_grid_blend,1.0,2024,Australian Grand Prix,2024-03-24
NOR,McLaren,3.0,6.218423146816199,5.781527708402711,5.518976547695051,5.925620423547248,4,2,4.0,4.0,4,0.0,4.0,4.0,4.0,4.0,4.0,4.0,0.0,0.0,1.0,1.0,1.0,ensemble_grid_blend,3.0,2024,Australian Grand Prix,2024-03-24
ALO,Aston Martin,10.0,6.098494269559705,6.356323593073594,6.98722286461855,6.3664802518013355,5,9,5.0,5.0,5,0.0,3.0,3.0,3.0,3.0,3.0,3.0,0.0,1.0,1.0,0.0,1.0,ensemble_grid_blend,8.0,2024,Australian Grand Prix,2024-03-24
PIA,McLaren,5.0,6.78379038865627,7.089949453324457,7.120474381117688,6.958282859782419,6,4,6.0,6.0,6,0.0,6.0,6.0,6.0,6.0,6.0,6.0,0.0,0.0,1.0,1.0,1.0,ensemble_grid_blend,4.0,2024,Australian Grand Prix,2024-03-24
RUS,Mercedes,7.0,7.826012020736699,7.404212010212014,6.417782224704183,7.396736057846557,7,6,7.0,7.0,7,0.0,8.0,8.0,8.0,8.0,8.0,8.0,0.0,0.0,1.0,1.0,1.0,ensemble_grid_blend,17.0,2024,Australian Grand Prix,2024-03-24
STR,Aston Martin,9.0,8.425277641449036,9.47677167319657,9.045329223553223,8.91731086898151,8,8,8.0,8.0,8,0.0,7.0,7.0,7.0,7.0,7.0,7.0,0.0,0.0,1.0,1.0,1.0,ensemble_grid_blend,6.0,2024,Australian Grand Prix,2024-03-24
OCO,Alpine,15.0,12.26092143598159,11.31449701850437,12.176840459716567,11.912856694611559,9,13,9.0,9.0,9,0.0,9.0,9.0,9.0,9.0,9.0,9.0,0.0,0.0,1.0,1.0,1.0,ensemble_grid_blend,16.0,2024,Australian Grand Prix,2024-03-24
ALB,Williams,12.0,12.128509928015758,12.110932182196898,12.548603298826688,12.206376391141342,10,10,10.0,10.0,10,0.0,11.0,11.0,11.0,11.0,11.0,11.0,0.0,0.0,0.0,1.0,1.0,ensemble_grid_blend,11.0,2024,Australian Grand Prix,2024-03-24
GAS,Alpine,17.0,12.465095493258096,12.071823816706173,12.620233883910739,12.358478084595452,11,15,11.0,11.0,11,0.0,10.0,10.0,10.0,10.0,10.0,10.0,0.0,0.0,1.0,1.0,1.0,ensemble_grid_blend,13.0,2024,Australian Grand Prix,2024-03-24
ZHO,Audi,19.0,14.00440689700456,14.679923107121631,14.51178952255524,14.34231409565567,12,17,12.0,12.0,12,0.0,16.0,16.0,16.0,16.0,16.0,16.0,0.0,0.0,0.0,0.0,1.0,ensemble_grid_blend,15.0,2024,Australian Grand Prix,2024-03-24
HUL,Haas F1 Team,16.0,14.709342512157782,14.24920833496569,13.837934734548204,14.374013994618636,13,14,13.0,13.0,13,0.0,13.0,13.0,13.0,13.0,13.0,13.0,0.0,0.0,0.0,1.0,1.0,ensemble_grid_blend,9.0,2024,Australian Grand Prix,2024-03-24
TSU,Racing Bulls,8.0,14.998726253765906,14.741094738594743,13.102321467950105,14.52927426629284,14,7,14.0,14.0,14,0.0,12.0,12.0,12.0,12.0,12.0,12.0,0.0,0.0,0.0,0.0,1.0,ensemble_grid_blend,7.0,2024,Australian Grand Prix,2024-03-24
RIC,Racing Bulls,18.0,14.724937115145757,15.083747713071244,13.3242868516259,14.570390771715704,15,16,15.0,15.0,15,0.0,14.0,14.0,14.0,14.0,14.0,14.0,0.0,0.0,0.0,1.0,1.0,ensemble_grid_blend,12.0,2024,Australian Grand Prix,2024-03-24
MAG,Haas F1 Team,14.0,15.066854492314047,14.71570640960347,14.221220542371476,14.77482587337683,16,12,16.0,16.0,16,0.0,15.0,15.0,15.0,15.0,15.0,15.0,0.0,0.0,0.0,1.0,1.0,ensemble_grid_blend,10.0,2024,Australian Grand Prix,2024-03-24
BOT,Audi,13.0,14.83165655000813,15.356129148629144,15.4489791040306,15.13868647032998,17,11,17.0,17.0,17,0.0,17.0,17.0,17.0,17.0,17.0,17.0,0.0,0.0,0.0,1.0,1.0,ensemble_grid_blend,14.0,2024,Australian Grand Prix,2024-03-24
VER,Red Bull Racing,1.0,1.2243052539273587,1.207170367693545,1.6731207834688187,1.308071149653816,1,1,1.0,1.0,1,0.0,1.0,1.0,1.0,1.0,1.0,1.0,1.0,1.0,1.0,1.0,1.0,ensemble_grid_blend,1.0,2024,Japanese Grand Prix,2024-04-07
PER,Red Bull Racing,2.0,4.000818763022946,4.139194892614492,3.9907771480418432,4.0472420853837665,2,2,2.0,2.0,2,0.0,3.0,3.0,3.0,3.0,3.0,3.0,0.0,1.0,1.0,1.0,1.0,ensemble_grid_blend,2.0,2024,Japanese Grand Prix,2024-04-07
LEC,Ferrari,8.0,4.5372966230067115,4.253750215062713,4.043732001609251,4.33934245594682,3,8,3.0,3.0,3,0.0,2.0,2.0,2.0,2.0,2.0,2.0,0.0,1.0,1.0,1.0,1.0,ensemble_grid_blend,4.0,2024,Japanese Grand Prix,2024-04-07
SAI,Ferrari,4.0,4.948338920616587,5.325895215895216,5.027635966526933,5.0963430331461765,4,4,4.0,4.0,4,0.0,7.0,7.0,7.0,7.0,7.0,7.0,0.0,0.0,1.0,0.0,1.0,ensemble_grid_blend,3.0,2024,Japanese Grand Prix,2024-04-07
NOR,McLaren,3.0,5.763650778635809,5.4582053640803645,5.026081185425778,5.509230964899398,5,3,5.0,5.0,5,0.0,4.0,4.0,4.0,4.0,4.0,4.0,0.0,0.0,1.0,1.0,1.0,ensemble_grid_blend,5.0,2024,Japanese Grand Prix,2024-04-07
ALO,Aston Martin,5.0,5.718966231393844,6.519367105117103,6.935420795111563,6.242397449940528,6,5,6.0,6.0,6,0.0,5.0,5.0,5.0,5.0,5.0,5.0,0.0,0.0,1.0,1.0,1.0,ensemble_grid_blend,6.0,2024,Japanese Grand Prix,2024-04-07
PIA,McLaren,6.0,6.560907996631037,7.64645564158064,6.534586878427827,6.9355854487227555,7,6,7.0,7.0,7,0.0,6.0,6.0,6.0,6.0,6.0,6.0,0.0,0.0,1.0,1.0,1.0,ensemble_grid_blend,8.0,2024,Japanese Grand Prix,2024-04-07
STR,Aston Martin,16.0,7.805388340663179,9.060403735153736,8.572512067883968,8.39806847417903,8,14,8.0,8.0,8,0.0,8.0,8.0,8.0,8.0,8.0,8.0,0.0,0.0,1.0,1.0,1.0,ensemble_grid_blend,12.0,2024,Japanese Grand Prix,2024-04-07
HAM,Mercedes,7.0,11.241006114189002,10.237321179744184,8.394469027401717,10.32040896977586,9,7,9.0,9.0,9,0.0,9.0,9.0,9.0,9.0,9.0,9.0,0.0,0.0,1.0,1.0,1.0,ensemble_grid_blend,9.0,2024,Japanese Grand Prix,2024-04-07
RUS,Mercedes,9.0,11.260161096536649,10.817578886254799,8.903438185231002,10.633912740676873,10,9,10.0,10.0,10,0.0,10.0,10.0,10.0,10.0,10.0,10.0,0.0,0.0,1.0,1.0,1.0,ensemble_grid_blend,7.0,2024,Japanese Grand Prix,2024-04-07
TSU,Racing Bulls,10.0,11.202902155908847,11.6650225750127,11.704373794791088,11.464938630371645,11,10,11.0,11.0,11,0.0,11.0,11.0,11.0,11.0,11.0,11.0,0.0,0.0,0.0,1.0,1.0,ensemble_grid_blend,10.0,2024,Japanese Grand Prix,2024-04-07
OCO,Alpine,15.0,12.783196221499898,12.368578863967986,12.874453100291245,12.656331522121999,12,13,12.0,12.0,12,0.0,12.0,12.0,12.0,12.0,12.0,12.0,0.0,0.0,0.0,1.0,1.0,ensemble_grid_blend,15.0,2024,Japanese Grand Prix,2024-04-07
GAS,Alpine,17.0,12.793989334008755,12.451850231489352,12.994052815805249,12.714253344486263,13,15,13.0,13.0,13,0.0,13.0,13.0,13.0,13.0,13.0,13.0,0.0,0.0,0.0,1.0,1.0,ensemble_grid_blend,16.0,2024,Japanese Grand Prix,2024-04-07
HUL,Haas F1 Team,12.0,13.481325574302057,13.920146754904886,12.303486439741228,13.399345160600882,14,11,14.0,14.0,14,0.0,14.0,14.0,14.0,14.0,14.0,14.0,0.0,0.0,0.0,1.0,1.0,ensemble_grid_blend,11.0,2024,Japanese Grand Prix,2024-04-07
MAG,Haas F1 Team,18.0,13.866780373414976,14.204889151397278,12.664780472310545,13.744718465487896,15,16,15.0,15.0,15,0.0,15.0,15.0,15.0,15.0,15.0,15.0,0.0,0.0,0.0,1.0,1.0,ensemble_grid_blend,13.0,2024,Japanese Grand Prix,2024-04-07
SAR,Williams,19.0,14.661022650035493,15.530655548033831,14.898842405216612,15.012958115371134,16,17,16.0,16.0,16,0.0,16.0,16.0,16.0,16.0,16.0,16.0,0.0,0.0,0.0,1.0,1.0,ensemble_grid_blend,17.0,2024,Japanese Grand Prix,2024-04-07
BOT,Audi,13.0,15.23739288945864,15.070036122803929,14.965145588310994,15.124368560899963,17,12,17.0,17.0,17,0.0,17.0,17.0,17.0,17.0,17.0,17.0,0.0,0.0,0.0,1.0,1.0,ensemble_grid_blend,14.0,2024,Japanese Grand Prix,2024-04-07
VER,Red Bull Racing,1.0,1.200716224826285,1.191251063984462,1.650885724225434,1.287437318411477,1,1,1.0,1.0,1,0.0,1.0,1.0,1.0,1.0,1.0,1.0,1.0,1.0,1.0,1.0,1.0,ensemble_grid_blend,1.0,2024,Chinese Grand Prix,2024-04-21
SAI,Ferrari,7.0,3.2688959242845583,4.084390560828059,4.498092123696606,3.800158286957193,2,7,2.0,2.0,2,0.0,2.0,2.0,2.0,2.0,2.0,2.0,0.0,1.0,1.0,1.0,1.0,ensemble_grid_blend,5.0,2024,Chinese Grand Prix,2024-04-21
PER,Red Bull Racing,2.0,3.971909078917641,3.8267542624391884,3.8155413498028015,3.889831347327215,3,2,3.0,3.0,3,0.0,5.0,5.0,5.0,5.0,5.0,5.0,0.0,0.0,1.0,0.0,1.0,ensemble_grid_blend,3.0,2024,Chinese Grand Prix,2024-04-21
LEC,Ferrari,6.0,4.3898917349600675,4.168986388611389,4.017740034764751,4.238144523698967,4,6,4.0,4.0,4,0.0,3.0,3.0,3.0,3.0,3.0,3.0,0.0,1.0,1.0,1.0,1.0,ensemble_grid_blend,4.0,2024,Chinese Grand Prix,2024-04-21
NOR,McLaren,4.0,6.3547139846189244,5.7086877787245465,4.92250574102637,5.84216316383738,5,4,5.0,5.0,5,0.0,4.0,4.0,4.0,4.0,4.0,4.0,0.0,0.0,1.0,1.0,1.0,ensemble_grid_blend,2.0,2024,Chinese Grand Prix,2024-04-21
ALO,Aston Martin,3.0,6.234334905733778,6.715842311283486,6.725495124842884,6.501094541497998,6,3,6.0,6.0,6,0.0,6.0,6.0,6.0,6.0,6.0,6.0,0.0,0.0,1.0,1.0,1.0,ensemble_grid_blend,7.0,2024,Chinese Grand Prix,2024-04-21
PIA,McLaren,5.0,6.992791621575764,7.678642934679697,6.525521399117181,7.1393855366704235,7,5,7.0,7.0,7,0.0,7.0,7.0,7.0,7.0,7.0,7.0,0.0,0.0,1.0,1.0,1.0,ensemble_grid_blend,8.0,2024,Chinese Grand Prix,2024-04-21
STR,Aston Martin,11.0,8.265729222515061,9.597436351960736,8.864172106647821,8.8515152946476,8,10,8.0,8.0,8,0.0,8.0,8.0,8.0,8.0,8.0,8.0,0.0,0.0,1.0,1.0,1.0,ensemble_grid_blend,15.0,2024,Chinese Grand Prix,2024-04-21
HAM,Mercedes,18.0,10.360626065066597,9.628400533445783,8.802216166449927,9.792665149275978,9,16,9.0,9.0,9,0.0,9.0,9.0,9.0,9.0,9.0,9.0,0.0,0.0,1.0,1.0,1.0,ensemble_grid_blend,9.0,2024,Chinese Grand Prix,2024-04-21
RUS,Mercedes,8.0,11.09603984737373,10.030095545670399,9.137480203583701,10.331247413019558,10,8,10.0,10.0,10,0.0,10.0,10.0,10.0,10.0,10.0,10.0,0.0,0.0,1.0,1.0,1.0,ensemble_grid_blend,6.0,2024,Chinese Grand Prix,2024-04-21
ALB,Williams,14.0,12.147192646021583,11.969011622364567,11.926404318761271,12.040671622289565,11,12,11.0,11.0,11,0.0,11.0,11.0,11.0,11.0,11.0,11.0,0.0,0.0,0.0,1.0,1.0,ensemble_grid_blend,12.0,2024,Chinese Grand Prix,2024-04-21
HUL,Haas F1 Team,9.0,14.323179562460782,13.333705425535106,11.773127157127199,13.466853133470078,12,9,12.0,12.0,12,0.0,12.0,12.0,12.0,12.0,12.0,12.0,0.0,0.0,0.0,1.0,1.0,ensemble_grid_blend,10.0,2024,Chinese Grand Prix,2024-04-21
OCO,Alpine,13.0,13.60667241652619,14.11135934898434,12.888951821176692,13.639768723816642,13,11,13.0,13.0,13,0.0,15.0,15.0,15.0,15.0,15.0,15.0,0.0,0.0,0.0,0.0,1.0,ensemble_grid_blend,11.0,2024,Chinese Grand Prix,2024-04-21
MAG,Haas F1 Team,17.0,14.333386521818074,14.139938502673802,12.426373348937053,13.884277080541377,14,15,14.0,14.0,14,0.0,13.0,13.0,13.0,13.0,13.0,13.0,0.0,0.0,0.0,1.0,1.0,ensemble_grid_blend,16.0,2024,Chinese Grand Prix,2024-04-21
GAS,Alpine,15.0,14.400693537862601,14.289218175207145,13.188983165939234,14.119335086548517,15,13,15.0,15.0,15,0.0,17.0,17.0,17.0,17.0,17.0,17.0,0.0,0.0,0.0,0.0,1.0,ensemble_grid_blend,13.0,2024,Chinese Grand Prix,2024-04-21
ZHO,Audi,16.0,15.384689776593211,15.174598860418907,14.114874916490816,15.057194983911725,16,14,16.0,16.0,16,0.0,14.0,14.0,14.0,14.0,14.0,14.0,0.0,0.0,0.0,0.0,1.0,ensemble_grid_blend,14.0,2024,Chinese Grand Prix,2024-04-21
SAR,Williams,20.0,15.222017367336564,15.793802239427228,15.02383150687805,15.382504900476594,17,17,17.0,17.0,17,0.0,16.0,16.0,16.0,16.0,16.0,16.0,0.0,0.0,0.0,1.0,1.0,ensemble_grid_blend,17.0,2024,Chinese Grand Prix,2024-04-21
VER,Red Bull Racing,1.0,1.159818806154189,1.1076015409238542,1.6745277758986639,1.2444845572724668,1,1,1.0,1.0,1,0.0,1.0,1.0,1.0,1.0,1.0,1.0,1.0,1.0,1.0,1.0,1.0,ensemble_grid_blend,2.0,2024,Miami Grand Prix,2024-05-05
PER,Red Bull Racing,4.0,3.684991726579376,3.758142534688393,3.848445936597007,3.743285351421058,2,4,2.0,2.0,2,0.0,3.0,3.0,3.0,3.0,3.0,3.0,0.0,1.0,1.0,1.0,1.0,ensemble_grid_blend,4.0,2024,Miami Grand Prix,2024-05-05
LEC,Ferrari,2.0,4.08513885585581,4.279040271547624,3.9696121278435967,4.129899005745502,3,2,3.0,3.0,3,0.0,5.0,5.0,5.0,5.0,5.0,5.0,0.0,0.0,1.0,0.0,1.0,ensemble_grid_blend,3.0,2024,Miami Grand Prix,2024-05-05
NOR,McLaren,5.0,4.165724922137933,3.9799940400013925,4.3801790514095105,4.14360993924446,4,5,4.0,4.0,4,0.0,2.0,2.0,2.0,2.0,2.0,2.0,0.0,1.0,1.0,0.0,1.0,ensemble_grid_blend,1.0,2024,Miami Grand Prix,2024-05-05
SAI,Ferrari,3.0,3.9151664315501464,4.400603999486353,4.522614757545149,4.206559245526819,5,3,5.0,5.0,5,0.0,4.0,4.0,4.0,4.0,4.0,4.0,0.0,0.0,1.0,1.0,1.0,ensemble_grid_blend,5.0,2024,Miami Grand Prix,2024-05-05
PIA,McLaren,6.0,5.481749072569724,6.547019250486355,6.618092776869935,6.081862375700587,6,6,6.0,6.0,6,0.0,6.0,6.0,6.0,6.0,6.0,6.0,0.0,0.0,1.0,1.0,1.0,ensemble_grid_blend,13.0,2024,Miami Grand Prix,2024-05-05
ALO,Aston Martin,15.0,7.566677940852368,6.8460581144002175,7.5116191954757525,7.303449252518791,7,15,7.0,7.0,7,0.0,7.0,7.0,7.0,7.0,7.0,7.0,0.0,0.0,1.0,1.0,1.0,ensemble_grid_blend,9.0,2024,Miami Grand Prix,2024-05-05
RUS,Mercedes,7.0,9.598297936095927,8.260337587355808,8.915645534727961,8.993481333763292,8,7,8.0,8.0,8,0.0,8.0,8.0,8.0,8.0,8.0,8.0,0.0,0.0,1.0,1.0,1.0,ensemble_grid_blend,8.0,2024,Miami Grand Prix,2024-05-05
HAM,Mercedes,8.0,9.475471723570616,8.440377603197456,8.933228909184056,9.004740218562699,9,8,9.0,9.0,9,0.0,9.0,9.0,9.0,9.0,9.0,9.0,0.0,0.0,1.0,1.0,1.0,ensemble_grid_blend,6.0,2024,Miami Grand Prix,2024-05-05
STR,Aston Martin,11.0,10.1096680409026,10.196839388495118,10.289459826912841,10.176136369762029,10,11,10.0,10.0,10,0.0,11.0,11.0,11.0,11.0,11.0,11.0,0.0,0.0,0.0,1.0,1.0,ensemble_grid_blend,17.0,2024,Miami Grand Prix,2024-05-05
TSU,Racing Bulls,10.0,11.360314331298339,10.932579832261881,11.060728406590302,11.150690071693973,11,10,11.0,11.0,11,0.0,10.0,10.0,10.0,10.0,10.0,10.0,0.0,0.0,1.0,1.0,1.0,ensemble_grid_blend,7.0,2024,Miami Grand Prix,2024-05-05
RIC,Racing Bulls,20.0,12.033502005465007,12.194149391866299,11.933383935043128,12.069704976621082,12,19,12.0,12.0,12,0.0,14.0,14.0,14.0,14.0,14.0,14.0,0.0,0.0,0.0,0.0,1.0,ensemble_grid_blend,15.0,2024,Miami Grand Prix,2024-05-05
ALB,Williams,14.0,12.281650378818881,12.086809013698714,12.12866499041904,12.182858823346853,13,14,13.0,13.0,13,0.0,12.0,12.0,12.0,12.0,12.0,12.0,0.0,0.0,0.0,1.0,1.0,ensemble_grid_blend,18.0,2024,Miami Grand Prix,2024-05-05
HUL,Haas F1 Team,9.0,12.538198936040663,12.485754620300634,11.810172198082636,12.374238077940047,14,9,14.0,14.0,14,0.0,13.0,13.0,13.0,13.0,13.0,13.0,0.0,0.0,0.0,1.0,1.0,ensemble_grid_blend,11.0,2024,Miami Grand Prix,2024-05-05
OCO,Alpine,13.0,12.675373754992432,13.068939887726644,12.610168369000256,12.800080824250971,15,13,15.0,15.0,15,0.0,15.0,15.0,15.0,15.0,15.0,15.0,0.0,0.0,0.0,1.0,1.0,ensemble_grid_blend,10.0,2024,Miami Grand Prix,2024-05-05
MAG,Haas F1 Team,18.0,12.686415050854075,13.701573824459853,13.10077899990373,13.12459341142603,16,17,16.0,16.0,16,0.0,16.0,16.0,16.0,16.0,16.0,16.0,0.0,0.0,0.0,1.0,1.0,ensemble_grid_blend,19.0,2024,Miami Grand Prix,2024-05-05
GAS,Alpine,12.0,13.613902611248854,13.394022872552279,13.000369076994371,13.414237995854156,17,12,17.0,17.0,17,0.0,17.0,17.0,17.0,17.0,17.0,17.0,0.0,0.0,0.0,1.0,1.0,ensemble_grid_blend,12.0,2024,Miami Grand Prix,2024-05-05
ZHO,Audi,19.0,14.214480278772974,14.56625229998759,13.757300905993837,14.246164611642262,18,18,18.0,18.0,18,0.0,19.0,19.0,19.0,19.0,19.0,19.0,0.0,0.0,0.0,1.0,1.0,ensemble_grid_blend,14.0,2024,Miami Grand Prix,2024-05-05
BOT,Audi,16.0,14.363163236121256,14.632596861471857,14.249730880244314,14.434778533818578,19,16,19.0,19.0,19,0.0,18.0,18.0,18.0,18.0,18.0,18.0,0.0,0.0,0.0,1.0,1.0,ensemble_grid_blend,16.0,2024,Miami Grand Prix,2024-05-05
VER,Red Bull Racing,1.0,1.3772398875059315,1.4118384683950354,1.5166287295821537,1.4172271592323622,1,1,1.0,1.0,1,0.0,1.0,1.0,1.0,1.0,1.0,1.0,1.0,1.0,1.0,1.0,1.0,ensemble_grid_blend,1.0,2024,Emilia Romagna Grand Prix,2024-05-19
PER,Red Bull Racing,11.0,3.9547390679495935,3.698848526576623,3.60355928277664,3.7949414214344634,2,11,2.0,2.0,2,0.0,2.0,2.0,2.0,2.0,2.0,2.0,0.0,1.0,1.0,1.0,1.0,ensemble_grid_blend,8.0,2024,Emilia Romagna Grand Prix,2024-05-19
NOR,McLaren,2.0,4.103151516910312,4.047443692337076,4.380344238170144,4.1390923225616465,3,2,3.0,3.0,3,0.0,3.0,3.0,3.0,3.0,3.0,3.0,0.0,1.0,1.0,1.0,1.0,ensemble_grid_blend,2.0,2024,Emilia Romagna Grand Prix,2024-05-19
LEC,Ferrari,3.0,4.1300861472511405,4.761976566733921,4.194069999373239,4.364044564494534,4,3,4.0,4.0,4,0.0,5.0,5.0,5.0,5.0,5.0,5.0,0.0,0.0,1.0,1.0,1.0,ensemble_grid_blend,3.0,2024,Emilia Romagna Grand Prix,2024-05-19
RUS,Mercedes,6.0,5.617627617129659,6.424852723665225,7.454285420083201,6.267487965007816,5,6,5.0,5.0,5,0.0,6.0,6.0,6.0,6.0,6.0,6.0,0.0,0.0,1.0,1.0,1.0,ensemble_grid_blend,7.0,2024,Emilia Romagna Grand Prix,2024-05-19
HAM,Mercedes,8.0,6.175466791533986,6.81432135103459,7.4608564120974075,6.656143811471882,6,8,6.0,6.0,6,0.0,7.0,7.0,7.0,7.0,7.0,7.0,0.0,0.0,1.0,1.0,1.0,ensemble_grid_blend,6.0,2024,Emilia Romagna Grand Prix,2024-05-19
PIA,McLaren,5.0,6.860016674628534,7.13367517828407,7.760597136944082,7.135913243371081,7,5,7.0,7.0,7,0.0,4.0,4.0,4.0,4.0,4.0,4.0,0.0,0.0,1.0,0.0,1.0,ensemble_grid_blend,4.0,2024,Emilia Romagna Grand Prix,2024-05-19
SAI,Ferrari,4.0,8.65117873110227,8.632209526584523,4.960027636163842,7.906309290533374,8,4,8.0,8.0,8,0.0,9.0,9.0,9.0,9.0,9.0,9.0,0.0,0.0,1.0,1.0,1.0,ensemble_grid_blend,5.0,2024,Emilia Romagna Grand Prix,2024-05-19
ALO,Aston Martin,20.0,8.638448819538855,7.403415803967281,8.305124907982192,8.139522481777473,9,19,9.0,9.0,9,0.0,8.0,8.0,8.0,8.0,8.0,8.0,0.0,0.0,1.0,1.0,1.0,ensemble_grid_blend,19.0,2024,Emilia Romagna Grand Prix,2024-05-19
TSU,Racing Bulls,7.0,10.519286118867246,10.752932694348141,9.979167781027453,10.493038752717599,10,7,10.0,10.0,10,0.0,10.0,10.0,10.0,10.0,10.0,10.0,0.0,0.0,1.0,1.0,1.0,ensemble_grid_blend,10.0,2024,Emilia Romagna Grand Prix,2024-05-19
OCO,Alpine,12.0,11.292475692609484,10.750267947330444,11.83592909237609,11.21139366171514,11,12,11.0,11.0,11,0.0,12.0,12.0,12.0,12.0,12.0,12.0,0.0,0.0,0.0,1.0,1.0,ensemble_grid_blend,14.0,2024,Emilia Romagna Grand Prix,2024-05-19
GAS,Alpine,15.0,12.097986247696976,11.860113303363303,12.480897430323257,12.091312953705447,12,14,12.0,12.0,12,0.0,11.0,11.0,11.0,11.0,11.0,11.0,0.0,0.0,0.0,1.0,1.0,ensemble_grid_blend,16.0,2024,Emilia Romagna Grand Prix,2024-05-19
STR,Aston Martin,13.0,13.085977768495948,11.026351346366054,11.857275977054977,12.11936816246229,13,13,13.0,13.0,13,0.0,13.0,13.0,13.0,13.0,13.0,13.0,0.0,0.0,0.0,1.0,1.0,ensemble_grid_blend,9.0,2024,Emilia Romagna Grand Prix,2024-05-19
HUL,Haas F1 Team,10.0,12.067275904611057,12.248506306193805,12.336454564579409,12.18454227715869,14,10,14.0,14.0,14,0.0,14.0,14.0,14.0,14.0,14.0,14.0,0.0,0.0,0.0,1.0,1.0,ensemble_grid_blend,11.0,2024,Emilia Romagna Grand Prix,2024-05-19
RIC,Racing Bulls,9.0,13.75527337019139,13.207041054533706,11.763004574135556,13.164938300500033,15,9,15.0,15.0,15,0.0,16.0,16.0,16.0,16.0,16.0,16.0,0.0,0.0,0.0,1.0,1.0,ensemble_grid_blend,13.0,2024,Emilia Romagna Grand Prix,2024-05-19
MAG,Haas F1 Team,18.0,14.911961862977366,13.969685073913013,14.445368018368477,14.488846217883063,16,17,16.0,16.0,16,0.0,17.0,17.0,17.0,17.0,17.0,17.0,0.0,0.0,0.0,1.0,1.0,ensemble_grid_blend,12.0,2024,Emilia Romagna Grand Prix,2024-05-19
ZHO,Audi,17.0,14.753499260685919,14.670433781496275,13.687494964221681,14.511225483676697,17,16,17.0,17.0,17,0.0,19.0,19.0,19.0,19.0,19.0,19.0,0.0,0.0,0.0,0.0,1.0,ensemble_grid_blend,15.0,2024,Emilia Romagna Grand Prix,2024-05-19
BOT,Audi,16.0,15.118151619478008,15.049539571539553,14.427080875048343,14.955923253813614,18,15,18.0,18.0,18,0.0,15.0,15.0,15.0,15.0,15.0,15.0,0.0,0.0,0.0,0.0,1.0,ensemble_grid_blend,18.0,2024,Emilia Romagna Grand Prix,2024-05-19
SAR,Williams,19.0,14.287359353633349,15.961354305416794,16.280761579470653,15.271938031925014,19,18,19.0,19.0,19,0.0,18.0,18.0,18.0,18.0,18.0,18.0,0.0,0.0,0.0,1.0,1.0,ensemble_grid_blend,17.0,2024,Emilia Romagna Grand Prix,2024-05-19
VER,Red Bull Racing,6.0,1.3029998610096702,1.1192565288727438,1.8366636019264435,1.3454224429451007,1,6,1.0,1.0,1,0.0,1.0,1.0,1.0,1.0,1.0,1.0,1.0,1.0,1.0,1.0,1.0,ensemble_grid_blend,6.0,2024,Monaco Grand Prix,2024-05-26
NOR,McLaren,4.0,5.60264714689572,4.947131848788467,4.339982538628606,5.120683870904758,2,4,2.0,2.0,2,0.0,3.0,3.0,3.0,3.0,3.0,3.0,0.0,1.0,1.0,1.0,1.0,ensemble_grid_blend,4.0,2024,Monaco Grand Prix,2024-05-26
LEC,Ferrari,1.0,5.315706591405622,5.404078504828508,4.574233251032423,5.198342093028993,3,1,3.0,3.0,3,0.0,6.0,6.0,6.0,6.0,6.0,6.0,0.0,0.0,1.0,0.0,1.0,ensemble_grid_blend,1.0,2024,Monaco Grand Prix,2024-05-26
HAM,Mercedes,7.0,5.937629679663812,5.855589091464091,7.11835680841067,6.145060899543282,4,7,4.0,4.0,4,0.0,4.0,4.0,4.0,4.0,4.0,4.0,0.0,0.0,1.0,1.0,1.0,ensemble_grid_blend,7.0,2024,Monaco Grand Prix,2024-05-26
RUS,Mercedes,5.0,5.629813022827403,6.168164072039071,7.276299112429229,6.147533107971853,5,5,5.0,5.0,5,0.0,2.0,2.0,2.0,2.0,2.0,2.0,0.0,1.0,1.0,0.0,1.0,ensemble_grid_blend,5.0,2024,Monaco Grand Prix,2024-05-26
SAI,Ferrari,3.0,6.276840116661706,7.0928449120324135,5.512604656870835,6.409594703083279,6,3,6.0,6.0,6,0.0,7.0,7.0,7.0,7.0,7.0,7.0,0.0,0.0,1.0,1.0,1.0,ensemble_grid_blend,3.0,2024,Monaco Grand Prix,2024-05-26
PIA,McLaren,2.0,7.500290359304849,7.072200804548909,7.443173106418365,7.339035564562973,7,2,7.0,7.0,7,0.0,5.0,5.0,5.0,5.0,5.0,5.0,0.0,0.0,1.0,0.0,1.0,ensemble_grid_blend,2.0,2024,Monaco Grand Prix,2024-05-26
ALO,Aston Martin,14.0,9.699992203534956,8.975876789876791,9.721673602682623,9.450888088584131,8,13,8.0,8.0,8,0.0,9.0,9.0,9.0,9.0,9.0,9.0,0.0,0.0,1.0,1.0,1.0,ensemble_grid_blend,11.0,2024,Monaco Grand Prix,2024-05-26
TSU,Racing Bulls,8.0,10.475404459466311,10.660416795951583,10.414240527807802,10.527925990904453,9,8,9.0,9.0,9,0.0,8.0,8.0,8.0,8.0,8.0,8.0,0.0,0.0,1.0,1.0,1.0,ensemble_grid_blend,8.0,2024,Monaco Grand Prix,2024-05-26
STR,Aston Martin,13.0,10.652786538567021,10.480135888964837,11.509325260500262,10.763666555592906,10,12,10.0,10.0,10,0.0,10.0,10.0,10.0,10.0,10.0,10.0,0.0,0.0,1.0,1.0,1.0,ensemble_grid_blend,14.0,2024,Monaco Grand Prix,2024-05-26
GAS,Alpine,10.0,11.750424988486968,11.185291368353871,12.06801880047356,11.616146983837702,11,10,11.0,11.0,11,0.0,13.0,13.0,13.0,13.0,13.0,13.0,0.0,0.0,0.0,0.0,1.0,ensemble_grid_blend,10.0,2024,Monaco Grand Prix,2024-05-26
RIC,Racing Bulls,12.0,12.900584632492924,12.786100191475192,12.020904100834471,12.684578971805028,12,11,12.0,12.0,12,0.0,12.0,12.0,12.0,12.0,12.0,12.0,0.0,0.0,0.0,1.0,1.0,ensemble_grid_blend,12.0,2024,Monaco Grand Prix,2024-05-26
ALB,Williams,9.0,12.992111343489514,12.867336302586304,13.420786262450829,13.034175062965655,13,9,13.0,13.0,13,0.0,11.0,11.0,11.0,11.0,11.0,11.0,0.0,0.0,0.0,0.0,1.0,ensemble_grid_blend,9.0,2024,Monaco Grand Prix,2024-05-26
ZHO,Audi,18.0,15.1499305561633,14.898766178266184,14.304344993595219,14.892905911385693,14,16,14.0,14.0,14,0.0,14.0,14.0,14.0,14.0,14.0,14.0,0.0,0.0,0.0,1.0,1.0,ensemble_grid_blend,16.0,2024,Monaco Grand Prix,2024-05-26
BOT,Audi,17.0,15.546010493555027,15.510151263768917,15.352261296706347,15.494709923760151,15,15,15.0,15.0,15,0.0,15.0,15.0,15.0,15.0,15.0,15.0,0.0,0.0,0.0,1.0,1.0,ensemble_grid_blend,13.0,2024,Monaco Grand Prix,2024-05-26
SAR,Williams,15.0,15.373191807786325,16.200493707681215,16.145611917298986,15.817231494652068,16,14,16.0,16.0,16,0.0,16.0,16.0,16.0,16.0,16.0,16.0,0.0,0.0,0.0,1.0,1.0,ensemble_grid_blend,15.0,2024,Monaco Grand Prix,2024-05-26
VER,Red Bull Racing,2.0,2.1881395013630796,1.5488756561322823,2.896148688685761,2.105998992996837,1,2,1.0,1.0,1,0.0,1.0,1.0,1.0,1.0,1.0,1.0,1.0,1.0,1.0,1.0,1.0,ensemble_grid_blend,1.0,2024,Canadian Grand Prix,2024-06-09
NOR,McLaren,3.0,3.079557231014158,3.3110510461760474,3.637353798378829,3.2721393797937535,2,3,2.0,2.0,2,0.0,2.0,2.0,2.0,2.0,2.0,2.0,0.0,1.0,1.0,1.0,1.0,ensemble_grid_blend,2.0,2024,Canadian Grand Prix,2024-06-09
PIA,McLaren,4.0,5.318512195626694,7.46745525226407,5.99353583047095,6.205646992418627,3,4,3.0,3.0,3,0.0,5.0,5.0,5.0,5.0,5.0,5.0,0.0,0.0,1.0,0.0,1.0,ensemble_grid_blend,5.0,2024,Canadian Grand Prix,2024-06-09
RUS,Mercedes,1.0,5.896624381723789,6.404304326091864,6.898632274921352,6.274713940892127,4,1,4.0,4.0,4,0.0,3.0,3.0,3.0,3.0,3.0,3.0,0.0,1.0,1.0,1.0,1.0,ensemble_grid_blend,3.0,2024,Canadian Grand Prix,2024-06-09
HAM,Mercedes,7.0,5.883686519316793,6.466686572113814,6.8992842714841025,6.290856088229212,5,7,5.0,5.0,5,0.0,4.0,4.0,4.0,4.0,4.0,4.0,0.0,0.0,1.0,1.0,1.0,ensemble_grid_blend,4.0,2024,Canadian Grand Prix,2024-06-09
TSU,Racing Bulls,8.0,10.700887464071197,10.952059244268794,10.151553627163146,10.678930819758746,6,8,6.0,6.0,6,0.0,6.0,6.0,6.0,6.0,6.0,6.0,0.0,0.0,1.0,1.0,1.0,ensemble_grid_blend,14.0,2024,Canadian Grand Prix,2024-06-09
ALO,Aston Martin,6.0,11.194913513533523,10.780010281750412,10.760266542524688,10.962767988207668,7,6,7.0,7.0,7,0.0,7.0,7.0,7.0,7.0,7.0,7.0,0.0,0.0,1.0,1.0,1.0,ensemble_grid_blend,6.0,2024,Canadian Grand Prix,2024-06-09
OCO,Alpine,18.0,11.201169658005604,10.953128403802946,11.693038973811927,11.212729082195938,8,13,8.0,8.0,8,0.0,10.0,10.0,10.0,10.0,10.0,10.0,0.0,0.0,1.0,0.0,1.0,ensemble_grid_blend,10.0,2024,Canadian Grand Prix,2024-06-09
GAS,Alpine,15.0,11.765050078097984,11.686318147903869,12.242215774532593,11.832927041816966,9,11,9.0,9.0,9,0.0,8.0,8.0,8.0,8.0,8.0,8.0,0.0,0.0,1.0,1.0,1.0,ensemble_grid_blend,9.0,2024,Canadian Grand Prix,2024-06-09
HUL,Haas F1 Team,17.0,11.941808003706633,12.009987900579816,12.266179822304508,12.030545331331822,10,12,10.0,10.0,10,0.0,11.0,11.0,11.0,11.0,11.0,11.0,0.0,0.0,0.0,1.0,1.0,ensemble_grid_blend,11.0,2024,Canadian Grand Prix,2024-06-09
STR,Aston Martin,9.0,12.558316159324239,11.61941748237143,12.547452946078561,12.22752897974162,11,9,11.0,11.0,11,0.0,9.0,9.0,9.0,9.0,9.0,9.0,0.0,0.0,1.0,0.0,1.0,ensemble_grid_blend,7.0,2024,Canadian Grand Prix,2024-06-09
RIC,Racing Bulls,5.0,13.105214741273585,12.709771838863754,11.938355032324296,12.733437783640287,12,5,12.0,12.0,12,0.0,12.0,12.0,12.0,12.0,12.0,12.0,0.0,0.0,0.0,1.0,1.0,ensemble_grid_blend,8.0,2024,Canadian Grand Prix,2024-06-09
MAG,Haas F1 Team,14.0,14.324984889728624,13.797514321728997,14.07142728882501,14.089658670748031,13,10,13.0,13.0,13,0.0,13.0,13.0,13.0,13.0,13.0,13.0,0.0,0.0,0.0,1.0,1.0,ensemble_grid_blend,12.0,2024,Canadian Grand Prix,2024-06-09
ZHO,Audi,20.0,15.289735162309409,15.01839087301588,14.580233110368901,15.052864250668572,14,15,14.0,14.0,14,0.0,14.0,14.0,14.0,14.0,14.0,14.0,0.0,0.0,0.0,1.0,1.0,ensemble_grid_blend,15.0,2024,Canadian Grand Prix,2024-06-09
BOT,Audi,19.0,15.027446909507077,15.378041305916309,15.15821526087537,15.176308618523965,15,14,15.0,15.0,15,0.0,15.0,15.0,15.0,15.0,15.0,15.0,0.0,0.0,0.0,1.0,1.0,ensemble_grid_blend,13.0,2024,Canadian Grand Prix,2024-06-09
VER,Red Bull Racing,2.0,2.2084039324415916,1.5456768465840058,3.0268157711266426,2.1401318201284467,1,2,1.0,1.0,1,0.0,1.0,1.0,1.0,1.0,1.0,1.0,1.0,1.0,1.0,1.0,1.0,ensemble_grid_blend,1.0,2024,Spanish Grand Prix,2024-06-23
LEC,Ferrari,5.0,4.40683195363131,5.582129218004221,4.70012325916612,4.876844257268791,2,5,2.0,2.0,2,0.0,2.0,2.0,2.0,2.0,2.0,2.0,0.0,1.0,1.0,1.0,1.0,ensemble_grid_blend,5.0,2024,Spanish Grand Prix,2024-06-23
NOR,McLaren,1.0,5.5288555439653875,4.942513223833272,4.509274589075419,5.119719540941153,3,1,3.0,3.0,3,0.0,3.0,3.0,3.0,3.0,3.0,3.0,0.0,1.0,1.0,1.0,1.0,ensemble_grid_blend,2.0,2024,Spanish Grand Prix,2024-06-23
PER,Red Bull Racing,11.0,5.45584213636301,5.116644522960699,5.2361121703114755,5.2931769784618945,4,11,4.0,4.0,4,0.0,5.0,5.0,5.0,5.0,5.0,5.0,0.0,0.0,1.0,1.0,1.0,ensemble_grid_blend,8.0,2024,Spanish Grand Prix,2024-06-23
RUS,Mercedes,4.0,5.603688439069713,5.460971028240764,6.899188028485554,5.8128372631627485,5,4,5.0,5.0,5,0.0,6.0,6.0,6.0,6.0,6.0,6.0,0.0,0.0,1.0,1.0,1.0,ensemble_grid_blend,4.0,2024,Spanish Grand Prix,2024-06-23
HAM,Mercedes,3.0,5.917846541315139,5.4287934475655035,7.106094743417112,5.984327598923161,6,3,6.0,6.0,6,0.0,7.0,7.0,7.0,7.0,7.0,7.0,0.0,0.0,1.0,1.0,1.0,ensemble_grid_blend,3.0,2024,Spanish Grand Prix,2024-06-23
SAI,Ferrari,6.0,5.984745982491927,6.2028460705960695,5.759795640753657,6.016090944980722,7,6,7.0,7.0,7,0.0,8.0,8.0,8.0,8.0,8.0,8.0,0.0,0.0,1.0,1.0,1.0,ensemble_grid_blend,6.0,2024,Spanish Grand Prix,2024-06-23
PIA,McLaren,9.0,5.869257167292334,6.549108891108895,6.901430736298221,6.313639984429308,8,9,8.0,8.0,8,0.0,4.0,4.0,4.0,4.0,4.0,4.0,0.0,0.0,1.0,0.0,1.0,ensemble_grid_blend,7.0,2024,Spanish Grand Prix,2024-06-23
ALO,Aston Martin,10.0,9.410887761043664,8.602498863561845,9.992202431314047,9.244214580979104,9,10,9.0,9.0,9,0.0,9.0,9.0,9.0,9.0,9.0,9.0,0.0,0.0,1.0,1.0,1.0,ensemble_grid_blend,12.0,2024,Spanish Grand Prix,2024-06-23
STR,Aston Martin,14.0,10.214171950231485,10.007771842536552,11.71820646945154,10.442738816382269,10,14,10.0,10.0,10,0.0,11.0,11.0,11.0,11.0,11.0,11.0,0.0,0.0,0.0,1.0,1.0,ensemble_grid_blend,14.0,2024,Spanish Grand Prix,2024-06-23
OCO,Alpine,8.0,10.834352667671578,10.798560607692968,12.169710410428285,11.088896995230407,11,8,11.0,11.0,11,0.0,12.0,12.0,12.0,12.0,12.0,12.0,0.0,0.0,0.0,1.0,1.0,ensemble_grid_blend,10.0,2024,Spanish Grand Prix,2024-06-23
TSU,Racing Bulls,17.0,11.23984087627123,11.608207933087085,11.456947507486086,11.41219067239975,12,17,12.0,12.0,12,0.0,13.0,13.0,13.0,13.0,13.0,13.0,0.0,0.0,0.0,1.0,1.0,ensemble_grid_blend,19.0,2024,Spanish Grand Prix,2024-06-23
GAS,Alpine,7.0,12.23505583861102,11.468153940830415,12.681131551166848,12.055855316898974,13,7,13.0,13.0,13,0.0,10.0,10.0,10.0,10.0,10.0,10.0,0.0,0.0,1.0,0.0,1.0,ensemble_grid_blend,9.0,2024,Spanish Grand Prix,2024-06-23
ALB,Williams,20.0,11.84057904086208,12.2254630994006,12.886303308066033,12.184433314791352,14,20,14.0,14.0,14,0.0,15.0,15.0,15.0,15.0,15.0,15.0,0.0,0.0,0.0,1.0,1.0,ensemble_grid_blend,18.0,2024,Spanish Grand Prix,2024-06-23
RIC,Racing Bulls,18.0,12.842621324111704,12.48530004717504,12.150748869277434,12.579184386217017,15,18,15.0,15.0,15,0.0,14.0,14.0,14.0,14.0,14.0,14.0,0.0,0.0,0.0,1.0,1.0,ensemble_grid_blend,15.0,2024,Spanish Grand Prix,2024-06-23
HUL,Haas F1 Team,13.0,12.046361412786261,13.361961600899095,13.626558043407874,12.822860804750075,16,13,16.0,16.0,16,0.0,20.0,20.0,20.0,20.0,20.0,20.0,0.0,0.0,0.0,0.0,1.0,ensemble_grid_blend,11.0,2024,Spanish Grand Prix,2024-06-23
SAR,Williams,19.0,14.805332513309684,15.321314649970663,15.784210739370277,15.181701906353146,17,19,17.0,17.0,17,0.0,17.0,17.0,17.0,17.0,17.0,17.0,0.0,0.0,0.0,1.0,1.0,ensemble_grid_blend,20.0,2024,Spanish Grand Prix,2024-06-23
MAG,Haas F1 Team,16.0,15.325816523111623,15.21016770729269,15.113205548772534,15.24281724270718,18,16,18.0,18.0,18,0.0,16.0,16.0,16.0,16.0,16.0,16.0,0.0,0.0,0.0,0.0,1.0,ensemble_grid_blend,17.0,2024,Spanish Grand Prix,2024-06-23
ZHO,Audi,15.0,15.483168748876126,15.010204004329001,15.257531620799108,15.272503662669228,19,15,19.0,19.0,19,0.0,18.0,18.0,18.0,18.0,18.0,18.0,0.0,0.0,0.0,1.0,1.0,ensemble_grid_blend,13.0,2024,Spanish Grand Prix,2024-06-23
BOT,Audi,12.0,15.46154826682868,15.00205537518037,15.431322236450779,15.29468054867619,20,12,20.0,20.0,20,0.0,19.0,19.0,19.0,19.0,19.0,19.0,0.0,0.0,0.0,1.0,1.0,ensemble_grid_blend,16.0,2024,Spanish Grand Prix,2024-06-23
VER,Red Bull Racing,1.0,1.7394611494394445,1.2321859225188745,2.686381057207277,1.7512988015708113,1,1,1.0,1.0,1,0.0,1.0,1.0,1.0,1.0,1.0,1.0,1.0,1.0,1.0,1.0,1.0,ensemble_grid_blend,5.0,2024,Austrian Grand Prix,2024-06-30
NOR,McLaren,2.0,4.862458237881483,4.536305673901262,3.8430160048417132,4.544416393880452,2,2,2.0,2.0,2,0.0,2.0,2.0,2.0,2.0,2.0,2.0,0.0,1.0,1.0,1.0,1.0,ensemble_grid_blend,20.0,2024,Austrian Grand Prix,2024-06-30
LEC,Ferrari,6.0,4.342722014069806,5.296518695356931,4.274820884756625,4.662970626657664,3,6,3.0,3.0,3,0.0,3.0,3.0,3.0,3.0,3.0,3.0,0.0,1.0,1.0,1.0,1.0,ensemble_grid_blend,11.0,2024,Austrian Grand Prix,2024-06-30
PER,Red Bull Racing,8.0,4.681822603115471,4.673138456937799,5.295414479306399,4.801501527191471,4,8,4.0,4.0,4,0.0,4.0,4.0,4.0,4.0,4.0,4.0,0.0,0.0,1.0,1.0,1.0,ensemble_grid_blend,7.0,2024,Austrian Grand Prix,2024-06-30
RUS,Mercedes,3.0,5.785593950736374,6.287278305028304,5.842139782315657,5.972492641054406,5,3,5.0,5.0,5,0.0,8.0,8.0,8.0,8.0,8.0,8.0,0.0,0.0,1.0,0.0,1.0,ensemble_grid_blend,1.0,2024,Austrian Grand Prix,2024-06-30
HAM,Mercedes,5.0,6.826537931045071,5.958679320679322,5.838545304540832,6.325188892116212,6,5,6.0,6.0,6,0.0,6.0,6.0,6.0,6.0,6.0,6.0,0.0,0.0,1.0,1.0,1.0,ensemble_grid_blend,4.0,2024,Austrian Grand Prix,2024-06-30
SAI,Ferrari,4.0,7.168591855188984,6.5526235153735115,5.315601419876329,6.582404849191038,7,4,7.0,7.0,7,0.0,5.0,5.0,5.0,5.0,5.0,5.0,0.0,0.0,1.0,0.0,1.0,ensemble_grid_blend,3.0,2024,Austrian Grand Prix,2024-06-30
PIA,McLaren,7.0,7.427967500616509,7.173797940213377,6.301391990086317,7.113693052369374,8,7,8.0,8.0,8,0.0,7.0,7.0,7.0,7.0,7.0,7.0,0.0,0.0,1.0,1.0,1.0,ensemble_grid_blend,2.0,2024,Austrian Grand Prix,2024-06-30
ALO,Aston Martin,15.0,9.614821622799328,8.813028331145977,9.85494468792906,9.382218583746601,9,15,9.0,9.0,9,0.0,9.0,9.0,9.0,9.0,9.0,9.0,0.0,0.0,1.0,1.0,1.0,ensemble_grid_blend,18.0,2024,Austrian Grand Prix,2024-06-30
STR,Aston Martin,17.0,11.221980446001208,10.27645135420135,11.738756919652886,10.994400558601592,10,17,10.0,10.0,10,0.0,11.0,11.0,11.0,11.0,11.0,11.0,0.0,0.0,0.0,1.0,1.0,ensemble_grid_blend,13.0,2024,Austrian Grand Prix,2024-06-30
GAS,Alpine,13.0,11.151324373034534,11.266745340443872,11.190815321343901,11.199619901289676,11,13,11.0,11.0,11,0.0,10.0,10.0,10.0,10.0,10.0,10.0,0.0,0.0,1.0,1.0,1.0,ensemble_grid_blend,10.0,2024,Austrian Grand Prix,2024-06-30
OCO,Alpine,10.0,12.267817935045255,11.556429790874011,11.026985512138433,11.770665600003957,12,10,12.0,12.0,12,0.0,12.0,12.0,12.0,12.0,12.0,12.0,0.0,0.0,0.0,1.0,1.0,ensemble_grid_blend,12.0,2024,Austrian Grand Prix,2024-06-30
HUL,Haas F1 Team,9.0,11.521383830876392,12.683254197493325,12.566617882035624,12.137085269424166,13,9,13.0,13.0,13,0.0,15.0,15.0,15.0,15.0,15.0,15.0,0.0,0.0,0.0,0.0,1.0,ensemble_grid_blend,6.0,2024,Austrian Grand Prix,2024-06-30
RIC,Racing Bulls,11.0,12.212839644254586,12.486749812988933,13.088268808718382,12.483794036204367,14,11,14.0,14.0,14,0.0,16.0,16.0,16.0,16.0,16.0,16.0,0.0,0.0,0.0,0.0,1.0,ensemble_grid_blend,9.0,2024,Austrian Grand Prix,2024-06-30
TSU,Racing Bulls,14.0,12.515115025358956,12.576069648382301,12.839540230955517,12.601334184536439,15,14,15.0,15.0,15,0.0,13.0,13.0,13.0,13.0,13.0,13.0,0.0,0.0,0.0,0.0,1.0,ensemble_grid_blend,14.0,2024,Austrian Grand Prix,2024-06-30
ALB,Williams,16.0,13.935013410275118,13.961157745032743,13.964791758633012,13.950119597111867,16,16,16.0,16.0,16,0.0,14.0,14.0,14.0,14.0,14.0,14.0,0.0,0.0,0.0,0.0,1.0,ensemble_grid_blend,15.0,2024,Austrian Grand Prix,2024-06-30
MAG,Haas F1 Team,12.0,13.338306390543988,14.616230398621846,14.397852305019974,13.997488976266437,17,12,17.0,17.0,17,0.0,19.0,19.0,19.0,19.0,19.0,19.0,0.0,0.0,0.0,0.0,1.0,ensemble_grid_blend,8.0,2024,Austrian Grand Prix,2024-06-30
ZHO,Audi,20.0,15.273096761594342,15.23434992784993,14.348665982257847,15.0746492139165,18,20,18.0,18.0,18,0.0,17.0,17.0,17.0,17.0,17.0,17.0,0.0,0.0,0.0,1.0,1.0,ensemble_grid_blend,17.0,2024,Austrian Grand Prix,2024-06-30
BOT,Audi,18.0,15.239111000517301,15.310093073593077,14.851341132074351,15.18640075240523,19,18,19.0,19.0,19,0.0,18.0,18.0,18.0,18.0,18.0,18.0,0.0,0.0,0.0,1.0,1.0,ensemble_grid_blend,16.0,2024,Austrian Grand Prix,2024-06-30
SAR,Williams,19.0,15.909729662699583,16.76074358974359,16.830081915867567,16.39165498779858,20,19,20.0,20.0,20,0.0,20.0,20.0,20.0,20.0,20.0,20.0,0.0,0.0,0.0,1.0,1.0,ensemble_grid_blend,19.0,2024,Austrian Grand Prix,2024-06-30
VER,Red Bull Racing,4.0,2.0184858777946233,1.4146133033029766,2.5721480882204544,1.917862918807713,1,3,1.0,1.0,1,0.0,1.0,1.0,1.0,1.0,1.0,1.0,1.0,1.0,1.0,1.0,1.0,ensemble_grid_blend,2.0,2024,British Grand Prix,2024-07-07
HAM,Mercedes,2.0,5.6409954663571105,5.187563727938727,4.683408358096759,5.290776936258607,2,1,2.0,2.0,2,0.0,4.0,4.0,4.0,4.0,4.0,4.0,0.0,0.0,1.0,0.0,1.0,ensemble_grid_blend,1.0,2024,British Grand Prix,2024-07-07
PER,Red Bull Racing,20.0,5.311491186210056,5.374856940796296,5.176289160209208,5.306628795115071,3,18,3.0,3.0,3,0.0,2.0,2.0,2.0,2.0,2.0,2.0,0.0,1.0,1.0,1.0,1.0,ensemble_grid_blend,17.0,2024,British Grand Prix,2024-07-07
SAI,Ferrari,7.0,5.243880558063886,6.213215617715617,4.873302336915128,5.5090321847122405,4,6,4.0,4.0,4,0.0,5.0,5.0,5.0,5.0,5.0,5.0,0.0,0.0,1.0,1.0,1.0,ensemble_grid_blend,5.0,2024,British Grand Prix,2024-07-07
LEC,Ferrari,11.0,5.735059789680104,7.198671959984461,4.9470384921638395,6.089719789783375,5,10,5.0,5.0,5,0.0,3.0,3.0,3.0,3.0,3.0,3.0,0.0,1.0,1.0,0.0,1.0,ensemble_grid_blend,14.0,2024,British Grand Prix,2024-07-07
NOR,McLaren,3.0,6.308633995829107,6.044054468357729,5.892338145943842,6.132771991237071,6,2,6.0,6.0,6,0.0,9.0,9.0,9.0,9.0,9.0,9.0,0.0,0.0,1.0,0.0,1.0,ensemble_grid_blend,3.0,2024,British Grand Prix,2024-07-07
PIA,McLaren,5.0,7.428216422358968,7.032749701687201,6.142622147601589,7.032684215172374,7,4,7.0,7.0,7,0.0,6.0,6.0,6.0,6.0,6.0,6.0,0.0,0.0,1.0,1.0,1.0,ensemble_grid_blend,4.0,2024,British Grand Prix,2024-07-07
ALO,Aston Martin,10.0,9.8075776556088,9.589291517091434,10.58540406381762,9.886742788769485,8,9,8.0,8.0,8,0.0,7.0,7.0,7.0,7.0,7.0,7.0,0.0,0.0,1.0,1.0,1.0,ensemble_grid_blend,8.0,2024,British Grand Prix,2024-07-07
STR,Aston Martin,8.0,9.693908614499373,9.500778044452966,11.557262732753175,9.998983738633891,9,7,9.0,9.0,9,0.0,8.0,8.0,8.0,8.0,8.0,8.0,0.0,0.0,1.0,1.0,1.0,ensemble_grid_blend,7.0,2024,British Grand Prix,2024-07-07
HUL,Haas F1 Team,6.0,10.606179517995908,10.977028205338694,10.665316544793926,10.747803963925488,10,5,10.0,10.0,10,0.0,13.0,13.0,13.0,13.0,13.0,13.0,0.0,0.0,0.0,0.0,1.0,ensemble_grid_blend,6.0,2024,British Grand Prix,2024-07-07
RIC,Racing Bulls,15.0,10.428594463148759,10.806628485893187,11.947181858715116,10.864623850222582,11,14,11.0,11.0,11,0.0,10.0,10.0,10.0,10.0,10.0,10.0,0.0,0.0,1.0,1.0,1.0,ensemble_grid_blend,13.0,2024,British Grand Prix,2024-07-07
OCO,Alpine,18.0,11.237655606166436,11.39257768121971,10.583863995319032,11.1611200102656,12,17,12.0,12.0,12,0.0,11.0,11.0,11.0,11.0,11.0,11.0,0.0,0.0,0.0,1.0,1.0,ensemble_grid_blend,16.0,2024,British Grand Prix,2024-07-07
TSU,Racing Bulls,13.0,12.081461240248927,12.16228205169014,12.509971079689038,12.195450492141374,13,12,13.0,13.0,13,0.0,14.0,14.0,14.0,14.0,14.0,14.0,0.0,0.0,0.0,1.0,1.0,ensemble_grid_blend,10.0,2024,British Grand Prix,2024-07-07
MAG,Haas F1 Team,17.0,12.548777833495842,12.947412684537687,12.421006089068959,12.66274568247511,14,16,14.0,14.0,14,0.0,15.0,15.0,15.0,15.0,15.0,15.0,0.0,0.0,0.0,1.0,1.0,ensemble_grid_blend,12.0,2024,British Grand Prix,2024-07-07
ALB,Williams,9.0,13.450879136202511,13.377717297816558,13.607677888797216,13.456632243286368,15,8,15.0,15.0,15,0.0,12.0,12.0,12.0,12.0,12.0,12.0,0.0,0.0,0.0,0.0,1.0,ensemble_grid_blend,9.0,2024,British Grand Prix,2024-07-07
ZHO,Audi,14.0,15.319177642474616,15.054550568583457,14.321043917159766,15.02693142154974,16,13,16.0,16.0,16,0.0,16.0,16.0,16.0,16.0,16.0,16.0,0.0,0.0,0.0,1.0,1.0,ensemble_grid_blend,18.0,2024,British Grand Prix,2024-07-07
BOT,Audi,16.0,15.35225132789795,15.246528021685917,14.73235580329094,15.191269065802336,17,15,17.0,17.0,17,0.0,17.0,17.0,17.0,17.0,17.0,17.0,0.0,0.0,0.0,1.0,1.0,ensemble_grid_blend,15.0,2024,British Grand Prix,2024-07-07
SAR,Williams,12.0,16.333481852962603,17.013941634346033,16.494493002964706,16.603845006447223,18,11,18.0,18.0,18,0.0,18.0,18.0,18.0,18.0,18.0,18.0,0.0,0.0,0.0,1.0,1.0,ensemble_grid_blend,11.0,2024,British Grand Prix,2024-07-07
VER,Red Bull Racing,3.0,2.6426917724716303,2.321149741924741,3.5841270911455103,2.718439125514995,1,3,1.0,1.0,1,0.0,7.0,7.0,7.0,7.0,7.0,7.0,0.0,0.0,1.0,0.0,1.0,ensemble_grid_blend,5.0,2024,Hungarian Grand Prix,2024-07-21
RUS,Mercedes,17.0,4.536289202813317,5.231212571226502,4.781046772034261,4.828463895602121,2,17,2.0,2.0,2,0.0,2.0,2.0,2.0,2.0,2.0,2.0,0.0,1.0,1.0,1.0,1.0,ensemble_grid_blend,8.0,2024,Hungarian Grand Prix,2024-07-21
HAM,Mercedes,5.0,4.726877472084129,5.223748165942242,4.706744866024858,4.896755693722614,3,5,3.0,3.0,3,0.0,1.0,1.0,1.0,1.0,1.0,1.0,1.0,1.0,1.0,0.0,1.0,ensemble_grid_blend,3.0,2024,Hungarian Grand Prix,2024-07-21
NOR,McLaren,1.0,6.636535012654053,5.686297313797314,5.917960060065105,6.160236827536405,4,1,4.0,4.0,4,0.0,6.0,6.0,6.0,6.0,6.0,6.0,0.0,0.0,1.0,0.0,1.0,ensemble_grid_blend,2.0,2024,Hungarian Grand Prix,2024-07-21
LEC,Ferrari,6.0,6.912924678431876,5.88471177433678,7.023735934817067,6.57521241327563,5,6,5.0,5.0,5,0.0,3.0,3.0,3.0,3.0,3.0,3.0,0.0,1.0,1.0,0.0,1.0,ensemble_grid_blend,4.0,2024,Hungarian Grand Prix,2024-07-21
PIA,McLaren,2.0,6.8064351374024605,6.788915154290154,6.067281294416605,6.652472374715982,6,2,6.0,6.0,6,0.0,5.0,5.0,5.0,5.0,5.0,5.0,0.0,0.0,1.0,1.0,1.0,ensemble_grid_blend,1.0,2024,Hungarian Grand Prix,2024-07-21
SAI,Ferrari,4.0,7.5206867164082345,7.239938915251417,5.764908762365392,7.071269395194779,7,4,7.0,7.0,7,0.0,4.0,4.0,4.0,4.0,4.0,4.0,0.0,0.0,1.0,0.0,1.0,ensemble_grid_blend,6.0,2024,Hungarian Grand Prix,2024-07-21
PER,Red Bull Racing,16.0,7.571142772929116,7.288299186924185,7.497286336349177,7.457376230511402,8,16,8.0,8.0,8,0.0,8.0,8.0,8.0,8.0,8.0,8.0,0.0,0.0,1.0,1.0,1.0,ensemble_grid_blend,7.0,2024,Hungarian Grand Prix,2024-07-21
ALO,Aston Martin,7.0,9.896871332155957,9.811814885106303,10.754004436641923,10.038528196585771,9,7,9.0,9.0,9,0.0,14.0,14.0,14.0,14.0,14.0,14.0,0.0,0.0,0.0,0.0,1.0,ensemble_grid_blend,11.0,2024,Hungarian Grand Prix,2024-07-21
STR,Aston Martin,8.0,10.216677101246674,9.936064726939733,11.404498890601594,10.356027128110227,10,8,10.0,10.0,10,0.0,15.0,15.0,15.0,15.0,15.0,15.0,0.0,0.0,0.0,0.0,1.0,ensemble_grid_blend,10.0,2024,Hungarian Grand Prix,2024-07-21
OCO,Alpine,19.0,10.231896542659602,10.165767787767788,11.805247461748571,10.52342166226526,11,19,11.0,11.0,11,0.0,10.0,10.0,10.0,10.0,10.0,10.0,0.0,0.0,1.0,1.0,1.0,ensemble_grid_blend,18.0,2024,Hungarian Grand Prix,2024-07-21
HUL,Haas F1 Team,11.0,10.628808800539575,10.65640855751838,10.476694688257227,10.608045893025688,12,11,12.0,12.0,12,0.0,9.0,9.0,9.0,9.0,9.0,9.0,0.0,0.0,1.0,0.0,1.0,ensemble_grid_blend,13.0,2024,Hungarian Grand Prix,2024-07-21
RIC,Racing Bulls,9.0,12.331107402453378,12.057927760148347,12.448404947359958,12.258954036627934,13,9,13.0,13.0,13,0.0,11.0,11.0,11.0,11.0,11.0,11.0,0.0,0.0,0.0,0.0,1.0,ensemble_grid_blend,12.0,2024,Hungarian Grand Prix,2024-07-21
TSU,Racing Bulls,10.0,12.134407350334829,12.392391704786437,12.541543251060032,12.306129054537932,14,10,14.0,14.0,14,0.0,12.0,12.0,12.0,12.0,12.0,12.0,0.0,0.0,0.0,0.0,1.0,ensemble_grid_blend,9.0,2024,Hungarian Grand Prix,2024-07-21
ALB,Williams,13.0,13.341492250634321,12.299719488844485,13.145466315012174,12.93766659688345,15,13,15.0,15.0,15,0.0,13.0,13.0,13.0,13.0,13.0,13.0,0.0,0.0,0.0,0.0,1.0,ensemble_grid_blend,14.0,2024,Hungarian Grand Prix,2024-07-21
MAG,Haas F1 Team,15.0,13.305410988197576,13.87952137445888,12.723091496950508,13.389885725139617,16,15,16.0,16.0,16,0.0,16.0,16.0,16.0,16.0,16.0,16.0,0.0,0.0,0.0,1.0,1.0,ensemble_grid_blend,15.0,2024,Hungarian Grand Prix,2024-07-21
ZHO,Audi,18.0,14.756437074595452,14.854994519369516,15.14031466399537,14.867707698146358,17,18,17.0,17.0,17,0.0,17.0,17.0,17.0,17.0,17.0,17.0,0.0,0.0,0.0,1.0,1.0,ensemble_grid_blend,19.0,2024,Hungarian Grand Prix,2024-07-21
BOT,Audi,12.0,15.076611748894704,15.057782634032629,15.251272801790286,15.104953769272095,18,12,18.0,18.0,18,0.0,18.0,18.0,18.0,18.0,18.0,18.0,0.0,0.0,0.0,1.0,1.0,ensemble_grid_blend,16.0,2024,Hungarian Grand Prix,2024-07-21
SAR,Williams,14.0,15.431683553517415,16.294863241333836,15.782616034033857,15.803982940356452,19,14,19.0,19.0,19,0.0,19.0,19.0,19.0,19.0,19.0,19.0,0.0,0.0,0.0,1.0,1.0,ensemble_grid_blend,17.0,2024,Hungarian Grand Prix,2024-07-21
VER,Red Bull Racing,11.0,3.9078109001918593,2.8219357031857015,3.7623644795142077,3.498665297104174,1,11,1.0,1.0,1,0.0,1.0,1.0,1.0,1.0,1.0,1.0,1.0,1.0,1.0,1.0,1.0,ensemble_grid_blend,4.0,2024,Belgian Grand Prix,2024-07-28
NOR,McLaren,4.0,4.801700748176644,5.249501734997739,4.86430429482986,4.97095180289467,2,4,2.0,2.0,2,0.0,4.0,4.0,4.0,4.0,4.0,4.0,0.0,0.0,1.0,0.0,1.0,ensemble_grid_blend,5.0,2024,Belgian Grand Prix,2024-07-28
PIA,McLaren,5.0,4.620986457120852,5.639671421715537,4.7503829405342515,5.003405491411672,3,5,3.0,3.0,3,0.0,3.0,3.0,3.0,3.0,3.0,3.0,0.0,1.0,1.0,1.0,1.0,ensemble_grid_blend,2.0,2024,Belgian Grand Prix,2024-07-28
RUS,Mercedes,6.0,5.680560055815731,5.426419172330937,4.436530011193069,5.342804737671521,4,6,4.0,4.0,4,0.0,2.0,2.0,2.0,2.0,2.0,2.0,0.0,1.0,1.0,0.0,1.0,ensemble_grid_blend,20.0,2024,Belgian Grand Prix,2024-07-28
LEC,Ferrari,1.0,5.465234692761073,4.599699128485895,6.461929233343012,5.3616361533811485,5,1,5.0,5.0,5,0.0,5.0,5.0,5.0,5.0,5.0,5.0,0.0,0.0,1.0,1.0,1.0,ensemble_grid_blend,3.0,2024,Belgian Grand Prix,2024-07-28
HAM,Mercedes,3.0,5.455462463190904,6.140873981410745,3.787109227642226,5.361685847458113,6,3,6.0,6.0,6,0.0,6.0,6.0,6.0,6.0,6.0,6.0,0.0,0.0,1.0,1.0,1.0,ensemble_grid_blend,1.0,2024,Belgian Grand Prix,2024-07-28
SAI,Ferrari,7.0,6.092290910963512,5.648485911147678,5.562975660753974,5.831096110986063,7,7,7.0,7.0,7,0.0,8.0,8.0,8.0,8.0,8.0,8.0,0.0,0.0,1.0,1.0,1.0,ensemble_grid_blend,6.0,2024,Belgian Grand Prix,2024-07-28
PER,Red Bull Racing,2.0,6.903945367779236,6.926834465371225,7.272276554734857,6.985622789327556,8,2,8.0,8.0,8,0.0,7.0,7.0,7.0,7.0,7.0,7.0,0.0,0.0,1.0,1.0,1.0,ensemble_grid_blend,7.0,2024,Belgian Grand Prix,2024-07-28
ALO,Aston Martin,8.0,10.294991007720574,10.510135933510933,10.096697440288242,10.330633018260732,9,8,9.0,9.0,9,0.0,10.0,10.0,10.0,10.0,10.0,10.0,0.0,0.0,1.0,1.0,1.0,ensemble_grid_blend,8.0,2024,Belgian Grand Prix,2024-07-28
STR,Aston Martin,15.0,10.357882406034221,10.828780989843494,10.509634929110105,10.553047414982643,10,15,10.0,10.0,10,0.0,13.0,13.0,13.0,13.0,13.0,13.0,0.0,0.0,0.0,0.0,1.0,ensemble_grid_blend,11.0,2024,Belgian Grand Prix,2024-07-28
HUL,Haas F1 Team,16.0,10.904490919422988,10.690923374698917,9.754588033909974,10.59976170166696,11,16,11.0,11.0,11,0.0,9.0,9.0,9.0,9.0,9.0,9.0,0.0,0.0,1.0,0.0,1.0,ensemble_grid_blend,18.0,2024,Belgian Grand Prix,2024-07-28
TSU,Racing Bulls,20.0,10.913223373542701,10.990823794261296,10.65148025734474,10.888034897554617,12,19,12.0,12.0,12,0.0,11.0,11.0,11.0,11.0,11.0,11.0,0.0,0.0,0.0,1.0,1.0,ensemble_grid_blend,16.0,2024,Belgian Grand Prix,2024-07-28
RIC,Racing Bulls,13.0,11.411579422997766,11.319267919580424,11.008125558648976,11.29857962393194,13,13,13.0,13.0,13,0.0,12.0,12.0,12.0,12.0,12.0,12.0,0.0,0.0,0.0,1.0,1.0,ensemble_grid_blend,10.0,2024,Belgian Grand Prix,2024-07-28
GAS,Alpine,12.0,12.951267400227273,11.994864545177037,12.036696121693067,12.43361214525285,14,12,14.0,14.0,14,0.0,14.0,14.0,14.0,14.0,14.0,14.0,0.0,0.0,0.0,1.0,1.0,ensemble_grid_blend,13.0,2024,Belgian Grand Prix,2024-07-28
ALB,Williams,10.0,12.619701480871825,12.525412336438066,12.390491086158978,12.540858201377441,15,10,15.0,15.0,15,0.0,15.0,15.0,15.0,15.0,15.0,15.0,0.0,0.0,0.0,1.0,1.0,ensemble_grid_blend,12.0,2024,Belgian Grand Prix,2024-07-28
MAG,Haas F1 Team,17.0,13.665690586406456,13.647204119410006,11.80720663357964,13.287523532392337,16,17,16.0,16.0,16,0.0,16.0,16.0,16.0,16.0,16.0,16.0,0.0,0.0,0.0,1.0,1.0,ensemble_grid_blend,14.0,2024,Belgian Grand Prix,2024-07-28
OCO,Alpine,9.0,14.435762960755815,13.658124191168318,13.218417129670541,13.920120225183135,17,9,17.0,17.0,17,0.0,17.0,17.0,17.0,17.0,17.0,17.0,0.0,0.0,0.0,1.0,1.0,ensemble_grid_blend,9.0,2024,Belgian Grand Prix,2024-07-28
BOT,Audi,14.0,14.7321822780197,15.0613564907315,15.277036135825204,14.95636402402993,18,14,18.0,18.0,18,0.0,18.0,18.0,18.0,18.0,18.0,18.0,0.0,0.0,0.0,1.0,1.0,ensemble_grid_blend,15.0,2024,Belgian Grand Prix,2024-07-28
SAR,Williams,18.0,14.969947794887382,16.20718291634836,15.047779338125935,15.418546396046434,19,18,19.0,19.0,19,0.0,19.0,19.0,19.0,19.0,19.0,19.0,0.0,0.0,0.0,1.0,1.0,ensemble_grid_blend,17.0,2024,Belgian Grand Prix,2024-07-28
VER,Red Bull Racing,2.0,4.27012329938291,2.9331231192791285,3.8935870569943978,3.7268659878688846,1,2,1.0,1.0,1,0.0,1.0,1.0,1.0,1.0,1.0,1.0,1.0,1.0,1.0,1.0,1.0,ensemble_grid_blend,2.0,2024,Dutch Grand Prix,2024-08-25
PIA,McLaren,3.0,4.336761184700916,5.5079438792416715,4.0293521695711485,4.685193324764227,2,3,2.0,2.0,2,0.0,4.0,4.0,4.0,4.0,4.0,4.0,0.0,0.0,1.0,0.0,1.0,ensemble_grid_blend,4.0,2024,Dutch Grand Prix,2024-08-25
HAM,Mercedes,14.0,4.568755910093505,5.374548298923298,4.575021623066578,4.852036388778547,3,14,3.0,3.0,3,0.0,2.0,2.0,2.0,2.0,2.0,2.0,0.0,1.0,1.0,1.0,1.0,ensemble_grid_blend,8.0,2024,Dutch Grand Prix,2024-08-25
NOR,McLaren,1.0,4.956942713660781,5.325041806641069,3.932504030792198,4.880889659630165,4,1,4.0,4.0,4,0.0,3.0,3.0,3.0,3.0,3.0,3.0,0.0,1.0,1.0,1.0,1.0,ensemble_grid_blend,1.0,2024,Dutch Grand Prix,2024-08-25
LEC,Ferrari,6.0,6.239071833371953,6.187983793983799,5.767150729147936,6.1268067987412955,5,6,5.0,5.0,5,0.0,5.0,5.0,5.0,5.0,5.0,5.0,0.0,0.0,1.0,1.0,1.0,ensemble_grid_blend,3.0,2024,Dutch Grand Prix,2024-08-25
SAI,Ferrari,10.0,7.17432101736873,7.303955586080583,5.565373996913434,6.897903712326819,6,10,6.0,6.0,6,0.0,7.0,7.0,7.0,7.0,7.0,7.0,0.0,0.0,1.0,1.0,1.0,ensemble_grid_blend,5.0,2024,Dutch Grand Prix,2024-08-25
PER,Red Bull Racing,5.0,6.940911256654759,6.8315122565343165,7.347046791170079,6.983848713515668,7,5,7.0,7.0,7,0.0,6.0,6.0,6.0,6.0,6.0,6.0,0.0,0.0,1.0,1.0,1.0,ensemble_grid_blend,6.0,2024,Dutch Grand Prix,2024-08-25
RUS,Mercedes,4.0,7.248025415857767,7.3430345953496134,7.319431911445388,7.295559927797438,8,4,8.0,8.0,8,0.0,8.0,8.0,8.0,8.0,8.0,8.0,0.0,0.0,1.0,1.0,1.0,ensemble_grid_blend,7.0,2024,Dutch Grand Prix,2024-08-25
ALO,Aston Martin,7.0,9.195270900835576,8.915770264264461,9.47476306863116,9.153344111594803,9,7,9.0,9.0,9,0.0,9.0,9.0,9.0,9.0,9.0,9.0,0.0,0.0,1.0,1.0,1.0,ensemble_grid_blend,10.0,2024,Dutch Grand Prix,2024-08-25
STR,Aston Martin,8.0,9.790942195311763,9.932281861327532,10.341736135514681,9.950569866457865,10,8,10.0,10.0,10,0.0,12.0,12.0,12.0,12.0,12.0,12.0,0.0,0.0,0.0,0.0,1.0,ensemble_grid_blend,13.0,2024,Dutch Grand Prix,2024-08-25
RIC,Racing Bulls,13.0,10.504049445312269,10.544192031652559,11.409151839754974,10.699119829419912,11,13,11.0,11.0,11,0.0,13.0,13.0,13.0,13.0,13.0,13.0,0.0,0.0,0.0,0.0,1.0,ensemble_grid_blend,12.0,2024,Dutch Grand Prix,2024-08-25
TSU,Racing Bulls,11.0,10.84442264269116,10.866872696747699,11.625542407555253,11.008504114583769,12,11,12.0,12.0,12,0.0,14.0,14.0,14.0,14.0,14.0,14.0,0.0,0.0,0.0,0.0,1.0,ensemble_grid_blend,17.0,2024,Dutch Grand Prix,2024-08-25
HUL,Haas F1 Team,12.0,11.194059238546433,10.716435380547278,12.115853929555495,11.21124982644854,13,12,13.0,13.0,13,0.0,10.0,10.0,10.0,10.0,10.0,10.0,0.0,0.0,1.0,0.0,1.0,ensemble_grid_blend,11.0,2024,Dutch Grand Prix,2024-08-25
ALB,Williams,19.0,11.681022784749002,11.058921835517422,12.42531262517334,11.612145420602818,14,19,14.0,14.0,14,0.0,11.0,11.0,11.0,11.0,11.0,11.0,0.0,0.0,0.0,0.0,1.0,ensemble_grid_blend,14.0,2024,Dutch Grand Prix,2024-08-25
GAS,Alpine,9.0,12.279744469011511,11.480635094072598,12.323997457195146,12.008906785419619,15,9,15.0,15.0,15,0.0,16.0,16.0,16.0,16.0,16.0,16.0,0.0,0.0,0.0,1.0,1.0,ensemble_grid_blend,9.0,2024,Dutch Grand Prix,2024-08-25
OCO,Alpine,15.0,12.886689876201599,12.061527153402148,12.843407970414626,12.589226542064395,16,15,16.0,16.0,16,0.0,17.0,17.0,17.0,17.0,17.0,17.0,0.0,0.0,0.0,1.0,1.0,ensemble_grid_blend,15.0,2024,Dutch Grand Prix,2024-08-25
MAG,Haas F1 Team,20.0,12.983575257277192,13.788804114594551,13.498166764976578,13.368323658878145,17,20,17.0,17.0,17,0.0,15.0,15.0,15.0,15.0,15.0,15.0,0.0,0.0,0.0,0.0,1.0,ensemble_grid_blend,18.0,2024,Dutch Grand Prix,2024-08-25
BOT,Audi,16.0,15.380435419179229,15.212130896880904,15.24205561657023,15.293852875853016,18,16,18.0,18.0,18,0.0,19.0,19.0,19.0,19.0,19.0,19.0,0.0,0.0,0.0,1.0,1.0,ensemble_grid_blend,19.0,2024,Dutch Grand Prix,2024-08-25
ZHO,Audi,17.0,15.305188657809115,15.398947247197253,15.596596348467994,15.396285702226738,19,17,19.0,19.0,19,0.0,20.0,20.0,20.0,20.0,20.0,20.0,0.0,0.0,0.0,1.0,1.0,ensemble_grid_blend,20.0,2024,Dutch Grand Prix,2024-08-25
SAR,Williams,18.0,15.66610734063638,16.239309746625924,15.268472717562743,15.787201258117992,20,18,20.0,20.0,20,0.0,18.0,18.0,18.0,18.0,18.0,18.0,0.0,0.0,0.0,0.0,1.0,ensemble_grid_blend,16.0,2024,Dutch Grand Prix,2024-08-25
VER,Red Bull Racing,7.0,3.689707043641908,2.6552900348443838,3.6567745014021673,3.3210745821148264,1,7,1.0,1.0,1,0.0,7.0,7.0,7.0,7.0,7.0,7.0,0.0,0.0,1.0,0.0,1.0,ensemble_grid_blend,6.0,2024,Italian Grand Prix,2024-09-01
PIA,McLaren,2.0,4.417774739901182,5.3203940781440755,4.1880642042202085,4.68774940115,2,2,2.0,2.0,2,0.0,1.0,1.0,1.0,1.0,1.0,1.0,1.0,1.0,1.0,1.0,1.0,ensemble_grid_blend,2.0,2024,Italian Grand Prix,2024-09-01
NOR,McLaren,1.0,5.4743744061452455,5.348188034188034,3.7820029055187847,5.09173487583493,3,1,3.0,3.0,3,0.0,4.0,4.0,4.0,4.0,4.0,4.0,0.0,0.0,1.0,1.0,1.0,ensemble_grid_blend,3.0,2024,Italian Grand Prix,2024-09-01
LEC,Ferrari,4.0,5.043559584807857,5.193197566322566,5.138473733411059,5.114915708058646,4,4,4.0,4.0,4,0.0,3.0,3.0,3.0,3.0,3.0,3.0,0.0,1.0,1.0,1.0,1.0,ensemble_grid_blend,1.0,2024,Italian Grand Prix,2024-09-01
HAM,Mercedes,6.0,5.41417415981854,5.578194881507385,6.067768096015365,5.602300199649001,5,6,5.0,5.0,5,0.0,2.0,2.0,2.0,2.0,2.0,2.0,0.0,1.0,1.0,0.0,1.0,ensemble_grid_blend,5.0,2024,Italian Grand Prix,2024-09-01
SAI,Ferrari,5.0,6.345028985913982,5.819708361083367,5.458724210971646,5.983905812234799,6,5,6.0,6.0,6,0.0,5.0,5.0,5.0,5.0,5.0,5.0,0.0,0.0,1.0,1.0,1.0,ensemble_grid_blend,4.0,2024,Italian Grand Prix,2024-09-01
PER,Red Bull Racing,8.0,5.747629368763236,5.988416278166284,6.786578246919903,6.039694562685636,7,8,7.0,7.0,7,0.0,6.0,6.0,6.0,6.0,6.0,6.0,0.0,0.0,1.0,1.0,1.0,ensemble_grid_blend,8.0,2024,Italian Grand Prix,2024-09-01
RUS,Mercedes,3.0,7.289448401363825,6.901450813075813,8.479022882379894,7.391564141666235,8,3,8.0,8.0,8,0.0,8.0,8.0,8.0,8.0,8.0,8.0,0.0,0.0,1.0,1.0,1.0,ensemble_grid_blend,7.0,2024,Italian Grand Prix,2024-09-01
ALO,Aston Martin,11.0,10.036025457912809,11.029714479964484,10.026939978671962,10.381999519782724,9,11,9.0,9.0,9,0.0,9.0,9.0,9.0,9.0,9.0,9.0,0.0,0.0,1.0,1.0,1.0,ensemble_grid_blend,11.0,2024,Italian Grand Prix,2024-09-01
RIC,Racing Bulls,12.0,11.002678928178918,10.928726298555244,11.939372577437766,11.164134237662402,10,12,10.0,10.0,10,0.0,10.0,10.0,10.0,10.0,10.0,10.0,0.0,0.0,1.0,1.0,1.0,ensemble_grid_blend,13.0,2024,Italian Grand Prix,2024-09-01
STR,Aston Martin,17.0,11.313831764656891,11.041042077848193,11.166717954337225,11.188932612209914,11,16,11.0,11.0,11,0.0,13.0,13.0,13.0,13.0,13.0,13.0,0.0,0.0,0.0,0.0,1.0,ensemble_grid_blend,19.0,2024,Italian Grand Prix,2024-09-01
GAS,Alpine,14.0,11.844916846714641,11.564775589176907,12.135224280626447,11.804928893358797,12,14,12.0,12.0,12,0.0,11.0,11.0,11.0,11.0,11.0,11.0,0.0,0.0,0.0,1.0,1.0,ensemble_grid_blend,15.0,2024,Italian Grand Prix,2024-09-01
COL,Williams,18.0,12.648978219413616,12.280454695158644,12.609895984052795,12.512178538852211,13,17,13.0,13.0,13,0.0,14.0,14.0,14.0,14.0,14.0,14.0,0.0,0.0,0.0,1.0,1.0,ensemble_grid_blend,12.0,2024,Italian Grand Prix,2024-09-01
OCO,Alpine,15.0,12.967206569353769,12.448777309678619,13.079661641339491,12.808247342864611,14,15,14.0,14.0,14,0.0,16.0,16.0,16.0,16.0,16.0,16.0,0.0,0.0,0.0,0.0,1.0,ensemble_grid_blend,14.0,2024,Italian Grand Prix,2024-09-01
ALB,Williams,9.0,12.94961891684018,12.537071029847342,13.311491757798713,12.877601724584393,15,9,15.0,15.0,15,0.0,12.0,12.0,12.0,12.0,12.0,12.0,0.0,0.0,0.0,0.0,1.0,ensemble_grid_blend,9.0,2024,Italian Grand Prix,2024-09-01
HUL,Haas F1 Team,10.0,13.378114353375901,12.633962829568093,12.907299392498215,13.023498327867632,16,10,16.0,16.0,16,0.0,15.0,15.0,15.0,15.0,15.0,15.0,0.0,0.0,0.0,1.0,1.0,ensemble_grid_blend,17.0,2024,Italian Grand Prix,2024-09-01
MAG,Haas F1 Team,13.0,15.550133247728416,15.551409951159958,14.718708634372621,15.384295171258296,17,13,17.0,17.0,17,0.0,17.0,17.0,17.0,17.0,17.0,17.0,0.0,0.0,0.0,1.0,1.0,ensemble_grid_blend,10.0,2024,Italian Grand Prix,2024-09-01
BOT,Audi,19.0,16.31139922801872,16.235054528804532,16.35720775938329,16.293840289566667,18,18,18.0,18.0,18,0.0,18.0,18.0,18.0,18.0,18.0,18.0,0.0,0.0,0.0,1.0,1.0,ensemble_grid_blend,16.0,2024,Italian Grand Prix,2024-09-01
ZHO,Audi,20.0,16.45925326234906,16.32521321733822,16.72867083067975,16.466222760261402,19,19,19.0,19.0,19,0.0,19.0,19.0,19.0,19.0,19.0,19.0,0.0,0.0,0.0,1.0,1.0,ensemble_grid_blend,18.0,2024,Italian Grand Prix,2024-09-01
NOR,McLaren,15.0,3.430009949961344,2.9374941466603866,3.3436180593617575,3.2403510406860914,1,14,1.0,1.0,1,0.0,2.0,2.0,2.0,2.0,2.0,2.0,0.0,1.0,1.0,1.0,1.0,ensemble_grid_blend,4.0,2024,Azerbaijan Grand Prix,2024-09-15
PIA,McLaren,2.0,3.4132431295047128,3.467481504606503,3.635569996588095,3.476691934207016,2,2,2.0,2.0,2,0.0,1.0,1.0,1.0,1.0,1.0,1.0,1.0,1.0,1.0,1.0,1.0,ensemble_grid_blend,1.0,2024,Azerbaijan Grand Prix,2024-09-15
VER,Red Bull Racing,6.0,4.21935001372739,2.8725014098220627,3.6117262504692196,3.6264282497088915,3,6,3.0,3.0,3,0.0,4.0,4.0,4.0,4.0,4.0,4.0,0.0,0.0,1.0,1.0,1.0,ensemble_grid_blend,5.0,2024,Azerbaijan Grand Prix,2024-09-15
LEC,Ferrari,1.0,3.4424229844199967,3.775752913752911,3.960233166678691,3.6626504961382556,4,1,4.0,4.0,4,0.0,3.0,3.0,3.0,3.0,3.0,3.0,0.0,1.0,1.0,1.0,1.0,ensemble_grid_blend,2.0,2024,Azerbaijan Grand Prix,2024-09-15
PER,Red Bull Racing,4.0,5.764053755262022,5.8467585470085455,6.549051711000262,5.950000023520953,5,4,5.0,5.0,5,0.0,5.0,5.0,5.0,5.0,5.0,5.0,0.0,0.0,1.0,1.0,1.0,ensemble_grid_blend,17.0,2024,Azerbaijan Grand Prix,2024-09-15
SAI,Ferrari,3.0,6.830131987295858,7.5316946852167455,4.579846151071558,6.625621764323309,6,3,6.0,6.0,6,0.0,7.0,7.0,7.0,7.0,7.0,7.0,0.0,0.0,1.0,1.0,1.0,ensemble_grid_blend,18.0,2024,Azerbaijan Grand Prix,2024-09-15
HAM,Mercedes,19.0,7.787647357735683,7.274409035000949,5.830009625097562,7.216486398250901,7,18,7.0,7.0,7,0.0,6.0,6.0,6.0,6.0,6.0,6.0,0.0,0.0,1.0,1.0,1.0,ensemble_grid_blend,9.0,2024,Azerbaijan Grand Prix,2024-09-15
RUS,Mercedes,5.0,7.4333462329541735,7.85067529447677,8.105281853787687,7.713798528653785,8,5,8.0,8.0,8,0.0,8.0,8.0,8.0,8.0,8.0,8.0,0.0,0.0,1.0,1.0,1.0,ensemble_grid_blend,3.0,2024,Azerbaijan Grand Prix,2024-09-15
ALO,Aston Martin,7.0,9.485194903831884,9.014146295289676,10.142200038904743,9.451728917856684,9,7,9.0,9.0,9,0.0,9.0,9.0,9.0,9.0,9.0,9.0,0.0,0.0,1.0,1.0,1.0,ensemble_grid_blend,6.0,2024,Azerbaijan Grand Prix,2024-09-15
STR,Aston Martin,13.0,10.881257061501401,9.56959588491574,12.159611377416985,10.677846512879537,10,12,10.0,10.0,10,0.0,12.0,12.0,12.0,12.0,12.0,12.0,0.0,0.0,0.0,0.0,1.0,ensemble_grid_blend,19.0,2024,Azerbaijan Grand Prix,2024-09-15
GAS,Alpine,18.0,11.591313889089513,11.167895253439365,11.73941609401968,11.472737807597994,11,17,11.0,11.0,11,0.0,13.0,13.0,13.0,13.0,13.0,13.0,0.0,0.0,0.0,0.0,1.0,ensemble_grid_blend,12.0,2024,Azerbaijan Grand Prix,2024-09-15
BEA,Haas F1 Team,10.0,11.846770563328004,11.790631768042756,11.086813636905156,11.675130599693597,12,10,12.0,12.0,12,0.0,16.0,16.0,16.0,16.0,16.0,16.0,0.0,0.0,0.0,0.0,1.0,ensemble_grid_blend,10.0,2024,Azerbaijan Grand Prix,2024-09-15
OCO,Alpine,20.0,12.092702710101369,11.875430411908352,12.24026355116731,12.046169573947001,13,19,13.0,13.0,13,0.0,14.0,14.0,14.0,14.0,14.0,14.0,0.0,0.0,0.0,1.0,1.0,ensemble_grid_blend,15.0,2024,Azerbaijan Grand Prix,2024-09-15
COL,Williams,8.0,12.334544882769375,12.344495075186247,12.474226920454461,12.365963857652298,14,8,14.0,14.0,14,0.0,10.0,10.0,10.0,10.0,10.0,10.0,0.0,0.0,1.0,0.0,1.0,ensemble_grid_blend,8.0,2024,Azerbaijan Grand Prix,2024-09-15
RIC,Racing Bulls,14.0,12.597498839086864,12.374997641247644,11.9620955362942,12.392542759284604,15,13,15.0,15.0,15,0.0,15.0,15.0,15.0,15.0,15.0,15.0,0.0,0.0,0.0,1.0,1.0,ensemble_grid_blend,13.0,2024,Azerbaijan Grand Prix,2024-09-15
ALB,Williams,9.0,12.516719434549737,12.716117300183475,11.921265568839534,12.467417914379505,16,9,16.0,16.0,16,0.0,11.0,11.0,11.0,11.0,11.0,11.0,0.0,0.0,0.0,0.0,1.0,ensemble_grid_blend,7.0,2024,Azerbaijan Grand Prix,2024-09-15
HUL,Haas F1 Team,12.0,12.922105941276154,12.713597427490809,13.05218074432901,12.875142922061855,17,11,17.0,17.0,17,0.0,19.0,19.0,19.0,19.0,19.0,19.0,0.0,0.0,0.0,0.0,1.0,ensemble_grid_blend,11.0,2024,Azerbaijan Grand Prix,2024-09-15
BOT,Audi,16.0,14.738664009992616,14.960314324564317,15.93297387897293,15.055103593888774,18,15,18.0,18.0,18,0.0,17.0,17.0,17.0,17.0,17.0,17.0,0.0,0.0,0.0,1.0,1.0,ensemble_grid_blend,16.0,2024,Azerbaijan Grand Prix,2024-09-15
ZHO,Audi,17.0,14.983567930311583,14.921568473193469,16.422969871499127,15.249748508557753,19,16,19.0,19.0,19,0.0,18.0,18.0,18.0,18.0,18.0,18.0,0.0,0.0,0.0,1.0,1.0,ensemble_grid_blend,14.0,2024,Azerbaijan Grand Prix,2024-09-15
PIA,McLaren,5.0,2.7993850756590173,3.0049350512963118,3.266964295415404,2.9648434110833475,1,5,1.0,1.0,1,0.0,1.0,1.0,1.0,1.0,1.0,1.0,1.0,1.0,1.0,1.0,1.0,ensemble_grid_blend,3.0,2024,Singapore Grand Prix,2024-09-22
LEC,Ferrari,9.0,2.8659794606332345,3.2035943917193905,4.234535857404343,3.257855965867611,2,9,2.0,2.0,2,0.0,3.0,3.0,3.0,3.0,3.0,3.0,0.0,1.0,1.0,1.0,1.0,ensemble_grid_blend,5.0,2024,Singapore Grand Prix,2024-09-22
NOR,McLaren,1.0,3.709965280529716,2.861529539045404,3.265307897341234,3.3240812943725104,3,1,3.0,3.0,3,0.0,2.0,2.0,2.0,2.0,2.0,2.0,0.0,1.0,1.0,1.0,1.0,ensemble_grid_blend,1.0,2024,Singapore Grand Prix,2024-09-22
SAI,Ferrari,10.0,5.018858189987793,4.549844565157066,6.73167386983655,5.19726655726679,4,10,4.0,4.0,4,0.0,8.0,8.0,8.0,8.0,8.0,8.0,0.0,0.0,1.0,0.0,1.0,ensemble_grid_blend,7.0,2024,Singapore Grand Prix,2024-09-22
HAM,Mercedes,3.0,5.808095962740205,6.472171411921411,5.913478816937897,6.061598940793165,5,3,5.0,5.0,5,0.0,4.0,4.0,4.0,4.0,4.0,4.0,0.0,0.0,1.0,1.0,1.0,ensemble_grid_blend,6.0,2024,Singapore Grand Prix,2024-09-22
VER,Red Bull Racing,2.0,8.12956139046002,4.895112309146796,4.318271908838373,6.235246315676062,6,2,6.0,6.0,6,0.0,6.0,6.0,6.0,6.0,6.0,6.0,0.0,0.0,1.0,1.0,1.0,ensemble_grid_blend,2.0,2024,Singapore Grand Prix,2024-09-22
RUS,Mercedes,4.0,6.35272471621588,6.719386294261296,6.61352003723884,6.5332153327363685,7,4,7.0,7.0,7,0.0,5.0,5.0,5.0,5.0,5.0,5.0,0.0,0.0,1.0,0.0,1.0,ensemble_grid_blend,4.0,2024,Singapore Grand Prix,2024-09-22
PER,Red Bull Racing,13.0,6.968436176391395,7.2502282083385055,8.280870977937779,7.329550347882161,8,12,8.0,8.0,8,0.0,7.0,7.0,7.0,7.0,7.0,7.0,0.0,0.0,1.0,1.0,1.0,ensemble_grid_blend,10.0,2024,Singapore Grand Prix,2024-09-22
ALO,Aston Martin,7.0,9.499276679403271,8.828719114219115,9.994293622352178,9.363584920178598,9,7,9.0,9.0,9,0.0,9.0,9.0,9.0,9.0,9.0,9.0,0.0,0.0,1.0,1.0,1.0,ensemble_grid_blend,8.0,2024,Singapore Grand Prix,2024-09-22
HUL,Haas F1 Team,6.0,11.306273382185054,11.233937923596011,12.087774116130795,11.437256118468039,10,6,10.0,10.0,10,0.0,16.0,16.0,16.0,16.0,16.0,16.0,0.0,0.0,0.0,0.0,1.0,ensemble_grid_blend,9.0,2024,Singapore Grand Prix,2024-09-22
GAS,Alpine,18.0,11.388784509366285,11.374397276334783,11.967732784430671,11.499538632818137,11,17,11.0,11.0,11,0.0,14.0,14.0,14.0,14.0,14.0,14.0,0.0,0.0,0.0,0.0,1.0,ensemble_grid_blend,17.0,2024,Singapore Grand Prix,2024-09-22
COL,Williams,12.0,11.623882956796274,11.75191568482687,11.148623611568109,11.57364254256135,12,11,12.0,12.0,12,0.0,10.0,10.0,10.0,10.0,10.0,10.0,0.0,0.0,1.0,0.0,1.0,ensemble_grid_blend,11.0,2024,Singapore Grand Prix,2024-09-22
RIC,Racing Bulls,16.0,12.069079468673886,12.197263850084983,12.110036523453232,12.122135413123639,13,15,13.0,13.0,13,0.0,15.0,15.0,15.0,15.0,15.0,15.0,0.0,0.0,0.0,0.0,1.0,ensemble_grid_blend,18.0,2024,Singapore Grand Prix,2024-09-22
OCO,Alpine,15.0,12.478512900581133,12.534890760791502,12.928437528979586,12.588230077334453,14,14,14.0,14.0,14,0.0,12.0,12.0,12.0,12.0,12.0,12.0,0.0,0.0,0.0,0.0,1.0,ensemble_grid_blend,13.0,2024,Singapore Grand Prix,2024-09-22
STR,Aston Martin,17.0,12.763599096884866,12.083431872457604,13.366241775554641,12.64606910406928,15,16,15.0,15.0,15,0.0,13.0,13.0,13.0,13.0,13.0,13.0,0.0,0.0,0.0,0.0,1.0,ensemble_grid_blend,14.0,2024,Singapore Grand Prix,2024-09-22
TSU,Racing Bulls,8.0,13.237805572009139,12.242145464421199,12.73367408708828,12.788498237369188,16,8,16.0,16.0,16,0.0,11.0,11.0,11.0,11.0,11.0,11.0,0.0,0.0,0.0,0.0,1.0,ensemble_grid_blend,12.0,2024,Singapore Grand Prix,2024-09-22
MAG,Haas F1 Team,14.0,12.5689048857921,13.249902597402592,13.129109194558257,12.919294946609003,17,13,17.0,17.0,17,0.0,17.0,17.0,17.0,17.0,17.0,17.0,0.0,0.0,0.0,1.0,1.0,ensemble_grid_blend,19.0,2024,Singapore Grand Prix,2024-09-22
ZHO,Audi,20.0,14.661981207774707,14.94842410367411,16.00392919086429,15.030625817957414,18,19,18.0,18.0,18,0.0,19.0,19.0,19.0,19.0,19.0,19.0,0.0,0.0,0.0,1.0,1.0,ensemble_grid_blend,15.0,2024,Singapore Grand Prix,2024-09-22
BOT,Audi,19.0,14.773205029748299,15.112659770784779,15.959589632938641,15.129291109749136,19,18,19.0,19.0,19,0.0,18.0,18.0,18.0,18.0,18.0,18.0,0.0,0.0,0.0,1.0,1.0,ensemble_grid_blend,16.0,2024,Singapore Grand Prix,2024-09-22
PIA,McLaren,5.0,2.910618111536164,2.9142014276573116,3.130762199562519,2.9559010897838367,1,5,1.0,1.0,1,0.0,2.0,2.0,2.0,2.0,2.0,2.0,0.0,1.0,1.0,1.0,1.0,ensemble_grid_blend,5.0,2024,United States Grand Prix,2024-10-20
NOR,McLaren,1.0,3.2598072911278115,2.6664310758685774,2.9709314233769266,2.994350442236903,2,1,2.0,2.0,2,0.0,1.0,1.0,1.0,1.0,1.0,1.0,1.0,1.0,1.0,1.0,1.0,ensemble_grid_blend,4.0,2024,United States Grand Prix,2024-10-20
LEC,Ferrari,4.0,3.4032381852577034,3.502153864109749,4.588313682230804,3.6748737722505393,3,4,3.0,3.0,3,0.0,3.0,3.0,3.0,3.0,3.0,3.0,0.0,1.0,1.0,1.0,1.0,ensemble_grid_blend,1.0,2024,United States Grand Prix,2024-10-20
SAI,Ferrari,3.0,4.465566032086647,4.408190434565435,7.060118377385209,4.964395042013935,4,3,4.0,4.0,4,0.0,4.0,4.0,4.0,4.0,4.0,4.0,0.0,0.0,1.0,1.0,1.0,ensemble_grid_blend,2.0,2024,United States Grand Prix,2024-10-20
VER,Red Bull Racing,2.0,7.261238734322352,4.880032324765877,4.421081832888259,5.859785110690767,5,2,5.0,5.0,5,0.0,5.0,5.0,5.0,5.0,5.0,5.0,0.0,0.0,1.0,1.0,1.0,ensemble_grid_blend,3.0,2024,United States Grand Prix,2024-10-20
RUS,Mercedes,20.0,7.736593987583758,8.451302283500816,5.987276998809275,7.6368784933998315,6,19,6.0,6.0,6,0.0,6.0,6.0,6.0,6.0,6.0,6.0,0.0,0.0,1.0,1.0,1.0,ensemble_grid_blend,6.0,2024,United States Grand Prix,2024-10-20
PER,Red Bull Racing,9.0,7.247109106033455,8.466325124640296,8.824380806895757,7.989289052718309,7,9,7.0,7.0,7,0.0,7.0,7.0,7.0,7.0,7.0,7.0,0.0,0.0,1.0,1.0,1.0,ensemble_grid_blend,7.0,2024,United States Grand Prix,2024-10-20
ALO,Aston Martin,7.0,10.014482617265765,9.012218420468418,9.748488924162535,9.610491409766048,8,7,8.0,8.0,8,0.0,10.0,10.0,10.0,10.0,10.0,10.0,0.0,0.0,1.0,0.0,1.0,ensemble_grid_blend,13.0,2024,United States Grand Prix,2024-10-20
ALB,Williams,14.0,10.056574834754803,10.543336527642996,10.155718722219664,10.246770204758642,9,14,9.0,9.0,9,0.0,8.0,8.0,8.0,8.0,8.0,8.0,0.0,0.0,1.0,1.0,1.0,ensemble_grid_blend,16.0,2024,United States Grand Prix,2024-10-20
HUL,Haas F1 Team,11.0,11.814122675722817,10.8434535048285,11.683192403303867,11.448202411426017,10,11,10.0,10.0,10,0.0,9.0,9.0,9.0,9.0,9.0,9.0,0.0,0.0,1.0,1.0,1.0,ensemble_grid_blend,8.0,2024,United States Grand Prix,2024-10-20
COL,Williams,15.0,13.149843416139577,11.924145914585935,10.687165860029978,12.228313779373881,11,15,11.0,11.0,11,0.0,12.0,12.0,12.0,12.0,12.0,12.0,0.0,0.0,0.0,1.0,1.0,ensemble_grid_blend,10.0,2024,United States Grand Prix,2024-10-20
TSU,Racing Bulls,10.0,12.692719215912167,12.2700436993562,12.82190298041186,12.570619538017517,12,10,12.0,12.0,12,0.0,11.0,11.0,11.0,11.0,11.0,11.0,0.0,0.0,0.0,1.0,1.0,ensemble_grid_blend,14.0,2024,United States Grand Prix,2024-10-20
GAS,Alpine,6.0,13.157940746098854,13.170437139249634,12.985044882396336,13.127735310961123,13,6,13.0,13.0,13,0.0,13.0,13.0,13.0,13.0,13.0,13.0,0.0,0.0,0.0,1.0,1.0,ensemble_grid_blend,12.0,2024,United States Grand Prix,2024-10-20
STR,Aston Martin,13.0,13.367875897470542,12.666857559107564,13.462791083230217,13.141502516195436,14,13,14.0,14.0,14,0.0,15.0,15.0,15.0,15.0,15.0,15.0,0.0,0.0,0.0,1.0,1.0,ensemble_grid_blend,15.0,2024,United States Grand Prix,2024-10-20
LAW,Racing Bulls,19.0,13.54040742634164,13.087744214119212,12.815882356405073,13.237070288076477,15,18,15.0,15.0,15,0.0,18.0,18.0,18.0,18.0,18.0,18.0,0.0,0.0,0.0,0.0,1.0,ensemble_grid_blend,9.0,2024,United States Grand Prix,2024-10-20
MAG,Haas F1 Team,8.0,13.2234952224793,13.528258846226233,13.715372934649782,13.428538033224825,16,8,16.0,16.0,16,0.0,17.0,17.0,17.0,17.0,17.0,17.0,0.0,0.0,0.0,1.0,1.0,ensemble_grid_blend,11.0,2024,United States Grand Prix,2024-10-20
OCO,Alpine,12.0,13.913740936788775,13.235165574191884,13.166571739948353,13.52680572051178,17,12,17.0,17.0,17,0.0,14.0,14.0,14.0,14.0,14.0,14.0,0.0,0.0,0.0,0.0,1.0,ensemble_grid_blend,18.0,2024,United States Grand Prix,2024-10-20
ZHO,Audi,18.0,14.505346212277745,14.87078522866023,15.262092325871574,14.78459909073038,18,17,18.0,18.0,18,0.0,16.0,16.0,16.0,16.0,16.0,16.0,0.0,0.0,0.0,0.0,1.0,ensemble_grid_blend,19.0,2024,United States Grand Prix,2024-10-20
BOT,Audi,16.0,14.738389407683128,15.15260088522588,15.42267025157765,15.020219593601997,19,16,19.0,19.0,19,0.0,19.0,19.0,19.0,19.0,19.0,19.0,0.0,0.0,0.0,1.0,1.0,ensemble_grid_blend,17.0,2024,United States Grand Prix,2024-10-20
NOR,McLaren,3.0,3.1349058268211834,2.9195802216144724,3.256273733173492,3.083815446269296,1,4,1.0,1.0,1,0.0,2.0,2.0,2.0,2.0,2.0,2.0,0.0,1.0,1.0,1.0,1.0,ensemble_grid_blend,2.0,2024,Mexico City Grand Prix,2024-10-27
PIA,McLaren,17.0,3.131216040761832,3.164829187968894,3.580169152893128,3.2327712647105633,2,15,2.0,2.0,2,0.0,3.0,3.0,3.0,3.0,3.0,3.0,0.0,1.0,1.0,1.0,1.0,ensemble_grid_blend,8.0,2024,Mexico City Grand Prix,2024-10-27
LEC,Ferrari,4.0,3.115895658987768,3.0290611263736262,4.267712970409064,3.3158670348570776,3,5,3.0,3.0,3,0.0,1.0,1.0,1.0,1.0,1.0,1.0,1.0,1.0,1.0,0.0,1.0,ensemble_grid_blend,3.0,2024,Mexico City Grand Prix,2024-10-27
VER,Red Bull Racing,2.0,3.219519735922849,3.126892346542345,4.06809180955062,3.3568145643652265,4,3,4.0,4.0,4,0.0,4.0,4.0,4.0,4.0,4.0,4.0,0.0,0.0,1.0,1.0,1.0,ensemble_grid_blend,6.0,2024,Mexico City Grand Prix,2024-10-27
SAI,Ferrari,1.0,4.291186994744248,4.2505880092130095,6.505322762689218,4.719804503397308,5,2,5.0,5.0,5,0.0,5.0,5.0,5.0,5.0,5.0,5.0,0.0,0.0,1.0,1.0,1.0,ensemble_grid_blend,1.0,2024,Mexico City Grand Prix,2024-10-27
HAM,Mercedes,6.0,5.877490559661217,6.0603832009493805,5.622860872207795,5.89057704662139,6,7,6.0,6.0,6,0.0,7.0,7.0,7.0,7.0,7.0,7.0,0.0,0.0,1.0,1.0,1.0,ensemble_grid_blend,4.0,2024,Mexico City Grand Prix,2024-10-27
RUS,Mercedes,5.0,6.84940562939171,7.718721965534464,5.923307057587995,6.968446632680931,7,6,7.0,7.0,7,0.0,6.0,6.0,6.0,6.0,6.0,6.0,0.0,0.0,1.0,1.0,1.0,ensemble_grid_blend,5.0,2024,Mexico City Grand Prix,2024-10-27
PER,Red Bull Racing,18.0,7.456330985265985,7.830228268640996,8.415352546576237,7.778999346709289,8,16,8.0,8.0,8,0.0,8.0,8.0,8.0,8.0,8.0,8.0,0.0,0.0,1.0,1.0,1.0,ensemble_grid_blend,17.0,2024,Mexico City Grand Prix,2024-10-27
HUL,Haas F1 Team,10.0,10.680774746899097,10.706461741075403,10.633561595802142,10.680322564641413,9,10,9.0,9.0,9,0.0,13.0,13.0,13.0,13.0,13.0,13.0,0.0,0.0,0.0,0.0,1.0,ensemble_grid_blend,9.0,2024,Mexico City Grand Prix,2024-10-27
COL,Williams,16.0,11.468166872271963,11.241214848335357,10.754066082091917,11.245913505858141,10,14,10.0,10.0,10,0.0,9.0,9.0,9.0,9.0,9.0,9.0,0.0,0.0,1.0,1.0,1.0,ensemble_grid_blend,12.0,2024,Mexico City Grand Prix,2024-10-27
LAW,Racing Bulls,12.0,12.484041316805333,11.697277502726031,12.288752439552052,12.16961620642692,11,11,11.0,11.0,11,0.0,10.0,10.0,10.0,10.0,10.0,10.0,0.0,0.0,1.0,1.0,1.0,ensemble_grid_blend,16.0,2024,Mexico City Grand Prix,2024-10-27
GAS,Alpine,8.0,12.594538154216433,13.15333895597866,12.823054180235388,12.835821640037004,12,9,12.0,12.0,12,0.0,11.0,11.0,11.0,11.0,11.0,11.0,0.0,0.0,0.0,1.0,1.0,ensemble_grid_blend,10.0,2024,Mexico City Grand Prix,2024-10-27
STR,Aston Martin,14.0,13.183148249256833,12.687217303937896,13.252323766483311,13.0234075218405,13,12,13.0,13.0,13,0.0,14.0,14.0,14.0,14.0,14.0,14.0,0.0,0.0,0.0,1.0,1.0,ensemble_grid_blend,11.0,2024,Mexico City Grand Prix,2024-10-27
MAG,Haas F1 Team,7.0,12.605585801722205,13.995814996445763,12.757247432718316,13.122498346074671,14,8,14.0,14.0,14,0.0,12.0,12.0,12.0,12.0,12.0,12.0,0.0,0.0,0.0,0.0,1.0,ensemble_grid_blend,7.0,2024,Mexico City Grand Prix,2024-10-27
OCO,Alpine,0.0,14.483493080243832,13.760591064164592,13.753729130617009,14.084524584690733,15,1,15.0,15.0,15,0.0,15.0,15.0,15.0,15.0,15.0,15.0,0.0,0.0,0.0,1.0,1.0,ensemble_grid_blend,13.0,2024,Mexico City Grand Prix,2024-10-27
BOT,Audi,15.0,15.217786712468792,15.544476173336475,15.66867723933239,15.4223061291452,16,13,16.0,16.0,16,0.0,17.0,17.0,17.0,17.0,17.0,17.0,0.0,0.0,0.0,1.0,1.0,ensemble_grid_blend,14.0,2024,Mexico City Grand Prix,2024-10-27
ZHO,Audi,19.0,15.337061982504883,15.543089368964372,15.666403666428463,15.47503990455042,17,17,17.0,17.0,17,0.0,16.0,16.0,16.0,16.0,16.0,16.0,0.0,0.0,0.0,1.0,1.0,ensemble_grid_blend,15.0,2024,Mexico City Grand Prix,2024-10-27
NOR,McLaren,1.0,2.822745720220886,2.781436903374404,3.287136494793444,2.9011657892391285,1,1,1.0,1.0,1,0.0,1.0,1.0,1.0,1.0,1.0,1.0,1.0,1.0,1.0,1.0,1.0,ensemble_grid_blend,6.0,2024,São Paulo Grand Prix,2024-11-03
LEC,Ferrari,6.0,3.8556803208619277,3.736481896779692,3.3939810495557605,3.721621018171912,2,6,2.0,2.0,2,0.0,3.0,3.0,3.0,3.0,3.0,3.0,0.0,1.0,1.0,1.0,1.0,ensemble_grid_blend,5.0,2024,São Paulo Grand Prix,2024-11-03
VER,Red Bull Racing,17.0,4.146835990185338,3.942959304584306,4.308581524764584,4.1078282571408264,3,14,3.0,3.0,3,0.0,2.0,2.0,2.0,2.0,2.0,2.0,0.0,1.0,1.0,1.0,1.0,ensemble_grid_blend,1.0,2024,São Paulo Grand Prix,2024-11-03
HAM,Mercedes,14.0,5.553322333465214,5.484614371739372,5.312861935441408,5.481182467256408,4,12,4.0,4.0,4,0.0,5.0,5.0,5.0,5.0,5.0,5.0,0.0,0.0,1.0,1.0,1.0,ensemble_grid_blend,10.0,2024,São Paulo Grand Prix,2024-11-03
RUS,Mercedes,2.0,6.776384503148865,6.940403048340548,5.76348575496354,6.631211244328889,5,2,5.0,5.0,5,0.0,6.0,6.0,6.0,6.0,6.0,6.0,0.0,0.0,1.0,1.0,1.0,ensemble_grid_blend,4.0,2024,São Paulo Grand Prix,2024-11-03
PIA,McLaren,8.0,7.371881800001484,7.701309322621824,4.513535545411813,6.915512182000668,6,7,6.0,6.0,6,0.0,4.0,4.0,4.0,4.0,4.0,4.0,0.0,0.0,1.0,0.0,1.0,ensemble_grid_blend,8.0,2024,São Paulo Grand Prix,2024-11-03
PER,Red Bull Racing,12.0,8.207902428150568,9.999456557331563,9.215483257733466,9.036462539280496,7,10,7.0,7.0,7,0.0,8.0,8.0,8.0,8.0,8.0,8.0,0.0,0.0,1.0,1.0,1.0,ensemble_grid_blend,11.0,2024,São Paulo Grand Prix,2024-11-03
ALO,Aston Martin,9.0,9.049040987028215,8.853640678765679,9.811632704185236,9.13316922256773,8,8,8.0,8.0,8,0.0,7.0,7.0,7.0,7.0,7.0,7.0,0.0,0.0,1.0,1.0,1.0,ensemble_grid_blend,14.0,2024,São Paulo Grand Prix,2024-11-03
BEA,Haas F1 Team,15.0,10.347741826028864,10.80409274806005,9.587151548519348,10.355346593237876,9,13,9.0,9.0,9,0.0,9.0,9.0,9.0,9.0,9.0,9.0,0.0,0.0,1.0,1.0,1.0,ensemble_grid_blend,12.0,2024,São Paulo Grand Prix,2024-11-03
GAS,Alpine,13.0,12.219625059719338,12.34213768322321,12.380263031421899,12.294632072286205,10,11,10.0,10.0,10,0.0,10.0,10.0,10.0,10.0,10.0,10.0,0.0,0.0,1.0,1.0,1.0,ensemble_grid_blend,3.0,2024,São Paulo Grand Prix,2024-11-03
TSU,Racing Bulls,3.0,13.389059123003848,12.871649336774338,13.042593226833528,13.138672518589456,11,3,11.0,11.0,11,0.0,11.0,11.0,11.0,11.0,11.0,11.0,0.0,0.0,0.0,1.0,1.0,ensemble_grid_blend,7.0,2024,São Paulo Grand Prix,2024-11-03
LAW,Racing Bulls,5.0,13.316286072239281,13.022769425019419,13.105146017490963,13.171327234762664,12,5,12.0,12.0,12,0.0,12.0,12.0,12.0,12.0,12.0,12.0,0.0,0.0,0.0,1.0,1.0,ensemble_grid_blend,9.0,2024,São Paulo Grand Prix,2024-11-03
OCO,Alpine,4.0,13.38505805767901,13.235183812575452,13.472602021102778,13.35011086457752,13,4,13.0,13.0,13,0.0,13.0,13.0,13.0,13.0,13.0,13.0,0.0,0.0,0.0,1.0,1.0,ensemble_grid_blend,2.0,2024,São Paulo Grand Prix,2024-11-03
ZHO,Audi,19.0,14.94447449400392,15.352594252969256,15.613302980790671,15.221082106999138,14,15,14.0,14.0,14,0.0,15.0,15.0,15.0,15.0,15.0,15.0,0.0,0.0,0.0,1.0,1.0,ensemble_grid_blend,15.0,2024,São Paulo Grand Prix,2024-11-03
BOT,Audi,11.0,15.268825999416599,15.380249236874239,15.448969327818727,15.343852798207198,15,9,15.0,15.0,15,0.0,14.0,14.0,14.0,14.0,14.0,14.0,0.0,0.0,0.0,1.0,1.0,ensemble_grid_blend,13.0,2024,São Paulo Grand Prix,2024-11-03
VER,Red Bull Racing,5.0,2.9041397000626246,3.3023965013744414,3.965214054523214,3.2557444514138782,1,4,1.0,1.0,1,0.0,1.0,1.0,1.0,1.0,1.0,1.0,1.0,1.0,1.0,1.0,1.0,ensemble_grid_blend,5.0,2024,Las Vegas Grand Prix,2024-11-23
LEC,Ferrari,4.0,3.9810080923914075,3.9529845709845692,3.5001896190035797,3.8750361652214487,2,3,2.0,2.0,2,0.0,2.0,2.0,2.0,2.0,2.0,2.0,0.0,1.0,1.0,1.0,1.0,ensemble_grid_blend,4.0,2024,Las Vegas Grand Prix,2024-11-23
SAI,Ferrari,2.0,3.516198606930386,4.032401923003897,4.484658813071648,3.8905618087843674,3,2,3.0,3.0,3,0.0,3.0,3.0,3.0,3.0,3.0,3.0,0.0,1.0,1.0,1.0,1.0,ensemble_grid_blend,3.0,2024,Las Vegas Grand Prix,2024-11-23
NOR,McLaren,6.0,4.097466622367031,4.097338675213675,4.303883598305918,4.138705236051133,4,5,4.0,4.0,4,0.0,4.0,4.0,4.0,4.0,4.0,4.0,0.0,0.0,1.0,1.0,1.0,ensemble_grid_blend,6.0,2024,Las Vegas Grand Prix,2024-11-23
HAM,Mercedes,10.0,5.232238565685439,5.9914363279694145,6.107846275173652,5.673079324382473,5,9,5.0,5.0,5,0.0,6.0,6.0,6.0,6.0,6.0,6.0,0.0,0.0,1.0,1.0,1.0,ensemble_grid_blend,2.0,2024,Las Vegas Grand Prix,2024-11-23
PIA,McLaren,8.0,5.703161826091042,6.509474997224996,5.64822337989278,5.974383746748273,6,7,6.0,6.0,6,0.0,5.0,5.0,5.0,5.0,5.0,5.0,0.0,0.0,1.0,1.0,1.0,ensemble_grid_blend,7.0,2024,Las Vegas Grand Prix,2024-11-23
RUS,Mercedes,1.0,6.2887001345012115,6.67936408061248,5.8073819736265095,6.329168883465215,7,1,7.0,7.0,7,0.0,7.0,7.0,7.0,7.0,7.0,7.0,0.0,0.0,1.0,1.0,1.0,ensemble_grid_blend,1.0,2024,Las Vegas Grand Prix,2024-11-23
PER,Red Bull Racing,15.0,8.840375370601885,10.177804861804866,9.463032867310494,9.43300719186465,8,14,8.0,8.0,8,0.0,10.0,10.0,10.0,10.0,10.0,10.0,0.0,0.0,1.0,0.0,1.0,ensemble_grid_blend,10.0,2024,Las Vegas Grand Prix,2024-11-23
ALO,Aston Martin,16.0,10.392869875384706,9.080859171100654,10.843170135234416,10.02372618085523,9,15,9.0,9.0,9,0.0,8.0,8.0,8.0,8.0,8.0,8.0,0.0,0.0,1.0,1.0,1.0,ensemble_grid_blend,11.0,2024,Las Vegas Grand Prix,2024-11-23
COL,Williams,20.0,10.853378419888793,11.153841987269253,11.480382496203903,11.083941483734977,10,18,10.0,10.0,10,0.0,13.0,13.0,13.0,13.0,13.0,13.0,0.0,0.0,0.0,0.0,1.0,ensemble_grid_blend,14.0,2024,Las Vegas Grand Prix,2024-11-23
TSU,Racing Bulls,7.0,11.032527424833065,11.371463470009521,11.386917202348318,11.222032996147874,11,6,11.0,11.0,11,0.0,9.0,9.0,9.0,9.0,9.0,9.0,0.0,0.0,1.0,0.0,1.0,ensemble_grid_blend,9.0,2024,Las Vegas Grand Prix,2024-11-23
HUL,Haas F1 Team,9.0,11.8699150994069,11.403480696236134,10.02759316364656,11.338198671145065,12,8,12.0,12.0,12,0.0,12.0,12.0,12.0,12.0,12.0,12.0,0.0,0.0,0.0,1.0,1.0,ensemble_grid_blend,8.0,2024,Las Vegas Grand Prix,2024-11-23
STR,Aston Martin,18.0,11.267712845340741,10.772877206943381,12.864322847016407,11.413842372236797,13,16,13.0,13.0,13,0.0,11.0,11.0,11.0,11.0,11.0,11.0,0.0,0.0,0.0,0.0,1.0,ensemble_grid_blend,15.0,2024,Las Vegas Grand Prix,2024-11-23
LAW,Racing Bulls,14.0,12.228510832534953,12.367792564869767,11.718671538686309,12.175291580082408,14,13,14.0,14.0,14,0.0,14.0,14.0,14.0,14.0,14.0,14.0,0.0,0.0,0.0,1.0,1.0,ensemble_grid_blend,16.0,2024,Las Vegas Grand Prix,2024-11-23
OCO,Alpine,11.0,13.076568091331026,12.904949608870666,10.786268996877363,12.55844180357917,15,10,15.0,15.0,15,0.0,15.0,15.0,15.0,15.0,15.0,15.0,0.0,0.0,0.0,1.0,1.0,ensemble_grid_blend,17.0,2024,Las Vegas Grand Prix,2024-11-23
MAG,Haas F1 Team,12.0,13.808950303847755,13.511884211784947,11.684140765588566,13.280015263973935,16,11,16.0,16.0,16,0.0,16.0,16.0,16.0,16.0,16.0,16.0,0.0,0.0,0.0,1.0,1.0,ensemble_grid_blend,12.0,2024,Las Vegas Grand Prix,2024-11-23
ZHO,Audi,13.0,15.25836291196352,15.412742909867914,15.46736449247844,15.354196227333043,17,12,17.0,17.0,17,0.0,18.0,18.0,18.0,18.0,18.0,18.0,0.0,0.0,0.0,1.0,1.0,ensemble_grid_blend,13.0,2024,Las Vegas Grand Prix,2024-11-23
BOT,Audi,19.0,15.57702472392848,15.366310592185592,15.025389394120987,15.392947711856971,18,17,18.0,18.0,18,0.0,17.0,17.0,17.0,17.0,17.0,17.0,0.0,0.0,0.0,1.0,1.0,ensemble_grid_blend,18.0,2024,Las Vegas Grand Prix,2024-11-23
RUS,Mercedes,1.0,3.2124214712715506,4.106169665860456,4.785813477966558,3.8399117407166687,1,1,1.0,1.0,1,0.0,5.0,5.0,5.0,5.0,5.0,5.0,0.0,0.0,1.0,0.0,1.0,ensemble_grid_blend,4.0,2024,Qatar Grand Prix,2024-12-01
SAI,Ferrari,7.0,3.533820101116255,4.172727580168373,4.38094195098928,3.9268620887591013,2,7,2.0,2.0,2,0.0,1.0,1.0,1.0,1.0,1.0,1.0,1.0,1.0,1.0,1.0,1.0,ensemble_grid_blend,6.0,2024,Qatar Grand Prix,2024-12-01
VER,Red Bull Racing,2.0,4.654833163079127,4.388019567850452,4.460266921808769,4.522535156495019,3,2,3.0,3.0,3,0.0,2.0,2.0,2.0,2.0,2.0,2.0,0.0,1.0,1.0,1.0,1.0,ensemble_grid_blend,1.0,2024,Qatar Grand Prix,2024-12-01
PIA,McLaren,4.0,4.696513143783753,5.510110882173384,6.053965528695041,5.252762829202381,4,4,4.0,4.0,4,0.0,3.0,3.0,3.0,3.0,3.0,3.0,0.0,1.0,1.0,1.0,1.0,ensemble_grid_blend,3.0,2024,Qatar Grand Prix,2024-12-01
LEC,Ferrari,5.0,5.47977169428999,5.791608575248279,3.8687239203861328,5.266705047844621,5,5,5.0,5.0,5,0.0,4.0,4.0,4.0,4.0,4.0,4.0,0.0,0.0,1.0,1.0,1.0,ensemble_grid_blend,2.0,2024,Qatar Grand Prix,2024-12-01
NOR,McLaren,3.0,6.205713604191496,5.5124021649575035,4.730779404029514,5.668067760427202,6,3,6.0,6.0,6,0.0,6.0,6.0,6.0,6.0,6.0,6.0,0.0,0.0,1.0,1.0,1.0,ensemble_grid_blend,10.0,2024,Qatar Grand Prix,2024-12-01
HAM,Mercedes,6.0,6.467707392246493,6.05620165945166,5.185651030073024,6.067269113333608,7,6,7.0,7.0,7,0.0,7.0,7.0,7.0,7.0,7.0,7.0,0.0,0.0,1.0,1.0,1.0,ensemble_grid_blend,12.0,2024,Qatar Grand Prix,2024-12-01
ALO,Aston Martin,8.0,10.003498349500374,9.036037970607822,10.894891018594606,9.843165750706827,8,8,8.0,8.0,8,0.0,9.0,9.0,9.0,9.0,9.0,9.0,0.0,0.0,1.0,1.0,1.0,ensemble_grid_blend,7.0,2024,Qatar Grand Prix,2024-12-01
TSU,Racing Bulls,14.0,10.968001235881866,10.78509691161665,11.163863161622418,10.94315710753715,9,13,9.0,9.0,9,0.0,11.0,11.0,11.0,11.0,11.0,11.0,0.0,0.0,0.0,0.0,1.0,ensemble_grid_blend,13.0,2024,Qatar Grand Prix,2024-12-01
GAS,Alpine,11.0,11.611162345862972,11.02571641532969,10.117136332811922,11.107451067566114,10,10,10.0,10.0,10,0.0,10.0,10.0,10.0,10.0,10.0,10.0,0.0,0.0,1.0,1.0,1.0,ensemble_grid_blend,5.0,2024,Qatar Grand Prix,2024-12-01
ALB,Williams,16.0,11.697160164996832,11.608499858526779,11.794701222669419,11.68563726926683,11,14,11.0,11.0,11,0.0,12.0,12.0,12.0,12.0,12.0,12.0,0.0,0.0,0.0,1.0,1.0,ensemble_grid_blend,15.0,2024,Qatar Grand Prix,2024-12-01
LAW,Racing Bulls,17.0,11.943041566743762,12.10568717393717,12.397145290832276,12.09078827407916,12,15,12.0,12.0,12,0.0,13.0,13.0,13.0,13.0,13.0,13.0,0.0,0.0,0.0,1.0,1.0,ensemble_grid_blend,14.0,2024,Qatar Grand Prix,2024-12-01
MAG,Haas F1 Team,10.0,13.24889513220725,12.436038456181759,11.471405311836623,12.608897331524204,13,9,13.0,13.0,13,0.0,8.0,8.0,8.0,8.0,8.0,8.0,0.0,0.0,1.0,0.0,1.0,ensemble_grid_blend,9.0,2024,Qatar Grand Prix,2024-12-01
ZHO,Audi,12.0,15.688188614606908,15.647070893665722,14.707935282164163,15.477746745788945,14,11,14.0,14.0,14,0.0,14.0,14.0,14.0,14.0,14.0,14.0,0.0,0.0,0.0,1.0,1.0,ensemble_grid_blend,8.0,2024,Qatar Grand Prix,2024-12-01
BOT,Audi,13.0,15.550594341554458,15.75358365541378,15.0627182113867,15.524065375371668,15,12,15.0,15.0,15,0.0,15.0,15.0,15.0,15.0,15.0,15.0,0.0,0.0,0.0,1.0,1.0,ensemble_grid_blend,11.0,2024,Qatar Grand Prix,2024-12-01
VER,Red Bull Racing,4.0,2.6151308576688383,1.9280723710119025,3.0396279005143425,2.459559795908012,1,4,1.0,1.0,1,0.0,1.0,1.0,1.0,1.0,1.0,1.0,1.0,1.0,1.0,1.0,1.0,ensemble_grid_blend,6.0,2024,Abu Dhabi Grand Prix,2024-12-08
LEC,Ferrari,19.0,3.7415388086517494,3.830791472416473,3.8932350262529587,3.8031164844896446,2,17,2.0,2.0,2,0.0,4.0,4.0,4.0,4.0,4.0,4.0,0.0,0.0,1.0,0.0,1.0,ensemble_grid_blend,3.0,2024,Abu Dhabi Grand Prix,2024-12-08
RUS,Mercedes,6.0,3.6697917843863883,4.143296578421579,4.981635244435047,4.097887154308436,3,6,3.0,3.0,3,0.0,2.0,2.0,2.0,2.0,2.0,2.0,0.0,1.0,1.0,1.0,1.0,ensemble_grid_blend,5.0,2024,Abu Dhabi Grand Prix,2024-12-08
SAI,Ferrari,3.0,3.656970729660516,4.238254322066821,4.9335281983357255,4.1157314807377645,4,3,4.0,4.0,4,0.0,3.0,3.0,3.0,3.0,3.0,3.0,0.0,1.0,1.0,1.0,1.0,ensemble_grid_blend,2.0,2024,Abu Dhabi Grand Prix,2024-12-08
NOR,McLaren,1.0,5.421418490483718,4.498572177822176,5.811709425462707,5.176480468047975,5,1,5.0,5.0,5,0.0,6.0,6.0,6.0,6.0,6.0,6.0,0.0,0.0,1.0,1.0,1.0,ensemble_grid_blend,1.0,2024,Abu Dhabi Grand Prix,2024-12-08
PIA,McLaren,2.0,5.707124002024613,5.644571483513048,5.762243006175199,5.6962544213756825,6,2,6.0,6.0,6,0.0,5.0,5.0,5.0,5.0,5.0,5.0,0.0,0.0,1.0,1.0,1.0,ensemble_grid_blend,10.0,2024,Abu Dhabi Grand Prix,2024-12-08
HAM,Mercedes,16.0,5.6443443779566875,6.351843187857896,6.563048001236842,6.075709686078142,7,14,7.0,7.0,7,0.0,7.0,7.0,7.0,7.0,7.0,7.0,0.0,0.0,1.0,1.0,1.0,ensemble_grid_blend,4.0,2024,Abu Dhabi Grand Prix,2024-12-08
GAS,Alpine,5.0,7.545620620927586,8.82396044233545,8.844476660862162,8.252810766407254,8,5,8.0,8.0,8,0.0,8.0,8.0,8.0,8.0,8.0,8.0,0.0,0.0,1.0,1.0,1.0,ensemble_grid_blend,7.0,2024,Abu Dhabi Grand Prix,2024-12-08
DOO,Alpine,17.0,7.817724695549589,9.148314276232437,9.464510526563663,8.6127882149914,9,15,9.0,9.0,9,0.0,10.0,10.0,10.0,10.0,10.0,10.0,0.0,0.0,1.0,1.0,1.0,ensemble_grid_blend,15.0,2024,Abu Dhabi Grand Prix,2024-12-08
ALO,Aston Martin,8.0,9.930393197768144,8.53262833000333,10.083881158968515,9.471873086290532,10,8,10.0,10.0,10,0.0,9.0,9.0,9.0,9.0,9.0,9.0,0.0,0.0,1.0,1.0,1.0,ensemble_grid_blend,9.0,2024,Abu Dhabi Grand Prix,2024-12-08
HUL,Haas F1 Team,7.0,11.013290512625051,11.107481634239557,9.939416352341343,10.831482573133385,11,7,11.0,11.0,11,0.0,11.0,11.0,11.0,11.0,11.0,11.0,0.0,0.0,0.0,1.0,1.0,ensemble_grid_blend,8.0,2024,Abu Dhabi Grand Prix,2024-12-08
TSU,Racing Bulls,11.0,10.915049610149952,11.150390393318403,11.083112545669394,11.031031471362798,12,9,12.0,12.0,12,0.0,12.0,12.0,12.0,12.0,12.0,12.0,0.0,0.0,0.0,1.0,1.0,ensemble_grid_blend,12.0,2024,Abu Dhabi Grand Prix,2024-12-08
MAG,Haas F1 Team,14.0,12.822989228047454,11.718194157644033,11.339901401267097,12.139693388050185,13,12,13.0,13.0,13,0.0,14.0,14.0,14.0,14.0,14.0,14.0,0.0,0.0,0.0,1.0,1.0,ensemble_grid_blend,16.0,2024,Abu Dhabi Grand Prix,2024-12-08
STR,Aston Martin,13.0,12.422283035268165,12.160238539238534,12.513703455256646,12.34885154565549,14,11,14.0,14.0,14,0.0,13.0,13.0,13.0,13.0,13.0,13.0,0.0,0.0,0.0,1.0,1.0,ensemble_grid_blend,14.0,2024,Abu Dhabi Grand Prix,2024-12-08
ALB,Williams,18.0,12.750415495648408,12.468312614264821,12.629429814072921,12.627482350849055,15,16,15.0,15.0,15,0.0,17.0,17.0,17.0,17.0,17.0,17.0,0.0,0.0,0.0,0.0,1.0,ensemble_grid_blend,11.0,2024,Abu Dhabi Grand Prix,2024-12-08
LAW,Racing Bulls,12.0,12.885405744973845,12.848049062049055,12.262550395570386,12.747759836069477,16,10,16.0,16.0,16,0.0,15.0,15.0,15.0,15.0,15.0,15.0,0.0,0.0,0.0,1.0,1.0,ensemble_grid_blend,17.0,2024,Abu Dhabi Grand Prix,2024-12-08
ZHO,Audi,15.0,14.52744714325482,14.439398825847356,13.32747529724487,14.256635862960218,17,13,17.0,17.0,17,0.0,16.0,16.0,16.0,16.0,16.0,16.0,0.0,0.0,0.0,1.0,1.0,ensemble_grid_blend,13.0,2024,Abu Dhabi Grand Prix,2024-12-08
