driver,team,grid_pos,pred_finish_rf,pred_finish_extra_trees,pred_finish_elastic_net,pred_finish_model_ensemble,pred_rank_model_ensemble,grid_rank_component,blend_rank_score,pred_finish,pred_rank,pred_std,pi68_low,pi68_high,pi95_low,pi95_high,pred_low,pred_high,p_win,p_podium,p_top10,p_rank_pm1,ensemble_grid_alpha,ranking_mode_default,finish_pos,year,gp,date
VER,Red Bull Racing,1.0,1.9102039381486173,1.2051136363636374,1.4216155358990843,1.5657046520739677,1,2,1.0,1.0,1,0.0,1.0,1.0,1.0,1.0,1.0,1.0,1.0,1.0,1.0,1.0,1.0,ensemble_grid_blend,1.0,2023,Dutch Grand Prix,2023-08-27
PER,Red Bull Racing,7.0,4.770876379113944,5.140490120990124,3.910707123823336,4.728207337712486,2,8,2.0,2.0,2,0.0,2.0,2.0,2.0,2.0,2.0,2.0,0.0,1.0,1.0,1.0,1.0,ensemble_grid_blend,4.0,2023,Dutch Grand Prix,2023-08-27
HAM,Mercedes,13.0,4.947005694760093,5.0027316017316,4.152320929408187,4.807572809129739,3,12,3.0,3.0,3,0.0,4.0,4.0,4.0,4.0,4.0,4.0,0.0,0.0,1.0,1.0,1.0,ensemble_grid_blend,6.0,2023,Dutch Grand Prix,2023-08-27
RUS,Mercedes,3.0,5.879252361134603,5.349759559884558,5.1990289876191875,5.557885205994004,4,4,4.0,4.0,4,0.0,5.0,5.0,5.0,5.0,5.0,5.0,0.0,0.0,1.0,1.0,1.0,ensemble_grid_blend,17.0,2023,Dutch Grand Prix,2023-08-27
NOR,McLaren,2.0,6.62261637857605,6.465153265442966,6.92450449183233,6.627881911630727,5,3,5.0,5.0,5,0.0,6.0,6.0,6.0,6.0,6.0,6.0,0.0,0.0,1.0,1.0,1.0,ensemble_grid_blend,7.0,2023,Dutch Grand Prix,2023-08-27
SAI,Ferrari,6.0,7.766575289573051,6.691263174325671,6.874414401110456,7.2117838715439495,6,7,6.0,6.0,6,0.0,9.0,9.0,9.0,9.0,9.0,9.0,0.0,0.0,1.0,0.0,1.0,ensemble_grid_blend,5.0,2023,Dutch Grand Prix,2023-08-27
ALO,Aston Martin,5.0,8.757123239712703,7.146943417693419,5.879334444374664,7.618002542938346,7,6,7.0,7.0,7,0.0,3.0,3.0,3.0,3.0,3.0,3.0,0.0,1.0,1.0,0.0,1.0,ensemble_grid_blend,2.0,2023,Dutch Grand Prix,2023-08-27
PIA,McLaren,8.0,8.416964026602766,7.617484712731309,8.306030753850433,8.11495961219729,8,9,8.0,8.0,8,0.0,8.0,8.0,8.0,8.0,8.0,8.0,0.0,0.0,1.0,1.0,1.0,ensemble_grid_blend,9.0,2023,Dutch Grand Prix,2023-08-27
STR,Aston Martin,11.0,10.45652969994703,8.862308192765092,9.014086670702733,9.610063566584493,9,10,9.0,9.0,9,0.0,7.0,7.0,7.0,7.0,7.0,7.0,0.0,0.0,1.0,0.0,1.0,ensemble_grid_blend,11.0,2023,Dutch Grand Prix,2023-08-27
OCO,Alpine,16.0,11.16828710681981,10.011425143204752,9.923440373019218,10.51441607279442,10,14,10.0,10.0,10,0.0,10.0,10.0,10.0,10.0,10.0,10.0,0.0,0.0,1.0,1.0,1.0,ensemble_grid_blend,10.0,2023,Dutch Grand Prix,2023-08-27
GAS,Alpine,12.0,11.90960942929435,10.733573482073481,11.138993601252063,11.343873682158588,11,11,11.0,11.0,11,0.0,11.0,11.0,11.0,11.0,11.0,11.0,0.0,0.0,0.0,1.0,1.0,ensemble_grid_blend,3.0,2023,Dutch Grand Prix,2023-08-27
ALB,Williams,4.0,12.634490309950392,12.37741438561439,11.89365885749162,12.396347445941036,12,5,12.0,12.0,12,0.0,12.0,12.0,12.0,12.0,12.0,12.0,0.0,0.0,0.0,1.0,1.0,ensemble_grid_blend,8.0,2023,Dutch Grand Prix,2023-08-27
LAW,AlphaTauri,19.0,12.186666799459001,12.944282836607838,12.503903037638922,12.515279660097079,13,17,13.0,13.0,13,0.0,14.0,14.0,14.0,14.0,14.0,14.0,0.0,0.0,0.0,1.0,1.0,ensemble_grid_blend,13.0,2023,Dutch Grand Prix,2023-08-27
BOT,Alfa Romeo,18.0,12.993746715444573,12.724087107337109,12.754741055292065,12.851564720576459,14,16,14.0,14.0,14,0.0,13.0,13.0,13.0,13.0,13.0,13.0,0.0,0.0,0.0,1.0,1.0,ensemble_grid_blend,14.0,2023,Dutch Grand Prix,2023-08-27
TSU,AlphaTauri,17.0,13.587706073008281,14.210925352425356,13.306274452533383,13.749546496709279,15,15,15.0,15.0,15,0.0,15.0,15.0,15.0,15.0,15.0,15.0,0.0,0.0,0.0,1.0,1.0,ensemble_grid_blend,15.0,2023,Dutch Grand Prix,2023-08-27
HUL,Haas F1 Team,14.0,15.550985004741612,15.61532665945166,14.779305166871856,15.419168616316178,16,13,16.0,16.0,16,0.0,16.0,16.0,16.0,16.0,16.0,16.0,0.0,0.0,0.0,1.0,1.0,ensemble_grid_blend,12.0,2023,Dutch Grand Prix,2023-08-27
MAG,Haas F1 Team,0.0,15.779488288142778,15.981553210678216,15.40274277911948,15.774861909225521,17,1,17.0,17.0,17,0.0,17.0,17.0,17.0,17.0,17.0,17.0,0.0,0.0,0.0,1.0,1.0,ensemble_grid_blend,16.0,2023,Dutch Grand Prix,2023-08-27
VER,Red Bull Racing,2.0,1.7308108639906827,1.159594988344988,1.545386898997041,1.4938005145159612,1,2,1.0,1.0,1,0.0,1.0,1.0,1.0,1.0,1.0,1.0,1.0,1.0,1.0,1.0,1.0,ensemble_grid_blend,1.0,2023,Italian Grand Prix,2023-09-03
PER,Red Bull Racing,5.0,4.601075243289875,5.018217324342322,4.091322075908217,4.6451243381819,2,5,2.0,2.0,2,0.0,2.0,2.0,2.0,2.0,2.0,2.0,0.0,1.0,1.0,1.0,1.0,ensemble_grid_blend,2.0,2023,Italian Grand Prix,2023-09-03
HAM,Mercedes,8.0,5.09833009313061,5.001327089577087,5.489305057756964,5.142574034812148,3,8,3.0,3.0,3,0.0,6.0,6.0,6.0,6.0,6.0,6.0,0.0,0.0,1.0,0.0,1.0,ensemble_grid_blend,6.0,2023,Italian Grand Prix,2023-09-03
ALO,Aston Martin,10.0,5.667358109299142,5.48256406093906,5.928307872268865,5.654870144967058,4,10,4.0,4.0,4,0.0,7.0,7.0,7.0,7.0,7.0,7.0,0.0,0.0,1.0,0.0,1.0,ensemble_grid_blend,9.0,2023,Italian Grand Prix,2023-09-03
LEC,Ferrari,3.0,6.188367851503079,6.634005119880121,5.88448837109962,6.283564999354351,5,3,5.0,5.0,5,0.0,4.0,4.0,4.0,4.0,4.0,4.0,0.0,0.0,1.0,1.0,1.0,ensemble_grid_blend,4.0,2023,Italian Grand Prix,2023-09-03
SAI,Ferrari,1.0,6.301318763569679,6.384502109002111,6.57704384183717,6.385577950124529,6,1,6.0,6.0,6,0.0,3.0,3.0,3.0,3.0,3.0,3.0,0.0,1.0,1.0,0.0,1.0,ensemble_grid_blend,3.0,2023,Italian Grand Prix,2023-09-03
RUS,Mercedes,4.0,6.231933305405999,6.23606659787581,7.551940319514172,6.497381360592067,7,4,7.0,7.0,7,0.0,8.0,8.0,8.0,8.0,8.0,8.0,0.0,0.0,1.0,1.0,1.0,ensemble_grid_blend,5.0,2023,Italian Grand Prix,2023-09-03
NOR,McLaren,9.0,6.574366999198271,6.034786283161284,7.406538653893842,6.55194807952444,8,9,8.0,8.0,8,0.0,5.0,5.0,5.0,5.0,5.0,5.0,0.0,0.0,1.0,0.0,1.0,ensemble_grid_blend,8.0,2023,Italian Grand Prix,2023-09-03
PIA,McLaren,7.0,7.943741752108472,7.549394667832174,8.965266882883704,8.010025298766813,9,7,9.0,9.0,9,0.0,10.0,10.0,10.0,10.0,10.0,10.0,0.0,0.0,1.0,1.0,1.0,ensemble_grid_blend,12.0,2023,Italian Grand Prix,2023-09-03
STR,Aston Martin,20.0,8.043345512319787,8.633052337812082,9.708759384000972,8.582825675578327,10,18,10.0,10.0,10,0.0,9.0,9.0,9.0,9.0,9.0,9.0,0.0,0.0,1.0,1.0,1.0,ensemble_grid_blend,16.0,2023,Italian Grand Prix,2023-09-03
GAS,Alpine,17.0,11.519185248811663,10.000059504384504,11.155236192548317,10.914701427009488,11,16,11.0,11.0,11,0.0,11.0,11.0,11.0,11.0,11.0,11.0,0.0,0.0,0.0,1.0,1.0,ensemble_grid_blend,15.0,2023,Italian Grand Prix,2023-09-03
ALB,Williams,6.0,12.044267466021148,11.359075268828436,11.448714500247632,11.685339603848997,12,6,12.0,12.0,12,0.0,12.0,12.0,12.0,12.0,12.0,12.0,0.0,0.0,0.0,1.0,1.0,ensemble_grid_blend,7.0,2023,Italian Grand Prix,2023-09-03
BOT,Alfa Romeo,14.0,13.44755205062251,13.40660585248085,13.417483646569329,13.427207200462293,13,13,13.0,13.0,13,0.0,13.0,13.0,13.0,13.0,13.0,13.0,0.0,0.0,0.0,1.0,1.0,ensemble_grid_blend,10.0,2023,Italian Grand Prix,2023-09-03
LAW,AlphaTauri,12.0,14.186702243707918,14.574033938283938,14.109244202090531,14.306776728486048,14,11,14.0,14.0,14,0.0,14.0,14.0,14.0,14.0,14.0,14.0,0.0,0.0,0.0,1.0,1.0,ensemble_grid_blend,11.0,2023,Italian Grand Prix,2023-09-03
ZHO,Alfa Romeo,16.0,14.950436057056779,13.918286449661448,13.712109619227723,14.341518406902601,15,15,15.0,15.0,15,0.0,15.0,15.0,15.0,15.0,15.0,15.0,0.0,0.0,0.0,1.0,1.0,ensemble_grid_blend,14.0,2023,Italian Grand Prix,2023-09-03
SAR,Williams,15.0,14.61870806987688,15.151252705627702,15.03186944978682,14.887730968371654,16,14,16.0,16.0,16,0.0,17.0,17.0,17.0,17.0,17.0,17.0,0.0,0.0,0.0,1.0,1.0,ensemble_grid_blend,13.0,2023,Italian Grand Prix,2023-09-03
HUL,Haas F1 Team,13.0,15.778950502636384,15.390414002664006,14.873525733244861,15.461877773767746,17,12,17.0,17.0,17,0.0,16.0,16.0,16.0,16.0,16.0,16.0,0.0,0.0,0.0,1.0,1.0,ensemble_grid_blend,17.0,2023,Italian Grand Prix,2023-09-03
MAG,Haas F1 Team,19.0,16.11633833126656,16.03704874292375,15.90883035558035,16.047085380209335,18,17,18.0,18.0,18,0.0,18.0,18.0,18.0,18.0,18.0,18.0,0.0,0.0,0.0,1.0,1.0,ensemble_grid_blend,18.0,2023,Italian Grand Prix,2023-09-03
VER,Red Bull Racing,11.0,1.5242148643662394,1.2473308150183164,0.9697336616044439,1.3164092065421071,1,10,1.0,1.0,1,0.0,1.0,1.0,1.0,1.0,1.0,1.0,1.0,1.0,1.0,1.0,1.0,ensemble_grid_blend,5.0,2023,Singapore Grand Prix,2023-09-17
PER,Red Bull Racing,13.0,3.6126362685161593,3.5897128288378304,3.2710468651232993,3.536295183950172,2,12,2.0,2.0,2,0.0,3.0,3.0,3.0,3.0,3.0,3.0,0.0,1.0,1.0,1.0,1.0,ensemble_grid_blend,8.0,2023,Singapore Grand Prix,2023-09-17
HAM,Mercedes,5.0,5.481410737993782,5.149938214563211,5.533537413241098,5.375820689842545,3,5,3.0,3.0,3,0.0,2.0,2.0,2.0,2.0,2.0,2.0,0.0,1.0,1.0,1.0,1.0,ensemble_grid_blend,3.0,2023,Singapore Grand Prix,2023-09-17
LEC,Ferrari,3.0,5.5578379008844525,6.369673902078315,4.728921716143766,5.676197264354167,4,3,4.0,4.0,4,0.0,6.0,6.0,6.0,6.0,6.0,6.0,0.0,0.0,1.0,0.0,1.0,ensemble_grid_blend,4.0,2023,Singapore Grand Prix,2023-09-17
SAI,Ferrari,1.0,5.974344006244567,6.773720799625215,5.1696426028763,6.093185603254139,5,1,5.0,5.0,5,0.0,9.0,9.0,9.0,9.0,9.0,9.0,0.0,0.0,1.0,0.0,1.0,ensemble_grid_blend,1.0,2023,Singapore Grand Prix,2023-09-17
ALO,Aston Martin,7.0,7.299727671423703,5.949965967974273,6.150216474269298,6.597408835785521,6,7,6.0,6.0,6,0.0,5.0,5.0,5.0,5.0,5.0,5.0,0.0,0.0,1.0,1.0,1.0,ensemble_grid_blend,15.0,2023,Singapore Grand Prix,2023-09-17
NOR,McLaren,4.0,6.6532315654581415,7.976409056157125,7.709565425145742,7.327610459140305,7,4,7.0,7.0,7,0.0,4.0,4.0,4.0,4.0,4.0,4.0,0.0,0.0,1.0,0.0,1.0,ensemble_grid_blend,2.0,2023,Singapore Grand Prix,2023-09-17
RUS,Mercedes,2.0,8.443587368997743,7.242563517880468,7.460899651566095,7.826691477620367,8,2,8.0,8.0,8,0.0,7.0,7.0,7.0,7.0,7.0,7.0,0.0,0.0,1.0,1.0,1.0,ensemble_grid_blend,16.0,2023,Singapore Grand Prix,2023-09-17
PIA,McLaren,17.0,9.792508486257052,9.122265391865042,9.112184709124366,9.42185864779331,9,14,9.0,9.0,9,0.0,8.0,8.0,8.0,8.0,8.0,8.0,0.0,0.0,1.0,1.0,1.0,ensemble_grid_blend,7.0,2023,Singapore Grand Prix,2023-09-17
ALB,Williams,14.0,11.188646433104623,10.564406533642298,10.040019342930425,10.74043705025797,10,13,10.0,10.0,10,0.0,10.0,10.0,10.0,10.0,10.0,10.0,0.0,0.0,1.0,1.0,1.0,ensemble_grid_blend,11.0,2023,Singapore Grand Prix,2023-09-17
GAS,Alpine,12.0,10.97696882809491,11.198551007066781,10.31622354418431,10.922373533952944,11,11,11.0,11.0,11,0.0,11.0,11.0,11.0,11.0,11.0,11.0,0.0,0.0,0.0,1.0,1.0,ensemble_grid_blend,6.0,2023,Singapore Grand Prix,2023-09-17
LAW,AlphaTauri,10.0,13.583272726398464,13.918003531191026,12.792459087634274,13.542265780323023,12,9,12.0,12.0,12,0.0,14.0,14.0,14.0,14.0,14.0,14.0,0.0,0.0,0.0,0.0,1.0,ensemble_grid_blend,9.0,2023,Singapore Grand Prix,2023-09-17
ZHO,Alfa Romeo,19.0,14.537879534787365,14.072959901209906,13.22378235308378,14.112338226694536,13,16,13.0,13.0,13,0.0,12.0,12.0,12.0,12.0,12.0,12.0,0.0,0.0,0.0,1.0,1.0,ensemble_grid_blend,12.0,2023,Singapore Grand Prix,2023-09-17
SAR,Williams,18.0,14.669968237525103,14.676597489875139,14.066246664691226,14.55154416128084,14,15,14.0,14.0,14,0.0,13.0,13.0,13.0,13.0,13.0,13.0,0.0,0.0,0.0,1.0,1.0,ensemble_grid_blend,14.0,2023,Singapore Grand Prix,2023-09-17
HUL,Haas F1 Team,9.0,16.00550936113543,15.484176060051052,14.879626299225935,15.597866093373998,15,8,15.0,15.0,15,0.0,15.0,15.0,15.0,15.0,15.0,15.0,0.0,0.0,0.0,1.0,1.0,ensemble_grid_blend,13.0,2023,Singapore Grand Prix,2023-09-17
MAG,Haas F1 Team,6.0,16.388466414401105,16.03508298645798,15.848139864745892,16.15671690468997,16,6,16.0,16.0,16,0.0,16.0,16.0,16.0,16.0,16.0,16.0,0.0,0.0,0.0,1.0,1.0,ensemble_grid_blend,10.0,2023,Singapore Grand Prix,2023-09-17
VER,Red Bull Racing,1.0,2.112390036402174,1.7196845446220437,2.1195500677061574,1.9763751205399251,1,1,1.0,1.0,1,0.0,1.0,1.0,1.0,1.0,1.0,1.0,1.0,1.0,1.0,1.0,1.0,ensemble_grid_blend,1.0,2023,Japanese Grand Prix,2023-09-24
SAI,Ferrari,6.0,4.3926174766646975,4.742724103510869,4.479600263166422,4.532551353361202,2,5,2.0,2.0,2,0.0,2.0,2.0,2.0,2.0,2.0,2.0,0.0,1.0,1.0,1.0,1.0,ensemble_grid_blend,6.0,2023,Japanese Grand Prix,2023-09-24
LEC,Ferrari,4.0,4.561409505155236,4.697723875668536,4.494984693346876,4.595834572473219,3,4,3.0,3.0,3,0.0,3.0,3.0,3.0,3.0,3.0,3.0,0.0,1.0,1.0,1.0,1.0,ensemble_grid_blend,4.0,2023,Japanese Grand Prix,2023-09-24
NOR,McLaren,3.0,6.289943829874526,6.853210164835165,6.7394726516151895,6.576992811458882,4,3,4.0,4.0,4,0.0,4.0,4.0,4.0,4.0,4.0,4.0,0.0,0.0,1.0,1.0,1.0,ensemble_grid_blend,2.0,2023,Japanese Grand Prix,2023-09-24
HAM,Mercedes,7.0,7.836804387921197,6.2514199950806,5.958830484027386,6.906325069648226,5,6,5.0,5.0,5,0.0,5.0,5.0,5.0,5.0,5.0,5.0,0.0,0.0,1.0,1.0,1.0,ensemble_grid_blend,5.0,2023,Japanese Grand Prix,2023-09-24
PIA,McLaren,2.0,8.925492875037289,9.029049079234916,8.582829267181607,8.893204824935323,6,2,6.0,6.0,6,0.0,8.0,8.0,8.0,8.0,8.0,8.0,0.0,0.0,1.0,0.0,1.0,ensemble_grid_blend,3.0,2023,Japanese Grand Prix,2023-09-24
RUS,Mercedes,8.0,10.477570319056303,9.676974335888305,9.141544863634282,9.9301566338631,7,7,7.0,7.0,7,0.0,6.0,6.0,6.0,6.0,6.0,6.0,0.0,0.0,1.0,1.0,1.0,ensemble_grid_blend,7.0,2023,Japanese Grand Prix,2023-09-24
GAS,Alpine,12.0,9.847754403014719,10.80613336663336,9.404840031436658,10.094604165965631,8,11,8.0,8.0,8,0.0,9.0,9.0,9.0,9.0,9.0,9.0,0.0,0.0,1.0,1.0,1.0,ensemble_grid_blend,10.0,2023,Japanese Grand Prix,2023-09-24
ALO,Aston Martin,10.0,11.347805984011083,9.619465266075807,8.364225490448636,10.146170634021248,9,9,9.0,9.0,9,0.0,7.0,7.0,7.0,7.0,7.0,7.0,0.0,0.0,1.0,0.0,1.0,ensemble_grid_blend,8.0,2023,Japanese Grand Prix,2023-09-24
OCO,Alpine,14.0,10.46123255742226,10.683047366014355,9.414486723863975,10.329518573717836,10,12,10.0,10.0,10,0.0,10.0,10.0,10.0,10.0,10.0,10.0,0.0,0.0,1.0,1.0,1.0,ensemble_grid_blend,9.0,2023,Japanese Grand Prix,2023-09-24
LAW,AlphaTauri,11.0,13.317733530207006,12.68204693601499,11.836997222654738,12.799095960729346,11,10,11.0,11.0,11,0.0,11.0,11.0,11.0,11.0,11.0,11.0,0.0,0.0,0.0,1.0,1.0,ensemble_grid_blend,11.0,2023,Japanese Grand Prix,2023-09-24
TSU,AlphaTauri,9.0,13.085494518463431,13.486465248696456,12.482351357170586,13.10520564178642,12,8,12.0,12.0,12,0.0,12.0,12.0,12.0,12.0,12.0,12.0,0.0,0.0,0.0,1.0,1.0,ensemble_grid_blend,12.0,2023,Japanese Grand Prix,2023-09-24
ZHO,Alfa Romeo,19.0,13.751260296360977,13.611826423576419,12.918477786416318,13.53590193889745,13,15,13.0,13.0,13,0.0,13.0,13.0,13.0,13.0,13.0,13.0,0.0,0.0,0.0,1.0,1.0,ensemble_grid_blend,13.0,2023,Japanese Grand Prix,2023-09-24
HUL,Haas F1 Team,18.0,14.900216266987634,14.335226061520174,14.062680047907136,14.534962451257924,14,14,14.0,14.0,14,0.0,14.0,14.0,14.0,14.0,14.0,14.0,0.0,0.0,0.0,1.0,1.0,ensemble_grid_blend,14.0,2023,Japanese Grand Prix,2023-09-24
MAG,Haas F1 Team,15.0,15.101201999943262,14.366457829751942,14.584327608357317,14.74066666205911,15,13,15.0,15.0,15,0.0,15.0,15.0,15.0,15.0,15.0,15.0,0.0,0.0,0.0,1.0,1.0,ensemble_grid_blend,15.0,2023,Japanese Grand Prix,2023-09-24
VER,Red Bull Racing,1.0,1.929333789390486,1.5618714496288029,1.8366865422227434,1.7821925210403484,1,1,1.0,1.0,1,0.0,1.0,1.0,1.0,1.0,1.0,1.0,1.0,1.0,1.0,1.0,1.0,ensemble_grid_blend,1.0,2023,Qatar Grand Prix,2023-10-08
PER,Red Bull Racing,20.0,4.537589895015784,4.096468871406372,4.199432651920431,4.315566088133419,2,17,2.0,2.0,2,0.0,2.0,2.0,2.0,2.0,2.0,2.0,0.0,1.0,1.0,1.0,1.0,ensemble_grid_blend,10.0,2023,Qatar Grand Prix,2023-10-08
LEC,Ferrari,5.0,4.4991726182396,4.727956793206793,4.372004905343406,4.553813536898879,3,4,3.0,3.0,3,0.0,5.0,5.0,5.0,5.0,5.0,5.0,0.0,0.0,1.0,0.0,1.0,ensemble_grid_blend,5.0,2023,Qatar Grand Prix,2023-10-08
NOR,McLaren,10.0,4.9943192788290025,4.863000742313243,5.3831701607498,5.026127967432647,4,9,4.0,4.0,4,0.0,3.0,3.0,3.0,3.0,3.0,3.0,0.0,1.0,1.0,1.0,1.0,ensemble_grid_blend,3.0,2023,Qatar Grand Prix,2023-10-08
PIA,McLaren,6.0,5.351878214399752,5.793675340182695,7.153296225025317,5.8667908105488955,5,5,5.0,5.0,5,0.0,4.0,4.0,4.0,4.0,4.0,4.0,0.0,0.0,1.0,1.0,1.0,ensemble_grid_blend,2.0,2023,Qatar Grand Prix,2023-10-08
RUS,Mercedes,2.0,8.296375483521922,7.991756748397723,8.027709748431997,8.136025779210467,6,2,6.0,6.0,6,0.0,6.0,6.0,6.0,6.0,6.0,6.0,0.0,0.0,1.0,1.0,1.0,ensemble_grid_blend,4.0,2023,Qatar Grand Prix,2023-10-08
ALB,Williams,13.0,9.639666561432477,9.837427796293799,9.651476779361712,9.711245037219786,7,11,7.0,7.0,7,0.0,12.0,12.0,12.0,12.0,12.0,12.0,0.0,0.0,0.0,0.0,1.0,ensemble_grid_blend,13.0,2023,Qatar Grand Prix,2023-10-08
OCO,Alpine,8.0,9.772393301218337,10.384177581168325,9.608063142109025,9.95365176737897,8,7,8.0,8.0,8,0.0,9.0,9.0,9.0,9.0,9.0,9.0,0.0,0.0,1.0,1.0,1.0,ensemble_grid_blend,7.0,2023,Qatar Grand Prix,2023-10-08
ALO,Aston Martin,4.0,11.401675312657856,9.517907614812877,8.833797379341409,10.228781031748825,9,3,9.0,9.0,9,0.0,10.0,10.0,10.0,10.0,10.0,10.0,0.0,0.0,1.0,1.0,1.0,ensemble_grid_blend,6.0,2023,Qatar Grand Prix,2023-10-08
GAS,Alpine,7.0,10.056823962052578,10.61869559603436,10.007471483493473,10.243608538234382,10,6,10.0,10.0,10,0.0,8.0,8.0,8.0,8.0,8.0,8.0,0.0,0.0,1.0,0.0,1.0,ensemble_grid_blend,12.0,2023,Qatar Grand Prix,2023-10-08
STR,Aston Martin,16.0,11.12711674264752,10.717556639847091,11.494698652321482,11.05728708860216,11,13,11.0,11.0,11,0.0,7.0,7.0,7.0,7.0,7.0,7.0,0.0,0.0,1.0,0.0,1.0,ensemble_grid_blend,11.0,2023,Qatar Grand Prix,2023-10-08
LAW,AlphaTauri,17.0,12.014008925474913,11.638303236318505,11.375719042163755,11.754853957607938,12,14,12.0,12.0,12,0.0,13.0,13.0,13.0,13.0,13.0,13.0,0.0,0.0,0.0,1.0,1.0,ensemble_grid_blend,17.0,2023,Qatar Grand Prix,2023-10-08
BOT,Alfa Romeo,9.0,11.280348131405201,12.973440490065483,12.17026561008954,12.050913952673167,13,8,13.0,13.0,13,0.0,11.0,11.0,11.0,11.0,11.0,11.0,0.0,0.0,0.0,0.0,1.0,ensemble_grid_blend,8.0,2023,Qatar Grand Prix,2023-10-08
TSU,AlphaTauri,11.0,12.79299227512305,12.733764244026123,12.057515395497978,12.625167088314111,14,10,14.0,14.0,14,0.0,14.0,14.0,14.0,14.0,14.0,14.0,0.0,0.0,0.0,1.0,1.0,ensemble_grid_blend,15.0,2023,Qatar Grand Prix,2023-10-08
ZHO,Alfa Romeo,19.0,13.451360088404902,13.623373785936282,12.79603438245192,13.38049974135029,15,16,15.0,15.0,15,0.0,15.0,15.0,15.0,15.0,15.0,15.0,0.0,0.0,0.0,1.0,1.0,ensemble_grid_blend,9.0,2023,Qatar Grand Prix,2023-10-08
HUL,Haas F1 Team,14.0,14.99991235175821,14.359938852813864,14.20435685541967,14.616810527859982,16,12,16.0,16.0,16,0.0,16.0,16.0,16.0,16.0,16.0,16.0,0.0,0.0,0.0,1.0,1.0,ensemble_grid_blend,16.0,2023,Qatar Grand Prix,2023-10-08
MAG,Haas F1 Team,18.0,14.95454583993289,14.454668650793657,14.715987687336831,14.731877193214947,17,15,17.0,17.0,17,0.0,17.0,17.0,17.0,17.0,17.0,17.0,0.0,0.0,0.0,1.0,1.0,ensemble_grid_blend,14.0,2023,Qatar Grand Prix,2023-10-08
VER,Red Bull Racing,6.0,1.6797755524574078,1.446658455966118,2.2456585673202127,1.7113611716580173,1,6,1.0,1.0,1,0.0,1.0,1.0,1.0,1.0,1.0,1.0,1.0,1.0,1.0,1.0,1.0,ensemble_grid_blend,1.0,2023,United States Grand Prix,2023-10-22
NOR,McLaren,2.0,3.043061390253021,4.15142052881759,4.067339134581317,3.635842637616279,2,2,2.0,2.0,2,0.0,2.0,2.0,2.0,2.0,2.0,2.0,0.0,1.0,1.0,1.0,1.0,ensemble_grid_blend,2.0,2023,United States Grand Prix,2023-10-22
SAI,Ferrari,4.0,4.709436267939734,4.990846592949534,4.768308078568693,4.819704243818956,3,4,3.0,3.0,3,0.0,3.0,3.0,3.0,3.0,3.0,3.0,0.0,1.0,1.0,1.0,1.0,ensemble_grid_blend,3.0,2023,United States Grand Prix,2023-10-22
HAM,Mercedes,3.0,5.150415596505706,4.719683479102597,5.0151455469444155,4.97260534550236,4,3,4.0,4.0,4,0.0,5.0,5.0,5.0,5.0,5.0,5.0,0.0,0.0,1.0,1.0,1.0,ensemble_grid_blend,19.0,2023,United States Grand Prix,2023-10-22
PER,Red Bull Racing,9.0,4.839235391335569,4.9741783355533356,5.312035469481398,4.9810254374409535,5,8,5.0,5.0,5,0.0,6.0,6.0,6.0,6.0,6.0,6.0,0.0,0.0,1.0,1.0,1.0,ensemble_grid_blend,4.0,2023,United States Grand Prix,2023-10-22
LEC,Ferrari,1.0,5.268300120204798,5.07809329151241,4.601281931432114,5.0683240924079245,6,1,6.0,6.0,6,0.0,4.0,4.0,4.0,4.0,4.0,4.0,0.0,0.0,1.0,0.0,1.0,ensemble_grid_blend,20.0,2023,United States Grand Prix,2023-10-22
RUS,Mercedes,5.0,7.75805516031496,7.344154652729236,7.4552199022480234,7.552622931046569,7,5,7.0,7.0,7,0.0,7.0,7.0,7.0,7.0,7.0,7.0,0.0,0.0,1.0,1.0,1.0,ensemble_grid_blend,5.0,2023,United States Grand Prix,2023-10-22
GAS,Alpine,7.0,8.776064163792343,9.771441079753576,9.446651609868773,9.258563573594062,8,7,8.0,8.0,8,0.0,8.0,8.0,8.0,8.0,8.0,8.0,0.0,0.0,1.0,1.0,1.0,ensemble_grid_blend,6.0,2023,United States Grand Prix,2023-10-22
STR,Aston Martin,20.0,10.767549556805927,10.394320793911408,11.07773912429999,10.698957403291658,9,17,9.0,9.0,9,0.0,9.0,9.0,9.0,9.0,9.0,9.0,0.0,0.0,1.0,1.0,1.0,ensemble_grid_blend,7.0,2023,United States Grand Prix,2023-10-22
ALB,Williams,15.0,11.012366097017079,11.112726044704669,10.698352008085598,10.984689260921439,10,13,10.0,10.0,10,0.0,10.0,10.0,10.0,10.0,10.0,10.0,0.0,0.0,1.0,1.0,1.0,ensemble_grid_blend,9.0,2023,United States Grand Prix,2023-10-22
BOT,Alfa Romeo,13.0,11.47081835934987,11.889734442666235,11.263260324842356,11.575927381609095,11,11,11.0,11.0,11,0.0,11.0,11.0,11.0,11.0,11.0,11.0,0.0,0.0,0.0,1.0,1.0,ensemble_grid_blend,12.0,2023,United States Grand Prix,2023-10-22
ZHO,Alfa Romeo,12.0,13.859190549302834,13.18377596666855,11.848045747799047,13.220566485080077,12,10,12.0,12.0,12,0.0,12.0,12.0,12.0,12.0,12.0,12.0,0.0,0.0,0.0,1.0,1.0,ensemble_grid_blend,13.0,2023,United States Grand Prix,2023-10-22
RIC,AlphaTauri,14.0,13.036832951201491,13.626798118548125,12.926383334749998,13.221230836482514,13,12,13.0,13.0,13,0.0,13.0,13.0,13.0,13.0,13.0,13.0,0.0,0.0,0.0,1.0,1.0,ensemble_grid_blend,15.0,2023,United States Grand Prix,2023-10-22
TSU,AlphaTauri,11.0,13.262140196334293,13.712946470196473,13.078252010899773,13.383144755099153,14,9,14.0,14.0,14,0.0,14.0,14.0,14.0,14.0,14.0,14.0,0.0,0.0,0.0,1.0,1.0,ensemble_grid_blend,8.0,2023,United States Grand Prix,2023-10-22
SAR,Williams,16.0,13.791525185124579,14.534354326229327,14.0389599383805,14.101002335162425,15,14,15.0,15.0,15,0.0,17.0,17.0,17.0,17.0,17.0,17.0,0.0,0.0,0.0,0.0,1.0,ensemble_grid_blend,10.0,2023,United States Grand Prix,2023-10-22
MAG,Haas F1 Team,17.0,14.08442639947379,14.136478465978469,14.222147029450461,14.130188748745763,16,15,16.0,16.0,16,0.0,16.0,16.0,16.0,16.0,16.0,16.0,0.0,0.0,0.0,1.0,1.0,ensemble_grid_blend,14.0,2023,United States Grand Prix,2023-10-22
HUL,Haas F1 Team,18.0,14.512473581800943,14.553704698079702,14.040338363406406,14.4324774288196,17,16,17.0,17.0,17,0.0,15.0,15.0,15.0,15.0,15.0,15.0,0.0,0.0,0.0,0.0,1.0,ensemble_grid_blend,11.0,2023,United States Grand Prix,2023-10-22
VER,Red Bull Racing,3.0,1.492631491798661,1.4275731262201847,1.7744772398344377,1.5262302134533496,1,4,1.0,1.0,1,0.0,1.0,1.0,1.0,1.0,1.0,1.0,1.0,1.0,1.0,1.0,1.0,ensemble_grid_blend,1.0,2023,Mexico City Grand Prix,2023-10-29
NOR,McLaren,17.0,2.8585279255083207,3.8844341789746206,3.6539578804339135,3.3766811052066443,2,15,2.0,2.0,2,0.0,2.0,2.0,2.0,2.0,2.0,2.0,0.0,1.0,1.0,1.0,1.0,ensemble_grid_blend,5.0,2023,Mexico City Grand Prix,2023-10-29
PIA,McLaren,7.0,5.037841957867178,4.566194261620731,5.087756479057725,4.882748168419031,3,7,3.0,3.0,3,0.0,8.0,8.0,8.0,8.0,8.0,8.0,0.0,0.0,1.0,0.0,1.0,ensemble_grid_blend,8.0,2023,Mexico City Grand Prix,2023-10-29
SAI,Ferrari,2.0,5.046112548365598,5.759099241036738,5.839157436383605,5.4542668684040985,4,3,4.0,4.0,4,0.0,3.0,3.0,3.0,3.0,3.0,3.0,0.0,1.0,1.0,1.0,1.0,ensemble_grid_blend,4.0,2023,Mexico City Grand Prix,2023-10-29
RUS,Mercedes,8.0,6.180781005911724,7.033585448864859,7.3081021918172535,6.704726798126426,5,8,5.0,5.0,5,0.0,6.0,6.0,6.0,6.0,6.0,6.0,0.0,0.0,1.0,1.0,1.0,ensemble_grid_blend,6.0,2023,Mexico City Grand Prix,2023-10-29
LEC,Ferrari,1.0,7.557309251168942,6.321593101582163,7.5303499841050545,7.119416745400792,6,2,6.0,6.0,6,0.0,7.0,7.0,7.0,7.0,7.0,7.0,0.0,0.0,1.0,1.0,1.0,ensemble_grid_blend,3.0,2023,Mexico City Grand Prix,2023-10-29
HAM,Mercedes,6.0,7.344059535588691,7.130046800918604,6.982673834550943,7.196877938246611,7,6,7.0,7.0,7,0.0,9.0,9.0,9.0,9.0,9.0,9.0,0.0,0.0,1.0,0.0,1.0,ensemble_grid_blend,2.0,2023,Mexico City Grand Prix,2023-10-29
OCO,Alpine,15.0,8.20214416598057,9.470284742626655,8.683993084195023,8.74236315144959,8,14,8.0,8.0,8,0.0,4.0,4.0,4.0,4.0,4.0,4.0,0.0,0.0,1.0,0.0,1.0,ensemble_grid_blend,10.0,2023,Mexico City Grand Prix,2023-10-29
GAS,Alpine,11.0,8.069880131250349,9.449781198784871,9.085933089826995,8.75605609660276,9,11,9.0,9.0,9,0.0,5.0,5.0,5.0,5.0,5.0,5.0,0.0,0.0,1.0,0.0,1.0,ensemble_grid_blend,11.0,2023,Mexico City Grand Prix,2023-10-29
STR,Aston Martin,0.0,8.492876374674474,9.239411062636837,9.509039412346764,8.957396122995759,10,1,10.0,10.0,10,0.0,10.0,10.0,10.0,10.0,10.0,10.0,0.0,0.0,1.0,1.0,1.0,ensemble_grid_blend,17.0,2023,Mexico City Grand Prix,2023-10-29
ALB,Williams,14.0,11.053221790773922,11.068955764138485,10.55371827326146,10.958827977949028,11,13,11.0,11.0,11,0.0,13.0,13.0,13.0,13.0,13.0,13.0,0.0,0.0,0.0,0.0,1.0,ensemble_grid_blend,9.0,2023,Mexico City Grand Prix,2023-10-29
BOT,Alfa Romeo,9.0,10.792668333522336,11.726775062045784,11.343040009469265,11.229680023694929,12,9,12.0,12.0,12,0.0,11.0,11.0,11.0,11.0,11.0,11.0,0.0,0.0,0.0,1.0,1.0,ensemble_grid_blend,15.0,2023,Mexico City Grand Prix,2023-10-29
ZHO,Alfa Romeo,10.0,13.412757369175088,13.024977758352758,11.904703200201093,12.975423671592473,13,10,13.0,13.0,13,0.0,12.0,12.0,12.0,12.0,12.0,12.0,0.0,0.0,0.0,1.0,1.0,ensemble_grid_blend,14.0,2023,Mexico City Grand Prix,2023-10-29
TSU,AlphaTauri,18.0,13.637976044604509,12.867294718353538,12.70667211305945,13.181976794107655,14,16,14.0,14.0,14,0.0,15.0,15.0,15.0,15.0,15.0,15.0,0.0,0.0,0.0,1.0,1.0,ensemble_grid_blend,12.0,2023,Mexico City Grand Prix,2023-10-29
SAR,Williams,19.0,13.567163105599777,13.362614608430787,13.225266527209918,13.427191815912657,15,17,15.0,15.0,15,0.0,14.0,14.0,14.0,14.0,14.0,14.0,0.0,0.0,0.0,1.0,1.0,ensemble_grid_blend,16.0,2023,Mexico City Grand Prix,2023-10-29
RIC,AlphaTauri,4.0,13.379428813715752,13.621043490414818,13.405838095175131,13.469275806852302,16,5,16.0,16.0,16,0.0,16.0,16.0,16.0,16.0,16.0,16.0,0.0,0.0,0.0,1.0,1.0,ensemble_grid_blend,7.0,2023,Mexico City Grand Prix,2023-10-29
HUL,Haas F1 Team,12.0,13.930650827042882,13.959103272544455,13.719327285010918,13.89834447456204,17,12,17.0,17.0,17,0.0,17.0,17.0,17.0,17.0,17.0,17.0,0.0,0.0,0.0,1.0,1.0,ensemble_grid_blend,13.0,2023,Mexico City Grand Prix,2023-10-29
VER,Red Bull Racing,1.0,1.4398606021468148,1.3513682779423872,1.7865902742298445,1.478234223091871,1,1,1.0,1.0,1,0.0,1.0,1.0,1.0,1.0,1.0,1.0,1.0,1.0,1.0,1.0,1.0,ensemble_grid_blend,1.0,2023,São Paulo Grand Prix,2023-11-05
NOR,McLaren,6.0,4.919632077482001,4.246823114385611,4.369627246411111,4.574147974184086,2,5,2.0,2.0,2,0.0,2.0,2.0,2.0,2.0,2.0,2.0,0.0,1.0,1.0,1.0,1.0,ensemble_grid_blend,2.0,2023,São Paulo Grand Prix,2023-11-05
PER,Red Bull Racing,9.0,5.491778115643151,4.904034355758622,4.707273279699253,5.129166832494786,3,7,3.0,3.0,3,0.0,3.0,3.0,3.0,3.0,3.0,3.0,0.0,1.0,1.0,1.0,1.0,ensemble_grid_blend,4.0,2023,São Paulo Grand Prix,2023-11-05
HAM,Mercedes,5.0,6.48894952684771,6.009762778887783,6.279967357934844,6.279437731279162,4,4,4.0,4.0,4,0.0,4.0,4.0,4.0,4.0,4.0,4.0,0.0,0.0,1.0,1.0,1.0,ensemble_grid_blend,8.0,2023,São Paulo Grand Prix,2023-11-05
PIA,McLaren,10.0,6.925021101366422,5.804278033649356,5.895416983397293,6.326840204071623,5,8,5.0,5.0,5,0.0,5.0,5.0,5.0,5.0,5.0,5.0,0.0,0.0,1.0,1.0,1.0,ensemble_grid_blend,14.0,2023,São Paulo Grand Prix,2023-11-05
SAI,Ferrari,7.0,6.745051285576091,6.841176136363634,5.611560269177391,6.551996780071991,6,6,6.0,6.0,6,0.0,6.0,6.0,6.0,6.0,6.0,6.0,0.0,0.0,1.0,1.0,1.0,ensemble_grid_blend,6.0,2023,São Paulo Grand Prix,2023-11-05
ALO,Aston Martin,4.0,10.866023256060906,8.455748412880075,8.287683333081109,9.506759076351656,7,3,7.0,7.0,7,0.0,9.0,9.0,9.0,9.0,9.0,9.0,0.0,0.0,1.0,0.0,1.0,ensemble_grid_blend,3.0,2023,São Paulo Grand Prix,2023-11-05
OCO,Alpine,14.0,9.81979564824349,9.814698220760722,8.917634662179495,9.637579351411722,8,10,8.0,8.0,8,0.0,7.0,7.0,7.0,7.0,7.0,7.0,0.0,0.0,1.0,1.0,1.0,ensemble_grid_blend,10.0,2023,São Paulo Grand Prix,2023-11-05
GAS,Alpine,15.0,9.758829361081569,9.863669443823191,9.397799691210691,9.723317456066962,9,11,9.0,9.0,9,0.0,8.0,8.0,8.0,8.0,8.0,8.0,0.0,0.0,1.0,1.0,1.0,ensemble_grid_blend,7.0,2023,São Paulo Grand Prix,2023-11-05
STR,Aston Martin,3.0,11.511025067578087,10.442236998878606,11.22202795703082,11.079149821423815,10,2,10.0,10.0,10,0.0,13.0,13.0,13.0,13.0,13.0,13.0,0.0,0.0,0.0,0.0,1.0,ensemble_grid_blend,5.0,2023,São Paulo Grand Prix,2023-11-05
RIC,AlphaTauri,17.0,11.583152979836882,12.153740225052728,12.402594498384463,11.946746819371944,11,13,11.0,11.0,11,0.0,10.0,10.0,10.0,10.0,10.0,10.0,0.0,0.0,1.0,1.0,1.0,ensemble_grid_blend,13.0,2023,São Paulo Grand Prix,2023-11-05
TSU,AlphaTauri,16.0,12.824926257910986,12.113088293650797,12.410967650249294,12.49299124888758,12,12,12.0,12.0,12,0.0,14.0,14.0,14.0,14.0,14.0,14.0,0.0,0.0,0.0,0.0,1.0,ensemble_grid_blend,9.0,2023,São Paulo Grand Prix,2023-11-05
SAR,Williams,19.0,12.794872699976736,13.63528261566865,13.555280451064277,13.241097720686414,13,14,13.0,13.0,13,0.0,11.0,11.0,11.0,11.0,11.0,11.0,0.0,0.0,0.0,0.0,1.0,ensemble_grid_blend,11.0,2023,São Paulo Grand Prix,2023-11-05
HUL,Haas F1 Team,11.0,13.724141662304007,13.524920964656262,13.45995802731413,13.60157769112932,14,9,14.0,14.0,14,0.0,12.0,12.0,12.0,12.0,12.0,12.0,0.0,0.0,0.0,0.0,1.0,ensemble_grid_blend,12.0,2023,São Paulo Grand Prix,2023-11-05
VER,Red Bull Racing,2.0,1.5925847217843556,1.5969271941508782,1.383222534104286,1.5522321495766247,1,2,1.0,1.0,1,0.0,1.0,1.0,1.0,1.0,1.0,1.0,1.0,1.0,1.0,1.0,1.0,ensemble_grid_blend,1.0,2023,Las Vegas Grand Prix,2023-11-18
PER,Red Bull Racing,11.0,5.62976605901114,5.007477752854301,4.289007239343739,5.143813387922766,2,11,2.0,2.0,2,0.0,3.0,3.0,3.0,3.0,3.0,3.0,0.0,1.0,1.0,1.0,1.0,ensemble_grid_blend,3.0,2023,Las Vegas Grand Prix,2023-11-18
LEC,Ferrari,1.0,6.536394023971315,5.7465081606752495,7.031898252339308,6.35903481749129,3,1,3.0,3.0,3,0.0,4.0,4.0,4.0,4.0,4.0,4.0,0.0,0.0,1.0,1.0,1.0,ensemble_grid_blend,2.0,2023,Las Vegas Grand Prix,2023-11-18
PIA,McLaren,18.0,6.350527087974678,6.3965449266053955,7.536038531844843,6.603735620269462,4,17,4.0,4.0,4,0.0,2.0,2.0,2.0,2.0,2.0,2.0,0.0,1.0,1.0,0.0,1.0,ensemble_grid_blend,10.0,2023,Las Vegas Grand Prix,2023-11-18
SAI,Ferrari,12.0,6.939358913275875,6.774977662860021,5.829044184156272,6.659762529806405,5,12,5.0,5.0,5,0.0,6.0,6.0,6.0,6.0,6.0,6.0,0.0,0.0,1.0,1.0,1.0,ensemble_grid_blend,6.0,2023,Las Vegas Grand Prix,2023-11-18
HAM,Mercedes,10.0,7.392612419718106,6.377078980251778,7.015432192364446,6.961739670434159,6,10,6.0,6.0,6,0.0,5.0,5.0,5.0,5.0,5.0,5.0,0.0,0.0,1.0,1.0,1.0,ensemble_grid_blend,7.0,2023,Las Vegas Grand Prix,2023-11-18
RUS,Mercedes,3.0,6.913451804303638,6.877470765345766,7.4115889270745505,7.000485865222565,7,3,7.0,7.0,7,0.0,9.0,9.0,9.0,9.0,9.0,9.0,0.0,0.0,1.0,0.0,1.0,ensemble_grid_blend,8.0,2023,Las Vegas Grand Prix,2023-11-18
ALO,Aston Martin,9.0,7.621477493343426,7.311713652197475,7.083251230326863,7.40541489633903,8,9,8.0,8.0,8,0.0,7.0,7.0,7.0,7.0,7.0,7.0,0.0,0.0,1.0,1.0,1.0,ensemble_grid_blend,9.0,2023,Las Vegas Grand Prix,2023-11-18
STR,Aston Martin,19.0,8.580887836582697,8.49263527420773,9.997790064903466,8.833379885415614,9,18,9.0,9.0,9,0.0,8.0,8.0,8.0,8.0,8.0,8.0,0.0,0.0,1.0,1.0,1.0,ensemble_grid_blend,5.0,2023,Las Vegas Grand Prix,2023-11-18
GAS,Alpine,4.0,8.57724701976925,9.565570108812757,9.005875646438987,9.008885826268424,10,4,10.0,10.0,10,0.0,10.0,10.0,10.0,10.0,10.0,10.0,0.0,0.0,1.0,1.0,1.0,ensemble_grid_blend,11.0,2023,Las Vegas Grand Prix,2023-11-18
OCO,Alpine,16.0,8.905625951372407,9.709995779547246,8.970187544311335,9.200067709821386,11,15,11.0,11.0,11,0.0,11.0,11.0,11.0,11.0,11.0,11.0,0.0,0.0,0.0,1.0,1.0,ensemble_grid_blend,4.0,2023,Las Vegas Grand Prix,2023-11-18
ALB,Williams,5.0,11.266843282494783,11.050296903551633,10.134252670385514,10.964533927442826,12,5,12.0,12.0,12,0.0,13.0,13.0,13.0,13.0,13.0,13.0,0.0,0.0,0.0,1.0,1.0,ensemble_grid_blend,12.0,2023,Las Vegas Grand Prix,2023-11-18
TSU,AlphaTauri,20.0,11.300988860662047,11.742265630959697,11.458992879055614,11.48703653394494,13,19,13.0,13.0,13,0.0,15.0,15.0,15.0,15.0,15.0,15.0,0.0,0.0,0.0,0.0,1.0,ensemble_grid_blend,18.0,2023,Las Vegas Grand Prix,2023-11-18
BOT,Alfa Romeo,7.0,11.064519681761501,12.532542080296722,11.9479080290175,11.755005190700027,14,7,14.0,14.0,14,0.0,12.0,12.0,12.0,12.0,12.0,12.0,0.0,0.0,0.0,0.0,1.0,ensemble_grid_blend,17.0,2023,Las Vegas Grand Prix,2023-11-18
ZHO,Alfa Romeo,17.0,12.777905830370052,12.941647003914598,12.241809827525092,12.727996040541651,15,16,15.0,15.0,15,0.0,14.0,14.0,14.0,14.0,14.0,14.0,0.0,0.0,0.0,1.0,1.0,ensemble_grid_blend,15.0,2023,Las Vegas Grand Prix,2023-11-18
RIC,AlphaTauri,14.0,13.165485431713524,12.87648170307804,11.861450675370651,12.80352717542253,16,14,16.0,16.0,16,0.0,17.0,17.0,17.0,17.0,17.0,17.0,0.0,0.0,0.0,1.0,1.0,ensemble_grid_blend,14.0,2023,Las Vegas Grand Prix,2023-11-18
MAG,Haas F1 Team,8.0,12.664224411604454,13.045287741208778,13.716411458149981,13.008033986275073,17,8,17.0,17.0,17,0.0,19.0,19.0,19.0,19.0,19.0,19.0,0.0,0.0,0.0,0.0,1.0,ensemble_grid_blend,13.0,2023,Las Vegas Grand Prix,2023-11-18
HUL,Haas F1 Team,13.0,13.401916640119612,13.413159274903842,12.96429670012705,13.31832757429558,18,13,18.0,18.0,18,0.0,16.0,16.0,16.0,16.0,16.0,16.0,0.0,0.0,0.0,0.0,1.0,ensemble_grid_blend,19.0,2023,Las Vegas Grand Prix,2023-11-18
SAR,Williams,6.0,13.940290120150278,13.899947090266155,13.055764390045399,13.749264913669858,19,6,19.0,19.0,19,0.0,18.0,18.0,18.0,18.0,18.0,18.0,0.0,0.0,0.0,1.0,1.0,ensemble_grid_blend,16.0,2023,Las Vegas Grand Prix,2023-11-18
VER,Red Bull Racing,1.0,1.5189320402698743,1.6174275680459878,1.3348143528009029,1.5165819374977196,1,1,1.0,1.0,1,0.0,1.0,1.0,1.0,1.0,1.0,1.0,1.0,1.0,1.0,1.0,1.0,ensemble_grid_blend,1.0,2023,Abu Dhabi Grand Prix,2023-11-26
PER,Red Bull Racing,9.0,4.754639230246462,4.534346452910692,4.0326260686756985,4.533134125864789,2,9,2.0,2.0,2,0.0,2.0,2.0,2.0,2.0,2.0,2.0,0.0,1.0,1.0,1.0,1.0,ensemble_grid_blend,4.0,2023,Abu Dhabi Grand Prix,2023-11-26
NOR,McLaren,5.0,5.699684273627256,5.003708783906148,5.899080387341334,5.495972074967684,3,5,3.0,3.0,3,0.0,4.0,4.0,4.0,4.0,4.0,4.0,0.0,0.0,1.0,1.0,1.0,ensemble_grid_blend,5.0,2023,Abu Dhabi Grand Prix,2023-11-26
SAI,Ferrari,16.0,5.492610493558576,6.178502539127542,5.052368551733646,5.644624321142728,4,16,4.0,4.0,4,0.0,3.0,3.0,3.0,3.0,3.0,3.0,0.0,1.0,1.0,1.0,1.0,ensemble_grid_blend,18.0,2023,Abu Dhabi Grand Prix,2023-11-26
LEC,Ferrari,2.0,5.950473491298587,5.800413003663006,5.590002961572489,5.825858214680915,5,2,5.0,5.0,5,0.0,7.0,7.0,7.0,7.0,7.0,7.0,0.0,0.0,1.0,0.0,1.0,ensemble_grid_blend,2.0,2023,Abu Dhabi Grand Prix,2023-11-26
HAM,Mercedes,11.0,5.613041626149954,6.339219240726598,6.336412226108086,6.011877911243406,6,11,6.0,6.0,6,0.0,8.0,8.0,8.0,8.0,8.0,8.0,0.0,0.0,1.0,0.0,1.0,ensemble_grid_blend,9.0,2023,Abu Dhabi Grand Prix,2023-11-26
RUS,Mercedes,4.0,5.76289592589388,6.630559519427943,7.063517919899893,6.326702582432005,7,4,7.0,7.0,7,0.0,6.0,6.0,6.0,6.0,6.0,6.0,0.0,0.0,1.0,1.0,1.0,ensemble_grid_blend,3.0,2023,Abu Dhabi Grand Prix,2023-11-26
ALO,Aston Martin,7.0,7.44978083734685,7.5060766756463355,7.410888753334266,7.461705963949154,8,7,8.0,8.0,8,0.0,5.0,5.0,5.0,5.0,5.0,5.0,0.0,0.0,1.0,0.0,1.0,ensemble_grid_blend,7.0,2023,Abu Dhabi Grand Prix,2023-11-26
STR,Aston Martin,13.0,8.840636890272616,8.431708442700344,9.593930616008185,8.848170678769435,9,13,9.0,9.0,9,0.0,10.0,10.0,10.0,10.0,10.0,10.0,0.0,0.0,1.0,1.0,1.0,ensemble_grid_blend,10.0,2023,Abu Dhabi Grand Prix,2023-11-26
PIA,McLaren,3.0,9.268106573844065,8.841038657293264,8.654238832149806,8.995859254712434,10,3,10.0,10.0,10,0.0,9.0,9.0,9.0,9.0,9.0,9.0,0.0,0.0,1.0,1.0,1.0,ensemble_grid_blend,6.0,2023,Abu Dhabi Grand Prix,2023-11-26
GAS,Alpine,10.0,9.018216824139856,9.35056867603725,9.441690668166821,9.219234741109338,11,10,11.0,11.0,11,0.0,11.0,11.0,11.0,11.0,11.0,11.0,0.0,0.0,0.0,1.0,1.0,ensemble_grid_blend,13.0,2023,Abu Dhabi Grand Prix,2023-11-26
OCO,Alpine,12.0,9.600016726725967,9.66626693664523,8.773335645320174,9.45786808391655,12,12,12.0,12.0,12,0.0,12.0,12.0,12.0,12.0,12.0,12.0,0.0,0.0,0.0,1.0,1.0,ensemble_grid_blend,12.0,2023,Abu Dhabi Grand Prix,2023-11-26
ALB,Williams,14.0,11.311986676533934,10.794290891856676,10.856524140606421,11.039700644711392,13,14,13.0,13.0,13,0.0,13.0,13.0,13.0,13.0,13.0,13.0,0.0,0.0,0.0,1.0,1.0,ensemble_grid_blend,14.0,2023,Abu Dhabi Grand Prix,2023-11-26
TSU,AlphaTauri,6.0,11.253418789896596,11.896681110556116,12.676482956388327,11.763173435425776,14,6,14.0,14.0,14,0.0,14.0,14.0,14.0,14.0,14.0,14.0,0.0,0.0,0.0,1.0,1.0,ensemble_grid_blend,8.0,2023,Abu Dhabi Grand Prix,2023-11-26
RIC,AlphaTauri,15.0,12.957713349511202,12.556415681540676,12.575580546285005,12.740832605076278,15,15,15.0,15.0,15,0.0,16.0,16.0,16.0,16.0,16.0,16.0,0.0,0.0,0.0,1.0,1.0,ensemble_grid_blend,11.0,2023,Abu Dhabi Grand Prix,2023-11-26
SAR,Williams,20.0,12.864641164743821,13.4598200243384,13.91431157859866,13.28288784837289,16,20,16.0,16.0,16,0.0,15.0,15.0,15.0,15.0,15.0,15.0,0.0,0.0,0.0,1.0,1.0,ensemble_grid_blend,16.0,2023,Abu Dhabi Grand Prix,2023-11-26
BOT,Alfa Romeo,18.0,13.547977206301537,12.899381464124112,13.401127250369754,13.291598705353081,17,18,17.0,17.0,17,0.0,20.0,20.0,20.0,20.0,20.0,20.0,0.0,0.0,0.0,0.0,1.0,ensemble_grid_blend,19.0,2023,Abu Dhabi Grand Prix,2023-11-26
ZHO,Alfa Romeo,19.0,13.746631335046935,13.699809253246759,13.404503430231452,13.661818025453778,18,19,18.0,18.0,18,0.0,19.0,19.0,19.0,19.0,19.0,19.0,0.0,0.0,0.0,1.0,1.0,ensemble_grid_blend,17.0,2023,Abu Dhabi Grand Prix,2023-11-26
MAG,Haas F1 Team,17.0,13.766613501244342,13.60059731009731,14.01160606478422,13.757506347050857,19,17,19.0,19.0,19,0.0,18.0,18.0,18.0,18.0,18.0,18.0,0.0,0.0,0.0,1.0,1.0,ensemble_grid_blend,20.0,2023,Abu Dhabi Grand Prix,2023-11-26
HUL,Haas F1 Team,8.0,13.92936148191037,13.559980496355495,13.960347095490805,13.806275259682252,20,8,20.0,20.0,20,0.0,17.0,17.0,17.0,17.0,17.0,17.0,0.0,0.0,0.0,0.0,1.0,ensemble_grid_blend,15.0,2023,Abu Dhabi Grand Prix,2023-11-26
VER,Red Bull Racing,1.0,1.406998707905782,1.4223893767051654,1.563918764567596,1.443769453317929,1,1,1.0,1.0,1,0.0,1.0,1.0,1.0,1.0,1.0,1.0,1.0,1.0,1.0,1.0,1.0,ensemble_grid_blend,1.0,2024,Bahrain Grand Prix,2024-03-02
PER,Red Bull Racing,5.0,4.484272390325453,4.513553997902687,4.213553687867462,4.4403772124858865,2,5,2.0,2.0,2,0.0,3.0,3.0,3.0,3.0,3.0,3.0,0.0,1.0,1.0,1.0,1.0,ensemble_grid_blend,2.0,2024,Bahrain Grand Prix,2024-03-02
LEC,Ferrari,2.0,3.394832475681811,5.398445568320568,5.947333040538915,4.606597171076797,3,2,3.0,3.0,3,0.0,2.0,2.0,2.0,2.0,2.0,2.0,0.0,1.0,1.0,1.0,1.0,ensemble_grid_blend,4.0,2024,Bahrain Grand Prix,2024-03-02
NOR,McLaren,7.0,5.309577804970212,4.793429112554105,5.8021296017423065,5.227436121978994,4,7,4.0,4.0,4,0.0,4.0,4.0,4.0,4.0,4.0,4.0,0.0,0.0,1.0,1.0,1.0,ensemble_grid_blend,6.0,2024,Bahrain Grand Prix,2024-03-02
ALO,Aston Martin,6.0,5.2944864892903,6.238901903651903,6.396002195493258,5.845335025557453,5,6,5.0,5.0,5,0.0,6.0,6.0,6.0,6.0,6.0,6.0,0.0,0.0,1.0,1.0,1.0,ensemble_grid_blend,9.0,2024,Bahrain Grand Prix,2024-03-02
HAM,Mercedes,9.0,5.47049234129091,6.194335217070513,6.896665270048733,6.009071933565336,6,9,6.0,6.0,6,0.0,7.0,7.0,7.0,7.0,7.0,7.0,0.0,0.0,1.0,1.0,1.0,ensemble_grid_blend,7.0,2024,Bahrain Grand Prix,2024-03-02
SAI,Ferrari,4.0,6.39075971677797,5.863210252653601,7.046798266343194,6.337325114247485,7,4,7.0,7.0,7,0.0,5.0,5.0,5.0,5.0,5.0,5.0,0.0,0.0,1.0,0.0,1.0,ensemble_grid_blend,3.0,2024,Bahrain Grand Prix,2024-03-02
RUS,Mercedes,3.0,5.890393686036061,6.837976939726941,6.977710763000061,6.439511240220669,8,3,8.0,8.0,8,0.0,8.0,8.0,8.0,8.0,8.0,8.0,0.0,0.0,1.0,1.0,1.0,ensemble_grid_blend,5.0,2024,Bahrain Grand Prix,2024-03-02
STR,Aston Martin,12.0,6.3868410920005365,8.505548945292754,8.527800886398406,7.5565807995323855,9,12,9.0,9.0,9,0.0,9.0,9.0,9.0,9.0,9.0,9.0,0.0,0.0,1.0,1.0,1.0,ensemble_grid_blend,10.0,2024,Bahrain Grand Prix,2024-03-02
PIA,McLaren,8.0,8.53258772872025,7.773328005428856,8.272389286889329,8.214807137202078,10,8,10.0,10.0,10,0.0,10.0,10.0,10.0,10.0,10.0,10.0,0.0,0.0,1.0,1.0,1.0,ensemble_grid_blend,8.0,2024,Bahrain Grand Prix,2024-03-02
OCO,Alpine,19.0,10.19283827887538,9.963674683503637,9.291325673192917,9.932328499358778,11,19,11.0,11.0,11,0.0,13.0,13.0,13.0,13.0,13.0,13.0,0.0,0.0,0.0,0.0,1.0,ensemble_grid_blend,17.0,2024,Bahrain Grand Prix,2024-03-02
TSU,Racing Bulls,11.0,10.265101900929345,10.523379916956834,10.169278538972065,10.336334534147511,12,11,12.0,12.0,12,0.0,14.0,14.0,14.0,14.0,14.0,14.0,0.0,0.0,0.0,0.0,1.0,ensemble_grid_blend,14.0,2024,Bahrain Grand Prix,2024-03-02
GAS,Alpine,20.0,10.521933261460683,10.49575063118426,9.930250218936386,10.394432732359075,13,20,13.0,13.0,13,0.0,11.0,11.0,11.0,11.0,11.0,11.0,0.0,0.0,0.0,0.0,1.0,ensemble_grid_blend,18.0,2024,Bahrain Grand Prix,2024-03-02
RIC,Racing Bulls,14.0,10.386085928874122,10.935734501456158,10.388437628253248,10.578933269153659,14,14,14.0,14.0,14,0.0,15.0,15.0,15.0,15.0,15.0,15.0,0.0,0.0,0.0,1.0,1.0,ensemble_grid_blend,13.0,2024,Bahrain Grand Prix,2024-03-02
BOT,Audi,16.0,10.489663867314253,11.426301446572447,11.155206630883766,10.950595572768524,15,16,15.0,15.0,15,0.0,17.0,17.0,17.0,17.0,17.0,17.0,0.0,0.0,0.0,0.0,1.0,ensemble_grid_blend,19.0,2024,Bahrain Grand Prix,2024-03-02
ZHO,Audi,17.0,10.927007598733512,11.728431022421844,10.91914086026147,11.205932449330021,16,17,16.0,16.0,16,0.0,16.0,16.0,16.0,16.0,16.0,16.0,0.0,0.0,0.0,1.0,1.0,ensemble_grid_blend,11.0,2024,Bahrain Grand Prix,2024-03-02
ALB,Williams,13.0,11.378217821449443,11.154702747824068,11.498476173770445,11.324039216144763,17,13,17.0,17.0,17,0.0,12.0,12.0,12.0,12.0,12.0,12.0,0.0,0.0,0.0,0.0,1.0,ensemble_grid_blend,15.0,2024,Bahrain Grand Prix,2024-03-02
SAR,Williams,18.0,14.121520235886702,14.731308546029139,14.331975914523056,14.377037280163826,18,18,18.0,18.0,18,0.0,19.0,19.0,19.0,19.0,19.0,19.0,0.0,0.0,0.0,1.0,1.0,ensemble_grid_blend,20.0,2024,Bahrain Grand Prix,2024-03-02
HUL,Haas F1 Team,10.0,15.294851763992108,14.339800251219367,14.52984462997198,14.807582307717622,19,10,19.0,19.0,19,0.0,18.0,18.0,18.0,18.0,18.0,18.0,0.0,0.0,0.0,1.0,1.0,ensemble_grid_blend,16.0,2024,Bahrain Grand Prix,2024-03-02
MAG,Haas F1 Team,15.0,15.496315478758437,14.870532009657019,15.059959361377803,15.190020041096814,20,15,20.0,20.0,20,0.0,20.0,20.0,20.0,20.0,20.0,20.0,0.0,0.0,0.0,1.0,1.0,ensemble_grid_blend,12.0,2024,Bahrain Grand Prix,2024-03-02
VER,Red Bull Racing,1.0,1.452157617383672,1.5327043924119677,1.4410629397347599,1.478130053113793,1,1,1.0,1.0,1,0.0,1.0,1.0,1.0,1.0,1.0,1.0,1.0,1.0,1.0,1.0,1.0,ensemble_grid_blend,1.0,2024,Saudi Arabian Grand Prix,2024-03-09
PER,Red Bull Racing,3.0,4.541107833980773,4.403763766161599,3.918967644646285,4.368609372377164,2,3,2.0,2.0,2,0.0,2.0,2.0,2.0,2.0,2.0,2.0,0.0,1.0,1.0,1.0,1.0,ensemble_grid_blend,2.0,2024,Saudi Arabian Grand Prix,2024-03-09
LEC,Ferrari,2.0,4.75194820333576,5.195475552225552,5.383547543277494,5.033502643435534,3,2,3.0,3.0,3,0.0,3.0,3.0,3.0,3.0,3.0,3.0,0.0,1.0,1.0,1.0,1.0,ensemble_grid_blend,3.0,2024,Saudi Arabian Grand Prix,2024-03-09
HAM,Mercedes,8.0,5.4154676163136335,6.135939019314016,6.766097128826547,5.93775850986635,4,8,4.0,4.0,4,0.0,5.0,5.0,5.0,5.0,5.0,5.0,0.0,0.0,1.0,1.0,1.0,ensemble_grid_blend,9.0,2024,Saudi Arabian Grand Prix,2024-03-09
NOR,McLaren,6.0,7.266038750945654,5.431644931457434,5.5960164489147095,6.289996453718588,5,6,5.0,5.0,5,0.0,7.0,7.0,7.0,7.0,7.0,7.0,0.0,0.0,1.0,0.0,1.0,ensemble_grid_blend,8.0,2024,Saudi Arabian Grand Prix,2024-03-09
BEA,Ferrari,11.0,6.665993958512458,5.470530433118131,7.732859547305295,6.4609548423830105,6,10,6.0,6.0,6,0.0,4.0,4.0,4.0,4.0,4.0,4.0,0.0,0.0,1.0,0.0,1.0,ensemble_grid_blend,7.0,2024,Saudi Arabian Grand Prix,2024-03-09
RUS,Mercedes,7.0,6.674867010705507,6.867877039627036,6.527667154409611,6.712980549568863,7,7,7.0,7.0,7,0.0,8.0,8.0,8.0,8.0,8.0,8.0,0.0,0.0,1.0,1.0,1.0,ensemble_grid_blend,6.0,2024,Saudi Arabian Grand Prix,2024-03-09
ALO,Aston Martin,4.0,6.946151482940004,7.361595724040102,7.431935645543948,7.188713799845828,8,4,8.0,8.0,8,0.0,9.0,9.0,9.0,9.0,9.0,9.0,0.0,0.0,1.0,1.0,1.0,ensemble_grid_blend,5.0,2024,Saudi Arabian Grand Prix,2024-03-09
PIA,McLaren,5.0,7.557472404132953,7.2484865077732765,8.104896734331852,7.558812206446846,9,5,9.0,9.0,9,0.0,6.0,6.0,6.0,6.0,6.0,6.0,0.0,0.0,1.0,0.0,1.0,ensemble_grid_blend,4.0,2024,Saudi Arabian Grand Prix,2024-03-09
OCO,Alpine,17.0,11.612971245532997,10.106686063031173,11.037133018780853,10.97060378630693,10,16,10.0,10.0,10,0.0,13.0,13.0,13.0,13.0,13.0,13.0,0.0,0.0,0.0,0.0,1.0,ensemble_grid_blend,13.0,2024,Saudi Arabian Grand Prix,2024-03-09
ALB,Williams,12.0,11.898391653908375,11.593473696625013,12.670436969324138,11.946079431942351,11,11,11.0,11.0,11,0.0,10.0,10.0,10.0,10.0,10.0,10.0,0.0,0.0,1.0,1.0,1.0,ensemble_grid_blend,11.0,2024,Saudi Arabian Grand Prix,2024-03-09
TSU,Racing Bulls,9.0,13.206562104468194,12.071801451408072,12.262165999999148,12.62051665500334,12,9,12.0,12.0,12,0.0,11.0,11.0,11.0,11.0,11.0,11.0,0.0,0.0,0.0,1.0,1.0,ensemble_grid_blend,15.0,2024,Saudi Arabian Grand Prix,2024-03-09
RIC,Racing Bulls,14.0,13.716157555734931,12.61008589613001,12.268373632081317,13.039475690142487,13,13,13.0,13.0,13,0.0,12.0,12.0,12.0,12.0,12.0,12.0,0.0,0.0,0.0,1.0,1.0,ensemble_grid_blend,16.0,2024,Saudi Arabian Grand Prix,2024-03-09
ZHO,Audi,20.0,14.065711223020653,13.488944780301402,13.188658133566054,13.688432350177996,14,18,14.0,14.0,14,0.0,14.0,14.0,14.0,14.0,14.0,14.0,0.0,0.0,0.0,1.0,1.0,ensemble_grid_blend,18.0,2024,Saudi Arabian Grand Prix,2024-03-09
HUL,Haas F1 Team,15.0,15.330891484974586,14.449122896217132,14.987510850922025,14.953596352098966,15,14,15.0,15.0,15,0.0,15.0,15.0,15.0,15.0,15.0,15.0,0.0,0.0,0.0,1.0,1.0,ensemble_grid_blend,10.0,2024,Saudi Arabian Grand Prix,2024-03-09
MAG,Haas F1 Team,13.0,15.278120433078874,14.59239640914641,15.002871594425653,14.983067256971866,16,12,16.0,16.0,16,0.0,16.0,16.0,16.0,16.0,16.0,16.0,0.0,0.0,0.0,1.0,1.0,ensemble_grid_blend,12.0,2024,Saudi Arabian Grand Prix,2024-03-09
BOT,Audi,16.0,15.753375611557972,14.86975175804588,14.374512937005765,15.1683347279183,17,15,17.0,17.0,17,0.0,18.0,18.0,18.0,18.0,18.0,18.0,0.0,0.0,0.0,1.0,1.0,ensemble_grid_blend,17.0,2024,Saudi Arabian Grand Prix,2024-03-09
SAR,Williams,19.0,15.319808533227794,16.233722199111515,15.72418265759655,15.720553141160849,18,17,18.0,18.0,18,0.0,17.0,17.0,17.0,17.0,17.0,17.0,0.0,0.0,0.0,1.0,1.0,ensemble_grid_blend,14.0,2024,Saudi Arabian Grand Prix,2024-03-09
PER,Red Bull Racing,6.0,4.157220486402457,4.134540912261113,3.629257107881555,4.043689959748806,1,5,1.0,1.0,1,0.0,1.0,1.0,1.0,1.0,1.0,1.0,1.0,1.0,1.0,1.0,1.0,ensemble_grid_blend,5.0,2024,Australian Grand Prix,2024-03-24
LEC,Ferrari,4.0,4.458509872455099,4.59737779459103,5.305810001594228,4.676573671030501,2,3,2.0,2.0,2,0.0,2.0,2.0,2.0,2.0,2.0,2.0,0.0,1.0,1.0,1.0,1.0,ensemble_grid_blend,2.0,2024,Australian Grand Prix,2024-03-24
SAI,Ferrari,2.0,5.54144648445436,5.352919205794205,6.681902742141318,5.703553188460697,3,1,3.0,3.0,3,0.0,5.0,5.0,5.0,5.0,5.0,5.0,0.0,0.0,1.0,0.0,1.0,ensemble_grid_blend,1.0,2024,Australian Grand Prix,2024-03-24
NOR,McLaren,3.0,6.279315190555325,5.688695956820958,5.494684053437486,5.915672231324729,4,2,4.0,4.0,4,0.0,4.0,4.0,4.0,4.0,4.0,4.0,0.0,0.0,1.0,1.0,1.0,ensemble_grid_blend,3.0,2024,Australian Grand Prix,2024-03-24
ALO,Aston Martin,10.0,6.238493471754614,6.813398629148628,7.0011613673429265,6.592243855960181,5,9,5.0,5.0,5,0.0,3.0,3.0,3.0,3.0,3.0,3.0,0.0,1.0,1.0,0.0,1.0,ensemble_grid_blend,8.0,2024,Australian Grand Prix,2024-03-24
PIA,McLaren,5.0,6.61029247420555,7.12716520979021,7.128642468827557,6.8948679305845815,6,4,6.0,6.0,6,0.0,6.0,6.0,6.0,6.0,6.0,6.0,0.0,0.0,1.0,1.0,1.0,ensemble_grid_blend,4.0,2024,Australian Grand Prix,2024-03-24
RUS,Mercedes,7.0,7.879305530272379,7.448487401487402,6.434626128133131,7.439583304769787,7,6,7.0,7.0,7,0.0,7.0,7.0,7.0,7.0,7.0,7.0,0.0,0.0,1.0,1.0,1.0,ensemble_grid_blend,17.0,2024,Australian Grand Prix,2024-03-24
STR,Aston Martin,9.0,8.258897508806081,9.212659495938844,9.077428960257024,8.756420494592737,8,8,8.0,8.0,8,0.0,8.0,8.0,8.0,8.0,8.0,8.0,0.0,0.0,1.0,1.0,1.0,ensemble_grid_blend,6.0,2024,Australian Grand Prix,2024-03-24
OCO,Alpine,15.0,11.744406233650214,10.57475143973674,12.13034582077737,11.41221497320593,9,13,9.0,9.0,9,0.0,11.0,11.0,11.0,11.0,11.0,11.0,0.0,0.0,0.0,0.0,1.0,ensemble_grid_blend,16.0,2024,Australian Grand Prix,2024-03-24
GAS,Alpine,17.0,11.916455778039198,11.16640148340652,12.58079974710391,11.786805568730703,10,15,10.0,10.0,10,0.0,9.0,9.0,9.0,9.0,9.0,9.0,0.0,0.0,1.0,1.0,1.0,ensemble_grid_blend,13.0,2024,Australian Grand Prix,2024-03-24
ALB,Williams,12.0,11.685993311165403,11.564967013249907,12.450576191588432,11.796550682979584,11,10,11.0,11.0,11,0.0,10.0,10.0,10.0,10.0,10.0,10.0,0.0,0.0,1.0,1.0,1.0,ensemble_grid_blend,11.0,2024,Australian Grand Prix,2024-03-24
TSU,Racing Bulls,8.0,15.051970743896,14.14365475277647,13.05803710747685,14.335273419720334,12,7,12.0,12.0,12,0.0,14.0,14.0,14.0,14.0,14.0,14.0,0.0,0.0,0.0,0.0,1.0,ensemble_grid_blend,7.0,2024,Australian Grand Prix,2024-03-24
HUL,Haas F1 Team,16.0,14.843903772216352,14.468980668454355,13.815796097621597,14.507059150980702,13,14,13.0,13.0,13,0.0,12.0,12.0,12.0,12.0,12.0,12.0,0.0,0.0,0.0,1.0,1.0,ensemble_grid_blend,9.0,2024,Australian Grand Prix,2024-03-24
RIC,Racing Bulls,18.0,14.839750204720367,14.899062433073459,13.28206343396176,14.54897213049223,14,16,14.0,14.0,14,0.0,15.0,15.0,15.0,15.0,15.0,15.0,0.0,0.0,0.0,1.0,1.0,ensemble_grid_blend,12.0,2024,Australian Grand Prix,2024-03-24
ZHO,Audi,19.0,14.473562372397934,14.858768934904958,14.451860622615465,14.604044319318898,15,17,15.0,15.0,15,0.0,16.0,16.0,16.0,16.0,16.0,16.0,0.0,0.0,0.0,1.0,1.0,ensemble_grid_blend,15.0,2024,Australian Grand Prix,2024-03-24
MAG,Haas F1 Team,14.0,15.186338425850357,14.720958284770779,14.20078914158676,14.826345519619785,16,12,16.0,16.0,16,0.0,13.0,13.0,13.0,13.0,13.0,13.0,0.0,0.0,0.0,0.0,1.0,ensemble_grid_blend,10.0,2024,Australian Grand Prix,2024-03-24
BOT,Audi,13.0,15.28802948789579,15.497208694491793,15.3907468301618,15.381785678657593,17,11,17.0,17.0,17,0.0,17.0,17.0,17.0,17.0,17.0,17.0,0.0,0.0,0.0,1.0,1.0,ensemble_grid_blend,14.0,2024,Australian Grand Prix,2024-03-24
VER,Red Bull Racing,1.0,1.235538495768517,1.2495045780271163,1.6690017799906052,1.3271192814034445,1,1,1.0,1.0,1,0.0,1.0,1.0,1.0,1.0,1.0,1.0,1.0,1.0,1.0,1.0,1.0,ensemble_grid_blend,1.0,2024,Japanese Grand Prix,2024-04-07
PER,Red Bull Racing,2.0,4.114618235872136,4.139488904903708,3.9975633932630927,4.0999120015113775,2,2,2.0,2.0,2,0.0,2.0,2.0,2.0,2.0,2.0,2.0,0.0,1.0,1.0,1.0,1.0,ensemble_grid_blend,2.0,2024,Japanese Grand Prix,2024-04-07
LEC,Ferrari,8.0,4.560994457789455,4.576560010251186,4.053806949279921,4.465004899449154,3,8,3.0,3.0,3,0.0,3.0,3.0,3.0,3.0,3.0,3.0,0.0,1.0,1.0,1.0,1.0,ensemble_grid_blend,4.0,2024,Japanese Grand Prix,2024-04-07
SAI,Ferrari,4.0,4.921764890707161,5.669798881673882,5.069176777837969,5.213059164971675,4,4,4.0,4.0,4,0.0,4.0,4.0,4.0,4.0,4.0,4.0,0.0,0.0,1.0,1.0,1.0,ensemble_grid_blend,3.0,2024,Japanese Grand Prix,2024-04-07
NOR,McLaren,3.0,5.835289535703619,5.393827907408211,5.013036334843927,5.516327325628287,5,3,5.0,5.0,5,0.0,5.0,5.0,5.0,5.0,5.0,5.0,0.0,0.0,1.0,1.0,1.0,ensemble_grid_blend,5.0,2024,Japanese Grand Prix,2024-04-07
ALO,Aston Martin,5.0,5.877018757243106,6.791333471267293,6.959848029580444,6.413594761619038,6,5,6.0,6.0,6,0.0,6.0,6.0,6.0,6.0,6.0,6.0,0.0,0.0,1.0,1.0,1.0,ensemble_grid_blend,6.0,2024,Japanese Grand Prix,2024-04-07
PIA,McLaren,6.0,6.627034479384304,7.31961865832396,6.540420434004235,6.85211613293717,7,6,7.0,7.0,7,0.0,7.0,7.0,7.0,7.0,7.0,7.0,0.0,0.0,1.0,1.0,1.0,ensemble_grid_blend,8.0,2024,Japanese Grand Prix,2024-04-07
STR,Aston Martin,16.0,7.716214524044213,8.938216103341105,8.606527338556903,8.321977639700663,8,14,8.0,8.0,8,0.0,8.0,8.0,8.0,8.0,8.0,8.0,0.0,0.0,1.0,1.0,1.0,ensemble_grid_blend,12.0,2024,Japanese Grand Prix,2024-04-07
HAM,Mercedes,7.0,11.186054659506881,9.619983977967333,8.367709488252384,10.07426088671714,9,7,9.0,9.0,9,0.0,10.0,10.0,10.0,10.0,10.0,10.0,0.0,0.0,1.0,1.0,1.0,ensemble_grid_blend,9.0,2024,Japanese Grand Prix,2024-04-07
RUS,Mercedes,9.0,11.145152576983278,10.023067655620094,8.880714784820107,10.299535296073529,10,9,10.0,10.0,10,0.0,13.0,13.0,13.0,13.0,13.0,13.0,0.0,0.0,0.0,0.0,1.0,ensemble_grid_blend,7.0,2024,Japanese Grand Prix,2024-04-07
TSU,Racing Bulls,10.0,11.24353920383246,11.541045035331031,11.671812520293239,11.433320908149115,11,10,11.0,11.0,11,0.0,9.0,9.0,9.0,9.0,9.0,9.0,0.0,0.0,1.0,0.0,1.0,ensemble_grid_blend,10.0,2024,Japanese Grand Prix,2024-04-07
OCO,Alpine,15.0,12.369405375786869,12.032287227070317,12.840747116041415,12.345682371786985,12,13,12.0,12.0,12,0.0,11.0,11.0,11.0,11.0,11.0,11.0,0.0,0.0,0.0,1.0,1.0,ensemble_grid_blend,15.0,2024,Japanese Grand Prix,2024-04-07
GAS,Alpine,17.0,12.40663527781495,12.152787779622345,12.949023514048328,12.426266300694213,13,15,13.0,13.0,13,0.0,12.0,12.0,12.0,12.0,12.0,12.0,0.0,0.0,0.0,1.0,1.0,ensemble_grid_blend,16.0,2024,Japanese Grand Prix,2024-04-07
HUL,Haas F1 Team,12.0,13.367234043058936,14.08686695167577,12.314643125882261,13.408587377639492,14,11,14.0,14.0,14,0.0,14.0,14.0,14.0,14.0,14.0,14.0,0.0,0.0,0.0,1.0,1.0,ensemble_grid_blend,11.0,2024,Japanese Grand Prix,2024-04-07
MAG,Haas F1 Team,18.0,13.699858817166653,14.217068022255514,12.675799382417008,13.676070151997825,15,16,15.0,15.0,15,0.0,15.0,15.0,15.0,15.0,15.0,15.0,0.0,0.0,0.0,1.0,1.0,ensemble_grid_blend,13.0,2024,Japanese Grand Prix,2024-04-07
SAR,Williams,19.0,14.70545852842921,15.37888688796584,14.859059719294127,14.971878692440011,16,17,16.0,16.0,16,0.0,16.0,16.0,16.0,16.0,16.0,16.0,0.0,0.0,0.0,1.0,1.0,ensemble_grid_blend,17.0,2024,Japanese Grand Prix,2024-04-07
BOT,Audi,13.0,15.153867227239324,15.1118421602907,14.92322445482522,15.093029899324485,17,12,17.0,17.0,17,0.0,17.0,17.0,17.0,17.0,17.0,17.0,0.0,0.0,0.0,1.0,1.0,ensemble_grid_blend,14.0,2024,Japanese Grand Prix,2024-04-07
VER,Red Bull Racing,1.0,1.192218400100696,1.196224568457559,1.646909906670638,1.2845588603395866,1,1,1.0,1.0,1,0.0,1.0,1.0,1.0,1.0,1.0,1.0,1.0,1.0,1.0,1.0,1.0,ensemble_grid_blend,1.0,2024,Chinese Grand Prix,2024-04-21
PER,Red Bull Racing,2.0,3.9277078186950694,4.014310961284493,3.8203877990732362,3.936554914677001,2,2,2.0,2.0,2,0.0,4.0,4.0,4.0,4.0,4.0,4.0,0.0,0.0,1.0,0.0,1.0,ensemble_grid_blend,3.0,2024,Chinese Grand Prix,2024-04-21
SAI,Ferrari,7.0,3.470619548167349,4.456735430290381,4.520214537396786,4.025679104756297,3,7,3.0,3.0,3,0.0,2.0,2.0,2.0,2.0,2.0,2.0,0.0,1.0,1.0,1.0,1.0,ensemble_grid_blend,5.0,2024,Chinese Grand Prix,2024-04-21
LEC,Ferrari,6.0,4.38207932300806,4.4732896432343,4.027314340117433,4.343049938509118,4,6,4.0,4.0,4,0.0,3.0,3.0,3.0,3.0,3.0,3.0,0.0,1.0,1.0,1.0,1.0,ensemble_grid_blend,4.0,2024,Chinese Grand Prix,2024-04-21
NOR,McLaren,4.0,6.5254160374055745,5.65339045895625,4.906668956215247,5.896457668710246,5,4,5.0,5.0,5,0.0,7.0,7.0,7.0,7.0,7.0,7.0,0.0,0.0,1.0,0.0,1.0,ensemble_grid_blend,2.0,2024,Chinese Grand Prix,2024-04-21
ALO,Aston Martin,3.0,6.302983417389113,6.949328384850443,6.746528014525965,6.61791307542795,6,3,6.0,6.0,6,0.0,5.0,5.0,5.0,5.0,5.0,5.0,0.0,0.0,1.0,1.0,1.0,ensemble_grid_blend,7.0,2024,Chinese Grand Prix,2024-04-21
PIA,McLaren,5.0,7.006340820203577,7.579653071343862,6.541526238663636,7.114037191794688,7,5,7.0,7.0,7,0.0,6.0,6.0,6.0,6.0,6.0,6.0,0.0,0.0,1.0,1.0,1.0,ensemble_grid_blend,8.0,2024,Chinese Grand Prix,2024-04-21
STR,Aston Martin,11.0,8.48810823642635,9.25302403070786,8.906563571040884,8.839519831347785,8,10,8.0,8.0,8,0.0,8.0,8.0,8.0,8.0,8.0,8.0,0.0,0.0,1.0,1.0,1.0,ensemble_grid_blend,15.0,2024,Chinese Grand Prix,2024-04-21
HAM,Mercedes,18.0,10.303993605057975,9.144673780081106,8.768957495925756,9.591224444489628,9,16,9.0,9.0,9,0.0,9.0,9.0,9.0,9.0,9.0,9.0,0.0,0.0,1.0,1.0,1.0,ensemble_grid_blend,9.0,2024,Chinese Grand Prix,2024-04-21
RUS,Mercedes,8.0,10.949584466697042,9.6729622615272,9.10572976033668,10.133995753615526,10,8,10.0,10.0,10,0.0,10.0,10.0,10.0,10.0,10.0,10.0,0.0,0.0,1.0,1.0,1.0,ensemble_grid_blend,6.0,2024,Chinese Grand Prix,2024-04-21
ALB,Williams,14.0,11.974494500815403,11.778254673946623,11.856513878338772,11.882214436916003,11,12,11.0,11.0,11,0.0,11.0,11.0,11.0,11.0,11.0,11.0,0.0,0.0,0.0,1.0,1.0,ensemble_grid_blend,12.0,2024,Chinese Grand Prix,2024-04-21
HUL,Haas F1 Team,9.0,14.2125142999362,13.166485709021465,11.788392052259534,13.36157984358071,12,9,12.0,12.0,12,0.0,12.0,12.0,12.0,12.0,12.0,12.0,0.0,0.0,0.0,1.0,1.0,ensemble_grid_blend,10.0,2024,Chinese Grand Prix,2024-04-21
OCO,Alpine,13.0,13.269674054753528,13.811515417137896,12.867345955346801,13.378852911706712,13,11,13.0,13.0,13,0.0,13.0,13.0,13.0,13.0,13.0,13.0,0.0,0.0,0.0,1.0,1.0,ensemble_grid_blend,11.0,2024,Chinese Grand Prix,2024-04-21
MAG,Haas F1 Team,17.0,14.26700199043589,13.910977123774916,12.44950778619695,13.778894446256762,14,15,14.0,14.0,14,0.0,15.0,15.0,15.0,15.0,15.0,15.0,0.0,0.0,0.0,1.0,1.0,ensemble_grid_blend,16.0,2024,Chinese Grand Prix,2024-04-21
GAS,Alpine,15.0,14.374471999889005,14.089702133199614,13.162630118065113,14.03243417018294,15,13,15.0,15.0,15,0.0,14.0,14.0,14.0,14.0,14.0,14.0,0.0,0.0,0.0,1.0,1.0,ensemble_grid_blend,13.0,2024,Chinese Grand Prix,2024-04-21
ZHO,Audi,16.0,15.264013210511271,14.868492196937048,14.079940483740641,14.888766310406167,16,14,16.0,16.0,16,0.0,16.0,16.0,16.0,16.0,16.0,16.0,0.0,0.0,0.0,1.0,1.0,ensemble_grid_blend,14.0,2024,Chinese Grand Prix,2024-04-21
SAR,Williams,20.0,15.292500579866992,15.802246454933947,14.988950545517657,15.410201629270558,17,17,17.0,17.0,17,0.0,17.0,17.0,17.0,17.0,17.0,17.0,0.0,0.0,0.0,1.0,1.0,ensemble_grid_blend,17.0,2024,Chinese Grand Prix,2024-04-21
VER,Red Bull Racing,1.0,1.153535260230197,1.1673430460161804,1.6687171995011383,1.2614043731094795,1,1,1.0,1.0,1,0.0,1.0,1.0,1.0,1.0,1.0,1.0,1.0,1.0,1.0,1.0,1.0,ensemble_grid_blend,2.0,2024,Miami Grand Prix,2024-05-05
PER,Red Bull Racing,4.0,3.7018478363973113,3.826225938410577,3.8533221374822517,3.7756750323189423,2,4,2.0,2.0,2,0.0,3.0,3.0,3.0,3.0,3.0,3.0,0.0,1.0,1.0,1.0,1.0,ensemble_grid_blend,4.0,2024,Miami Grand Prix,2024-05-05
NOR,McLaren,5.0,4.075161080183098,3.9173455433455433,4.362518432487083,4.0773971127507505,3,5,3.0,3.0,3,0.0,2.0,2.0,2.0,2.0,2.0,2.0,0.0,1.0,1.0,1.0,1.0,ensemble_grid_blend,1.0,2024,Miami Grand Prix,2024-05-05
LEC,Ferrari,2.0,4.177050141665904,4.456761322011322,3.9819690825010694,4.235932842953834,4,2,4.0,4.0,4,0.0,4.0,4.0,4.0,4.0,4.0,4.0,0.0,0.0,1.0,1.0,1.0,ensemble_grid_blend,3.0,2024,Miami Grand Prix,2024-05-05
SAI,Ferrari,3.0,4.16586702150731,4.540372266622267,4.54967005489032,4.373704463974146,5,3,5.0,5.0,5,0.0,5.0,5.0,5.0,5.0,5.0,5.0,0.0,0.0,1.0,1.0,1.0,ensemble_grid_blend,5.0,2024,Miami Grand Prix,2024-05-05
PIA,McLaren,6.0,5.511868396035595,6.688316597937439,6.6422636743118835,6.149704322356498,6,6,6.0,6.0,6,0.0,6.0,6.0,6.0,6.0,6.0,6.0,0.0,0.0,1.0,1.0,1.0,ensemble_grid_blend,13.0,2024,Miami Grand Prix,2024-05-05
ALO,Aston Martin,15.0,7.877965385319742,7.063294784055814,7.502216444955188,7.517680886804457,7,15,7.0,7.0,7,0.0,8.0,8.0,8.0,8.0,8.0,8.0,0.0,0.0,1.0,1.0,1.0,ensemble_grid_blend,9.0,2024,Miami Grand Prix,2024-05-05
RUS,Mercedes,7.0,9.476993522151158,8.111741123096476,8.883956765191863,8.88054783109016,8,7,8.0,8.0,8,0.0,9.0,9.0,9.0,9.0,9.0,9.0,0.0,0.0,1.0,1.0,1.0,ensemble_grid_blend,8.0,2024,Miami Grand Prix,2024-05-05
HAM,Mercedes,8.0,9.385978580236364,8.268264894075658,8.90769663944498,8.89912240192184,9,8,9.0,9.0,9,0.0,7.0,7.0,7.0,7.0,7.0,7.0,0.0,0.0,1.0,0.0,1.0,ensemble_grid_blend,6.0,2024,Miami Grand Prix,2024-05-05
STR,Aston Martin,11.0,9.690499250770575,10.128888264513268,10.309363383568321,9.967708232140067,10,11,10.0,10.0,10,0.0,10.0,10.0,10.0,10.0,10.0,10.0,0.0,0.0,1.0,1.0,1.0,ensemble_grid_blend,17.0,2024,Miami Grand Prix,2024-05-05
TSU,Racing Bulls,10.0,11.072534378930907,10.899127555468825,11.045920643950113,11.00651924372302,11,10,11.0,11.0,11,0.0,13.0,13.0,13.0,13.0,13.0,13.0,0.0,0.0,0.0,0.0,1.0,ensemble_grid_blend,7.0,2024,Miami Grand Prix,2024-05-05
RIC,Racing Bulls,20.0,11.934245921648317,12.109744595682098,11.944194545627028,11.997660182355883,12,19,12.0,12.0,12,0.0,11.0,11.0,11.0,11.0,11.0,11.0,0.0,0.0,0.0,1.0,1.0,ensemble_grid_blend,15.0,2024,Miami Grand Prix,2024-05-05
ALB,Williams,14.0,12.25000613001869,12.006248383560886,12.053805197740722,12.125450732302866,13,14,13.0,13.0,13,0.0,12.0,12.0,12.0,12.0,12.0,12.0,0.0,0.0,0.0,1.0,1.0,ensemble_grid_blend,18.0,2024,Miami Grand Prix,2024-05-05
HUL,Haas F1 Team,9.0,12.76081602201911,12.107314943281196,11.813367593867927,12.342600958830603,14,9,14.0,14.0,14,0.0,14.0,14.0,14.0,14.0,14.0,14.0,0.0,0.0,0.0,1.0,1.0,ensemble_grid_blend,11.0,2024,Miami Grand Prix,2024-05-05
OCO,Alpine,13.0,12.750976794340351,13.104524024586528,12.590280475535872,12.842579061165617,15,13,15.0,15.0,15,0.0,15.0,15.0,15.0,15.0,15.0,15.0,0.0,0.0,0.0,1.0,1.0,ensemble_grid_blend,10.0,2024,Miami Grand Prix,2024-05-05
MAG,Haas F1 Team,18.0,12.687257993809453,13.825139137221566,13.120028840438087,13.172070563329418,16,17,16.0,16.0,16,0.0,17.0,17.0,17.0,17.0,17.0,17.0,0.0,0.0,0.0,1.0,1.0,ensemble_grid_blend,19.0,2024,Miami Grand Prix,2024-05-05
GAS,Alpine,12.0,13.576322515117692,13.459247426184929,12.97883699245799,13.415849129459286,17,12,17.0,17.0,17,0.0,16.0,16.0,16.0,16.0,16.0,16.0,0.0,0.0,0.0,1.0,1.0,ensemble_grid_blend,12.0,2024,Miami Grand Prix,2024-05-05
ZHO,Audi,19.0,14.160891876967417,14.608565221693508,13.745819935529621,14.234563159333991,18,18,18.0,18.0,18,0.0,18.0,18.0,18.0,18.0,18.0,18.0,0.0,0.0,0.0,1.0,1.0,ensemble_grid_blend,14.0,2024,Miami Grand Prix,2024-05-05
BOT,Audi,16.0,14.397694484469438,14.590990946553445,14.232002476097787,14.43220984452451,19,16,19.0,19.0,19,0.0,19.0,19.0,19.0,19.0,19.0,19.0,0.0,0.0,0.0,1.0,1.0,ensemble_grid_blend,16.0,2024,Miami Grand Prix,2024-05-05
VER,Red Bull Racing,1.0,1.3891962103342477,1.3592859307444596,1.520832426866214,1.4050548557842153,1,1,1.0,1.0,1,0.0,1.0,1.0,1.0,1.0,1.0,1.0,1.0,1.0,1.0,1.0,1.0,ensemble_grid_blend,1.0,2024,Emilia Romagna Grand Prix,2024-05-19
PER,Red Bull Racing,11.0,3.960568694316944,3.788228856994044,3.6227443199051255,3.832684876371565,2,11,2.0,2.0,2,0.0,2.0,2.0,2.0,2.0,2.0,2.0,0.0,1.0,1.0,1.0,1.0,ensemble_grid_blend,8.0,2024,Emilia Romagna Grand Prix,2024-05-19
NOR,McLaren,2.0,4.0491053644226795,3.8693880437373083,4.34841255176694,4.0460657396516515,3,2,3.0,3.0,3,0.0,4.0,4.0,4.0,4.0,4.0,4.0,0.0,0.0,1.0,1.0,1.0,ensemble_grid_blend,2.0,2024,Emilia Romagna Grand Prix,2024-05-19
LEC,Ferrari,3.0,4.072619791366488,5.028996232933729,4.1938169683221185,4.431590981306149,4,3,4.0,4.0,4,0.0,3.0,3.0,3.0,3.0,3.0,3.0,0.0,1.0,1.0,1.0,1.0,ensemble_grid_blend,3.0,2024,Emilia Romagna Grand Prix,2024-05-19
RUS,Mercedes,6.0,5.694602280376333,6.554539648131372,7.473799918484384,6.351419886712208,5,6,5.0,5.0,5,0.0,7.0,7.0,7.0,7.0,7.0,7.0,0.0,0.0,1.0,0.0,1.0,ensemble_grid_blend,7.0,2024,Emilia Romagna Grand Prix,2024-05-19
HAM,Mercedes,8.0,6.137515664679208,6.735933754025471,7.478347770362093,6.615128417086977,6,8,6.0,6.0,6,0.0,6.0,6.0,6.0,6.0,6.0,6.0,0.0,0.0,1.0,1.0,1.0,ensemble_grid_blend,6.0,2024,Emilia Romagna Grand Prix,2024-05-19
PIA,McLaren,5.0,6.563848419600996,7.562666619502269,7.764461559936202,7.1535574176334835,7,5,7.0,7.0,7,0.0,5.0,5.0,5.0,5.0,5.0,5.0,0.0,0.0,1.0,0.0,1.0,ensemble_grid_blend,4.0,2024,Emilia Romagna Grand Prix,2024-05-19
SAI,Ferrari,4.0,8.400813642980111,8.181512862137865,4.976613015995122,7.639218244288328,8,4,8.0,8.0,8,0.0,10.0,10.0,10.0,10.0,10.0,10.0,0.0,0.0,1.0,0.0,1.0,ensemble_grid_blend,5.0,2024,Emilia Romagna Grand Prix,2024-05-19
ALO,Aston Martin,20.0,8.549191305146078,7.258417970917974,8.277772135634226,8.04313680426387,9,19,9.0,9.0,9,0.0,8.0,8.0,8.0,8.0,8.0,8.0,0.0,0.0,1.0,1.0,1.0,ensemble_grid_blend,19.0,2024,Emilia Romagna Grand Prix,2024-05-19
TSU,Racing Bulls,7.0,10.393402526334372,10.465687902731757,9.985764362172226,10.337174775241028,10,7,10.0,10.0,10,0.0,9.0,9.0,9.0,9.0,9.0,9.0,0.0,0.0,1.0,1.0,1.0,ensemble_grid_blend,10.0,2024,Emilia Romagna Grand Prix,2024-05-19
OCO,Alpine,12.0,11.219352185216005,10.770981308337348,11.825444688204652,11.183640878906203,11,12,11.0,11.0,11,0.0,14.0,14.0,14.0,14.0,14.0,14.0,0.0,0.0,0.0,0.0,1.0,ensemble_grid_blend,14.0,2024,Emilia Romagna Grand Prix,2024-05-19
STR,Aston Martin,13.0,12.854661086808829,10.929590537730245,11.84772895333205,11.979499967935968,12,13,12.0,12.0,12,0.0,12.0,12.0,12.0,12.0,12.0,12.0,0.0,0.0,0.0,1.0,1.0,ensemble_grid_blend,9.0,2024,Emilia Romagna Grand Prix,2024-05-19
GAS,Alpine,15.0,11.836937173736342,12.035879157392303,12.474928474428223,12.034165128154307,13,14,13.0,13.0,13,0.0,11.0,11.0,11.0,11.0,11.0,11.0,0.0,0.0,0.0,0.0,1.0,ensemble_grid_blend,16.0,2024,Emilia Romagna Grand Prix,2024-05-19
HUL,Haas F1 Team,10.0,12.062048396610548,12.129423747305323,12.318954320445535,12.137010954120717,14,10,14.0,14.0,14,0.0,13.0,13.0,13.0,13.0,13.0,13.0,0.0,0.0,0.0,1.0,1.0,ensemble_grid_blend,11.0,2024,Emilia Romagna Grand Prix,2024-05-19
RIC,Racing Bulls,9.0,13.739119792641356,13.21624542103251,11.782988180846942,13.164887440219376,15,9,15.0,15.0,15,0.0,16.0,16.0,16.0,16.0,16.0,16.0,0.0,0.0,0.0,1.0,1.0,ensemble_grid_blend,13.0,2024,Emilia Romagna Grand Prix,2024-05-19
ZHO,Audi,17.0,14.61455930144023,14.755877365689855,13.67777203105198,14.476663169849948,16,16,16.0,16.0,16,0.0,19.0,19.0,19.0,19.0,19.0,19.0,0.0,0.0,0.0,0.0,1.0,ensemble_grid_blend,15.0,2024,Emilia Romagna Grand Prix,2024-05-19
MAG,Haas F1 Team,18.0,14.850503557799781,14.04441454351033,14.44014916353417,14.486301523945352,17,17,17.0,17.0,17,0.0,15.0,15.0,15.0,15.0,15.0,15.0,0.0,0.0,0.0,0.0,1.0,ensemble_grid_blend,12.0,2024,Emilia Romagna Grand Prix,2024-05-19
BOT,Audi,16.0,15.075639597722066,15.178602383727377,14.414477031417814,14.979444059563075,18,15,18.0,18.0,18,0.0,17.0,17.0,17.0,17.0,17.0,17.0,0.0,0.0,0.0,1.0,1.0,ensemble_grid_blend,18.0,2024,Emilia Romagna Grand Prix,2024-05-19
SAR,Williams,19.0,14.456884389219589,15.977309774247075,16.218721926847962,15.341400781504884,19,18,19.0,19.0,19,0.0,18.0,18.0,18.0,18.0,18.0,18.0,0.0,0.0,0.0,1.0,1.0,ensemble_grid_blend,17.0,2024,Emilia Romagna Grand Prix,2024-05-19
VER,Red Bull Racing,6.0,1.3442628647587727,1.1602988707705997,1.7943041975832523,1.369883733427808,1,6,1.0,1.0,1,0.0,1.0,1.0,1.0,1.0,1.0,1.0,1.0,1.0,1.0,1.0,1.0,ensemble_grid_blend,6.0,2024,Monaco Grand Prix,2024-05-26
LEC,Ferrari,1.0,5.4491059197860325,5.664311117245324,4.742542593656603,5.383115073670899,2,1,2.0,2.0,2,0.0,2.0,2.0,2.0,2.0,2.0,2.0,0.0,1.0,1.0,1.0,1.0,ensemble_grid_blend,1.0,2024,Monaco Grand Prix,2024-05-26
NOR,McLaren,4.0,6.615398803714621,5.2288849810320395,4.558686452639932,5.71877649556078,3,4,3.0,3.0,3,0.0,5.0,5.0,5.0,5.0,5.0,5.0,0.0,0.0,1.0,0.0,1.0,ensemble_grid_blend,4.0,2024,Monaco Grand Prix,2024-05-26
HAM,Mercedes,7.0,6.065351820083837,5.9661714029434645,7.106381595413494,6.238844629150638,4,7,4.0,4.0,4,0.0,4.0,4.0,4.0,4.0,4.0,4.0,0.0,0.0,1.0,1.0,1.0,ensemble_grid_blend,7.0,2024,Monaco Grand Prix,2024-05-26
RUS,Mercedes,5.0,6.028196205154035,6.331168532856031,7.287993236525071,6.386195926123941,5,5,5.0,5.0,5,0.0,6.0,6.0,6.0,6.0,6.0,6.0,0.0,0.0,1.0,1.0,1.0,ensemble_grid_blend,5.0,2024,Monaco Grand Prix,2024-05-26
SAI,Ferrari,3.0,6.381439558844182,6.880047341547339,5.680355990532208,6.415735569127892,6,3,6.0,6.0,6,0.0,7.0,7.0,7.0,7.0,7.0,7.0,0.0,0.0,1.0,1.0,1.0,ensemble_grid_blend,3.0,2024,Monaco Grand Prix,2024-05-26
PIA,McLaren,2.0,7.853100653609054,7.1405731770006025,7.684175813739774,7.56993106882224,7,2,7.0,7.0,7,0.0,3.0,3.0,3.0,3.0,3.0,3.0,0.0,1.0,1.0,0.0,1.0,ensemble_grid_blend,2.0,2024,Monaco Grand Prix,2024-05-26
ALO,Aston Martin,14.0,9.439702914129501,8.694933132012464,9.403004016382024,9.171693710839044,8,13,8.0,8.0,8,0.0,8.0,8.0,8.0,8.0,8.0,8.0,0.0,0.0,1.0,1.0,1.0,ensemble_grid_blend,11.0,2024,Monaco Grand Prix,2024-05-26
STR,Aston Martin,13.0,10.147554506363582,10.2810239418734,11.207857998005892,10.40632950712048,9,12,9.0,9.0,9,0.0,9.0,9.0,9.0,9.0,9.0,9.0,0.0,0.0,1.0,1.0,1.0,ensemble_grid_blend,14.0,2024,Monaco Grand Prix,2024-05-26
TSU,Racing Bulls,8.0,10.68394310634621,10.337912426818969,10.438695755874697,10.513782898417373,10,8,10.0,10.0,10,0.0,10.0,10.0,10.0,10.0,10.0,10.0,0.0,0.0,1.0,1.0,1.0,ensemble_grid_blend,8.0,2024,Monaco Grand Prix,2024-05-26
GAS,Alpine,10.0,10.797884852401191,11.178403284215781,11.75436346656358,11.122362026368776,11,10,11.0,11.0,11,0.0,13.0,13.0,13.0,13.0,13.0,13.0,0.0,0.0,0.0,0.0,1.0,ensemble_grid_blend,10.0,2024,Monaco Grand Prix,2024-05-26
ALB,Williams,9.0,12.675430672432478,12.349661704308769,13.175831028668167,12.661491604836318,12,9,12.0,12.0,12,0.0,11.0,11.0,11.0,11.0,11.0,11.0,0.0,0.0,0.0,1.0,1.0,ensemble_grid_blend,9.0,2024,Monaco Grand Prix,2024-05-26
RIC,Racing Bulls,12.0,12.909363348202408,12.922127606870253,12.055452224590093,12.74304861401369,13,11,13.0,13.0,13,0.0,14.0,14.0,14.0,14.0,14.0,14.0,0.0,0.0,0.0,1.0,1.0,ensemble_grid_blend,12.0,2024,Monaco Grand Prix,2024-05-26
ZHO,Audi,18.0,14.897397971744061,14.967892274392277,14.281617159368619,14.798914815195849,14,16,14.0,14.0,14,0.0,15.0,15.0,15.0,15.0,15.0,15.0,0.0,0.0,0.0,1.0,1.0,ensemble_grid_blend,16.0,2024,Monaco Grand Prix,2024-05-26
BOT,Audi,17.0,15.423230365695375,15.546522685647702,15.337367687090362,15.449210141957687,15,15,15.0,15.0,15,0.0,16.0,16.0,16.0,16.0,16.0,16.0,0.0,0.0,0.0,1.0,1.0,ensemble_grid_blend,13.0,2024,Monaco Grand Prix,2024-05-26
SAR,Williams,15.0,15.26040217554733,15.989219673128721,15.947072688682708,15.652822402327892,16,14,16.0,16.0,16,0.0,12.0,12.0,12.0,12.0,12.0,12.0,0.0,0.0,0.0,0.0,1.0,ensemble_grid_blend,15.0,2024,Monaco Grand Prix,2024-05-26
VER,Red Bull Racing,2.0,1.7918193673895195,1.4109495752853483,2.8695291617855805,1.8740568990322717,1,2,1.0,1.0,1,0.0,1.0,1.0,1.0,1.0,1.0,1.0,1.0,1.0,1.0,1.0,1.0,ensemble_grid_blend,1.0,2024,Canadian Grand Prix,2024-06-09
NOR,McLaren,3.0,3.1858672177674032,3.294140356289737,3.608132292604089,3.308215831217557,2,3,2.0,2.0,2,0.0,2.0,2.0,2.0,2.0,2.0,2.0,0.0,1.0,1.0,1.0,1.0,ensemble_grid_blend,2.0,2024,Canadian Grand Prix,2024-06-09
PIA,McLaren,4.0,5.416755792365319,7.3786977450653914,6.019135047799306,6.2239113268971415,3,4,3.0,3.0,3,0.0,3.0,3.0,3.0,3.0,3.0,3.0,0.0,1.0,1.0,1.0,1.0,ensemble_grid_blend,5.0,2024,Canadian Grand Prix,2024-06-09
HAM,Mercedes,7.0,5.99967537062057,6.515258755133756,6.934170169652388,6.367028515006548,4,7,4.0,4.0,4,0.0,4.0,4.0,4.0,4.0,4.0,4.0,0.0,0.0,1.0,1.0,1.0,ensemble_grid_blend,4.0,2024,Canadian Grand Prix,2024-06-09
RUS,Mercedes,1.0,6.135481294064394,6.507021270396269,6.926342342448368,6.423692495457345,5,1,5.0,5.0,5,0.0,5.0,5.0,5.0,5.0,5.0,5.0,0.0,0.0,1.0,1.0,1.0,ensemble_grid_blend,3.0,2024,Canadian Grand Prix,2024-06-09
TSU,Racing Bulls,8.0,11.025220407472116,10.72244341811719,10.142209719993781,10.742646323702225,6,8,6.0,6.0,6,0.0,11.0,11.0,11.0,11.0,11.0,11.0,0.0,0.0,0.0,0.0,1.0,ensemble_grid_blend,14.0,2024,Canadian Grand Prix,2024-06-09
ALO,Aston Martin,6.0,11.526585488818396,10.516518558239147,10.71738715821231,11.011222396994441,7,6,7.0,7.0,7,0.0,6.0,6.0,6.0,6.0,6.0,6.0,0.0,0.0,1.0,1.0,1.0,ensemble_grid_blend,6.0,2024,Canadian Grand Prix,2024-06-09
OCO,Alpine,18.0,11.188332500553413,11.399558275058276,11.695559592725768,11.363706940064587,8,13,8.0,8.0,8,0.0,7.0,7.0,7.0,7.0,7.0,7.0,0.0,0.0,1.0,1.0,1.0,ensemble_grid_blend,10.0,2024,Canadian Grand Prix,2024-06-09
HUL,Haas F1 Team,17.0,11.659319750863421,11.796438634357555,12.232166062432691,11.821880622400222,9,12,9.0,9.0,9,0.0,10.0,10.0,10.0,10.0,10.0,10.0,0.0,0.0,1.0,1.0,1.0,ensemble_grid_blend,11.0,2024,Canadian Grand Prix,2024-06-09
GAS,Alpine,15.0,11.949434194004986,12.219889124764126,12.261305803661266,12.106467741701941,10,11,10.0,10.0,10,0.0,9.0,9.0,9.0,9.0,9.0,9.0,0.0,0.0,1.0,1.0,1.0,ensemble_grid_blend,9.0,2024,Canadian Grand Prix,2024-06-09
STR,Aston Martin,9.0,12.778385629806019,11.291835467636936,12.518616103402652,12.206139167766167,11,9,11.0,11.0,11,0.0,8.0,8.0,8.0,8.0,8.0,8.0,0.0,0.0,1.0,0.0,1.0,ensemble_grid_blend,7.0,2024,Canadian Grand Prix,2024-06-09
RIC,Racing Bulls,5.0,13.02117078017523,13.14827151512059,11.966734615344507,12.85476880443996,12,5,12.0,12.0,12,0.0,13.0,13.0,13.0,13.0,13.0,13.0,0.0,0.0,0.0,1.0,1.0,ensemble_grid_blend,8.0,2024,Canadian Grand Prix,2024-06-09
MAG,Haas F1 Team,14.0,14.386320096193392,13.978907445495679,14.076310337825142,14.181723716775542,13,10,13.0,13.0,13,0.0,12.0,12.0,12.0,12.0,12.0,12.0,0.0,0.0,0.0,1.0,1.0,ensemble_grid_blend,12.0,2024,Canadian Grand Prix,2024-06-09
ZHO,Audi,20.0,15.260708647530528,15.043457001332007,14.556450645743201,15.043818971003581,14,15,14.0,14.0,14,0.0,14.0,14.0,14.0,14.0,14.0,14.0,0.0,0.0,0.0,1.0,1.0,ensemble_grid_blend,15.0,2024,Canadian Grand Prix,2024-06-09
BOT,Audi,19.0,14.986886698560168,15.289967504717499,15.130150456841488,15.121617732371497,15,14,15.0,15.0,15,0.0,15.0,15.0,15.0,15.0,15.0,15.0,0.0,0.0,0.0,1.0,1.0,ensemble_grid_blend,13.0,2024,Canadian Grand Prix,2024-06-09
VER,Red Bull Racing,2.0,1.6900597288855834,1.4371367765235346,2.7944497182312906,1.8224146934280077,1,2,1.0,1.0,1,0.0,1.0,1.0,1.0,1.0,1.0,1.0,1.0,1.0,1.0,1.0,1.0,ensemble_grid_blend,1.0,2024,Spanish Grand Prix,2024-06-23
PER,Red Bull Racing,11.0,4.474698424803948,5.100711935574746,5.026071147699872,4.804077698152912,2,11,2.0,2.0,2,0.0,3.0,3.0,3.0,3.0,3.0,3.0,0.0,1.0,1.0,1.0,1.0,ensemble_grid_blend,8.0,2024,Spanish Grand Prix,2024-06-23
LEC,Ferrari,5.0,4.992994672186245,5.843127337939836,5.130986117720675,5.318139394306887,3,5,3.0,3.0,3,0.0,5.0,5.0,5.0,5.0,5.0,5.0,0.0,0.0,1.0,0.0,1.0,ensemble_grid_blend,5.0,2024,Spanish Grand Prix,2024-06-23
NOR,McLaren,1.0,6.698793549663122,4.790467446081608,5.079294677803706,5.706979639037709,4,1,4.0,4.0,4,0.0,2.0,2.0,2.0,2.0,2.0,2.0,0.0,1.0,1.0,0.0,1.0,ensemble_grid_blend,2.0,2024,Spanish Grand Prix,2024-06-23
RUS,Mercedes,4.0,5.578341484446329,5.567553769759654,7.0631691520300945,5.871531317822746,5,4,5.0,5.0,5,0.0,4.0,4.0,4.0,4.0,4.0,4.0,0.0,0.0,1.0,1.0,1.0,ensemble_grid_blend,4.0,2024,Spanish Grand Prix,2024-06-23
SAI,Ferrari,6.0,5.802505737026507,6.253197954822954,6.160891417786711,6.0319251494073045,6,6,6.0,6.0,6,0.0,6.0,6.0,6.0,6.0,6.0,6.0,0.0,0.0,1.0,1.0,1.0,ensemble_grid_blend,6.0,2024,Spanish Grand Prix,2024-06-23
HAM,Mercedes,3.0,6.171718755750613,5.46177540923129,7.188118884077932,6.126518610134314,7,3,7.0,7.0,7,0.0,8.0,8.0,8.0,8.0,8.0,8.0,0.0,0.0,1.0,1.0,1.0,ensemble_grid_blend,3.0,2024,Spanish Grand Prix,2024-06-23
PIA,McLaren,9.0,6.322737133268686,6.977813159063162,7.6638820789187925,6.820242731426775,8,9,8.0,8.0,8,0.0,7.0,7.0,7.0,7.0,7.0,7.0,0.0,0.0,1.0,1.0,1.0,ensemble_grid_blend,7.0,2024,Spanish Grand Prix,2024-06-23
ALO,Aston Martin,10.0,9.066332016641368,8.151855508965236,9.625317953803968,8.858062426387242,9,10,9.0,9.0,9,0.0,9.0,9.0,9.0,9.0,9.0,9.0,0.0,0.0,1.0,1.0,1.0,ensemble_grid_blend,12.0,2024,Spanish Grand Prix,2024-06-23
STR,Aston Martin,14.0,11.009993439484562,10.12960178710179,11.69085929106624,10.838029531466926,10,14,10.0,10.0,10,0.0,10.0,10.0,10.0,10.0,10.0,10.0,0.0,0.0,1.0,1.0,1.0,ensemble_grid_blend,14.0,2024,Spanish Grand Prix,2024-06-23
OCO,Alpine,8.0,10.811547038352685,11.13996791605866,12.249051913941502,11.21399532066754,11,8,11.0,11.0,11,0.0,14.0,14.0,14.0,14.0,14.0,14.0,0.0,0.0,0.0,0.0,1.0,ensemble_grid_blend,10.0,2024,Spanish Grand Prix,2024-06-23
ALB,Williams,20.0,10.777855191556691,11.419504501808175,12.075623790314497,11.261986169896273,12,20,12.0,12.0,12,0.0,12.0,12.0,12.0,12.0,12.0,12.0,0.0,0.0,0.0,1.0,1.0,ensemble_grid_blend,18.0,2024,Spanish Grand Prix,2024-06-23
TSU,Racing Bulls,17.0,11.63172372605374,12.128000539965706,11.612128179289966,11.801501501570172,13,17,13.0,13.0,13,0.0,13.0,13.0,13.0,13.0,13.0,13.0,0.0,0.0,0.0,1.0,1.0,ensemble_grid_blend,19.0,2024,Spanish Grand Prix,2024-06-23
GAS,Alpine,7.0,12.12785768216674,12.182487698412693,12.93195515894043,12.30779768320756,14,7,14.0,14.0,14,0.0,11.0,11.0,11.0,11.0,11.0,11.0,0.0,0.0,0.0,0.0,1.0,ensemble_grid_blend,9.0,2024,Spanish Grand Prix,2024-06-23
RIC,Racing Bulls,18.0,13.249658556556426,12.695026806999334,12.347499547398096,12.875105642379777,15,18,15.0,15.0,15,0.0,15.0,15.0,15.0,15.0,15.0,15.0,0.0,0.0,0.0,1.0,1.0,ensemble_grid_blend,15.0,2024,Spanish Grand Prix,2024-06-23
HUL,Haas F1 Team,13.0,13.383050250537046,14.115878038628043,14.260670210617883,13.815063968385061,16,13,16.0,16.0,16,0.0,19.0,19.0,19.0,19.0,19.0,19.0,0.0,0.0,0.0,0.0,1.0,ensemble_grid_blend,11.0,2024,Spanish Grand Prix,2024-06-23
SAR,Williams,19.0,14.152953008081484,14.570650159662211,15.075156611532158,14.483587731824873,17,19,17.0,17.0,17,0.0,16.0,16.0,16.0,16.0,16.0,16.0,0.0,0.0,0.0,1.0,1.0,ensemble_grid_blend,20.0,2024,Spanish Grand Prix,2024-06-23
BOT,Audi,12.0,14.742612649331281,14.827196719946723,15.280277388888768,14.879750021958184,18,12,18.0,18.0,18,0.0,18.0,18.0,18.0,18.0,18.0,18.0,0.0,0.0,0.0,1.0,1.0,ensemble_grid_blend,16.0,2024,Spanish Grand Prix,2024-06-23
ZHO,Audi,15.0,15.087238670656445,15.00531082806083,15.191845077946859,15.079485207206062,19,15,19.0,19.0,19,0.0,17.0,17.0,17.0,17.0,17.0,17.0,0.0,0.0,0.0,0.0,1.0,ensemble_grid_blend,13.0,2024,Spanish Grand Prix,2024-06-23
MAG,Haas F1 Team,16.0,15.881715511178081,15.618937687312684,15.699357004912663,15.753271571572107,20,16,20.0,20.0,20,0.0,20.0,20.0,20.0,20.0,20.0,20.0,0.0,0.0,0.0,1.0,1.0,ensemble_grid_blend,17.0,2024,Spanish Grand Prix,2024-06-23
VER,Red Bull Racing,1.0,1.543406657295159,1.2087297106751627,2.3023961608026333,1.5780676266796552,1,1,1.0,1.0,1,0.0,1.0,1.0,1.0,1.0,1.0,1.0,1.0,1.0,1.0,1.0,1.0,ensemble_grid_blend,5.0,2024,Austrian Grand Prix,2024-06-30
LEC,Ferrari,6.0,4.447506260049288,5.452326007326008,4.177124982042926,4.745116915994868,2,6,2.0,2.0,2,0.0,3.0,3.0,3.0,3.0,3.0,3.0,0.0,1.0,1.0,1.0,1.0,ensemble_grid_blend,11.0,2024,Austrian Grand Prix,2024-06-30
NOR,McLaren,2.0,5.25864673578582,4.4771231263146865,4.245720026210665,4.782528130555892,3,2,3.0,3.0,3,0.0,5.0,5.0,5.0,5.0,5.0,5.0,0.0,0.0,1.0,0.0,1.0,ensemble_grid_blend,20.0,2024,Austrian Grand Prix,2024-06-30
PER,Red Bull Racing,8.0,4.839213220854379,4.812174920975923,4.947347991224843,4.851376769971012,4,8,4.0,4.0,4,0.0,2.0,2.0,2.0,2.0,2.0,2.0,0.0,1.0,1.0,0.0,1.0,ensemble_grid_blend,7.0,2024,Austrian Grand Prix,2024-06-30
RUS,Mercedes,3.0,6.1599255716007395,6.311662292944416,5.867190461383952,6.154486402027669,5,3,5.0,5.0,5,0.0,6.0,6.0,6.0,6.0,6.0,6.0,0.0,0.0,1.0,1.0,1.0,ensemble_grid_blend,1.0,2024,Austrian Grand Prix,2024-06-30
HAM,Mercedes,5.0,7.02601614818512,5.7639563059489545,5.838125695785683,6.346717112922574,6,5,6.0,6.0,6,0.0,4.0,4.0,4.0,4.0,4.0,4.0,0.0,0.0,1.0,0.0,1.0,ensemble_grid_blend,4.0,2024,Austrian Grand Prix,2024-06-30
SAI,Ferrari,4.0,6.990101826705786,6.311978393510514,5.285180376168774,6.411774334980038,7,4,7.0,7.0,7,0.0,7.0,7.0,7.0,7.0,7.0,7.0,0.0,0.0,1.0,1.0,1.0,ensemble_grid_blend,3.0,2024,Austrian Grand Prix,2024-06-30
PIA,McLaren,7.0,7.001661021417812,6.72541158841159,6.795530643934653,6.863747644369003,8,7,8.0,8.0,8,0.0,8.0,8.0,8.0,8.0,8.0,8.0,0.0,0.0,1.0,1.0,1.0,ensemble_grid_blend,2.0,2024,Austrian Grand Prix,2024-06-30
ALO,Aston Martin,15.0,9.811191530093366,9.030996274193642,9.729607159024198,9.52180631631463,9,15,9.0,9.0,9,0.0,9.0,9.0,9.0,9.0,9.0,9.0,0.0,0.0,1.0,1.0,1.0,ensemble_grid_blend,18.0,2024,Austrian Grand Prix,2024-06-30
STR,Aston Martin,17.0,11.518962843269607,10.058150980963479,11.70814291556265,11.045514705921072,10,17,10.0,10.0,10,0.0,17.0,17.0,17.0,17.0,17.0,17.0,0.0,0.0,0.0,0.0,1.0,ensemble_grid_blend,13.0,2024,Austrian Grand Prix,2024-06-30
GAS,Alpine,13.0,11.816017142491019,11.150508590141742,11.443958673718784,11.508677455414325,11,13,11.0,11.0,11,0.0,15.0,15.0,15.0,15.0,15.0,15.0,0.0,0.0,0.0,0.0,1.0,ensemble_grid_blend,10.0,2024,Austrian Grand Prix,2024-06-30
OCO,Alpine,10.0,12.220629612991981,11.665354399983244,11.175252708775307,11.817207907595588,12,10,12.0,12.0,12,0.0,10.0,10.0,10.0,10.0,10.0,10.0,0.0,0.0,1.0,0.0,1.0,ensemble_grid_blend,12.0,2024,Austrian Grand Prix,2024-06-30
HUL,Haas F1 Team,9.0,12.446580555313124,13.060419945794944,13.046619463726284,12.781432123664393,13,9,13.0,13.0,13,0.0,16.0,16.0,16.0,16.0,16.0,16.0,0.0,0.0,0.0,0.0,1.0,ensemble_grid_blend,6.0,2024,Austrian Grand Prix,2024-06-30
TSU,Racing Bulls,14.0,12.615146539025234,13.106201342774874,13.340186043801474,12.932023621292855,14,14,14.0,14.0,14,0.0,13.0,13.0,13.0,13.0,13.0,13.0,0.0,0.0,0.0,1.0,1.0,ensemble_grid_blend,14.0,2024,Austrian Grand Prix,2024-06-30
RIC,Racing Bulls,11.0,12.812784816386756,12.966811480186482,13.664182489453538,13.036973683330016,15,11,15.0,15.0,15,0.0,14.0,14.0,14.0,14.0,14.0,14.0,0.0,0.0,0.0,1.0,1.0,ensemble_grid_blend,9.0,2024,Austrian Grand Prix,2024-06-30
ALB,Williams,16.0,13.256800388282615,12.97006980338502,13.53696465374783,13.212477536661499,16,16,16.0,16.0,16,0.0,18.0,18.0,18.0,18.0,18.0,18.0,0.0,0.0,0.0,0.0,1.0,ensemble_grid_blend,15.0,2024,Austrian Grand Prix,2024-06-30
MAG,Haas F1 Team,12.0,13.424901132594217,15.076018682706183,14.896989107178245,14.29720987005021,17,12,17.0,17.0,17,0.0,19.0,19.0,19.0,19.0,19.0,19.0,0.0,0.0,0.0,0.0,1.0,ensemble_grid_blend,8.0,2024,Austrian Grand Prix,2024-06-30
ZHO,Audi,20.0,14.98330759943338,14.87002736724061,14.211004952740245,14.789198988827282,18,20,18.0,18.0,18,0.0,11.0,11.0,11.0,11.0,11.0,11.0,0.0,0.0,0.0,0.0,1.0,ensemble_grid_blend,17.0,2024,Austrian Grand Prix,2024-06-30
BOT,Audi,18.0,14.833150570801086,15.149164494002742,14.719775244053066,14.921080378572062,19,18,19.0,19.0,19,0.0,12.0,12.0,12.0,12.0,12.0,12.0,0.0,0.0,0.0,0.0,1.0,ensemble_grid_blend,16.0,2024,Austrian Grand Prix,2024-06-30
SAR,Williams,19.0,15.77626537442041,16.447366281250563,16.50076050869535,16.15604971866595,20,19,20.0,20.0,20,0.0,20.0,20.0,20.0,20.0,20.0,20.0,0.0,0.0,0.0,1.0,1.0,ensemble_grid_blend,19.0,2024,Austrian Grand Prix,2024-06-30
VER,Red Bull Racing,4.0,1.9950984765987014,1.385224000094108,2.544610601337812,1.891544834769916,1,3,1.0,1.0,1,0.0,1.0,1.0,1.0,1.0,1.0,1.0,1.0,1.0,1.0,1.0,1.0,ensemble_grid_blend,2.0,2024,British Grand Prix,2024-07-07
PER,Red Bull Racing,20.0,5.224745261912861,5.139945601090303,5.051958191547554,5.160507966551904,2,18,2.0,2.0,2,0.0,4.0,4.0,4.0,4.0,4.0,4.0,0.0,0.0,1.0,0.0,1.0,ensemble_grid_blend,17.0,2024,British Grand Prix,2024-07-07
HAM,Mercedes,2.0,5.884955325057749,5.299822302739327,4.91126506289996,5.485420714814744,3,1,3.0,3.0,3,0.0,6.0,6.0,6.0,6.0,6.0,6.0,0.0,0.0,1.0,0.0,1.0,ensemble_grid_blend,1.0,2024,British Grand Prix,2024-07-07
SAI,Ferrari,7.0,5.380445421345773,6.361400592463093,4.882496937898536,5.624190034547388,4,6,4.0,4.0,4,0.0,2.0,2.0,2.0,2.0,2.0,2.0,0.0,1.0,1.0,0.0,1.0,ensemble_grid_blend,5.0,2024,British Grand Prix,2024-07-07
LEC,Ferrari,11.0,5.709864004546256,6.757381660006664,4.979179084856674,5.930358200019482,5,10,5.0,5.0,5,0.0,3.0,3.0,3.0,3.0,3.0,3.0,0.0,1.0,1.0,0.0,1.0,ensemble_grid_blend,14.0,2024,British Grand Prix,2024-07-07
NOR,McLaren,3.0,6.171949124863334,6.3036530616356465,6.145270741052791,6.212709825971535,6,2,6.0,6.0,6,0.0,5.0,5.0,5.0,5.0,5.0,5.0,0.0,0.0,1.0,1.0,1.0,ensemble_grid_blend,3.0,2024,British Grand Prix,2024-07-07
PIA,McLaren,5.0,7.347394232836194,6.810580372242142,6.461917501271921,6.982414035315422,7,4,7.0,7.0,7,0.0,7.0,7.0,7.0,7.0,7.0,7.0,0.0,0.0,1.0,1.0,1.0,ensemble_grid_blend,4.0,2024,British Grand Prix,2024-07-07
ALO,Aston Martin,10.0,10.775298399400638,9.778418647120851,10.881167082429593,10.447564222708504,8,9,8.0,8.0,8,0.0,8.0,8.0,8.0,8.0,8.0,8.0,0.0,0.0,1.0,1.0,1.0,ensemble_grid_blend,8.0,2024,British Grand Prix,2024-07-07
STR,Aston Martin,8.0,10.634472908892391,9.73893457686105,11.98709892792426,10.591559696487796,9,7,9.0,9.0,9,0.0,9.0,9.0,9.0,9.0,9.0,9.0,0.0,0.0,1.0,1.0,1.0,ensemble_grid_blend,7.0,2024,British Grand Prix,2024-07-07
HUL,Haas F1 Team,6.0,10.944516047608213,11.094862473311007,11.001904106445913,11.008614908371731,10,5,10.0,10.0,10,0.0,11.0,11.0,11.0,11.0,11.0,11.0,0.0,0.0,0.0,1.0,1.0,ensemble_grid_blend,6.0,2024,British Grand Prix,2024-07-07
OCO,Alpine,18.0,11.256237389641676,11.11959826284827,10.821663185351031,11.121498854405854,11,17,11.0,11.0,11,0.0,10.0,10.0,10.0,10.0,10.0,10.0,0.0,0.0,1.0,1.0,1.0,ensemble_grid_blend,16.0,2024,British Grand Prix,2024-07-07
RIC,Racing Bulls,15.0,11.134833747596197,10.847152330104537,12.161015533944546,11.239381608743786,12,14,12.0,12.0,12,0.0,12.0,12.0,12.0,12.0,12.0,12.0,0.0,0.0,0.0,1.0,1.0,ensemble_grid_blend,13.0,2024,British Grand Prix,2024-07-07
TSU,Racing Bulls,13.0,12.58091515709514,11.972093327832297,12.439201929407059,12.339484871315529,13,12,13.0,13.0,13,0.0,14.0,14.0,14.0,14.0,14.0,14.0,0.0,0.0,0.0,1.0,1.0,ensemble_grid_blend,10.0,2024,British Grand Prix,2024-07-07
ALB,Williams,9.0,13.007091169003434,12.173543265149885,13.35736569633898,12.785404308121802,14,8,14.0,14.0,14,0.0,13.0,13.0,13.0,13.0,13.0,13.0,0.0,0.0,0.0,1.0,1.0,ensemble_grid_blend,9.0,2024,British Grand Prix,2024-07-07
MAG,Haas F1 Team,17.0,12.704422646458504,13.21838187133214,12.805133575648044,12.904450561002184,15,16,15.0,15.0,15,0.0,15.0,15.0,15.0,15.0,15.0,15.0,0.0,0.0,0.0,1.0,1.0,ensemble_grid_blend,12.0,2024,British Grand Prix,2024-07-07
ZHO,Audi,14.0,15.21153346179063,14.99815240315241,14.3425502161727,14.963053442143668,16,13,16.0,16.0,16,0.0,16.0,16.0,16.0,16.0,16.0,16.0,0.0,0.0,0.0,1.0,1.0,ensemble_grid_blend,18.0,2024,British Grand Prix,2024-07-07
BOT,Audi,16.0,15.280402368757578,15.28351771839271,14.72339316232436,15.170090899843231,17,15,17.0,17.0,17,0.0,17.0,17.0,17.0,17.0,17.0,17.0,0.0,0.0,0.0,1.0,1.0,ensemble_grid_blend,15.0,2024,British Grand Prix,2024-07-07
SAR,Williams,12.0,16.49980620968552,16.560307228976725,16.300154963288207,16.481051317157977,18,11,18.0,18.0,18,0.0,18.0,18.0,18.0,18.0,18.0,18.0,0.0,0.0,0.0,1.0,1.0,ensemble_grid_blend,11.0,2024,British Grand Prix,2024-07-07
VER,Red Bull Racing,3.0,2.4687600578992557,2.0894606683047696,3.194500145669802,2.481153289095295,1,3,1.0,1.0,1,0.0,5.0,5.0,5.0,5.0,5.0,5.0,0.0,0.0,1.0,0.0,1.0,ensemble_grid_blend,5.0,2024,Hungarian Grand Prix,2024-07-21
RUS,Mercedes,17.0,4.911309826080506,5.592943192836574,5.370295381908395,5.241678615610708,2,17,2.0,2.0,2,0.0,2.0,2.0,2.0,2.0,2.0,2.0,0.0,1.0,1.0,1.0,1.0,ensemble_grid_blend,8.0,2024,Hungarian Grand Prix,2024-07-21
HAM,Mercedes,5.0,5.122521784217979,5.490734315821776,5.227579623414117,5.2724077381185355,3,5,3.0,3.0,3,0.0,1.0,1.0,1.0,1.0,1.0,1.0,1.0,1.0,1.0,0.0,1.0,ensemble_grid_blend,3.0,2024,Hungarian Grand Prix,2024-07-21
NOR,McLaren,1.0,6.8256828498928055,5.560652903791256,5.418157872758499,6.101417373330402,4,1,4.0,4.0,4,0.0,6.0,6.0,6.0,6.0,6.0,6.0,0.0,0.0,1.0,0.0,1.0,ensemble_grid_blend,2.0,2024,Hungarian Grand Prix,2024-07-21
LEC,Ferrari,6.0,6.90480817228733,5.9956482683982735,6.339205849279066,6.473481741324508,5,6,5.0,5.0,5,0.0,4.0,4.0,4.0,4.0,4.0,4.0,0.0,0.0,1.0,1.0,1.0,ensemble_grid_blend,4.0,2024,Hungarian Grand Prix,2024-07-21
PIA,McLaren,2.0,6.5257756704158645,6.929777093885649,5.8129198737224606,6.524605009291608,6,2,6.0,6.0,6,0.0,9.0,9.0,9.0,9.0,9.0,9.0,0.0,0.0,1.0,0.0,1.0,ensemble_grid_blend,1.0,2024,Hungarian Grand Prix,2024-07-21
SAI,Ferrari,4.0,7.9617000409416105,7.183253645112196,5.297332961815824,7.1563703865761585,7,4,7.0,7.0,7,0.0,3.0,3.0,3.0,3.0,3.0,3.0,0.0,1.0,1.0,0.0,1.0,ensemble_grid_blend,6.0,2024,Hungarian Grand Prix,2024-07-21
PER,Red Bull Racing,16.0,7.621252541492397,6.943774325039749,6.9897734582149305,7.257839349078476,8,16,8.0,8.0,8,0.0,8.0,8.0,8.0,8.0,8.0,8.0,0.0,0.0,1.0,1.0,1.0,ensemble_grid_blend,7.0,2024,Hungarian Grand Prix,2024-07-21
ALO,Aston Martin,7.0,10.294133228733099,9.845670784624726,10.375351509741758,10.153415029496898,9,7,9.0,9.0,9,0.0,10.0,10.0,10.0,10.0,10.0,10.0,0.0,0.0,1.0,1.0,1.0,ensemble_grid_blend,11.0,2024,Hungarian Grand Prix,2024-07-21
STR,Aston Martin,8.0,10.409719337916055,9.886211153096987,11.205087888968794,10.38556518343993,10,8,10.0,10.0,10,0.0,7.0,7.0,7.0,7.0,7.0,7.0,0.0,0.0,1.0,0.0,1.0,ensemble_grid_blend,10.0,2024,Hungarian Grand Prix,2024-07-21
OCO,Alpine,19.0,10.34918643584985,10.497097148572962,11.321151482109558,10.595348194554882,11,19,11.0,11.0,11,0.0,11.0,11.0,11.0,11.0,11.0,11.0,0.0,0.0,0.0,1.0,1.0,ensemble_grid_blend,18.0,2024,Hungarian Grand Prix,2024-07-21
HUL,Haas F1 Team,11.0,11.420702228266007,10.68743901302087,10.876827067344259,11.055285070745859,12,11,12.0,12.0,12,0.0,12.0,12.0,12.0,12.0,12.0,12.0,0.0,0.0,0.0,1.0,1.0,ensemble_grid_blend,13.0,2024,Hungarian Grand Prix,2024-07-21
ALB,Williams,13.0,11.635539055969241,11.540058068565424,12.694279668770246,11.813868832938105,13,13,13.0,13.0,13,0.0,15.0,15.0,15.0,15.0,15.0,15.0,0.0,0.0,0.0,0.0,1.0,ensemble_grid_blend,14.0,2024,Hungarian Grand Prix,2024-07-21
TSU,Racing Bulls,10.0,12.122335517579927,12.139799862577037,12.32185763390201,12.168352461593333,14,10,14.0,14.0,14,0.0,14.0,14.0,14.0,14.0,14.0,14.0,0.0,0.0,0.0,1.0,1.0,ensemble_grid_blend,9.0,2024,Hungarian Grand Prix,2024-07-21
RIC,Racing Bulls,9.0,12.689458445825014,12.16714769368059,12.295599838183549,12.427877961046173,15,9,15.0,15.0,15,0.0,13.0,13.0,13.0,13.0,13.0,13.0,0.0,0.0,0.0,0.0,1.0,ensemble_grid_blend,12.0,2024,Hungarian Grand Prix,2024-07-21
MAG,Haas F1 Team,15.0,14.528876626706822,14.281475110415903,13.147890534648083,14.166088877593253,16,15,16.0,16.0,16,0.0,18.0,18.0,18.0,18.0,18.0,18.0,0.0,0.0,0.0,0.0,1.0,ensemble_grid_blend,15.0,2024,Hungarian Grand Prix,2024-07-21
ZHO,Audi,18.0,15.110044931523225,14.983228937728938,14.889567027891674,15.021563752968914,17,18,17.0,17.0,17,0.0,16.0,16.0,16.0,16.0,16.0,16.0,0.0,0.0,0.0,1.0,1.0,ensemble_grid_blend,19.0,2024,Hungarian Grand Prix,2024-07-21
BOT,Audi,12.0,15.35824582973604,15.213194805194805,14.988922066581669,15.233613218515734,18,12,18.0,18.0,18,0.0,17.0,17.0,17.0,17.0,17.0,17.0,0.0,0.0,0.0,1.0,1.0,ensemble_grid_blend,16.0,2024,Hungarian Grand Prix,2024-07-21
SAR,Williams,14.0,14.808337072815561,15.82833863378624,15.48675075986741,15.301020356565669,19,14,19.0,19.0,19,0.0,19.0,19.0,19.0,19.0,19.0,19.0,0.0,0.0,0.0,1.0,1.0,ensemble_grid_blend,17.0,2024,Hungarian Grand Prix,2024-07-21
VER,Red Bull Racing,11.0,3.688567456822546,2.5287782745032756,3.4928585148148112,3.2434994546092546,1,11,1.0,1.0,1,0.0,1.0,1.0,1.0,1.0,1.0,1.0,1.0,1.0,1.0,1.0,1.0,ensemble_grid_blend,4.0,2024,Belgian Grand Prix,2024-07-28
NOR,McLaren,4.0,4.791873837888597,5.207368335912455,4.8462820818391075,4.948178560987049,2,4,2.0,2.0,2,0.0,2.0,2.0,2.0,2.0,2.0,2.0,0.0,1.0,1.0,1.0,1.0,ensemble_grid_blend,5.0,2024,Belgian Grand Prix,2024-07-28
PIA,McLaren,5.0,4.893442662166364,5.470294545732044,4.895441798697697,5.095740648720619,3,5,3.0,3.0,3,0.0,3.0,3.0,3.0,3.0,3.0,3.0,0.0,1.0,1.0,1.0,1.0,ensemble_grid_blend,2.0,2024,Belgian Grand Prix,2024-07-28
HAM,Mercedes,3.0,5.55451887676886,5.735404345654347,3.747431197168603,5.25641125495873,4,3,4.0,4.0,4,0.0,4.0,4.0,4.0,4.0,4.0,4.0,0.0,0.0,1.0,1.0,1.0,ensemble_grid_blend,1.0,2024,Belgian Grand Prix,2024-07-28
RUS,Mercedes,6.0,5.639622702106391,5.728857306436257,4.336202213558709,5.410170715912308,5,6,5.0,5.0,5,0.0,5.0,5.0,5.0,5.0,5.0,5.0,0.0,0.0,1.0,1.0,1.0,ensemble_grid_blend,20.0,2024,Belgian Grand Prix,2024-07-28
LEC,Ferrari,1.0,5.542778574727078,4.82683460983461,6.363800056834107,5.456402483436119,6,1,6.0,6.0,6,0.0,7.0,7.0,7.0,7.0,7.0,7.0,0.0,0.0,1.0,1.0,1.0,ensemble_grid_blend,3.0,2024,Belgian Grand Prix,2024-07-28
SAI,Ferrari,7.0,6.099807603093541,5.6110339660339665,5.48019218309748,5.804813746123477,7,7,7.0,7.0,7,0.0,6.0,6.0,6.0,6.0,6.0,6.0,0.0,0.0,1.0,1.0,1.0,ensemble_grid_blend,6.0,2024,Belgian Grand Prix,2024-07-28
PER,Red Bull Racing,2.0,6.6781297795155785,6.944744404589218,7.166842463699469,6.86918743512813,8,2,8.0,8.0,8,0.0,8.0,8.0,8.0,8.0,8.0,8.0,0.0,0.0,1.0,1.0,1.0,ensemble_grid_blend,7.0,2024,Belgian Grand Prix,2024-07-28
ALO,Aston Martin,8.0,10.549233363760997,10.037911603238811,10.203644018745445,10.301152878575124,9,8,9.0,9.0,9,0.0,9.0,9.0,9.0,9.0,9.0,9.0,0.0,0.0,1.0,1.0,1.0,ensemble_grid_blend,8.0,2024,Belgian Grand Prix,2024-07-28
STR,Aston Martin,15.0,10.777763163152299,10.428244176303004,10.665092416822915,10.63289736848917,10,15,10.0,10.0,10,0.0,10.0,10.0,10.0,10.0,10.0,10.0,0.0,0.0,1.0,1.0,1.0,ensemble_grid_blend,11.0,2024,Belgian Grand Prix,2024-07-28
HUL,Haas F1 Team,16.0,11.254074428027339,10.593949369091483,9.652868308302752,10.702789433454873,11,16,11.0,11.0,11,0.0,13.0,13.0,13.0,13.0,13.0,13.0,0.0,0.0,0.0,0.0,1.0,ensemble_grid_blend,18.0,2024,Belgian Grand Prix,2024-07-28
TSU,Racing Bulls,20.0,11.49001750804752,11.043071192696196,11.094713620191158,11.254525520103286,12,19,12.0,12.0,12,0.0,12.0,12.0,12.0,12.0,12.0,12.0,0.0,0.0,0.0,1.0,1.0,ensemble_grid_blend,16.0,2024,Belgian Grand Prix,2024-07-28
RIC,Racing Bulls,13.0,11.676506389776835,11.643555153180152,11.333772649067944,11.596426708826218,13,13,13.0,13.0,13,0.0,11.0,11.0,11.0,11.0,11.0,11.0,0.0,0.0,0.0,0.0,1.0,ensemble_grid_blend,10.0,2024,Belgian Grand Prix,2024-07-28
GAS,Alpine,12.0,12.293796832394657,11.257342728908515,11.65514448012181,11.803307425719938,14,12,14.0,14.0,14,0.0,14.0,14.0,14.0,14.0,14.0,14.0,0.0,0.0,0.0,1.0,1.0,ensemble_grid_blend,13.0,2024,Belgian Grand Prix,2024-07-28
ALB,Williams,10.0,12.465215690454505,12.120242979242981,12.57580012629229,12.366592128698029,15,10,15.0,15.0,15,0.0,15.0,15.0,15.0,15.0,15.0,15.0,0.0,0.0,0.0,1.0,1.0,ensemble_grid_blend,12.0,2024,Belgian Grand Prix,2024-07-28
OCO,Alpine,9.0,13.59856049079542,12.72566998279498,12.59029743886302,13.091396202608784,16,9,16.0,16.0,16,0.0,16.0,16.0,16.0,16.0,16.0,16.0,0.0,0.0,0.0,1.0,1.0,ensemble_grid_blend,9.0,2024,Belgian Grand Prix,2024-07-28
MAG,Haas F1 Team,17.0,13.798020485851318,13.849462054758103,11.833452327143526,13.423111403227134,17,17,17.0,17.0,17,0.0,17.0,17.0,17.0,17.0,17.0,17.0,0.0,0.0,0.0,1.0,1.0,ensemble_grid_blend,14.0,2024,Belgian Grand Prix,2024-07-28
BOT,Audi,14.0,14.904977727055925,15.331224567099571,15.0722678387217,15.087622143404356,18,14,18.0,18.0,18,0.0,18.0,18.0,18.0,18.0,18.0,18.0,0.0,0.0,0.0,1.0,1.0,ensemble_grid_blend,15.0,2024,Belgian Grand Prix,2024-07-28
SAR,Williams,18.0,14.993691144467512,16.51969005191431,15.270603935474053,15.5831733202752,19,18,19.0,19.0,19,0.0,19.0,19.0,19.0,19.0,19.0,19.0,0.0,0.0,0.0,1.0,1.0,ensemble_grid_blend,17.0,2024,Belgian Grand Prix,2024-07-28
VER,Red Bull Racing,2.0,4.108381518882821,2.9061855378920587,3.6781447896126656,3.6015655796820227,1,2,1.0,1.0,1,0.0,6.0,6.0,6.0,6.0,6.0,6.0,0.0,0.0,1.0,0.0,1.0,ensemble_grid_blend,2.0,2024,Dutch Grand Prix,2024-08-25
NOR,McLaren,1.0,4.83481337428668,4.874171073207838,3.865488235299237,4.654723541111597,2,1,2.0,2.0,2,0.0,3.0,3.0,3.0,3.0,3.0,3.0,0.0,1.0,1.0,1.0,1.0,ensemble_grid_blend,1.0,2024,Dutch Grand Prix,2024-08-25
PIA,McLaren,3.0,4.6109279354650035,5.249571922358687,3.994922445488303,4.711252232882453,3,3,3.0,3.0,3,0.0,4.0,4.0,4.0,4.0,4.0,4.0,0.0,0.0,1.0,1.0,1.0,ensemble_grid_blend,4.0,2024,Dutch Grand Prix,2024-08-25
HAM,Mercedes,14.0,5.618554491641504,5.527310356310357,4.576520942811926,5.378212334509687,4,14,4.0,4.0,4,0.0,5.0,5.0,5.0,5.0,5.0,5.0,0.0,0.0,1.0,1.0,1.0,ensemble_grid_blend,8.0,2024,Dutch Grand Prix,2024-08-25
LEC,Ferrari,6.0,5.813429063364248,6.333517218892215,5.391983419483994,5.911170789022986,5,6,5.0,5.0,5,0.0,7.0,7.0,7.0,7.0,7.0,7.0,0.0,0.0,1.0,0.0,1.0,ensemble_grid_blend,3.0,2024,Dutch Grand Prix,2024-08-25
SAI,Ferrari,10.0,7.36198614150319,7.165500388500387,5.287843083657894,6.87838751638315,6,10,6.0,6.0,6,0.0,1.0,1.0,1.0,1.0,1.0,1.0,1.0,1.0,1.0,0.0,1.0,ensemble_grid_blend,5.0,2024,Dutch Grand Prix,2024-08-25
PER,Red Bull Racing,5.0,7.1740706418832145,6.738127858252857,7.062852624745325,6.9992470641850115,7,5,7.0,7.0,7,0.0,8.0,8.0,8.0,8.0,8.0,8.0,0.0,0.0,1.0,1.0,1.0,ensemble_grid_blend,6.0,2024,Dutch Grand Prix,2024-08-25
RUS,Mercedes,4.0,7.240224389095223,7.320054715279562,7.150668671193554,7.2502538596794075,8,4,8.0,8.0,8,0.0,2.0,2.0,2.0,2.0,2.0,2.0,0.0,1.0,1.0,0.0,1.0,ensemble_grid_blend,7.0,2024,Dutch Grand Prix,2024-08-25
ALO,Aston Martin,7.0,9.223564692190035,9.545759853371266,9.771187067053654,9.445857473576188,9,7,9.0,9.0,9,0.0,9.0,9.0,9.0,9.0,9.0,9.0,0.0,0.0,1.0,1.0,1.0,ensemble_grid_blend,10.0,2024,Dutch Grand Prix,2024-08-25
STR,Aston Martin,8.0,9.760287685548526,10.091334795258135,10.650114872485144,10.054119611334212,10,8,10.0,10.0,10,0.0,10.0,10.0,10.0,10.0,10.0,10.0,0.0,0.0,1.0,1.0,1.0,ensemble_grid_blend,13.0,2024,Dutch Grand Prix,2024-08-25
RIC,Racing Bulls,13.0,11.114414852521271,11.108434648684645,11.396421980392345,11.168723206752666,11,13,11.0,11.0,11,0.0,11.0,11.0,11.0,11.0,11.0,11.0,0.0,0.0,0.0,1.0,1.0,ensemble_grid_blend,12.0,2024,Dutch Grand Prix,2024-08-25
GAS,Alpine,9.0,11.45094210121926,10.817096833721832,11.98774701777723,11.336457240906755,12,9,12.0,12.0,12,0.0,16.0,16.0,16.0,16.0,16.0,16.0,0.0,0.0,0.0,0.0,1.0,ensemble_grid_blend,9.0,2024,Dutch Grand Prix,2024-08-25
TSU,Racing Bulls,11.0,11.388173722407318,11.323795732045728,11.613660737297433,11.410738828758785,13,11,13.0,13.0,13,0.0,14.0,14.0,14.0,14.0,14.0,14.0,0.0,0.0,0.0,1.0,1.0,ensemble_grid_blend,17.0,2024,Dutch Grand Prix,2024-08-25
HUL,Haas F1 Team,12.0,11.831015646011096,11.301686258186258,12.035953956784686,11.68673802242712,14,12,14.0,14.0,14,0.0,12.0,12.0,12.0,12.0,12.0,12.0,0.0,0.0,0.0,0.0,1.0,ensemble_grid_blend,11.0,2024,Dutch Grand Prix,2024-08-25
OCO,Alpine,15.0,11.56979158737389,11.49210185647685,12.535346188527662,11.735711101790681,15,15,15.0,15.0,15,0.0,17.0,17.0,17.0,17.0,17.0,17.0,0.0,0.0,0.0,0.0,1.0,ensemble_grid_blend,15.0,2024,Dutch Grand Prix,2024-08-25
ALB,Williams,19.0,12.283182944774602,11.533390857100422,12.596549554665042,12.083429036066727,16,19,16.0,16.0,16,0.0,13.0,13.0,13.0,13.0,13.0,13.0,0.0,0.0,0.0,0.0,1.0,ensemble_grid_blend,14.0,2024,Dutch Grand Prix,2024-08-25
MAG,Haas F1 Team,20.0,13.276581766066283,14.226894359089297,13.529226848335707,13.659720190078222,17,20,17.0,17.0,17,0.0,15.0,15.0,15.0,15.0,15.0,15.0,0.0,0.0,0.0,0.0,1.0,ensemble_grid_blend,18.0,2024,Dutch Grand Prix,2024-08-25
ZHO,Audi,17.0,15.167249924673554,15.465498987123997,15.417726765427709,15.321732464682041,18,17,18.0,18.0,18,0.0,20.0,20.0,20.0,20.0,20.0,20.0,0.0,0.0,0.0,0.0,1.0,ensemble_grid_blend,20.0,2024,Dutch Grand Prix,2024-08-25
BOT,Audi,16.0,15.405635084771951,15.394577186702193,15.124444507837337,15.345526705060614,19,16,19.0,19.0,19,0.0,18.0,18.0,18.0,18.0,18.0,18.0,0.0,0.0,0.0,1.0,1.0,ensemble_grid_blend,19.0,2024,Dutch Grand Prix,2024-08-25
SAR,Williams,18.0,16.12458768197404,16.393315505164782,15.505646490093607,16.094854181714716,20,18,20.0,20.0,20,0.0,19.0,19.0,19.0,19.0,19.0,19.0,0.0,0.0,0.0,1.0,1.0,ensemble_grid_blend,16.0,2024,Dutch Grand Prix,2024-08-25
VER,Red Bull Racing,7.0,3.6355591665655695,2.5659790954187156,3.84473668651024,3.3030416456531047,1,7,1.0,1.0,1,0.0,4.0,4.0,4.0,4.0,4.0,4.0,0.0,0.0,1.0,0.0,1.0,ensemble_grid_blend,6.0,2024,Italian Grand Prix,2024-09-01
PIA,McLaren,2.0,4.488100091603231,4.901491233439764,4.635505034369846,4.66226797979934,2,2,2.0,2.0,2,0.0,1.0,1.0,1.0,1.0,1.0,1.0,1.0,1.0,1.0,1.0,1.0,ensemble_grid_blend,2.0,2024,Italian Grand Prix,2024-09-01
LEC,Ferrari,4.0,5.213840669527439,4.948762862137864,5.664558970423291,5.211207097120258,3,4,3.0,3.0,3,0.0,2.0,2.0,2.0,2.0,2.0,2.0,0.0,1.0,1.0,1.0,1.0,ensemble_grid_blend,1.0,2024,Italian Grand Prix,2024-09-01
NOR,McLaren,1.0,5.642302332820834,5.170838516016151,4.446955987919288,5.238220727958885,4,1,4.0,4.0,4,0.0,8.0,8.0,8.0,8.0,8.0,8.0,0.0,0.0,1.0,0.0,1.0,ensemble_grid_blend,3.0,2024,Italian Grand Prix,2024-09-01
HAM,Mercedes,6.0,5.246156668658262,5.175476689976688,5.491888390189726,5.2705650204260035,5,6,5.0,5.0,5,0.0,3.0,3.0,3.0,3.0,3.0,3.0,0.0,1.0,1.0,0.0,1.0,ensemble_grid_blend,5.0,2024,Italian Grand Prix,2024-09-01
SAI,Ferrari,5.0,6.261538537486529,5.814008782883782,5.729617402224887,5.998518896323239,6,5,6.0,6.0,6,0.0,6.0,6.0,6.0,6.0,6.0,6.0,0.0,0.0,1.0,1.0,1.0,ensemble_grid_blend,4.0,2024,Italian Grand Prix,2024-09-01
PER,Red Bull Racing,8.0,6.17291749668124,6.076624926437585,7.192390517536891,6.343109701267091,7,8,7.0,7.0,7,0.0,7.0,7.0,7.0,7.0,7.0,7.0,0.0,0.0,1.0,1.0,1.0,ensemble_grid_blend,8.0,2024,Italian Grand Prix,2024-09-01
RUS,Mercedes,3.0,6.913378085141863,6.33428433821081,7.859606006844557,6.899940858056533,8,3,8.0,8.0,8,0.0,5.0,5.0,5.0,5.0,5.0,5.0,0.0,0.0,1.0,0.0,1.0,ensemble_grid_blend,7.0,2024,Italian Grand Prix,2024-09-01
ALO,Aston Martin,11.0,10.730319768110416,10.934954609116373,10.114895178013125,10.678857044443042,9,11,9.0,9.0,9,0.0,9.0,9.0,9.0,9.0,9.0,9.0,0.0,0.0,1.0,1.0,1.0,ensemble_grid_blend,11.0,2024,Italian Grand Prix,2024-09-01
RIC,Racing Bulls,12.0,11.262633192925712,11.244246787118115,11.709509534712133,11.345573219250337,10,12,10.0,10.0,10,0.0,15.0,15.0,15.0,15.0,15.0,15.0,0.0,0.0,0.0,0.0,1.0,ensemble_grid_blend,13.0,2024,Italian Grand Prix,2024-09-01
STR,Aston Martin,17.0,11.63012683818804,11.183595706581002,11.145408320665311,11.37689723862103,11,16,11.0,11.0,11,0.0,10.0,10.0,10.0,10.0,10.0,10.0,0.0,0.0,1.0,1.0,1.0,ensemble_grid_blend,19.0,2024,Italian Grand Prix,2024-09-01
GAS,Alpine,14.0,11.50498415626817,11.657744533244534,11.948761674639053,11.647205791884074,12,14,12.0,12.0,12,0.0,11.0,11.0,11.0,11.0,11.0,11.0,0.0,0.0,0.0,1.0,1.0,ensemble_grid_blend,15.0,2024,Italian Grand Prix,2024-09-01
HUL,Haas F1 Team,10.0,12.110349940563843,11.672893052116967,12.002561683955419,11.935682378285751,13,10,13.0,13.0,13,0.0,14.0,14.0,14.0,14.0,14.0,14.0,0.0,0.0,0.0,1.0,1.0,ensemble_grid_blend,17.0,2024,Italian Grand Prix,2024-09-01
COL,Williams,18.0,12.116698499013792,12.048118898258606,12.326286737088504,12.13461328636442,14,17,14.0,14.0,14,0.0,12.0,12.0,12.0,12.0,12.0,12.0,0.0,0.0,0.0,0.0,1.0,ensemble_grid_blend,12.0,2024,Italian Grand Prix,2024-09-01
ALB,Williams,9.0,12.19560072928417,12.10116326823332,13.01556250125238,12.326539972310012,15,9,15.0,15.0,15,0.0,13.0,13.0,13.0,13.0,13.0,13.0,0.0,0.0,0.0,0.0,1.0,ensemble_grid_blend,9.0,2024,Italian Grand Prix,2024-09-01
OCO,Alpine,15.0,12.336388254323504,12.186594300436406,12.86446530718785,12.389575781035889,16,15,16.0,16.0,16,0.0,16.0,16.0,16.0,16.0,16.0,16.0,0.0,0.0,0.0,1.0,1.0,ensemble_grid_blend,14.0,2024,Italian Grand Prix,2024-09-01
MAG,Haas F1 Team,13.0,15.512938416236668,15.621510475635473,13.861054237088634,15.220561801196643,17,13,17.0,17.0,17,0.0,17.0,17.0,17.0,17.0,17.0,17.0,0.0,0.0,0.0,1.0,1.0,ensemble_grid_blend,10.0,2024,Italian Grand Prix,2024-09-01
BOT,Audi,19.0,16.028657401257433,16.127786255411262,16.064139916997345,16.070449003359258,18,18,18.0,18.0,18,0.0,18.0,18.0,18.0,18.0,18.0,18.0,0.0,0.0,0.0,1.0,1.0,ensemble_grid_blend,16.0,2024,Italian Grand Prix,2024-09-01
ZHO,Audi,20.0,16.179773054913802,16.248095418470424,16.373458881511013,16.242423047478063,19,19,19.0,19.0,19,0.0,19.0,19.0,19.0,19.0,19.0,19.0,0.0,0.0,0.0,1.0,1.0,ensemble_grid_blend,18.0,2024,Italian Grand Prix,2024-09-01
VER,Red Bull Racing,6.0,3.9941511564884475,2.2270658341658347,3.5608705527799316,3.28901517293383,1,6,1.0,1.0,1,0.0,1.0,1.0,1.0,1.0,1.0,1.0,1.0,1.0,1.0,1.0,1.0,ensemble_grid_blend,5.0,2024,Azerbaijan Grand Prix,2024-09-15
NOR,McLaren,15.0,3.6340840028835504,3.0215090850197277,3.2887565946329502,3.3506172999810926,2,14,2.0,2.0,2,0.0,2.0,2.0,2.0,2.0,2.0,2.0,0.0,1.0,1.0,1.0,1.0,ensemble_grid_blend,4.0,2024,Azerbaijan Grand Prix,2024-09-15
PIA,McLaren,2.0,3.5846775814016008,3.6846731516677327,3.57714536665602,3.618169588045631,3,2,3.0,3.0,3,0.0,3.0,3.0,3.0,3.0,3.0,3.0,0.0,1.0,1.0,1.0,1.0,ensemble_grid_blend,1.0,2024,Azerbaijan Grand Prix,2024-09-15
LEC,Ferrari,1.0,3.7041657575793976,4.044394031407191,3.9669963906638968,3.8758117800360252,4,1,4.0,4.0,4,0.0,4.0,4.0,4.0,4.0,4.0,4.0,0.0,0.0,1.0,1.0,1.0,ensemble_grid_blend,2.0,2024,Azerbaijan Grand Prix,2024-09-15
PER,Red Bull Racing,4.0,5.5771263879952855,5.741517023070368,6.581559506953521,5.835549734063211,5,4,5.0,5.0,5,0.0,7.0,7.0,7.0,7.0,7.0,7.0,0.0,0.0,1.0,0.0,1.0,ensemble_grid_blend,17.0,2024,Azerbaijan Grand Prix,2024-09-15
SAI,Ferrari,3.0,6.8491727327185155,7.194505563880563,4.566388788866714,6.513482434854871,6,3,6.0,6.0,6,0.0,5.0,5.0,5.0,5.0,5.0,5.0,0.0,0.0,1.0,1.0,1.0,ensemble_grid_blend,18.0,2024,Azerbaijan Grand Prix,2024-09-15
HAM,Mercedes,19.0,7.7766166424703105,7.162715501818445,5.7926652382311445,7.164960962394325,7,18,7.0,7.0,7,0.0,8.0,8.0,8.0,8.0,8.0,8.0,0.0,0.0,1.0,1.0,1.0,ensemble_grid_blend,9.0,2024,Azerbaijan Grand Prix,2024-09-15
RUS,Mercedes,5.0,7.541020619830382,7.802991670610091,8.047277026638145,7.733961768964833,8,5,8.0,8.0,8,0.0,6.0,6.0,6.0,6.0,6.0,6.0,0.0,0.0,1.0,0.0,1.0,ensemble_grid_blend,3.0,2024,Azerbaijan Grand Prix,2024-09-15
ALO,Aston Martin,7.0,9.876944126362508,8.685870353513442,10.131240648007534,9.51092761019434,9,7,9.0,9.0,9,0.0,9.0,9.0,9.0,9.0,9.0,9.0,0.0,0.0,1.0,1.0,1.0,ensemble_grid_blend,6.0,2024,Azerbaijan Grand Prix,2024-09-15
STR,Aston Martin,13.0,10.597806747670163,9.373594717374129,12.117041436429135,10.473179474818345,10,12,10.0,10.0,10,0.0,11.0,11.0,11.0,11.0,11.0,11.0,0.0,0.0,0.0,1.0,1.0,ensemble_grid_blend,19.0,2024,Azerbaijan Grand Prix,2024-09-15
BEA,Haas F1 Team,10.0,11.428949641598633,10.698700289987796,10.983764008148578,11.084325241844828,11,10,11.0,11.0,11,0.0,10.0,10.0,10.0,10.0,10.0,10.0,0.0,0.0,1.0,1.0,1.0,ensemble_grid_blend,10.0,2024,Azerbaijan Grand Prix,2024-09-15
GAS,Alpine,18.0,11.681180891864189,11.386237477799972,11.743908990109102,11.590496316590695,12,17,12.0,12.0,12,0.0,14.0,14.0,14.0,14.0,14.0,14.0,0.0,0.0,0.0,0.0,1.0,ensemble_grid_blend,12.0,2024,Azerbaijan Grand Prix,2024-09-15
OCO,Alpine,20.0,12.021906330162087,11.904059412809417,12.297000570514776,12.03567875715919,13,19,13.0,13.0,13,0.0,15.0,15.0,15.0,15.0,15.0,15.0,0.0,0.0,0.0,0.0,1.0,ensemble_grid_blend,15.0,2024,Azerbaijan Grand Prix,2024-09-15
RIC,Racing Bulls,14.0,12.45186331567374,12.135744516448462,11.87387889922942,12.22562485265603,14,13,14.0,14.0,14,0.0,13.0,13.0,13.0,13.0,13.0,13.0,0.0,0.0,0.0,1.0,1.0,ensemble_grid_blend,13.0,2024,Azerbaijan Grand Prix,2024-09-15
COL,Williams,8.0,12.397427644585413,12.293868800789856,12.458927422344221,12.37348200480873,15,8,15.0,15.0,15,0.0,16.0,16.0,16.0,16.0,16.0,16.0,0.0,0.0,0.0,1.0,1.0,ensemble_grid_blend,8.0,2024,Azerbaijan Grand Prix,2024-09-15
HUL,Haas F1 Team,12.0,12.613522440212973,12.060304599811955,12.904223470592353,12.478036402148492,16,11,16.0,16.0,16,0.0,12.0,12.0,12.0,12.0,12.0,12.0,0.0,0.0,0.0,0.0,1.0,ensemble_grid_blend,11.0,2024,Azerbaijan Grand Prix,2024-09-15
ALB,Williams,9.0,12.702675082078477,12.635180431969125,11.900760609778134,12.518669060080134,17,9,17.0,17.0,17,0.0,17.0,17.0,17.0,17.0,17.0,17.0,0.0,0.0,0.0,1.0,1.0,ensemble_grid_blend,7.0,2024,Azerbaijan Grand Prix,2024-09-15
BOT,Audi,16.0,14.812507215646136,15.019461829836825,15.91286919421719,15.105013726327087,18,15,18.0,18.0,18,0.0,18.0,18.0,18.0,18.0,18.0,18.0,0.0,0.0,0.0,1.0,1.0,ensemble_grid_blend,16.0,2024,Azerbaijan Grand Prix,2024-09-15
ZHO,Audi,17.0,14.907902436419054,15.02086284548784,16.388842384167077,15.243626569142734,19,16,19.0,19.0,19,0.0,19.0,19.0,19.0,19.0,19.0,19.0,0.0,0.0,0.0,1.0,1.0,ensemble_grid_blend,14.0,2024,Azerbaijan Grand Prix,2024-09-15
PIA,McLaren,5.0,2.907411262935334,3.178856741834876,3.2047303648067675,3.06188100092446,1,5,1.0,1.0,1,0.0,1.0,1.0,1.0,1.0,1.0,1.0,1.0,1.0,1.0,1.0,1.0,ensemble_grid_blend,3.0,2024,Singapore Grand Prix,2024-09-22
LEC,Ferrari,9.0,2.8569708234575195,3.349882525154585,4.192521725089604,3.2966000993779097,2,9,2.0,2.0,2,0.0,3.0,3.0,3.0,3.0,3.0,3.0,0.0,1.0,1.0,1.0,1.0,ensemble_grid_blend,5.0,2024,Singapore Grand Prix,2024-09-22
NOR,McLaren,1.0,3.7538832090566667,2.970455594736359,3.2241576256835813,3.373738427369942,3,1,3.0,3.0,3,0.0,2.0,2.0,2.0,2.0,2.0,2.0,0.0,1.0,1.0,1.0,1.0,ensemble_grid_blend,1.0,2024,Singapore Grand Prix,2024-09-22
SAI,Ferrari,10.0,4.976323400569307,4.655957223332225,6.691976396075329,5.2073258376375335,4,10,4.0,4.0,4,0.0,8.0,8.0,8.0,8.0,8.0,8.0,0.0,0.0,1.0,0.0,1.0,ensemble_grid_blend,7.0,2024,Singapore Grand Prix,2024-09-22
VER,Red Bull Racing,2.0,7.294446425000756,4.188573547244773,4.236795409267726,5.5958607146395565,5,2,5.0,5.0,5,0.0,6.0,6.0,6.0,6.0,6.0,6.0,0.0,0.0,1.0,1.0,1.0,ensemble_grid_blend,2.0,2024,Singapore Grand Prix,2024-09-22
HAM,Mercedes,3.0,5.971911942703087,6.832444118381617,5.878272604313226,6.254370336512601,6,3,6.0,6.0,6,0.0,5.0,5.0,5.0,5.0,5.0,5.0,0.0,0.0,1.0,1.0,1.0,ensemble_grid_blend,6.0,2024,Singapore Grand Prix,2024-09-22
RUS,Mercedes,4.0,6.15476480440516,6.571882369264725,6.648772124483976,6.399557416121771,7,4,7.0,7.0,7,0.0,4.0,4.0,4.0,4.0,4.0,4.0,0.0,0.0,1.0,0.0,1.0,ensemble_grid_blend,4.0,2024,Singapore Grand Prix,2024-09-22
PER,Red Bull Racing,13.0,6.843637404764742,6.923651722546457,8.272261094242376,7.157367153883869,8,12,8.0,8.0,8,0.0,7.0,7.0,7.0,7.0,7.0,7.0,0.0,0.0,1.0,1.0,1.0,ensemble_grid_blend,10.0,2024,Singapore Grand Prix,2024-09-22
ALO,Aston Martin,7.0,9.61379199347065,8.796106834342124,9.951360610944603,9.395115911270457,9,7,9.0,9.0,9,0.0,9.0,9.0,9.0,9.0,9.0,9.0,0.0,0.0,1.0,1.0,1.0,ensemble_grid_blend,8.0,2024,Singapore Grand Prix,2024-09-22
HUL,Haas F1 Team,6.0,11.107341524188426,11.231036116661116,12.006114344020656,11.330389195520313,10,6,10.0,10.0,10,0.0,11.0,11.0,11.0,11.0,11.0,11.0,0.0,0.0,0.0,1.0,1.0,ensemble_grid_blend,9.0,2024,Singapore Grand Prix,2024-09-22
COL,Williams,12.0,11.606171875788073,11.51540900937541,11.183779527972316,11.48992640298049,11,11,11.0,11.0,11,0.0,10.0,10.0,10.0,10.0,10.0,10.0,0.0,0.0,1.0,1.0,1.0,ensemble_grid_blend,11.0,2024,Singapore Grand Prix,2024-09-22
GAS,Alpine,18.0,11.556672970376859,11.693158313500218,11.96119257333751,11.685346761062165,12,17,12.0,12.0,12,0.0,12.0,12.0,12.0,12.0,12.0,12.0,0.0,0.0,0.0,1.0,1.0,ensemble_grid_blend,17.0,2024,Singapore Grand Prix,2024-09-22
RIC,Racing Bulls,16.0,11.600697518765806,11.850380998752707,12.009386487207715,11.769824530449604,13,15,13.0,13.0,13,0.0,14.0,14.0,14.0,14.0,14.0,14.0,0.0,0.0,0.0,1.0,1.0,ensemble_grid_blend,18.0,2024,Singapore Grand Prix,2024-09-22
TSU,Racing Bulls,8.0,12.859615997269074,12.141648811821993,12.647751994787718,12.565954681866323,14,8,14.0,14.0,14,0.0,15.0,15.0,15.0,15.0,15.0,15.0,0.0,0.0,0.0,1.0,1.0,ensemble_grid_blend,12.0,2024,Singapore Grand Prix,2024-09-22
STR,Aston Martin,17.0,12.808553319816571,12.013743883159325,13.301835878018206,12.629026528626861,15,16,15.0,15.0,15,0.0,13.0,13.0,13.0,13.0,13.0,13.0,0.0,0.0,0.0,0.0,1.0,ensemble_grid_blend,14.0,2024,Singapore Grand Prix,2024-09-22
OCO,Alpine,15.0,12.589263422136794,12.847847635616015,12.947036763479206,12.751322565123004,16,14,16.0,16.0,16,0.0,17.0,17.0,17.0,17.0,17.0,17.0,0.0,0.0,0.0,1.0,1.0,ensemble_grid_blend,13.0,2024,Singapore Grand Prix,2024-09-22
MAG,Haas F1 Team,14.0,12.405736107674368,13.310055707772621,13.06551374222211,12.854203494618305,17,13,17.0,17.0,17,0.0,16.0,16.0,16.0,16.0,16.0,16.0,0.0,0.0,0.0,1.0,1.0,ensemble_grid_blend,19.0,2024,Singapore Grand Prix,2024-09-22
ZHO,Audi,20.0,14.801496699432077,14.853796592296595,15.985539374169754,15.056610196882193,18,19,18.0,18.0,18,0.0,18.0,18.0,18.0,18.0,18.0,18.0,0.0,0.0,0.0,1.0,1.0,ensemble_grid_blend,15.0,2024,Singapore Grand Prix,2024-09-22
BOT,Audi,19.0,14.936882166504233,15.166474317349314,15.936324632683,15.217127912535766,19,18,19.0,19.0,19,0.0,19.0,19.0,19.0,19.0,19.0,19.0,0.0,0.0,0.0,1.0,1.0,ensemble_grid_blend,16.0,2024,Singapore Grand Prix,2024-09-22
NOR,McLaren,1.0,3.231475515508905,2.633470582206416,2.9211638037550838,2.9601114465022698,1,1,1.0,1.0,1,0.0,1.0,1.0,1.0,1.0,1.0,1.0,1.0,1.0,1.0,1.0,1.0,ensemble_grid_blend,4.0,2024,United States Grand Prix,2024-10-20
PIA,McLaren,5.0,2.977802748365514,2.903455597126995,3.080058478042229,2.9722323913673754,2,5,2.0,2.0,2,0.0,2.0,2.0,2.0,2.0,2.0,2.0,0.0,1.0,1.0,1.0,1.0,ensemble_grid_blend,5.0,2024,United States Grand Prix,2024-10-20
LEC,Ferrari,4.0,3.393907930002687,3.4447913752913752,4.531631479188783,3.639261845690947,3,4,3.0,3.0,3,0.0,3.0,3.0,3.0,3.0,3.0,3.0,0.0,1.0,1.0,1.0,1.0,ensemble_grid_blend,1.0,2024,United States Grand Prix,2024-10-20
SAI,Ferrari,3.0,4.592662546223625,4.413347485847484,7.002775381266133,5.011924842100477,4,3,4.0,4.0,4,0.0,4.0,4.0,4.0,4.0,4.0,4.0,0.0,0.0,1.0,1.0,1.0,ensemble_grid_blend,2.0,2024,United States Grand Prix,2024-10-20
VER,Red Bull Racing,2.0,6.559765938410675,4.217130066502126,4.326669900966555,5.293224175753858,5,2,5.0,5.0,5,0.0,6.0,6.0,6.0,6.0,6.0,6.0,0.0,0.0,1.0,1.0,1.0,ensemble_grid_blend,3.0,2024,United States Grand Prix,2024-10-20
RUS,Mercedes,20.0,7.564421376329669,7.977225328184886,6.038627204242516,7.403743925061565,6,19,6.0,6.0,6,0.0,5.0,5.0,5.0,5.0,5.0,5.0,0.0,0.0,1.0,1.0,1.0,ensemble_grid_blend,6.0,2024,United States Grand Prix,2024-10-20
PER,Red Bull Racing,9.0,7.399598547289956,7.788616385613871,8.788019400412951,7.8134389613279245,7,9,7.0,7.0,7,0.0,7.0,7.0,7.0,7.0,7.0,7.0,0.0,0.0,1.0,1.0,1.0,ensemble_grid_blend,7.0,2024,United States Grand Prix,2024-10-20
ALO,Aston Martin,7.0,9.615544971150895,9.02500839620905,9.713005072521337,9.428349190195338,8,7,8.0,8.0,8,0.0,8.0,8.0,8.0,8.0,8.0,8.0,0.0,0.0,1.0,1.0,1.0,ensemble_grid_blend,13.0,2024,United States Grand Prix,2024-10-20
ALB,Williams,14.0,9.966851249622684,10.544737463645932,10.20046000840389,10.215833176287061,9,14,9.0,9.0,9,0.0,9.0,9.0,9.0,9.0,9.0,9.0,0.0,0.0,1.0,1.0,1.0,ensemble_grid_blend,16.0,2024,United States Grand Prix,2024-10-20
HUL,Haas F1 Team,11.0,11.7728428109588,10.850527579511136,11.59602515487071,11.4146689487345,10,11,10.0,10.0,10,0.0,10.0,10.0,10.0,10.0,10.0,10.0,0.0,0.0,1.0,1.0,1.0,ensemble_grid_blend,8.0,2024,United States Grand Prix,2024-10-20
COL,Williams,15.0,12.780035172210042,11.383105182816173,10.734698024913083,11.882042246462795,11,15,11.0,11.0,11,0.0,16.0,16.0,16.0,16.0,16.0,16.0,0.0,0.0,0.0,0.0,1.0,ensemble_grid_blend,10.0,2024,United States Grand Prix,2024-10-20
TSU,Racing Bulls,10.0,12.658296536859943,12.245752683913096,12.712107337584357,12.52466834847343,12,10,12.0,12.0,12,0.0,11.0,11.0,11.0,11.0,11.0,11.0,0.0,0.0,0.0,1.0,1.0,ensemble_grid_blend,14.0,2024,United States Grand Prix,2024-10-20
GAS,Alpine,6.0,13.09756200364277,13.204222680913857,12.951734005067802,13.105727640972656,13,6,13.0,13.0,13,0.0,13.0,13.0,13.0,13.0,13.0,13.0,0.0,0.0,0.0,1.0,1.0,ensemble_grid_blend,12.0,2024,United States Grand Prix,2024-10-20
STR,Aston Martin,13.0,13.61520866068727,12.486715882157062,13.403148329963267,13.177824122056897,14,13,14.0,14.0,14,0.0,14.0,14.0,14.0,14.0,14.0,14.0,0.0,0.0,0.0,1.0,1.0,ensemble_grid_blend,15.0,2024,United States Grand Prix,2024-10-20
LAW,Racing Bulls,19.0,13.542452100292131,13.149797494902757,12.775453184958634,13.25162320533915,15,18,15.0,15.0,15,0.0,17.0,17.0,17.0,17.0,17.0,17.0,0.0,0.0,0.0,0.0,1.0,ensemble_grid_blend,9.0,2024,United States Grand Prix,2024-10-20
MAG,Haas F1 Team,8.0,13.154356807812729,13.622581556622771,13.659851178652346,13.419334344064168,16,8,16.0,16.0,16,0.0,15.0,15.0,15.0,15.0,15.0,15.0,0.0,0.0,0.0,1.0,1.0,ensemble_grid_blend,11.0,2024,United States Grand Prix,2024-10-20
OCO,Alpine,12.0,13.884056066774642,13.142720751470744,13.173682460531124,13.482513985169573,17,12,17.0,17.0,17,0.0,12.0,12.0,12.0,12.0,12.0,12.0,0.0,0.0,0.0,0.0,1.0,ensemble_grid_blend,18.0,2024,United States Grand Prix,2024-10-20
ZHO,Audi,18.0,14.647804013993008,14.91912115662115,15.287985064274952,14.870801223969249,18,17,18.0,18.0,18,0.0,18.0,18.0,18.0,18.0,18.0,18.0,0.0,0.0,0.0,1.0,1.0,ensemble_grid_blend,19.0,2024,United States Grand Prix,2024-10-20
BOT,Audi,16.0,14.907876990795446,15.330218156843145,15.440767666298148,15.162274534012683,19,16,19.0,19.0,19,0.0,19.0,19.0,19.0,19.0,19.0,19.0,0.0,0.0,0.0,1.0,1.0,ensemble_grid_blend,17.0,2024,United States Grand Prix,2024-10-20
NOR,McLaren,3.0,3.12942421646193,2.973499457880852,3.1955823427153636,3.088082176209239,1,4,1.0,1.0,1,0.0,2.0,2.0,2.0,2.0,2.0,2.0,0.0,1.0,1.0,1.0,1.0,ensemble_grid_blend,2.0,2024,Mexico City Grand Prix,2024-10-27
VER,Red Bull Racing,2.0,3.0823148504187565,3.0487216207185295,4.002404006120061,3.254575051163938,2,3,2.0,2.0,2,0.0,1.0,1.0,1.0,1.0,1.0,1.0,1.0,1.0,1.0,1.0,1.0,ensemble_grid_blend,6.0,2024,Mexico City Grand Prix,2024-10-27
PIA,McLaren,17.0,3.159060390229682,3.2704024847701327,3.514139149392596,3.269045875151423,3,15,3.0,3.0,3,0.0,3.0,3.0,3.0,3.0,3.0,3.0,0.0,1.0,1.0,1.0,1.0,ensemble_grid_blend,8.0,2024,Mexico City Grand Prix,2024-10-27
LEC,Ferrari,4.0,3.0551678506815976,3.066019659262304,4.208049377511122,3.2895422890507495,4,5,4.0,4.0,4,0.0,6.0,6.0,6.0,6.0,6.0,6.0,0.0,0.0,1.0,0.0,1.0,ensemble_grid_blend,3.0,2024,Mexico City Grand Prix,2024-10-27
SAI,Ferrari,1.0,4.2748111112185025,4.31395016421487,6.446810887398418,4.722909735003214,5,2,5.0,5.0,5,0.0,5.0,5.0,5.0,5.0,5.0,5.0,0.0,0.0,1.0,1.0,1.0,ensemble_grid_blend,1.0,2024,Mexico City Grand Prix,2024-10-27
HAM,Mercedes,6.0,5.844996490416119,6.174201047211302,5.61957757942556,5.915134303096321,6,7,6.0,6.0,6,0.0,8.0,8.0,8.0,8.0,8.0,8.0,0.0,0.0,1.0,0.0,1.0,ensemble_grid_blend,4.0,2024,Mexico City Grand Prix,2024-10-27
RUS,Mercedes,5.0,7.0500376970821526,7.4917572676506525,5.974985788292003,6.989629165023098,7,6,7.0,7.0,7,0.0,4.0,4.0,4.0,4.0,4.0,4.0,0.0,0.0,1.0,0.0,1.0,ensemble_grid_blend,5.0,2024,Mexico City Grand Prix,2024-10-27
PER,Red Bull Racing,18.0,7.690512598023739,7.635066352568775,8.390377082658775,7.811079309041508,8,16,8.0,8.0,8,0.0,7.0,7.0,7.0,7.0,7.0,7.0,0.0,0.0,1.0,1.0,1.0,ensemble_grid_blend,17.0,2024,Mexico City Grand Prix,2024-10-27
HUL,Haas F1 Team,10.0,11.025529060428058,10.6316022990756,10.602475158501786,10.803043913569443,9,10,9.0,9.0,9,0.0,9.0,9.0,9.0,9.0,9.0,9.0,0.0,0.0,1.0,1.0,1.0,ensemble_grid_blend,9.0,2024,Mexico City Grand Prix,2024-10-27
COL,Williams,16.0,11.272761192634771,11.27340002931776,10.78490213242701,11.175412973432264,10,14,10.0,10.0,10,0.0,13.0,13.0,13.0,13.0,13.0,13.0,0.0,0.0,0.0,0.0,1.0,ensemble_grid_blend,12.0,2024,Mexico City Grand Prix,2024-10-27
LAW,Racing Bulls,12.0,12.432019192018489,11.991653863422444,12.234841814256368,12.23845585145745,11,11,11.0,11.0,11,0.0,14.0,14.0,14.0,14.0,14.0,14.0,0.0,0.0,0.0,0.0,1.0,ensemble_grid_blend,16.0,2024,Mexico City Grand Prix,2024-10-27
GAS,Alpine,8.0,12.495550760368644,13.253051680345793,12.78905186561929,12.819376303410776,12,9,12.0,12.0,12,0.0,11.0,11.0,11.0,11.0,11.0,11.0,0.0,0.0,0.0,1.0,1.0,ensemble_grid_blend,10.0,2024,Mexico City Grand Prix,2024-10-27
STR,Aston Martin,14.0,13.324287310298955,12.764180512921037,13.22774672944866,13.108941815046625,13,12,13.0,13.0,13,0.0,10.0,10.0,10.0,10.0,10.0,10.0,0.0,0.0,1.0,0.0,1.0,ensemble_grid_blend,11.0,2024,Mexico City Grand Prix,2024-10-27
MAG,Haas F1 Team,7.0,12.758031442715206,13.962198558729716,12.749306233571062,13.177744891491454,14,8,14.0,14.0,14,0.0,12.0,12.0,12.0,12.0,12.0,12.0,0.0,0.0,0.0,0.0,1.0,ensemble_grid_blend,7.0,2024,Mexico City Grand Prix,2024-10-27
OCO,Alpine,0.0,14.488629880908457,13.810956795053935,13.762837989325384,14.10628592254276,15,1,15.0,15.0,15,0.0,15.0,15.0,15.0,15.0,15.0,15.0,0.0,0.0,0.0,1.0,1.0,ensemble_grid_blend,13.0,2024,Mexico City Grand Prix,2024-10-27
ZHO,Audi,19.0,15.391146983131271,15.449613775113765,15.6910838458617,15.47159773287123,16,17,16.0,16.0,16,0.0,17.0,17.0,17.0,17.0,17.0,17.0,0.0,0.0,0.0,1.0,1.0,ensemble_grid_blend,15.0,2024,Mexico City Grand Prix,2024-10-27
BOT,Audi,15.0,15.339753469090276,15.543563672438673,15.676921052402657,15.478520556924689,17,13,17.0,17.0,17,0.0,16.0,16.0,16.0,16.0,16.0,16.0,0.0,0.0,0.0,1.0,1.0,ensemble_grid_blend,14.0,2024,Mexico City Grand Prix,2024-10-27
NOR,McLaren,1.0,2.9130605577465634,2.778606757461777,3.2146449547222122,2.926318607042018,1,1,1.0,1.0,1,0.0,1.0,1.0,1.0,1.0,1.0,1.0,1.0,1.0,1.0,1.0,1.0,ensemble_grid_blend,6.0,2024,São Paulo Grand Prix,2024-11-03
LEC,Ferrari,6.0,3.926182085842502,3.6742922464961936,3.3736066475328688,3.7275055544093676,2,6,2.0,2.0,2,0.0,3.0,3.0,3.0,3.0,3.0,3.0,0.0,1.0,1.0,1.0,1.0,ensemble_grid_blend,5.0,2024,São Paulo Grand Prix,2024-11-03
VER,Red Bull Racing,17.0,4.154668929645568,4.081606011635424,4.240999761488309,4.146363074710566,3,14,3.0,3.0,3,0.0,2.0,2.0,2.0,2.0,2.0,2.0,0.0,1.0,1.0,1.0,1.0,ensemble_grid_blend,1.0,2024,São Paulo Grand Prix,2024-11-03
HAM,Mercedes,14.0,5.560872616005486,5.700346348096348,5.3193070819985575,5.561375315435902,4,12,4.0,4.0,4,0.0,4.0,4.0,4.0,4.0,4.0,4.0,0.0,0.0,1.0,1.0,1.0,ensemble_grid_blend,10.0,2024,São Paulo Grand Prix,2024-11-03
RUS,Mercedes,2.0,6.742810182625219,7.023685393038334,5.808161530693702,6.654186775883506,5,2,5.0,5.0,5,0.0,5.0,5.0,5.0,5.0,5.0,5.0,0.0,0.0,1.0,1.0,1.0,ensemble_grid_blend,4.0,2024,São Paulo Grand Prix,2024-11-03
PIA,McLaren,8.0,7.637846551820556,7.111722047388455,4.429009949746603,6.811935654854531,6,7,6.0,6.0,6,0.0,6.0,6.0,6.0,6.0,6.0,6.0,0.0,0.0,1.0,1.0,1.0,ensemble_grid_blend,8.0,2024,São Paulo Grand Prix,2024-11-03
PER,Red Bull Racing,12.0,8.711610636700467,9.66171367684603,9.235006475776228,9.148825868566565,7,10,7.0,7.0,7,0.0,9.0,9.0,9.0,9.0,9.0,9.0,0.0,0.0,1.0,0.0,1.0,ensemble_grid_blend,11.0,2024,São Paulo Grand Prix,2024-11-03
ALO,Aston Martin,9.0,9.029119990886059,9.11825822788323,9.79196447083917,9.212887269825691,8,8,8.0,8.0,8,0.0,8.0,8.0,8.0,8.0,8.0,8.0,0.0,0.0,1.0,1.0,1.0,ensemble_grid_blend,14.0,2024,São Paulo Grand Prix,2024-11-03
BEA,Haas F1 Team,15.0,10.192889529549277,10.621070079383683,9.53342744141746,10.210860304364957,9,13,9.0,9.0,9,0.0,7.0,7.0,7.0,7.0,7.0,7.0,0.0,0.0,1.0,0.0,1.0,ensemble_grid_blend,12.0,2024,São Paulo Grand Prix,2024-11-03
GAS,Alpine,13.0,12.01639839798257,12.607835032206342,12.357888274138713,12.291699195192118,10,11,10.0,10.0,10,0.0,12.0,12.0,12.0,12.0,12.0,12.0,0.0,0.0,0.0,0.0,1.0,ensemble_grid_blend,3.0,2024,São Paulo Grand Prix,2024-11-03
TSU,Racing Bulls,3.0,13.441835541816497,12.617276820401813,12.953789318140457,13.05563074458615,11,3,11.0,11.0,11,0.0,10.0,10.0,10.0,10.0,10.0,10.0,0.0,0.0,1.0,1.0,1.0,ensemble_grid_blend,7.0,2024,São Paulo Grand Prix,2024-11-03
LAW,Racing Bulls,5.0,13.252602034364406,13.140484961117306,13.028897166743217,13.168620085203683,12,5,12.0,12.0,12,0.0,11.0,11.0,11.0,11.0,11.0,11.0,0.0,0.0,0.0,1.0,1.0,ensemble_grid_blend,9.0,2024,São Paulo Grand Prix,2024-11-03
OCO,Alpine,4.0,13.357486160480068,13.332737547175054,13.506186463156006,13.3785642063585,13,4,13.0,13.0,13,0.0,13.0,13.0,13.0,13.0,13.0,13.0,0.0,0.0,0.0,1.0,1.0,ensemble_grid_blend,2.0,2024,São Paulo Grand Prix,2024-11-03
ZHO,Audi,19.0,15.053731296436336,15.42079517051577,15.633934229343383,15.298244238945548,14,15,14.0,14.0,14,0.0,15.0,15.0,15.0,15.0,15.0,15.0,0.0,0.0,0.0,1.0,1.0,ensemble_grid_blend,15.0,2024,São Paulo Grand Prix,2024-11-03
BOT,Audi,11.0,15.258514754031165,15.462218220504994,15.465471566139408,15.371202329718654,15,9,15.0,15.0,15,0.0,14.0,14.0,14.0,14.0,14.0,14.0,0.0,0.0,0.0,1.0,1.0,ensemble_grid_blend,13.0,2024,São Paulo Grand Prix,2024-11-03
VER,Red Bull Racing,5.0,2.8551342891381277,3.3187232070260317,3.888064374035949,3.2239764273784584,1,4,1.0,1.0,1,0.0,1.0,1.0,1.0,1.0,1.0,1.0,1.0,1.0,1.0,1.0,1.0,ensemble_grid_blend,5.0,2024,Las Vegas Grand Prix,2024-11-23
LEC,Ferrari,4.0,3.9946172174050645,3.891636183669271,3.495321146799718,3.8587146414764675,2,3,2.0,2.0,2,0.0,2.0,2.0,2.0,2.0,2.0,2.0,0.0,1.0,1.0,1.0,1.0,ensemble_grid_blend,4.0,2024,Las Vegas Grand Prix,2024-11-23
SAI,Ferrari,2.0,3.677359032399659,4.290801611808385,4.5381696056567975,4.064226049844141,3,2,3.0,3.0,3,0.0,3.0,3.0,3.0,3.0,3.0,3.0,0.0,1.0,1.0,1.0,1.0,ensemble_grid_blend,3.0,2024,Las Vegas Grand Prix,2024-11-23
NOR,McLaren,6.0,4.166663478755197,3.9828985511822195,4.195461197650259,4.108105297883667,4,5,4.0,4.0,4,0.0,4.0,4.0,4.0,4.0,4.0,4.0,0.0,0.0,1.0,1.0,1.0,ensemble_grid_blend,6.0,2024,Las Vegas Grand Prix,2024-11-23
PIA,McLaren,8.0,5.605827970452269,6.210209020146519,5.534679904592585,5.80313172467332,5,7,5.0,5.0,5,0.0,5.0,5.0,5.0,5.0,5.0,5.0,0.0,0.0,1.0,1.0,1.0,ensemble_grid_blend,7.0,2024,Las Vegas Grand Prix,2024-11-23
HAM,Mercedes,10.0,5.598908070029278,6.1536388319171,6.131778291306434,5.899637880945447,6,9,6.0,6.0,6,0.0,8.0,8.0,8.0,8.0,8.0,8.0,0.0,0.0,1.0,0.0,1.0,ensemble_grid_blend,2.0,2024,Las Vegas Grand Prix,2024-11-23
RUS,Mercedes,1.0,6.312225147464059,6.640186248692827,5.826935713390613,6.329953646079439,7,1,7.0,7.0,7,0.0,6.0,6.0,6.0,6.0,6.0,6.0,0.0,0.0,1.0,1.0,1.0,ensemble_grid_blend,1.0,2024,Las Vegas Grand Prix,2024-11-23
PER,Red Bull Racing,15.0,8.860429677498892,9.932740048350343,9.495265872760625,9.362705546349247,8,14,8.0,8.0,8,0.0,7.0,7.0,7.0,7.0,7.0,7.0,0.0,0.0,1.0,1.0,1.0,ensemble_grid_blend,10.0,2024,Las Vegas Grand Prix,2024-11-23
ALO,Aston Martin,16.0,10.476649144328638,9.172758050557972,10.809142375611405,10.086785907765458,9,15,9.0,9.0,9,0.0,10.0,10.0,10.0,10.0,10.0,10.0,0.0,0.0,1.0,1.0,1.0,ensemble_grid_blend,11.0,2024,Las Vegas Grand Prix,2024-11-23
HUL,Haas F1 Team,9.0,11.61179888640495,11.09546231054332,10.029005304216252,11.114522368415638,10,8,10.0,10.0,10,0.0,11.0,11.0,11.0,11.0,11.0,11.0,0.0,0.0,0.0,1.0,1.0,ensemble_grid_blend,8.0,2024,Las Vegas Grand Prix,2024-11-23
TSU,Racing Bulls,7.0,11.110250076942402,11.323743820506968,11.366913721161898,11.2363056160339,11,6,11.0,11.0,11,0.0,9.0,9.0,9.0,9.0,9.0,9.0,0.0,0.0,1.0,0.0,1.0,ensemble_grid_blend,9.0,2024,Las Vegas Grand Prix,2024-11-23
COL,Williams,20.0,11.090493865684913,11.369438314957312,11.473849486130105,11.26479554701929,12,18,12.0,12.0,12,0.0,12.0,12.0,12.0,12.0,12.0,12.0,0.0,0.0,0.0,1.0,1.0,ensemble_grid_blend,14.0,2024,Las Vegas Grand Prix,2024-11-23
STR,Aston Martin,18.0,11.30391027934773,11.058242231452757,12.871917100442591,11.531527826803462,13,16,13.0,13.0,13,0.0,14.0,14.0,14.0,14.0,14.0,14.0,0.0,0.0,0.0,1.0,1.0,ensemble_grid_blend,15.0,2024,Las Vegas Grand Prix,2024-11-23
LAW,Racing Bulls,14.0,12.39541176329657,12.458137959499219,11.71285542837621,12.280854664983424,14,13,14.0,14.0,14,0.0,13.0,13.0,13.0,13.0,13.0,13.0,0.0,0.0,0.0,1.0,1.0,ensemble_grid_blend,16.0,2024,Las Vegas Grand Prix,2024-11-23
OCO,Alpine,11.0,13.077107416057085,12.719252067742195,10.89070941562149,12.514578444059755,15,10,15.0,15.0,15,0.0,16.0,16.0,16.0,16.0,16.0,16.0,0.0,0.0,0.0,1.0,1.0,ensemble_grid_blend,17.0,2024,Las Vegas Grand Prix,2024-11-23
MAG,Haas F1 Team,12.0,13.624784569979422,13.293354064366222,11.685923306259106,13.12101164027074,16,11,16.0,16.0,16,0.0,15.0,15.0,15.0,15.0,15.0,15.0,0.0,0.0,0.0,1.0,1.0,ensemble_grid_blend,12.0,2024,Las Vegas Grand Prix,2024-11-23
ZHO,Audi,13.0,15.238825016658664,15.386983465064345,15.504237743624481,15.343763018993815,17,12,17.0,17.0,17,0.0,17.0,17.0,17.0,17.0,17.0,17.0,0.0,0.0,0.0,1.0,1.0,ensemble_grid_blend,13.0,2024,Las Vegas Grand Prix,2024-11-23
BOT,Audi,19.0,15.557338434766894,15.3286767664525,15.0630530545725,15.378449774817977,18,17,18.0,18.0,18,0.0,18.0,18.0,18.0,18.0,18.0,18.0,0.0,0.0,0.0,1.0,1.0,ensemble_grid_blend,18.0,2024,Las Vegas Grand Prix,2024-11-23
SAI,Ferrari,7.0,3.4917791530366196,4.188185075137283,4.4362255186325275,3.9244104988910333,1,7,1.0,1.0,1,0.0,1.0,1.0,1.0,1.0,1.0,1.0,1.0,1.0,1.0,1.0,1.0,ensemble_grid_blend,6.0,2024,Qatar Grand Prix,2024-12-01
RUS,Mercedes,1.0,3.2947589054144686,4.86180587304852,4.835652868747649,4.1514041367530226,2,1,2.0,2.0,2,0.0,2.0,2.0,2.0,2.0,2.0,2.0,0.0,1.0,1.0,1.0,1.0,ensemble_grid_blend,4.0,2024,Qatar Grand Prix,2024-12-01
VER,Red Bull Racing,2.0,4.48569490683924,4.0263883947150205,4.373209003102284,4.3024404468483715,3,2,3.0,3.0,3,0.0,3.0,3.0,3.0,3.0,3.0,3.0,0.0,1.0,1.0,1.0,1.0,ensemble_grid_blend,1.0,2024,Qatar Grand Prix,2024-12-01
PIA,McLaren,4.0,4.923004502707038,5.419262729509054,5.930178125652075,5.298129606676752,4,4,4.0,4.0,4,0.0,5.0,5.0,5.0,5.0,5.0,5.0,0.0,0.0,1.0,1.0,1.0,ensemble_grid_blend,3.0,2024,Qatar Grand Prix,2024-12-01
LEC,Ferrari,5.0,5.493412244245462,5.883730935730933,3.842117341068837,5.299764805630052,5,5,5.0,5.0,5,0.0,4.0,4.0,4.0,4.0,4.0,4.0,0.0,0.0,1.0,1.0,1.0,ensemble_grid_blend,2.0,2024,Qatar Grand Prix,2024-12-01
NOR,McLaren,3.0,6.1838985467102825,5.143485540577415,4.6154343477928474,5.506061154780292,6,3,6.0,6.0,6,0.0,6.0,6.0,6.0,6.0,6.0,6.0,0.0,0.0,1.0,1.0,1.0,ensemble_grid_blend,10.0,2024,Qatar Grand Prix,2024-12-01
HAM,Mercedes,6.0,6.489449566675359,5.993207436762586,5.235811940098847,6.065037295890586,7,6,7.0,7.0,7,0.0,7.0,7.0,7.0,7.0,7.0,7.0,0.0,0.0,1.0,1.0,1.0,ensemble_grid_blend,12.0,2024,Qatar Grand Prix,2024-12-01
ALO,Aston Martin,8.0,10.231932706137385,9.099137750729668,10.850755493857985,9.959219029288805,8,8,8.0,8.0,8,0.0,8.0,8.0,8.0,8.0,8.0,8.0,0.0,0.0,1.0,1.0,1.0,ensemble_grid_blend,7.0,2024,Qatar Grand Prix,2024-12-01
TSU,Racing Bulls,14.0,11.085587937489654,10.766616490320825,11.135736205744958,10.983977584631624,9,13,9.0,9.0,9,0.0,11.0,11.0,11.0,11.0,11.0,11.0,0.0,0.0,0.0,0.0,1.0,ensemble_grid_blend,13.0,2024,Qatar Grand Prix,2024-12-01
GAS,Alpine,11.0,11.441593135887583,10.997065113013997,10.190505171284391,11.03579073496119,10,10,10.0,10.0,10,0.0,10.0,10.0,10.0,10.0,10.0,10.0,0.0,0.0,1.0,1.0,1.0,ensemble_grid_blend,5.0,2024,Qatar Grand Prix,2024-12-01
ALB,Williams,16.0,11.994618776385028,11.849286431966082,11.804112317887133,11.90565116413882,11,14,11.0,11.0,11,0.0,9.0,9.0,9.0,9.0,9.0,9.0,0.0,0.0,1.0,0.0,1.0,ensemble_grid_blend,15.0,2024,Qatar Grand Prix,2024-12-01
LAW,Racing Bulls,17.0,11.578406010313822,12.239403232388527,12.371882871395183,11.96845041025624,12,15,12.0,12.0,12,0.0,13.0,13.0,13.0,13.0,13.0,13.0,0.0,0.0,0.0,1.0,1.0,ensemble_grid_blend,14.0,2024,Qatar Grand Prix,2024-12-01
MAG,Haas F1 Team,10.0,13.302355036610084,12.647403532870637,11.51019046663225,12.71468909630571,13,9,13.0,13.0,13,0.0,12.0,12.0,12.0,12.0,12.0,12.0,0.0,0.0,0.0,1.0,1.0,ensemble_grid_blend,9.0,2024,Qatar Grand Prix,2024-12-01
ZHO,Audi,12.0,15.590848932338613,15.484846528471524,14.769186482243379,15.389415600966085,14,11,14.0,14.0,14,0.0,14.0,14.0,14.0,14.0,14.0,14.0,0.0,0.0,0.0,1.0,1.0,ensemble_grid_blend,8.0,2024,Qatar Grand Prix,2024-12-01
BOT,Audi,13.0,15.666982088493544,15.647570106772312,15.123770770141192,15.551545631220643,15,12,15.0,15.0,15,0.0,15.0,15.0,15.0,15.0,15.0,15.0,0.0,0.0,0.0,1.0,1.0,ensemble_grid_blend,11.0,2024,Qatar Grand Prix,2024-12-01
VER,Red Bull Racing,4.0,2.390497293327139,2.006735088210685,3.0294317349536684,2.383967409861686,1,4,1.0,1.0,1,0.0,1.0,1.0,1.0,1.0,1.0,1.0,1.0,1.0,1.0,1.0,1.0,ensemble_grid_blend,6.0,2024,Abu Dhabi Grand Prix,2024-12-08
LEC,Ferrari,19.0,3.799663759444156,4.092600795038297,3.8525657356205887,3.9127721171373917,2,17,2.0,2.0,2,0.0,4.0,4.0,4.0,4.0,4.0,4.0,0.0,0.0,1.0,0.0,1.0,ensemble_grid_blend,3.0,2024,Abu Dhabi Grand Prix,2024-12-08
SAI,Ferrari,3.0,3.75338397943246,4.535527237255495,4.969181930506529,4.270293709885336,3,3,3.0,3.0,3,0.0,5.0,5.0,5.0,5.0,5.0,5.0,0.0,0.0,1.0,0.0,1.0,ensemble_grid_blend,2.0,2024,Abu Dhabi Grand Prix,2024-12-08
RUS,Mercedes,6.0,3.8233000538362614,4.430164529098355,5.009806461806009,4.2730039017719434,4,6,4.0,4.0,4,0.0,2.0,2.0,2.0,2.0,2.0,2.0,0.0,1.0,1.0,0.0,1.0,ensemble_grid_blend,5.0,2024,Abu Dhabi Grand Prix,2024-12-08
NOR,McLaren,1.0,5.195735582142592,4.573863539004144,5.687955802783916,5.0765244111724,5,1,5.0,5.0,5,0.0,3.0,3.0,3.0,3.0,3.0,3.0,0.0,1.0,1.0,0.0,1.0,ensemble_grid_blend,1.0,2024,Abu Dhabi Grand Prix,2024-12-08
PIA,McLaren,2.0,5.682219883181546,5.6301267625348554,5.643689880150202,5.656281290348936,6,2,6.0,6.0,6,0.0,6.0,6.0,6.0,6.0,6.0,6.0,0.0,0.0,1.0,1.0,1.0,ensemble_grid_blend,10.0,2024,Abu Dhabi Grand Prix,2024-12-08
HAM,Mercedes,16.0,5.696838483530796,6.274330974580973,6.595544903805952,6.078702139453389,7,14,7.0,7.0,7,0.0,7.0,7.0,7.0,7.0,7.0,7.0,0.0,0.0,1.0,1.0,1.0,ensemble_grid_blend,4.0,2024,Abu Dhabi Grand Prix,2024-12-08
GAS,Alpine,5.0,7.342218652216751,9.01584540203948,8.968326200603334,8.253209524332023,8,5,8.0,8.0,8,0.0,9.0,9.0,9.0,9.0,9.0,9.0,0.0,0.0,1.0,1.0,1.0,ensemble_grid_blend,7.0,2024,Abu Dhabi Grand Prix,2024-12-08
DOO,Alpine,17.0,7.90473460757423,9.127809172468158,9.532494686572203,8.6583627210867,9,15,9.0,9.0,9,0.0,8.0,8.0,8.0,8.0,8.0,8.0,0.0,0.0,1.0,1.0,1.0,ensemble_grid_blend,15.0,2024,Abu Dhabi Grand Prix,2024-12-08
ALO,Aston Martin,8.0,9.888074777077374,8.596815760699231,10.083916934724087,9.475302552874366,10,8,10.0,10.0,10,0.0,10.0,10.0,10.0,10.0,10.0,10.0,0.0,0.0,1.0,1.0,1.0,ensemble_grid_blend,9.0,2024,Abu Dhabi Grand Prix,2024-12-08
HUL,Haas F1 Team,7.0,10.689753894449465,10.765942804157202,9.929080914047951,10.564285416766872,11,7,11.0,11.0,11,0.0,12.0,12.0,12.0,12.0,12.0,12.0,0.0,0.0,0.0,1.0,1.0,ensemble_grid_blend,8.0,2024,Abu Dhabi Grand Prix,2024-12-08
TSU,Racing Bulls,11.0,10.873113461730759,11.106254985185092,11.088642503909629,10.99781880337555,12,9,12.0,12.0,12,0.0,11.0,11.0,11.0,11.0,11.0,11.0,0.0,0.0,0.0,1.0,1.0,ensemble_grid_blend,12.0,2024,Abu Dhabi Grand Prix,2024-12-08
MAG,Haas F1 Team,14.0,12.737119193754136,11.837679001923432,11.374752053486715,12.149841698559905,13,12,13.0,13.0,13,0.0,13.0,13.0,13.0,13.0,13.0,13.0,0.0,0.0,0.0,1.0,1.0,ensemble_grid_blend,16.0,2024,Abu Dhabi Grand Prix,2024-12-08
STR,Aston Martin,13.0,12.28666579612923,11.875542026839907,12.54586111870958,12.194611541394035,14,11,14.0,14.0,14,0.0,15.0,15.0,15.0,15.0,15.0,15.0,0.0,0.0,0.0,1.0,1.0,ensemble_grid_blend,14.0,2024,Abu Dhabi Grand Prix,2024-12-08
ALB,Williams,18.0,12.895268887847944,12.10501250128011,12.614942185276714,12.562613812034957,15,16,15.0,15.0,15,0.0,17.0,17.0,17.0,17.0,17.0,17.0,0.0,0.0,0.0,0.0,1.0,ensemble_grid_blend,11.0,2024,Abu Dhabi Grand Prix,2024-12-08
LAW,Racing Bulls,12.0,13.00131804683453,12.683674662994603,12.272987402412456,12.744476733606142,16,10,16.0,16.0,16,0.0,14.0,14.0,14.0,14.0,14.0,14.0,0.0,0.0,0.0,0.0,1.0,ensemble_grid_blend,17.0,2024,Abu Dhabi Grand Prix,2024-12-08
ZHO,Audi,15.0,14.581415691425256,14.606956527949178,13.421004446361374,14.358272735195854,17,13,17.0,17.0,17,0.0,16.0,16.0,16.0,16.0,16.0,16.0,0.0,0.0,0.0,1.0,1.0,ensemble_grid_blend,13.0,2024,Abu Dhabi Grand Prix,2024-12-08
