driver,team,grid_pos,pred_finish_rf,pred_finish_extra_trees,pred_finish_elastic_net,pred_finish_model_ensemble,pred_rank_model_ensemble,grid_rank_component,blend_rank_score,pred_finish,pred_rank,pred_std,pi68_low,pi68_high,pi95_low,pi95_high,pred_low,pred_high,p_win,p_podium,p_top10,p_rank_pm1,ensemble_grid_alpha,ranking_mode_default,finish_pos,year,gp,date
VER,Red Bull Racing,1.0,1.9119064039648097,1.4862166930291931,1.6884011728271346,1.7182139589098089,1,2,1.0,1.0,1,0.0,1.0,1.0,1.0,1.0,1.0,1.0,1.0,1.0,1.0,1.0,1.0,ensemble_grid_blend,1.0,2023,Dutch Grand Prix,2023-08-27
PER,Red Bull Racing,7.0,4.796831495963134,4.983838902110962,3.6767126966417596,4.638260328250599,2,8,2.0,2.0,2,0.0,2.0,2.0,2.0,2.0,2.0,2.0,0.0,1.0,1.0,1.0,1.0,ensemble_grid_blend,4.0,2023,Dutch Grand Prix,2023-08-27
HAM,Mercedes,13.0,4.973120757714207,4.8353419684890255,4.308770492130379,4.792028128368628,3,12,3.0,3.0,3,0.0,3.0,3.0,3.0,3.0,3.0,3.0,0.0,1.0,1.0,1.0,1.0,ensemble_grid_blend,6.0,2023,Dutch Grand Prix,2023-08-27
NOR,McLaren,2.0,5.928832693465845,5.769035110722609,5.936123113714135,5.8743616235553695,4,3,4.0,4.0,4,0.0,4.0,4.0,4.0,4.0,4.0,4.0,0.0,0.0,1.0,1.0,1.0,ensemble_grid_blend,7.0,2023,Dutch Grand Prix,2023-08-27
RUS,Mercedes,3.0,6.117227473199181,5.888231462981463,5.459182319066198,5.9054698387963835,5,4,5.0,5.0,5,0.0,5.0,5.0,5.0,5.0,5.0,5.0,0.0,0.0,1.0,1.0,1.0,ensemble_grid_blend,17.0,2023,Dutch Grand Prix,2023-08-27
SAI,Ferrari,6.0,8.17565157400873,7.301734725242078,7.0411853165138725,7.64288742544143,6,7,6.0,6.0,6,0.0,6.0,6.0,6.0,6.0,6.0,6.0,0.0,0.0,1.0,1.0,1.0,ensemble_grid_blend,5.0,2023,Dutch Grand Prix,2023-08-27
ALO,Aston Martin,5.0,8.868053584864452,7.467097373160141,6.730642542154264,7.950236702225906,7,6,7.0,7.0,7,0.0,8.0,8.0,8.0,8.0,8.0,8.0,0.0,0.0,1.0,1.0,1.0,ensemble_grid_blend,2.0,2023,Dutch Grand Prix,2023-08-27
PIA,McLaren,8.0,8.440557313640712,7.70046327587688,7.810843422968409,8.05558162228891,8,9,8.0,8.0,8,0.0,7.0,7.0,7.0,7.0,7.0,7.0,0.0,0.0,1.0,1.0,1.0,ensemble_grid_blend,9.0,2023,Dutch Grand Prix,2023-08-27
STR,Aston Martin,11.0,10.483738227914628,9.88239987712805,9.475719623796783,10.071666084315757,9,10,9.0,9.0,9,0.0,11.0,11.0,11.0,11.0,11.0,11.0,0.0,0.0,0.0,0.0,1.0,ensemble_grid_blend,11.0,2023,Dutch Grand Prix,2023-08-27
OCO,Alpine,16.0,11.963173680092542,11.01232405658028,10.48050913861731,11.333843403568203,10,14,10.0,10.0,10,0.0,10.0,10.0,10.0,10.0,10.0,10.0,0.0,0.0,1.0,1.0,1.0,ensemble_grid_blend,10.0,2023,Dutch Grand Prix,2023-08-27
GAS,Alpine,12.0,12.36507371376192,12.012335991339238,12.016014850719136,12.171803738305425,11,11,11.0,11.0,11,0.0,14.0,14.0,14.0,14.0,14.0,14.0,0.0,0.0,0.0,0.0,1.0,ensemble_grid_blend,3.0,2023,Dutch Grand Prix,2023-08-27
ALB,Williams,4.0,12.313710139472432,12.316540228121582,11.605954103615485,12.173149463328244,12,5,12.0,12.0,12,0.0,12.0,12.0,12.0,12.0,12.0,12.0,0.0,0.0,0.0,1.0,1.0,ensemble_grid_blend,8.0,2023,Dutch Grand Prix,2023-08-27
LAW,AlphaTauri,19.0,12.448959546344243,12.323899046536106,11.792496167601682,12.273895695662883,13,17,13.0,13.0,13,0.0,13.0,13.0,13.0,13.0,13.0,13.0,0.0,0.0,0.0,1.0,1.0,ensemble_grid_blend,13.0,2023,Dutch Grand Prix,2023-08-27
BOT,Alfa Romeo,18.0,12.705191521793518,12.626985766061432,12.198004993150125,12.57638220155861,14,16,14.0,14.0,14,0.0,15.0,15.0,15.0,15.0,15.0,15.0,0.0,0.0,0.0,1.0,1.0,ensemble_grid_blend,14.0,2023,Dutch Grand Prix,2023-08-27
TSU,AlphaTauri,17.0,13.688308283215758,13.652309414635077,13.295428835818736,13.597132789733115,15,15,15.0,15.0,15,0.0,9.0,9.0,9.0,9.0,9.0,9.0,0.0,0.0,1.0,0.0,1.0,ensemble_grid_blend,15.0,2023,Dutch Grand Prix,2023-08-27
HUL,Haas F1 Team,14.0,15.609361113076977,15.404439990564995,14.677994921397456,15.35136548186188,16,13,16.0,16.0,16,0.0,16.0,16.0,16.0,16.0,16.0,16.0,0.0,0.0,0.0,1.0,1.0,ensemble_grid_blend,12.0,2023,Dutch Grand Prix,2023-08-27
MAG,Haas F1 Team,0.0,15.926661670548098,15.8828250915751,15.207826208943157,15.767551775586561,17,1,17.0,17.0,17,0.0,17.0,17.0,17.0,17.0,17.0,17.0,0.0,0.0,0.0,1.0,1.0,ensemble_grid_blend,16.0,2023,Dutch Grand Prix,2023-08-27
VER,Red Bull Racing,2.0,1.7356515178965366,1.6742715895215892,1.965825961173591,1.7602034316207158,1,2,1.0,1.0,1,0.0,1.0,1.0,1.0,1.0,1.0,1.0,1.0,1.0,1.0,1.0,1.0,ensemble_grid_blend,1.0,2023,Italian Grand Prix,2023-09-03
PER,Red Bull Racing,5.0,4.866631811267802,4.989461802086803,3.896138616741191,4.71552366914913,2,5,2.0,2.0,2,0.0,2.0,2.0,2.0,2.0,2.0,2.0,0.0,1.0,1.0,1.0,1.0,ensemble_grid_blend,2.0,2023,Italian Grand Prix,2023-09-03
HAM,Mercedes,8.0,5.4375442099982685,5.585986860361865,5.896947064610202,5.581379708547914,3,8,3.0,3.0,3,0.0,5.0,5.0,5.0,5.0,5.0,5.0,0.0,0.0,1.0,0.0,1.0,ensemble_grid_blend,6.0,2023,Italian Grand Prix,2023-09-03
LEC,Ferrari,3.0,5.870740210991143,5.729995841576725,6.203676200563386,5.8880668796105455,4,3,4.0,4.0,4,0.0,3.0,3.0,3.0,3.0,3.0,3.0,0.0,1.0,1.0,1.0,1.0,ensemble_grid_blend,4.0,2023,Italian Grand Prix,2023-09-03
ALO,Aston Martin,10.0,6.095670520623968,6.212200674325674,6.114765939846318,6.140275158264036,5,10,5.0,5.0,5,0.0,6.0,6.0,6.0,6.0,6.0,6.0,0.0,0.0,1.0,1.0,1.0,ensemble_grid_blend,9.0,2023,Italian Grand Prix,2023-09-03
SAI,Ferrari,1.0,5.919311497673854,6.077563246394128,6.763287215268193,6.143494753244818,6,1,6.0,6.0,6,0.0,4.0,4.0,4.0,4.0,4.0,4.0,0.0,0.0,1.0,0.0,1.0,ensemble_grid_blend,3.0,2023,Italian Grand Prix,2023-09-03
NOR,McLaren,9.0,6.547068413126822,6.281195503434475,7.193678166483828,6.5833348454059015,7,9,7.0,7.0,7,0.0,7.0,7.0,7.0,7.0,7.0,7.0,0.0,0.0,1.0,1.0,1.0,ensemble_grid_blend,8.0,2023,Italian Grand Prix,2023-09-03
PIA,McLaren,7.0,7.045568726765887,6.9078722360156215,8.302717563105544,7.248804722271226,8,7,8.0,8.0,8,0.0,8.0,8.0,8.0,8.0,8.0,8.0,0.0,0.0,1.0,1.0,1.0,ensemble_grid_blend,12.0,2023,Italian Grand Prix,2023-09-03
RUS,Mercedes,4.0,7.088380309130319,7.257959960329527,8.529327403773156,7.435922605978608,9,4,9.0,9.0,9,0.0,9.0,9.0,9.0,9.0,9.0,9.0,0.0,0.0,1.0,1.0,1.0,ensemble_grid_blend,5.0,2023,Italian Grand Prix,2023-09-03
STR,Aston Martin,20.0,8.486953005448942,8.610219326969329,9.567947062975357,8.74629502948636,10,18,10.0,10.0,10,0.0,10.0,10.0,10.0,10.0,10.0,10.0,0.0,0.0,1.0,1.0,1.0,ensemble_grid_blend,16.0,2023,Italian Grand Prix,2023-09-03
GAS,Alpine,17.0,11.197714914526381,11.688445624677245,10.982543716211211,11.32643642341615,11,16,11.0,11.0,11,0.0,11.0,11.0,11.0,11.0,11.0,11.0,0.0,0.0,0.0,1.0,1.0,ensemble_grid_blend,15.0,2023,Italian Grand Prix,2023-09-03
ALB,Williams,6.0,12.538630999518311,12.144080041897455,11.525644942389588,12.197940952925268,12,6,12.0,12.0,12,0.0,14.0,14.0,14.0,14.0,14.0,14.0,0.0,0.0,0.0,0.0,1.0,ensemble_grid_blend,7.0,2023,Italian Grand Prix,2023-09-03
BOT,Alfa Romeo,14.0,13.18821557773749,13.415177413230044,12.932741406134674,13.216557385839321,13,13,13.0,13.0,13,0.0,18.0,18.0,18.0,18.0,18.0,18.0,0.0,0.0,0.0,0.0,1.0,ensemble_grid_blend,10.0,2023,Italian Grand Prix,2023-09-03
LAW,AlphaTauri,12.0,13.613314443152285,13.611829573569706,13.50509502881929,13.591150855931783,14,11,14.0,14.0,14,0.0,12.0,12.0,12.0,12.0,12.0,12.0,0.0,0.0,0.0,0.0,1.0,ensemble_grid_blend,11.0,2023,Italian Grand Prix,2023-09-03
SAR,Williams,15.0,14.897013417452182,14.067373432123432,14.55806817304096,14.538850373704877,15,14,15.0,15.0,15,0.0,13.0,13.0,13.0,13.0,13.0,13.0,0.0,0.0,0.0,0.0,1.0,ensemble_grid_blend,13.0,2023,Italian Grand Prix,2023-09-03
ZHO,Alfa Romeo,16.0,15.095087234930109,14.436854853479856,14.202339758982717,14.686156406233042,16,15,16.0,16.0,16,0.0,15.0,15.0,15.0,15.0,15.0,15.0,0.0,0.0,0.0,1.0,1.0,ensemble_grid_blend,14.0,2023,Italian Grand Prix,2023-09-03
HUL,Haas F1 Team,13.0,15.789629931376773,15.489883019758024,14.872041336452,15.501200793325255,17,12,17.0,17.0,17,0.0,16.0,16.0,16.0,16.0,16.0,16.0,0.0,0.0,0.0,1.0,1.0,ensemble_grid_blend,17.0,2023,Italian Grand Prix,2023-09-03
MAG,Haas F1 Team,19.0,16.185302660889285,15.864093975468979,15.645493122531683,15.964917713320657,18,17,18.0,18.0,18,0.0,17.0,17.0,17.0,17.0,17.0,17.0,0.0,0.0,0.0,1.0,1.0,ensemble_grid_blend,18.0,2023,Italian Grand Prix,2023-09-03
VER,Red Bull Racing,11.0,1.5250037264884795,1.4713928718340472,1.4274218672956085,1.486723555520854,1,10,1.0,1.0,1,0.0,1.0,1.0,1.0,1.0,1.0,1.0,1.0,1.0,1.0,1.0,1.0,ensemble_grid_blend,5.0,2023,Singapore Grand Prix,2023-09-17
PER,Red Bull Racing,13.0,3.6732050088287607,3.404915889364259,3.142452256509582,3.4731532665523495,2,12,2.0,2.0,2,0.0,5.0,5.0,5.0,5.0,5.0,5.0,0.0,0.0,1.0,0.0,1.0,ensemble_grid_blend,8.0,2023,Singapore Grand Prix,2023-09-17
LEC,Ferrari,3.0,5.4244076658040035,5.501033313606683,4.787526611066866,5.323850431587514,3,3,3.0,3.0,3,0.0,2.0,2.0,2.0,2.0,2.0,2.0,0.0,1.0,1.0,1.0,1.0,ensemble_grid_blend,4.0,2023,Singapore Grand Prix,2023-09-17
HAM,Mercedes,5.0,5.856455383067061,6.17078902317489,5.836069122080291,5.962394904907447,4,5,4.0,4.0,4,0.0,4.0,4.0,4.0,4.0,4.0,4.0,0.0,0.0,1.0,1.0,1.0,ensemble_grid_blend,3.0,2023,Singapore Grand Prix,2023-09-17
SAI,Ferrari,1.0,6.063339384476626,6.423480206991078,5.0497319354714545,5.98666718255565,5,1,5.0,5.0,5,0.0,3.0,3.0,3.0,3.0,3.0,3.0,0.0,1.0,1.0,0.0,1.0,ensemble_grid_blend,1.0,2023,Singapore Grand Prix,2023-09-17
ALO,Aston Martin,7.0,7.659119928758486,7.61821568005967,6.199875253250778,7.352954506612359,6,7,6.0,6.0,6,0.0,6.0,6.0,6.0,6.0,6.0,6.0,0.0,0.0,1.0,1.0,1.0,ensemble_grid_blend,15.0,2023,Singapore Grand Prix,2023-09-17
NOR,McLaren,4.0,6.789539719521556,7.9645898962011294,8.00049958154533,7.442999253764162,7,4,7.0,7.0,7,0.0,8.0,8.0,8.0,8.0,8.0,8.0,0.0,0.0,1.0,1.0,1.0,ensemble_grid_blend,2.0,2023,Singapore Grand Prix,2023-09-17
RUS,Mercedes,2.0,8.805512730944287,8.289111224040973,8.013411391086414,8.466351935556553,8,2,8.0,8.0,8,0.0,7.0,7.0,7.0,7.0,7.0,7.0,0.0,0.0,1.0,1.0,1.0,ensemble_grid_blend,16.0,2023,Singapore Grand Prix,2023-09-17
PIA,McLaren,17.0,10.162675045283542,9.903550402514945,9.342165033623283,9.907879417982482,9,14,9.0,9.0,9,0.0,10.0,10.0,10.0,10.0,10.0,10.0,0.0,0.0,1.0,1.0,1.0,ensemble_grid_blend,7.0,2023,Singapore Grand Prix,2023-09-17
GAS,Alpine,12.0,11.04729108979289,10.581671328824793,10.095187397227301,10.693903434940939,10,11,10.0,10.0,10,0.0,9.0,9.0,9.0,9.0,9.0,9.0,0.0,0.0,1.0,1.0,1.0,ensemble_grid_blend,6.0,2023,Singapore Grand Prix,2023-09-17
ALB,Williams,14.0,11.36971952736257,11.294130281361287,9.99672479818217,11.06866434542604,11,13,11.0,11.0,11,0.0,12.0,12.0,12.0,12.0,12.0,12.0,0.0,0.0,0.0,1.0,1.0,ensemble_grid_blend,11.0,2023,Singapore Grand Prix,2023-09-17
LAW,AlphaTauri,10.0,13.43443999692613,13.627913850772863,12.305278703115947,13.27632358701045,12,9,12.0,12.0,12,0.0,11.0,11.0,11.0,11.0,11.0,11.0,0.0,0.0,0.0,1.0,1.0,ensemble_grid_blend,9.0,2023,Singapore Grand Prix,2023-09-17
ZHO,Alfa Romeo,19.0,14.590635563392086,14.382230860624887,13.540985760976287,14.307763956940406,13,16,13.0,13.0,13,0.0,13.0,13.0,13.0,13.0,13.0,13.0,0.0,0.0,0.0,1.0,1.0,ensemble_grid_blend,12.0,2023,Singapore Grand Prix,2023-09-17
SAR,Williams,18.0,14.525934207719935,14.518288114613888,13.738766260239462,14.365824485636725,14,15,14.0,14.0,14,0.0,14.0,14.0,14.0,14.0,14.0,14.0,0.0,0.0,0.0,1.0,1.0,ensemble_grid_blend,14.0,2023,Singapore Grand Prix,2023-09-17
HUL,Haas F1 Team,9.0,15.78054906886754,16.006108730321966,15.067501348804477,15.716885406363977,15,8,15.0,15.0,15,0.0,15.0,15.0,15.0,15.0,15.0,15.0,0.0,0.0,0.0,1.0,1.0,ensemble_grid_blend,13.0,2023,Singapore Grand Prix,2023-09-17
MAG,Haas F1 Team,6.0,16.09142516178402,16.202051010264242,15.684453661642642,16.04874990872382,16,6,16.0,16.0,16,0.0,16.0,16.0,16.0,16.0,16.0,16.0,0.0,0.0,0.0,1.0,1.0,ensemble_grid_blend,10.0,2023,Singapore Grand Prix,2023-09-17
VER,Red Bull Racing,1.0,2.2675165141327813,3.209611312298811,2.8698961572589603,2.7177256221161277,1,1,1.0,1.0,1,0.0,1.0,1.0,1.0,1.0,1.0,1.0,1.0,1.0,1.0,1.0,1.0,ensemble_grid_blend,1.0,2023,Japanese Grand Prix,2023-09-24
SAI,Ferrari,6.0,4.292925655481504,4.081911183523218,4.235456618828579,4.2075767829655195,2,5,2.0,2.0,2,0.0,2.0,2.0,2.0,2.0,2.0,2.0,0.0,1.0,1.0,1.0,1.0,ensemble_grid_blend,6.0,2023,Japanese Grand Prix,2023-09-24
LEC,Ferrari,4.0,4.482084266489556,4.228731550656085,4.563080740782419,4.409610110806414,3,4,3.0,3.0,3,0.0,3.0,3.0,3.0,3.0,3.0,3.0,0.0,1.0,1.0,1.0,1.0,ensemble_grid_blend,4.0,2023,Japanese Grand Prix,2023-09-24
NOR,McLaren,3.0,6.6400842107672755,6.48053920922129,6.950960622844555,6.646418742641636,4,3,4.0,4.0,4,0.0,5.0,5.0,5.0,5.0,5.0,5.0,0.0,0.0,1.0,1.0,1.0,ensemble_grid_blend,2.0,2023,Japanese Grand Prix,2023-09-24
HAM,Mercedes,7.0,7.883882337702192,8.22153328901491,6.269812382905332,7.679246179702272,5,6,5.0,5.0,5,0.0,7.0,7.0,7.0,7.0,7.0,7.0,0.0,0.0,1.0,0.0,1.0,ensemble_grid_blend,5.0,2023,Japanese Grand Prix,2023-09-24
PIA,McLaren,2.0,9.218901916784244,9.711281863388692,9.016336447071597,9.350721804153272,6,2,6.0,6.0,6,0.0,4.0,4.0,4.0,4.0,4.0,4.0,0.0,0.0,1.0,0.0,1.0,ensemble_grid_blend,3.0,2023,Japanese Grand Prix,2023-09-24
GAS,Alpine,12.0,9.809347913751681,9.983068044357411,9.009769043793694,9.710234185472089,7,11,7.0,7.0,7,0.0,8.0,8.0,8.0,8.0,8.0,8.0,0.0,0.0,1.0,1.0,1.0,ensemble_grid_blend,10.0,2023,Japanese Grand Prix,2023-09-24
OCO,Alpine,14.0,10.74791127720665,11.029611338770904,9.500972838168625,10.597118610946534,8,12,8.0,8.0,8,0.0,10.0,10.0,10.0,10.0,10.0,10.0,0.0,0.0,1.0,0.0,1.0,ensemble_grid_blend,9.0,2023,Japanese Grand Prix,2023-09-24
ALO,Aston Martin,10.0,11.371196933165363,10.862978121996344,8.820645214896993,10.683210005602533,9,9,9.0,9.0,9,0.0,6.0,6.0,6.0,6.0,6.0,6.0,0.0,0.0,1.0,0.0,1.0,ensemble_grid_blend,8.0,2023,Japanese Grand Prix,2023-09-24
RUS,Mercedes,8.0,10.723995007486588,11.080308165203562,10.10412393425185,10.724730398040581,10,7,10.0,10.0,10,0.0,9.0,9.0,9.0,9.0,9.0,9.0,0.0,0.0,1.0,1.0,1.0,ensemble_grid_blend,7.0,2023,Japanese Grand Prix,2023-09-24
TSU,AlphaTauri,9.0,12.844047843208562,13.141676686038272,12.081760357790271,12.795760441115302,11,8,11.0,11.0,11,0.0,13.0,13.0,13.0,13.0,13.0,13.0,0.0,0.0,0.0,0.0,1.0,ensemble_grid_blend,12.0,2023,Japanese Grand Prix,2023-09-24
LAW,AlphaTauri,11.0,13.38278051958121,13.315349771390936,11.302207968136532,12.943065247425679,12,10,12.0,12.0,12,0.0,12.0,12.0,12.0,12.0,12.0,12.0,0.0,0.0,0.0,1.0,1.0,ensemble_grid_blend,11.0,2023,Japanese Grand Prix,2023-09-24
ZHO,Alfa Romeo,19.0,13.429405001991306,13.50592633867671,12.907497501149441,13.351805969662824,13,15,13.0,13.0,13,0.0,11.0,11.0,11.0,11.0,11.0,11.0,0.0,0.0,0.0,0.0,1.0,ensemble_grid_blend,13.0,2023,Japanese Grand Prix,2023-09-24
HUL,Haas F1 Team,18.0,14.873205474728913,14.355823298433586,13.889467709897904,14.495374160059345,14,14,14.0,14.0,14,0.0,14.0,14.0,14.0,14.0,14.0,14.0,0.0,0.0,0.0,1.0,1.0,ensemble_grid_blend,14.0,2023,Japanese Grand Prix,2023-09-24
MAG,Haas F1 Team,15.0,15.07374469402,14.604632142367434,14.162188807696086,14.727244123676819,15,13,15.0,15.0,15,0.0,15.0,15.0,15.0,15.0,15.0,15.0,0.0,0.0,0.0,1.0,1.0,ensemble_grid_blend,15.0,2023,Japanese Grand Prix,2023-09-24
VER,Red Bull Racing,1.0,1.9052040945702848,2.8768319803261773,2.5405387419105585,2.372340784052902,1,1,1.0,1.0,1,0.0,1.0,1.0,1.0,1.0,1.0,1.0,1.0,1.0,1.0,1.0,1.0,ensemble_grid_blend,1.0,2023,Qatar Grand Prix,2023-10-08
LEC,Ferrari,5.0,4.500032294111309,4.344665662360515,4.453522577823363,4.436352029740942,2,4,2.0,2.0,2,0.0,2.0,2.0,2.0,2.0,2.0,2.0,0.0,1.0,1.0,1.0,1.0,ensemble_grid_blend,5.0,2023,Qatar Grand Prix,2023-10-08
PER,Red Bull Racing,20.0,4.7214743887794155,4.566110287996318,4.324058196283676,4.587613715006183,3,17,3.0,3.0,3,0.0,3.0,3.0,3.0,3.0,3.0,3.0,0.0,1.0,1.0,1.0,1.0,ensemble_grid_blend,10.0,2023,Qatar Grand Prix,2023-10-08
NOR,McLaren,10.0,5.269726018086911,4.871361242515654,5.512278198813956,5.17880878278238,4,9,4.0,4.0,4,0.0,5.0,5.0,5.0,5.0,5.0,5.0,0.0,0.0,1.0,1.0,1.0,ensemble_grid_blend,3.0,2023,Qatar Grand Prix,2023-10-08
PIA,McLaren,6.0,5.457595627198764,6.121736971361968,7.382312126567484,6.074988397529629,5,5,5.0,5.0,5,0.0,4.0,4.0,4.0,4.0,4.0,4.0,0.0,0.0,1.0,1.0,1.0,ensemble_grid_blend,2.0,2023,Qatar Grand Prix,2023-10-08
RUS,Mercedes,2.0,8.567177720130873,8.619160114021863,8.393336798859526,8.55060337373845,6,2,6.0,6.0,6,0.0,6.0,6.0,6.0,6.0,6.0,6.0,0.0,0.0,1.0,1.0,1.0,ensemble_grid_blend,4.0,2023,Qatar Grand Prix,2023-10-08
ALB,Williams,13.0,9.775107860063537,9.869836533542408,9.387681950792217,9.730777713926877,7,11,7.0,7.0,7,0.0,10.0,10.0,10.0,10.0,10.0,10.0,0.0,0.0,1.0,0.0,1.0,ensemble_grid_blend,13.0,2023,Qatar Grand Prix,2023-10-08
OCO,Alpine,8.0,9.86489455859339,9.773600870777418,9.42190587616864,9.74434403137285,8,7,8.0,8.0,8,0.0,11.0,11.0,11.0,11.0,11.0,11.0,0.0,0.0,0.0,0.0,1.0,ensemble_grid_blend,7.0,2023,Qatar Grand Prix,2023-10-08
GAS,Alpine,7.0,9.885869249310593,10.033881581318141,9.991260773110595,9.958751870273234,9,6,9.0,9.0,9,0.0,7.0,7.0,7.0,7.0,7.0,7.0,0.0,0.0,1.0,0.0,1.0,ensemble_grid_blend,12.0,2023,Qatar Grand Prix,2023-10-08
ALO,Aston Martin,4.0,11.820660166556863,11.41345530923008,9.582692597267563,11.230544952634629,10,3,10.0,10.0,10,0.0,14.0,14.0,14.0,14.0,14.0,14.0,0.0,0.0,0.0,0.0,1.0,ensemble_grid_blend,6.0,2023,Qatar Grand Prix,2023-10-08
LAW,AlphaTauri,17.0,11.761656713610032,11.213269593461426,10.760856048235603,11.369561088483133,11,14,11.0,11.0,11,0.0,8.0,8.0,8.0,8.0,8.0,8.0,0.0,0.0,1.0,0.0,1.0,ensemble_grid_blend,17.0,2023,Qatar Grand Prix,2023-10-08
BOT,Alfa Romeo,9.0,10.89270298924059,11.915244524324294,11.622728312665956,11.39659759120496,12,8,12.0,12.0,12,0.0,16.0,16.0,16.0,16.0,16.0,16.0,0.0,0.0,0.0,0.0,1.0,ensemble_grid_blend,8.0,2023,Qatar Grand Prix,2023-10-08
STR,Aston Martin,16.0,11.331686936340441,11.932270370924973,11.394972763544693,11.554548303885879,13,13,13.0,13.0,13,0.0,15.0,15.0,15.0,15.0,15.0,15.0,0.0,0.0,0.0,0.0,1.0,ensemble_grid_blend,11.0,2023,Qatar Grand Prix,2023-10-08
TSU,AlphaTauri,11.0,12.714996154450244,12.84595888583097,11.490515878671957,12.51593705527784,14,10,14.0,14.0,14,0.0,9.0,9.0,9.0,9.0,9.0,9.0,0.0,0.0,1.0,0.0,1.0,ensemble_grid_blend,15.0,2023,Qatar Grand Prix,2023-10-08
ZHO,Alfa Romeo,19.0,12.958868357532085,13.275947875397897,12.758571364996556,13.029786790278012,15,16,15.0,15.0,15,0.0,12.0,12.0,12.0,12.0,12.0,12.0,0.0,0.0,0.0,0.0,1.0,ensemble_grid_blend,9.0,2023,Qatar Grand Prix,2023-10-08
MAG,Haas F1 Team,18.0,14.752759723163654,14.592509509131224,14.224848910888781,14.591089985797328,16,15,16.0,16.0,16,0.0,17.0,17.0,17.0,17.0,17.0,17.0,0.0,0.0,0.0,1.0,1.0,ensemble_grid_blend,14.0,2023,Qatar Grand Prix,2023-10-08
HUL,Haas F1 Team,14.0,14.927485883202575,14.817552431486646,14.132628801076423,14.73003775867677,17,12,17.0,17.0,17,0.0,13.0,13.0,13.0,13.0,13.0,13.0,0.0,0.0,0.0,0.0,1.0,ensemble_grid_blend,16.0,2023,Qatar Grand Prix,2023-10-08
VER,Red Bull Racing,6.0,1.8363821203989283,2.6250395810330023,2.8889880827768257,2.322933424096434,1,6,1.0,1.0,1,0.0,1.0,1.0,1.0,1.0,1.0,1.0,1.0,1.0,1.0,1.0,1.0,ensemble_grid_blend,1.0,2023,United States Grand Prix,2023-10-22
NOR,McLaren,2.0,2.14432028883555,3.3827588903184886,3.993549913658347,2.947619724319138,2,2,2.0,2.0,2,0.0,2.0,2.0,2.0,2.0,2.0,2.0,0.0,1.0,1.0,1.0,1.0,ensemble_grid_blend,2.0,2023,United States Grand Prix,2023-10-22
SAI,Ferrari,4.0,4.516590655592268,4.257445933409558,4.496313379431379,4.421834547596142,3,4,3.0,3.0,3,0.0,3.0,3.0,3.0,3.0,3.0,3.0,0.0,1.0,1.0,1.0,1.0,ensemble_grid_blend,3.0,2023,United States Grand Prix,2023-10-22
LEC,Ferrari,1.0,5.081337887643686,5.088321915163438,4.699936817105508,5.007502083167964,4,1,4.0,4.0,4,0.0,5.0,5.0,5.0,5.0,5.0,5.0,0.0,0.0,1.0,1.0,1.0,ensemble_grid_blend,20.0,2023,United States Grand Prix,2023-10-22
PER,Red Bull Racing,9.0,5.1050847301674205,5.5415891414012535,5.656596462876024,5.368163620640983,5,8,5.0,5.0,5,0.0,6.0,6.0,6.0,6.0,6.0,6.0,0.0,0.0,1.0,1.0,1.0,ensemble_grid_blend,4.0,2023,United States Grand Prix,2023-10-22
HAM,Mercedes,3.0,5.353151767877854,5.530323433102847,5.229009336151812,5.3903333643613935,6,3,6.0,6.0,6,0.0,4.0,4.0,4.0,4.0,4.0,4.0,0.0,0.0,1.0,0.0,1.0,ensemble_grid_blend,19.0,2023,United States Grand Prix,2023-10-22
RUS,Mercedes,5.0,8.129475537557678,7.759490109477725,7.837168119216288,7.941519154061416,7,5,7.0,7.0,7,0.0,7.0,7.0,7.0,7.0,7.0,7.0,0.0,0.0,1.0,1.0,1.0,ensemble_grid_blend,5.0,2023,United States Grand Prix,2023-10-22
GAS,Alpine,7.0,8.59738038819532,8.663228085778607,9.193785722275726,8.739708149165553,8,7,8.0,8.0,8,0.0,8.0,8.0,8.0,8.0,8.0,8.0,0.0,0.0,1.0,1.0,1.0,ensemble_grid_blend,6.0,2023,United States Grand Prix,2023-10-22
ALB,Williams,15.0,10.960816503527528,11.03588875279134,10.602200038778289,10.915368497820015,9,13,9.0,9.0,9,0.0,9.0,9.0,9.0,9.0,9.0,9.0,0.0,0.0,1.0,1.0,1.0,ensemble_grid_blend,9.0,2023,United States Grand Prix,2023-10-22
BOT,Alfa Romeo,13.0,11.242173048134527,11.961105840456177,10.668978123144777,11.379160540449154,10,11,10.0,10.0,10,0.0,11.0,11.0,11.0,11.0,11.0,11.0,0.0,0.0,0.0,1.0,1.0,ensemble_grid_blend,12.0,2023,United States Grand Prix,2023-10-22
STR,Aston Martin,20.0,11.070593068630036,12.154039153883668,11.083161311753386,11.452312847093475,11,17,11.0,11.0,11,0.0,10.0,10.0,10.0,10.0,10.0,10.0,0.0,0.0,1.0,1.0,1.0,ensemble_grid_blend,7.0,2023,United States Grand Prix,2023-10-22
RIC,AlphaTauri,14.0,12.66987060957372,12.704006705141266,12.62545892484431,12.672935906076479,12,12,12.0,12.0,12,0.0,14.0,14.0,14.0,14.0,14.0,14.0,0.0,0.0,0.0,0.0,1.0,ensemble_grid_blend,15.0,2023,United States Grand Prix,2023-10-22
TSU,AlphaTauri,11.0,13.150153888030077,12.628934124943683,12.616100367102868,12.860916266764399,13,9,13.0,13.0,13,0.0,13.0,13.0,13.0,13.0,13.0,13.0,0.0,0.0,0.0,1.0,1.0,ensemble_grid_blend,8.0,2023,United States Grand Prix,2023-10-22
ZHO,Alfa Romeo,12.0,14.153815116716073,14.097175432234643,11.678982956187234,13.639024795041806,14,10,14.0,14.0,14,0.0,12.0,12.0,12.0,12.0,12.0,12.0,0.0,0.0,0.0,0.0,1.0,ensemble_grid_blend,13.0,2023,United States Grand Prix,2023-10-22
MAG,Haas F1 Team,17.0,13.777840827415552,13.615933187461156,13.512362337145687,13.66807745537754,15,15,15.0,15.0,15,0.0,17.0,17.0,17.0,17.0,17.0,17.0,0.0,0.0,0.0,0.0,1.0,ensemble_grid_blend,14.0,2023,United States Grand Prix,2023-10-22
SAR,Williams,16.0,13.819929277705116,13.81644003014959,13.372622285462526,13.729246642612164,16,14,16.0,16.0,16,0.0,15.0,15.0,15.0,15.0,15.0,15.0,0.0,0.0,0.0,1.0,1.0,ensemble_grid_blend,10.0,2023,United States Grand Prix,2023-10-22
HUL,Haas F1 Team,18.0,14.522714835494531,14.22148867758059,13.829987868713307,14.278740286868407,17,16,17.0,17.0,17,0.0,16.0,16.0,16.0,16.0,16.0,16.0,0.0,0.0,0.0,1.0,1.0,ensemble_grid_blend,11.0,2023,United States Grand Prix,2023-10-22
VER,Red Bull Racing,3.0,1.515292031970873,1.7299513125763115,2.3772426795776394,1.7628129097041298,1,4,1.0,1.0,1,0.0,1.0,1.0,1.0,1.0,1.0,1.0,1.0,1.0,1.0,1.0,1.0,ensemble_grid_blend,1.0,2023,Mexico City Grand Prix,2023-10-29
NOR,McLaren,17.0,1.9378182330368237,2.9823592743041263,3.6203879414400344,2.639921539161022,2,15,2.0,2.0,2,0.0,2.0,2.0,2.0,2.0,2.0,2.0,0.0,1.0,1.0,1.0,1.0,ensemble_grid_blend,5.0,2023,Mexico City Grand Prix,2023-10-29
PIA,McLaren,7.0,5.114892678120441,4.943255591072152,4.873427505123238,5.006526663054099,3,7,3.0,3.0,3,0.0,3.0,3.0,3.0,3.0,3.0,3.0,0.0,1.0,1.0,1.0,1.0,ensemble_grid_blend,8.0,2023,Mexico City Grand Prix,2023-10-29
SAI,Ferrari,2.0,4.89103851037148,5.348681347247524,5.6323851997072625,5.199482841145252,4,3,4.0,4.0,4,0.0,4.0,4.0,4.0,4.0,4.0,4.0,0.0,0.0,1.0,1.0,1.0,ensemble_grid_blend,4.0,2023,Mexico City Grand Prix,2023-10-29
RUS,Mercedes,8.0,6.4101974478765165,6.474186821348585,7.049037498934832,6.560361738803404,5,8,5.0,5.0,5,0.0,6.0,6.0,6.0,6.0,6.0,6.0,0.0,0.0,1.0,1.0,1.0,ensemble_grid_blend,6.0,2023,Mexico City Grand Prix,2023-10-29
HAM,Mercedes,6.0,7.78665231849813,7.677025331813046,7.587095045344206,7.708371418527565,6,6,6.0,6.0,6,0.0,9.0,9.0,9.0,9.0,9.0,9.0,0.0,0.0,1.0,0.0,1.0,ensemble_grid_blend,2.0,2023,Mexico City Grand Prix,2023-10-29
LEC,Ferrari,1.0,7.793373574661853,7.8248166010556615,8.0665628882157,7.859016496610455,7,2,7.0,7.0,7,0.0,10.0,10.0,10.0,10.0,10.0,10.0,0.0,0.0,1.0,0.0,1.0,ensemble_grid_blend,3.0,2023,Mexico City Grand Prix,2023-10-29
GAS,Alpine,11.0,8.38520312752776,8.249508977577277,8.950298842117508,8.45072931796304,8,11,8.0,8.0,8,0.0,8.0,8.0,8.0,8.0,8.0,8.0,0.0,0.0,1.0,1.0,1.0,ensemble_grid_blend,11.0,2023,Mexico City Grand Prix,2023-10-29
OCO,Alpine,15.0,8.609295893844628,8.367660654113651,8.473172066759595,8.49749879452178,9,14,9.0,9.0,9,0.0,7.0,7.0,7.0,7.0,7.0,7.0,0.0,0.0,1.0,0.0,1.0,ensemble_grid_blend,10.0,2023,Mexico City Grand Prix,2023-10-29
STR,Aston Martin,0.0,8.800901327840174,9.094766792121703,9.399788269692062,9.023531628709087,10,1,10.0,10.0,10,0.0,5.0,5.0,5.0,5.0,5.0,5.0,0.0,0.0,1.0,0.0,1.0,ensemble_grid_blend,17.0,2023,Mexico City Grand Prix,2023-10-29
BOT,Alfa Romeo,9.0,10.41887998136246,11.01579795522163,10.645105826597502,10.673046441260178,11,9,11.0,11.0,11,0.0,11.0,11.0,11.0,11.0,11.0,11.0,0.0,0.0,0.0,1.0,1.0,ensemble_grid_blend,15.0,2023,Mexico City Grand Prix,2023-10-29
ALB,Williams,14.0,11.01116386479364,11.179036330249938,10.685087456151408,11.004703945974898,12,13,12.0,12.0,12,0.0,12.0,12.0,12.0,12.0,12.0,12.0,0.0,0.0,0.0,1.0,1.0,ensemble_grid_blend,9.0,2023,Mexico City Grand Prix,2023-10-29
TSU,AlphaTauri,18.0,13.750356154523104,12.585247988122992,12.030036907719296,12.998504446922304,13,16,13.0,13.0,13,0.0,15.0,15.0,15.0,15.0,15.0,15.0,0.0,0.0,0.0,0.0,1.0,ensemble_grid_blend,12.0,2023,Mexico City Grand Prix,2023-10-29
SAR,Williams,19.0,13.478802079356033,12.980221500721502,12.333123743811331,13.075163209725007,14,17,14.0,14.0,14,0.0,17.0,17.0,17.0,17.0,17.0,17.0,0.0,0.0,0.0,0.0,1.0,ensemble_grid_blend,16.0,2023,Mexico City Grand Prix,2023-10-29
RIC,AlphaTauri,4.0,13.46194097925526,13.096420132587616,13.054493088874668,13.252519104845467,15,5,15.0,15.0,15,0.0,13.0,13.0,13.0,13.0,13.0,13.0,0.0,0.0,0.0,0.0,1.0,ensemble_grid_blend,7.0,2023,Mexico City Grand Prix,2023-10-29
ZHO,Alfa Romeo,10.0,13.868020968594228,13.45065594841176,11.701787347673283,13.288696487346176,16,10,16.0,16.0,16,0.0,16.0,16.0,16.0,16.0,16.0,16.0,0.0,0.0,0.0,1.0,1.0,ensemble_grid_blend,14.0,2023,Mexico City Grand Prix,2023-10-29
HUL,Haas F1 Team,12.0,13.896551690499692,13.595969136419138,13.464824003731792,13.705002259217919,17,12,17.0,17.0,17,0.0,14.0,14.0,14.0,14.0,14.0,14.0,0.0,0.0,0.0,0.0,1.0,ensemble_grid_blend,13.0,2023,Mexico City Grand Prix,2023-10-29
VER,Red Bull Racing,1.0,1.485427443695745,1.5705261960261954,2.33433931928635,1.684994382129524,1,1,1.0,1.0,1,0.0,1.0,1.0,1.0,1.0,1.0,1.0,1.0,1.0,1.0,1.0,1.0,ensemble_grid_blend,1.0,2023,São Paulo Grand Prix,2023-11-05
NOR,McLaren,6.0,4.827643067339703,4.438937570491009,4.397431618250402,4.6055538536248,2,5,2.0,2.0,2,0.0,2.0,2.0,2.0,2.0,2.0,2.0,0.0,1.0,1.0,1.0,1.0,ensemble_grid_blend,2.0,2023,São Paulo Grand Prix,2023-11-05
PER,Red Bull Racing,9.0,5.578252625144234,5.510028823257926,5.2445808144236175,5.487639932339904,3,7,3.0,3.0,3,0.0,3.0,3.0,3.0,3.0,3.0,3.0,0.0,1.0,1.0,1.0,1.0,ensemble_grid_blend,4.0,2023,São Paulo Grand Prix,2023-11-05
PIA,McLaren,10.0,6.987396566568914,6.802154558246115,5.667844959800039,6.6586515423021595,4,8,4.0,4.0,4,0.0,6.0,6.0,6.0,6.0,6.0,6.0,0.0,0.0,1.0,0.0,1.0,ensemble_grid_blend,14.0,2023,São Paulo Grand Prix,2023-11-05
HAM,Mercedes,5.0,6.736121554238534,6.403316927095951,6.945646309457301,6.661544885782384,5,4,5.0,5.0,5,0.0,4.0,4.0,4.0,4.0,4.0,4.0,0.0,0.0,1.0,1.0,1.0,ensemble_grid_blend,8.0,2023,São Paulo Grand Prix,2023-11-05
SAI,Ferrari,7.0,6.5070836421779585,7.734054761823144,5.6056051582377755,6.756227837265738,6,6,6.0,6.0,6,0.0,5.0,5.0,5.0,5.0,5.0,5.0,0.0,0.0,1.0,1.0,1.0,ensemble_grid_blend,6.0,2023,São Paulo Grand Prix,2023-11-05
GAS,Alpine,15.0,9.844775604760232,9.38302515463681,9.286642709150408,9.57153636809507,7,11,7.0,7.0,7,0.0,8.0,8.0,8.0,8.0,8.0,8.0,0.0,0.0,1.0,1.0,1.0,ensemble_grid_blend,7.0,2023,São Paulo Grand Prix,2023-11-05
OCO,Alpine,14.0,9.942092434030108,9.623056123956527,8.696572381425208,9.581325714983375,8,10,8.0,8.0,8,0.0,9.0,9.0,9.0,9.0,9.0,9.0,0.0,0.0,1.0,1.0,1.0,ensemble_grid_blend,10.0,2023,São Paulo Grand Prix,2023-11-05
ALO,Aston Martin,4.0,11.422718308015329,10.488339520552271,8.90898094108212,10.592938259016616,9,3,9.0,9.0,9,0.0,7.0,7.0,7.0,7.0,7.0,7.0,0.0,0.0,1.0,0.0,1.0,ensemble_grid_blend,3.0,2023,São Paulo Grand Prix,2023-11-05
RIC,AlphaTauri,17.0,11.235523230568894,11.428232764875037,12.060799665273883,11.468026854517042,10,13,10.0,10.0,10,0.0,10.0,10.0,10.0,10.0,10.0,10.0,0.0,0.0,1.0,1.0,1.0,ensemble_grid_blend,13.0,2023,São Paulo Grand Prix,2023-11-05
STR,Aston Martin,3.0,11.872609176583339,12.927389080152183,11.068939201969096,12.081048147909588,11,2,11.0,11.0,11,0.0,12.0,12.0,12.0,12.0,12.0,12.0,0.0,0.0,0.0,1.0,1.0,ensemble_grid_blend,5.0,2023,São Paulo Grand Prix,2023-11-05
TSU,AlphaTauri,16.0,12.773184966985728,12.343002145017879,11.87002103429985,12.441988192759805,12,12,12.0,12.0,12,0.0,11.0,11.0,11.0,11.0,11.0,11.0,0.0,0.0,0.0,1.0,1.0,ensemble_grid_blend,9.0,2023,São Paulo Grand Prix,2023-11-05
SAR,Williams,19.0,12.539746180428883,12.647922475777607,12.830869923082783,12.635832632331716,13,14,13.0,13.0,13,0.0,14.0,14.0,14.0,14.0,14.0,14.0,0.0,0.0,0.0,1.0,1.0,ensemble_grid_blend,11.0,2023,São Paulo Grand Prix,2023-11-05
HUL,Haas F1 Team,11.0,13.460840933444924,13.049663772617714,13.217743101683933,13.268309360803203,14,9,14.0,14.0,14,0.0,13.0,13.0,13.0,13.0,13.0,13.0,0.0,0.0,0.0,1.0,1.0,ensemble_grid_blend,12.0,2023,São Paulo Grand Prix,2023-11-05
VER,Red Bull Racing,2.0,1.7617219729701248,1.841608484244513,1.855881918817527,1.8085142410856412,1,2,1.0,1.0,1,0.0,1.0,1.0,1.0,1.0,1.0,1.0,1.0,1.0,1.0,1.0,1.0,ensemble_grid_blend,1.0,2023,Las Vegas Grand Prix,2023-11-18
PER,Red Bull Racing,11.0,5.900305509258726,5.735439678377177,4.560222617505978,5.574585890099635,2,11,2.0,2.0,2,0.0,2.0,2.0,2.0,2.0,2.0,2.0,0.0,1.0,1.0,1.0,1.0,ensemble_grid_blend,3.0,2023,Las Vegas Grand Prix,2023-11-18
SAI,Ferrari,12.0,6.647681393959448,7.435133927476033,5.826568288043325,6.759067159507028,3,12,3.0,3.0,3,0.0,9.0,9.0,9.0,9.0,9.0,9.0,0.0,0.0,1.0,0.0,1.0,ensemble_grid_blend,6.0,2023,Las Vegas Grand Prix,2023-11-18
PIA,McLaren,18.0,6.626740092482106,6.460950250158129,7.775169164775579,6.79839946212741,4,17,4.0,4.0,4,0.0,4.0,4.0,4.0,4.0,4.0,4.0,0.0,0.0,1.0,1.0,1.0,ensemble_grid_blend,10.0,2023,Las Vegas Grand Prix,2023-11-18
LEC,Ferrari,1.0,6.6060618936810656,6.659329101454102,7.6216746491490435,6.8278279674952245,5,1,5.0,5.0,5,0.0,3.0,3.0,3.0,3.0,3.0,3.0,0.0,1.0,1.0,0.0,1.0,ensemble_grid_blend,2.0,2023,Las Vegas Grand Prix,2023-11-18
RUS,Mercedes,3.0,7.513278183726471,6.992101212279038,7.255349987355282,7.279280604445632,6,3,6.0,6.0,6,0.0,6.0,6.0,6.0,6.0,6.0,6.0,0.0,0.0,1.0,1.0,1.0,ensemble_grid_blend,8.0,2023,Las Vegas Grand Prix,2023-11-18
ALO,Aston Martin,9.0,7.900566858044953,7.684691556296723,7.263947536272013,7.697686638078485,7,9,7.0,7.0,7,0.0,5.0,5.0,5.0,5.0,5.0,5.0,0.0,0.0,1.0,0.0,1.0,ensemble_grid_blend,9.0,2023,Las Vegas Grand Prix,2023-11-18
HAM,Mercedes,10.0,7.784719294199208,7.626530132168184,7.786647530065598,7.729738734661628,8,10,8.0,8.0,8,0.0,7.0,7.0,7.0,7.0,7.0,7.0,0.0,0.0,1.0,1.0,1.0,ensemble_grid_blend,7.0,2023,Las Vegas Grand Prix,2023-11-18
GAS,Alpine,4.0,8.863931854379105,8.623589688718965,8.66673367104818,8.740372459731871,9,4,9.0,9.0,9,0.0,10.0,10.0,10.0,10.0,10.0,10.0,0.0,0.0,1.0,1.0,1.0,ensemble_grid_blend,11.0,2023,Las Vegas Grand Prix,2023-11-18
OCO,Alpine,16.0,8.876440345217057,8.694088585431576,8.797586449228175,8.796846450094364,10,15,10.0,10.0,10,0.0,11.0,11.0,11.0,11.0,11.0,11.0,0.0,0.0,0.0,1.0,1.0,ensemble_grid_blend,4.0,2023,Las Vegas Grand Prix,2023-11-18
STR,Aston Martin,19.0,8.962631119153679,9.062467702034635,9.782721799664124,9.161592059264102,11,18,11.0,11.0,11,0.0,8.0,8.0,8.0,8.0,8.0,8.0,0.0,0.0,1.0,0.0,1.0,ensemble_grid_blend,5.0,2023,Las Vegas Grand Prix,2023-11-18
BOT,Alfa Romeo,7.0,10.265757303279763,10.84856658578621,11.374585206543557,10.691506132809778,12,7,12.0,12.0,12,0.0,12.0,12.0,12.0,12.0,12.0,12.0,0.0,0.0,0.0,1.0,1.0,ensemble_grid_blend,17.0,2023,Las Vegas Grand Prix,2023-11-18
TSU,AlphaTauri,20.0,11.090047288946826,10.443376681863263,10.62906118642553,10.77151535596332,13,19,13.0,13.0,13,0.0,19.0,19.0,19.0,19.0,19.0,19.0,0.0,0.0,0.0,0.0,1.0,ensemble_grid_blend,18.0,2023,Las Vegas Grand Prix,2023-11-18
ALB,Williams,5.0,11.84544885074377,11.540541285959833,10.063919429348667,11.382425318790371,14,5,14.0,14.0,14,0.0,13.0,13.0,13.0,13.0,13.0,13.0,0.0,0.0,0.0,1.0,1.0,ensemble_grid_blend,12.0,2023,Las Vegas Grand Prix,2023-11-18
ZHO,Alfa Romeo,17.0,12.915906243928827,12.909804251385863,12.056195019455913,12.741828301644208,15,16,15.0,15.0,15,0.0,16.0,16.0,16.0,16.0,16.0,16.0,0.0,0.0,0.0,1.0,1.0,ensemble_grid_blend,15.0,2023,Las Vegas Grand Prix,2023-11-18
MAG,Haas F1 Team,8.0,12.754848568040792,12.466220118933354,13.221056230449626,12.747070143334955,16,8,16.0,16.0,16,0.0,14.0,14.0,14.0,14.0,14.0,14.0,0.0,0.0,0.0,0.0,1.0,ensemble_grid_blend,13.0,2023,Las Vegas Grand Prix,2023-11-18
RIC,AlphaTauri,14.0,13.267540220402678,13.019965071374049,11.386116455696694,12.804604165301463,17,14,17.0,17.0,17,0.0,15.0,15.0,15.0,15.0,15.0,15.0,0.0,0.0,0.0,0.0,1.0,ensemble_grid_blend,14.0,2023,Las Vegas Grand Prix,2023-11-18
HUL,Haas F1 Team,13.0,13.449736472205556,13.142985947957259,12.535571034526967,13.159540701182936,18,13,18.0,18.0,18,0.0,18.0,18.0,18.0,18.0,18.0,18.0,0.0,0.0,0.0,1.0,1.0,ensemble_grid_blend,19.0,2023,Las Vegas Grand Prix,2023-11-18
SAR,Williams,6.0,14.021864062496102,13.743442191795125,12.262458470217002,13.57253528929494,19,6,19.0,19.0,19,0.0,17.0,17.0,17.0,17.0,17.0,17.0,0.0,0.0,0.0,0.0,1.0,ensemble_grid_blend,16.0,2023,Las Vegas Grand Prix,2023-11-18
VER,Red Bull Racing,1.0,1.6948784206827134,1.7664947613660855,1.7217077919326282,1.7253100141718767,1,1,1.0,1.0,1,0.0,1.0,1.0,1.0,1.0,1.0,1.0,1.0,1.0,1.0,1.0,1.0,ensemble_grid_blend,1.0,2023,Abu Dhabi Grand Prix,2023-11-26
PER,Red Bull Racing,9.0,5.121737669902902,4.5578957700795915,3.898375943557876,4.679720659695738,2,9,2.0,2.0,2,0.0,3.0,3.0,3.0,3.0,3.0,3.0,0.0,1.0,1.0,1.0,1.0,ensemble_grid_blend,4.0,2023,Abu Dhabi Grand Prix,2023-11-26
SAI,Ferrari,16.0,5.661211528348944,6.359972021700351,5.08147704307952,5.789830803968052,3,16,3.0,3.0,3,0.0,6.0,6.0,6.0,6.0,6.0,6.0,0.0,0.0,1.0,0.0,1.0,ensemble_grid_blend,18.0,2023,Abu Dhabi Grand Prix,2023-11-26
NOR,McLaren,5.0,5.878566980079016,6.158386260003327,5.990621949937587,5.998914722024239,4,5,4.0,4.0,4,0.0,7.0,7.0,7.0,7.0,7.0,7.0,0.0,0.0,1.0,0.0,1.0,ensemble_grid_blend,5.0,2023,Abu Dhabi Grand Prix,2023-11-26
LEC,Ferrari,2.0,5.898269024777451,6.177643491312601,5.969884751346946,6.010373233378653,5,2,5.0,5.0,5,0.0,4.0,4.0,4.0,4.0,4.0,4.0,0.0,0.0,1.0,1.0,1.0,ensemble_grid_blend,2.0,2023,Abu Dhabi Grand Prix,2023-11-26
RUS,Mercedes,4.0,5.82421817301019,5.86210110342444,7.0112627877779765,6.074886121608735,6,4,6.0,6.0,6,0.0,2.0,2.0,2.0,2.0,2.0,2.0,0.0,1.0,1.0,0.0,1.0,ensemble_grid_blend,3.0,2023,Abu Dhabi Grand Prix,2023-11-26
HAM,Mercedes,11.0,6.254140120424313,6.588186740826256,6.507458263264443,6.421720066133019,7,11,7.0,7.0,7,0.0,5.0,5.0,5.0,5.0,5.0,5.0,0.0,0.0,1.0,0.0,1.0,ensemble_grid_blend,9.0,2023,Abu Dhabi Grand Prix,2023-11-26
ALO,Aston Martin,7.0,7.543326455420564,7.657946474703088,7.685478247659911,7.611873820617317,8,7,8.0,8.0,8,0.0,8.0,8.0,8.0,8.0,8.0,8.0,0.0,0.0,1.0,1.0,1.0,ensemble_grid_blend,7.0,2023,Abu Dhabi Grand Prix,2023-11-26
GAS,Alpine,10.0,8.565747371990273,8.938987882980701,9.384063621291952,8.86004480069726,9,10,9.0,9.0,9,0.0,9.0,9.0,9.0,9.0,9.0,9.0,0.0,0.0,1.0,1.0,1.0,ensemble_grid_blend,13.0,2023,Abu Dhabi Grand Prix,2023-11-26
STR,Aston Martin,13.0,8.961176179406422,9.138605962979897,9.442295831372673,9.119500534050388,10,13,10.0,10.0,10,0.0,10.0,10.0,10.0,10.0,10.0,10.0,0.0,0.0,1.0,1.0,1.0,ensemble_grid_blend,10.0,2023,Abu Dhabi Grand Prix,2023-11-26
OCO,Alpine,12.0,9.36284410093308,9.431156200420132,8.561202165886884,9.22642494874431,11,12,11.0,11.0,11,0.0,12.0,12.0,12.0,12.0,12.0,12.0,0.0,0.0,0.0,1.0,1.0,ensemble_grid_blend,12.0,2023,Abu Dhabi Grand Prix,2023-11-26
PIA,McLaren,3.0,9.411414532022514,9.46291015205104,9.30204180118428,9.407563452864851,12,3,12.0,12.0,12,0.0,11.0,11.0,11.0,11.0,11.0,11.0,0.0,0.0,0.0,1.0,1.0,ensemble_grid_blend,6.0,2023,Abu Dhabi Grand Prix,2023-11-26
TSU,AlphaTauri,6.0,10.87375950893698,11.25836628500443,12.283403388619899,11.290300656497172,13,6,13.0,13.0,13,0.0,13.0,13.0,13.0,13.0,13.0,13.0,0.0,0.0,0.0,1.0,1.0,ensemble_grid_blend,8.0,2023,Abu Dhabi Grand Prix,2023-11-26
ALB,Williams,14.0,11.826162263983427,11.592799672572033,10.835534554725326,11.54635981513782,14,14,14.0,14.0,14,0.0,15.0,15.0,15.0,15.0,15.0,15.0,0.0,0.0,0.0,1.0,1.0,ensemble_grid_blend,14.0,2023,Abu Dhabi Grand Prix,2023-11-26
RIC,AlphaTauri,15.0,12.828940598476953,13.096319865969008,12.10926916264387,12.778589054932555,15,15,15.0,15.0,15,0.0,16.0,16.0,16.0,16.0,16.0,16.0,0.0,0.0,0.0,1.0,1.0,ensemble_grid_blend,11.0,2023,Abu Dhabi Grand Prix,2023-11-26
SAR,Williams,20.0,12.983353190143767,12.688884735147889,13.449667170640717,12.9735520269946,16,20,16.0,16.0,16,0.0,14.0,14.0,14.0,14.0,14.0,14.0,0.0,0.0,0.0,0.0,1.0,ensemble_grid_blend,16.0,2023,Abu Dhabi Grand Prix,2023-11-26
BOT,Alfa Romeo,18.0,13.441012718471981,13.282619345566724,13.282814259194582,13.35393534609966,17,18,17.0,17.0,17,0.0,19.0,19.0,19.0,19.0,19.0,19.0,0.0,0.0,0.0,0.0,1.0,ensemble_grid_blend,19.0,2023,Abu Dhabi Grand Prix,2023-11-26
MAG,Haas F1 Team,17.0,13.67526245245234,13.270323527156538,13.567281147615178,13.511937567631378,18,17,18.0,18.0,18,0.0,17.0,17.0,17.0,17.0,17.0,17.0,0.0,0.0,0.0,1.0,1.0,ensemble_grid_blend,20.0,2023,Abu Dhabi Grand Prix,2023-11-26
ZHO,Alfa Romeo,19.0,13.708575568746305,13.793074287275328,13.6262535174888,13.721685709979962,19,19,19.0,19.0,19,0.0,20.0,20.0,20.0,20.0,20.0,20.0,0.0,0.0,0.0,1.0,1.0,ensemble_grid_blend,17.0,2023,Abu Dhabi Grand Prix,2023-11-26
HUL,Haas F1 Team,8.0,13.79441302324678,13.586471412359579,13.9374538477627,13.750241624339445,20,8,20.0,20.0,20,0.0,18.0,18.0,18.0,18.0,18.0,18.0,0.0,0.0,0.0,0.0,1.0,ensemble_grid_blend,15.0,2023,Abu Dhabi Grand Prix,2023-11-26
VER,Red Bull Racing,1.0,1.5011386033562206,1.582030502349388,2.000242462190455,1.629271539770676,1,1,1.0,1.0,1,0.0,1.0,1.0,1.0,1.0,1.0,1.0,1.0,1.0,1.0,1.0,1.0,ensemble_grid_blend,1.0,2024,Bahrain Grand Prix,2024-03-02
LEC,Ferrari,2.0,2.2918616563814904,4.0780452938873974,5.781046998935266,3.614862998019313,2,2,2.0,2.0,2,0.0,2.0,2.0,2.0,2.0,2.0,2.0,0.0,1.0,1.0,1.0,1.0,ensemble_grid_blend,4.0,2024,Bahrain Grand Prix,2024-03-02
PER,Red Bull Racing,5.0,4.920039679392603,4.564252814456033,4.098135610299028,4.631133462846089,3,5,3.0,3.0,3,0.0,3.0,3.0,3.0,3.0,3.0,3.0,0.0,1.0,1.0,1.0,1.0,ensemble_grid_blend,2.0,2024,Bahrain Grand Prix,2024-03-02
ALO,Aston Martin,6.0,5.141266384772577,5.843387325365265,6.545395924943975,5.667834622014297,4,6,4.0,4.0,4,0.0,5.0,5.0,5.0,5.0,5.0,5.0,0.0,0.0,1.0,1.0,1.0,ensemble_grid_blend,9.0,2024,Bahrain Grand Prix,2024-03-02
NOR,McLaren,7.0,5.472630919363622,6.063045193153939,6.115852356972141,5.807920202711936,5,7,5.0,5.0,5,0.0,4.0,4.0,4.0,4.0,4.0,4.0,0.0,0.0,1.0,1.0,1.0,ensemble_grid_blend,6.0,2024,Bahrain Grand Prix,2024-03-02
HAM,Mercedes,9.0,5.56840029706544,5.88151197318477,7.36401890154117,6.037113104602351,6,9,6.0,6.0,6,0.0,7.0,7.0,7.0,7.0,7.0,7.0,0.0,0.0,1.0,1.0,1.0,ensemble_grid_blend,7.0,2024,Bahrain Grand Prix,2024-03-02
STR,Aston Martin,12.0,5.770061800043784,5.645095217254076,7.952705725961733,6.162852281250976,7,12,7.0,7.0,7,0.0,8.0,8.0,8.0,8.0,8.0,8.0,0.0,0.0,1.0,1.0,1.0,ensemble_grid_blend,10.0,2024,Bahrain Grand Prix,2024-03-02
RUS,Mercedes,3.0,5.919303272835053,6.279065710705413,6.972433007450622,6.255846073012792,8,3,8.0,8.0,8,0.0,6.0,6.0,6.0,6.0,6.0,6.0,0.0,0.0,1.0,0.0,1.0,ensemble_grid_blend,5.0,2024,Bahrain Grand Prix,2024-03-02
SAI,Ferrari,4.0,6.685737465590183,6.712239954124453,7.530042545745982,6.863874352608337,9,4,9.0,9.0,9,0.0,9.0,9.0,9.0,9.0,9.0,9.0,0.0,0.0,1.0,1.0,1.0,ensemble_grid_blend,3.0,2024,Bahrain Grand Prix,2024-03-02
PIA,McLaren,8.0,9.224498996539781,8.787254749806378,8.893767165322286,9.00531714393959,10,8,10.0,10.0,10,0.0,11.0,11.0,11.0,11.0,11.0,11.0,0.0,0.0,0.0,1.0,1.0,ensemble_grid_blend,8.0,2024,Bahrain Grand Prix,2024-03-02
OCO,Alpine,19.0,9.975804661779694,9.698078198956328,9.162724740290859,9.71598441549375,11,19,11.0,11.0,11,0.0,10.0,10.0,10.0,10.0,10.0,10.0,0.0,0.0,1.0,1.0,1.0,ensemble_grid_blend,17.0,2024,Bahrain Grand Prix,2024-03-02
TSU,Racing Bulls,11.0,10.252320104471764,10.238227239397915,10.60102113557426,10.317127807916416,12,11,12.0,12.0,12,0.0,13.0,13.0,13.0,13.0,13.0,13.0,0.0,0.0,0.0,1.0,1.0,ensemble_grid_blend,14.0,2024,Bahrain Grand Prix,2024-03-02
GAS,Alpine,20.0,10.800089223262528,10.118234184206921,9.957394618504802,10.39290103864152,13,20,13.0,13.0,13,0.0,12.0,12.0,12.0,12.0,12.0,12.0,0.0,0.0,0.0,1.0,1.0,ensemble_grid_blend,18.0,2024,Bahrain Grand Prix,2024-03-02
RIC,Racing Bulls,14.0,10.30377764440361,10.715506763568651,10.989208563936177,10.584969020017889,14,14,14.0,14.0,14,0.0,14.0,14.0,14.0,14.0,14.0,14.0,0.0,0.0,0.0,1.0,1.0,ensemble_grid_blend,13.0,2024,Bahrain Grand Prix,2024-03-02
BOT,Audi,16.0,10.556220426976115,10.881821251330143,11.732516006441069,10.905439831393014,15,16,15.0,15.0,15,0.0,15.0,15.0,15.0,15.0,15.0,15.0,0.0,0.0,0.0,1.0,1.0,ensemble_grid_blend,19.0,2024,Bahrain Grand Prix,2024-03-02
ZHO,Audi,17.0,10.972068543816503,11.038564991821676,11.73418296962806,11.147765185780626,16,17,16.0,16.0,16,0.0,16.0,16.0,16.0,16.0,16.0,16.0,0.0,0.0,0.0,1.0,1.0,ensemble_grid_blend,11.0,2024,Bahrain Grand Prix,2024-03-02
ALB,Williams,13.0,11.710380338052786,11.735507203411261,11.698527590200012,11.716804191357697,17,13,17.0,17.0,17,0.0,17.0,17.0,17.0,17.0,17.0,17.0,0.0,0.0,0.0,1.0,1.0,ensemble_grid_blend,15.0,2024,Bahrain Grand Prix,2024-03-02
SAR,Williams,18.0,13.811205018798896,13.496662597856947,13.905420698656863,13.719958307440807,18,18,18.0,18.0,18,0.0,18.0,18.0,18.0,18.0,18.0,18.0,0.0,0.0,0.0,1.0,1.0,ensemble_grid_blend,20.0,2024,Bahrain Grand Prix,2024-03-02
MAG,Haas F1 Team,15.0,15.25785216674186,15.295941593644574,14.8765049952786,15.194914031865158,19,15,19.0,19.0,19,0.0,20.0,20.0,20.0,20.0,20.0,20.0,0.0,0.0,0.0,1.0,1.0,ensemble_grid_blend,12.0,2024,Bahrain Grand Prix,2024-03-02
HUL,Haas F1 Team,10.0,15.370122009515185,15.373798488577131,14.666268061027774,15.230637987489384,20,10,20.0,20.0,20,0.0,19.0,19.0,19.0,19.0,19.0,19.0,0.0,0.0,0.0,1.0,1.0,ensemble_grid_blend,16.0,2024,Bahrain Grand Prix,2024-03-02
VER,Red Bull Racing,1.0,1.5630497150432685,1.6540345841808692,1.830396370913185,1.6483637504154123,1,1,1.0,1.0,1,0.0,1.0,1.0,1.0,1.0,1.0,1.0,1.0,1.0,1.0,1.0,1.0,ensemble_grid_blend,1.0,2024,Saudi Arabian Grand Prix,2024-03-09
PER,Red Bull Racing,3.0,4.841968110343555,4.259180276210944,3.733683846483541,4.416335515625138,2,3,2.0,2.0,2,0.0,3.0,3.0,3.0,3.0,3.0,3.0,0.0,1.0,1.0,1.0,1.0,ensemble_grid_blend,2.0,2024,Saudi Arabian Grand Prix,2024-03-09
LEC,Ferrari,2.0,4.680701415491567,4.3702559284288585,5.313760685291685,4.698657348979642,3,2,3.0,3.0,3,0.0,2.0,2.0,2.0,2.0,2.0,2.0,0.0,1.0,1.0,1.0,1.0,ensemble_grid_blend,3.0,2024,Saudi Arabian Grand Prix,2024-03-09
HAM,Mercedes,8.0,5.57743417767439,6.093884024124875,7.116657175897522,6.0660362235766865,4,8,4.0,4.0,4,0.0,4.0,4.0,4.0,4.0,4.0,4.0,0.0,0.0,1.0,1.0,1.0,ensemble_grid_blend,9.0,2024,Saudi Arabian Grand Prix,2024-03-09
NOR,McLaren,6.0,7.051642498777495,6.6087721486751265,6.006311682933799,6.687571713072927,5,6,5.0,5.0,5,0.0,9.0,9.0,9.0,9.0,9.0,9.0,0.0,0.0,1.0,0.0,1.0,ensemble_grid_blend,8.0,2024,Saudi Arabian Grand Prix,2024-03-09
BEA,Ferrari,11.0,7.226141701787094,6.471211423217621,8.22691704069545,7.16207117206945,6,10,6.0,6.0,6,0.0,7.0,7.0,7.0,7.0,7.0,7.0,0.0,0.0,1.0,1.0,1.0,ensemble_grid_blend,7.0,2024,Saudi Arabian Grand Prix,2024-03-09
ALO,Aston Martin,4.0,6.924226754650673,7.454442667343541,7.80250210424941,7.285457394012924,7,4,7.0,7.0,7,0.0,6.0,6.0,6.0,6.0,6.0,6.0,0.0,0.0,1.0,1.0,1.0,ensemble_grid_blend,5.0,2024,Saudi Arabian Grand Prix,2024-03-09
RUS,Mercedes,7.0,7.238166602402011,7.888626164853077,6.504749622626748,7.319144053304832,8,7,8.0,8.0,8,0.0,5.0,5.0,5.0,5.0,5.0,5.0,0.0,0.0,1.0,0.0,1.0,ensemble_grid_blend,6.0,2024,Saudi Arabian Grand Prix,2024-03-09
PIA,McLaren,5.0,8.09768547465839,7.7447982928951395,8.473596146421343,8.049357095393843,9,5,9.0,9.0,9,0.0,8.0,8.0,8.0,8.0,8.0,8.0,0.0,0.0,1.0,1.0,1.0,ensemble_grid_blend,4.0,2024,Saudi Arabian Grand Prix,2024-03-09
OCO,Alpine,17.0,11.872335537801218,11.792866435616098,11.217846561569283,11.71362355679004,10,16,10.0,10.0,10,0.0,11.0,11.0,11.0,11.0,11.0,11.0,0.0,0.0,0.0,1.0,1.0,ensemble_grid_blend,13.0,2024,Saudi Arabian Grand Prix,2024-03-09
ALB,Williams,12.0,12.683901464809985,12.53587616637564,13.140485545041383,12.723409426404244,11,11,11.0,11.0,11,0.0,10.0,10.0,10.0,10.0,10.0,10.0,0.0,0.0,1.0,1.0,1.0,ensemble_grid_blend,11.0,2024,Saudi Arabian Grand Prix,2024-03-09
TSU,Racing Bulls,9.0,13.137744522074483,12.650717435357784,12.87157602292336,12.914051341893412,12,9,12.0,12.0,12,0.0,12.0,12.0,12.0,12.0,12.0,12.0,0.0,0.0,0.0,1.0,1.0,ensemble_grid_blend,15.0,2024,Saudi Arabian Grand Prix,2024-03-09
RIC,Racing Bulls,14.0,13.518244887826876,13.141837744249553,12.908858366756952,13.264625083360828,13,13,13.0,13.0,13,0.0,13.0,13.0,13.0,13.0,13.0,13.0,0.0,0.0,0.0,1.0,1.0,ensemble_grid_blend,16.0,2024,Saudi Arabian Grand Prix,2024-03-09
ZHO,Audi,20.0,14.285003373654645,14.490602969671702,13.97604483843235,14.295171525216155,14,18,14.0,14.0,14,0.0,18.0,18.0,18.0,18.0,18.0,18.0,0.0,0.0,0.0,0.0,1.0,ensemble_grid_blend,18.0,2024,Saudi Arabian Grand Prix,2024-03-09
MAG,Haas F1 Team,13.0,15.34837719224348,14.701407821549367,14.938380167801151,15.039938507612074,15,12,15.0,15.0,15,0.0,14.0,14.0,14.0,14.0,14.0,14.0,0.0,0.0,0.0,1.0,1.0,ensemble_grid_blend,12.0,2024,Saudi Arabian Grand Prix,2024-03-09
HUL,Haas F1 Team,15.0,15.53807428901813,14.79244841792839,15.367568600734389,15.243004096479972,16,14,16.0,16.0,16,0.0,16.0,16.0,16.0,16.0,16.0,16.0,0.0,0.0,0.0,1.0,1.0,ensemble_grid_blend,10.0,2024,Saudi Arabian Grand Prix,2024-03-09
SAR,Williams,19.0,15.235940839825473,15.322939562200785,15.708969066631635,15.360996038018065,17,17,17.0,17.0,17,0.0,17.0,17.0,17.0,17.0,17.0,17.0,0.0,0.0,0.0,1.0,1.0,ensemble_grid_blend,14.0,2024,Saudi Arabian Grand Prix,2024-03-09
BOT,Audi,16.0,15.588442969784348,15.613065754435958,15.045815081079903,15.488535366671522,18,15,18.0,18.0,18,0.0,15.0,15.0,15.0,15.0,15.0,15.0,0.0,0.0,0.0,0.0,1.0,ensemble_grid_blend,17.0,2024,Saudi Arabian Grand Prix,2024-03-09
PER,Red Bull Racing,6.0,4.377178423878974,4.158026338427655,3.411863040187182,4.107412117232654,1,5,1.0,1.0,1,0.0,2.0,2.0,2.0,2.0,2.0,2.0,0.0,1.0,1.0,1.0,1.0,ensemble_grid_blend,5.0,2024,Australian Grand Prix,2024-03-24
LEC,Ferrari,4.0,4.5943819274118685,4.425563261063842,5.31702665616208,4.679824339940101,2,3,2.0,2.0,2,0.0,1.0,1.0,1.0,1.0,1.0,1.0,1.0,1.0,1.0,1.0,1.0,ensemble_grid_blend,2.0,2024,Australian Grand Prix,2024-03-24
ALO,Aston Martin,10.0,5.771997501862676,5.725639980741727,7.195172285841712,6.040407326266151,3,9,3.0,3.0,3,0.0,4.0,4.0,4.0,4.0,4.0,4.0,0.0,0.0,1.0,1.0,1.0,ensemble_grid_blend,8.0,2024,Australian Grand Prix,2024-03-24
SAI,Ferrari,2.0,6.054439971615422,6.025261142731539,7.040556051241124,6.241450597431204,4,1,4.0,4.0,4,0.0,3.0,3.0,3.0,3.0,3.0,3.0,0.0,1.0,1.0,1.0,1.0,ensemble_grid_blend,1.0,2024,Australian Grand Prix,2024-03-24
NOR,McLaren,3.0,6.505174936818041,6.689208393537148,6.004547273770766,6.469461114060273,5,2,5.0,5.0,5,0.0,6.0,6.0,6.0,6.0,6.0,6.0,0.0,0.0,1.0,1.0,1.0,ensemble_grid_blend,3.0,2024,Australian Grand Prix,2024-03-24
PIA,McLaren,5.0,7.00467519951732,6.542674100123731,7.1791227586129835,6.877864326548696,6,4,6.0,6.0,6,0.0,5.0,5.0,5.0,5.0,5.0,5.0,0.0,0.0,1.0,1.0,1.0,ensemble_grid_blend,4.0,2024,Australian Grand Prix,2024-03-24
RUS,Mercedes,7.0,8.087047653164733,8.022551534381897,6.299858524070724,7.707036185771939,7,6,7.0,7.0,7,0.0,7.0,7.0,7.0,7.0,7.0,7.0,0.0,0.0,1.0,1.0,1.0,ensemble_grid_blend,17.0,2024,Australian Grand Prix,2024-03-24
STR,Aston Martin,9.0,7.957273597906208,7.695775916888055,8.716836041713114,8.017661898311236,8,8,8.0,8.0,8,0.0,8.0,8.0,8.0,8.0,8.0,8.0,0.0,0.0,1.0,1.0,1.0,ensemble_grid_blend,6.0,2024,Australian Grand Prix,2024-03-24
ALB,Williams,12.0,12.078587427481786,12.430949979400827,12.848962931989934,12.35598942155508,9,10,9.0,9.0,9,0.0,9.0,9.0,9.0,9.0,9.0,9.0,0.0,0.0,1.0,1.0,1.0,ensemble_grid_blend,11.0,2024,Australian Grand Prix,2024-03-24
OCO,Alpine,15.0,12.510082005832098,12.332968545375913,12.646212668730463,12.475318427252105,10,13,10.0,10.0,10,0.0,10.0,10.0,10.0,10.0,10.0,10.0,0.0,0.0,1.0,1.0,1.0,ensemble_grid_blend,16.0,2024,Australian Grand Prix,2024-03-24
GAS,Alpine,17.0,12.676344597475358,13.068736829723148,13.043808517129065,12.887174662692825,11,15,11.0,11.0,11,0.0,11.0,11.0,11.0,11.0,11.0,11.0,0.0,0.0,0.0,1.0,1.0,ensemble_grid_blend,13.0,2024,Australian Grand Prix,2024-03-24
ZHO,Audi,19.0,13.76510562573937,13.599316992841176,14.929252011702754,13.93990888141768,12,17,12.0,12.0,12,0.0,16.0,16.0,16.0,16.0,16.0,16.0,0.0,0.0,0.0,0.0,1.0,ensemble_grid_blend,15.0,2024,Australian Grand Prix,2024-03-24
RIC,Racing Bulls,18.0,14.441646175905534,14.46312617675581,13.61189697280412,14.283214335582848,13,16,13.0,13.0,13,0.0,14.0,14.0,14.0,14.0,14.0,14.0,0.0,0.0,0.0,1.0,1.0,ensemble_grid_blend,12.0,2024,Australian Grand Prix,2024-03-24
TSU,Racing Bulls,8.0,14.736660732650812,14.337992115555577,13.242011929004509,14.298196955938218,14,7,14.0,14.0,14,0.0,13.0,13.0,13.0,13.0,13.0,13.0,0.0,0.0,0.0,1.0,1.0,ensemble_grid_blend,7.0,2024,Australian Grand Prix,2024-03-24
HUL,Haas F1 Team,16.0,14.78866477140725,14.605108696278776,13.837401169834127,14.534167424797658,15,14,15.0,15.0,15,0.0,12.0,12.0,12.0,12.0,12.0,12.0,0.0,0.0,0.0,0.0,1.0,ensemble_grid_blend,9.0,2024,Australian Grand Prix,2024-03-24
BOT,Audi,13.0,14.605608281951522,14.453713126312966,15.682945207142406,14.767912362516205,16,11,16.0,16.0,16,0.0,17.0,17.0,17.0,17.0,17.0,17.0,0.0,0.0,0.0,1.0,1.0,ensemble_grid_blend,14.0,2024,Australian Grand Prix,2024-03-24
MAG,Haas F1 Team,14.0,15.096841565062185,14.885160956883672,14.037239681349392,14.810832975457147,17,12,17.0,17.0,17,0.0,15.0,15.0,15.0,15.0,15.0,15.0,0.0,0.0,0.0,0.0,1.0,ensemble_grid_blend,10.0,2024,Australian Grand Prix,2024-03-24
VER,Red Bull Racing,1.0,1.2391326153195865,1.3270494123394667,2.1135266156999153,1.4447822943526103,1,1,1.0,1.0,1,0.0,1.0,1.0,1.0,1.0,1.0,1.0,1.0,1.0,1.0,1.0,1.0,ensemble_grid_blend,1.0,2024,Japanese Grand Prix,2024-04-07
PER,Red Bull Racing,2.0,4.209774725004032,4.065504621743499,3.8569086406894417,4.088706971999928,2,2,2.0,2.0,2,0.0,2.0,2.0,2.0,2.0,2.0,2.0,0.0,1.0,1.0,1.0,1.0,ensemble_grid_blend,2.0,2024,Japanese Grand Prix,2024-04-07
LEC,Ferrari,8.0,4.522527470421285,3.954572812754415,3.978878108339579,4.21501346782154,3,8,3.0,3.0,3,0.0,3.0,3.0,3.0,3.0,3.0,3.0,0.0,1.0,1.0,1.0,1.0,ensemble_grid_blend,4.0,2024,Japanese Grand Prix,2024-04-07
SAI,Ferrari,4.0,4.706333195854862,5.0277636293883585,5.1910748903410315,4.915782186488819,4,4,4.0,4.0,4,0.0,4.0,4.0,4.0,4.0,4.0,4.0,0.0,0.0,1.0,1.0,1.0,ensemble_grid_blend,3.0,2024,Japanese Grand Prix,2024-04-07
ALO,Aston Martin,5.0,4.90495725499507,5.526961216892154,7.134131595364842,5.5684935097330035,5,5,5.0,5.0,5,0.0,6.0,6.0,6.0,6.0,6.0,6.0,0.0,0.0,1.0,1.0,1.0,ensemble_grid_blend,6.0,2024,Japanese Grand Prix,2024-04-07
NOR,McLaren,3.0,5.8432900988065315,7.033670885701847,5.464527923292264,6.184170939117038,6,3,6.0,6.0,6,0.0,7.0,7.0,7.0,7.0,7.0,7.0,0.0,0.0,1.0,1.0,1.0,ensemble_grid_blend,5.0,2024,Japanese Grand Prix,2024-04-07
STR,Aston Martin,16.0,6.6335394663396725,6.396961173406493,8.268650872937481,6.87775934513262,7,14,7.0,7.0,7,0.0,5.0,5.0,5.0,5.0,5.0,5.0,0.0,0.0,1.0,0.0,1.0,ensemble_grid_blend,12.0,2024,Japanese Grand Prix,2024-04-07
PIA,McLaren,6.0,6.958707732714835,7.108732886609438,6.537847804047477,6.9270445508444745,8,6,8.0,8.0,8,0.0,8.0,8.0,8.0,8.0,8.0,8.0,0.0,0.0,1.0,1.0,1.0,ensemble_grid_blend,8.0,2024,Japanese Grand Prix,2024-04-07
HAM,Mercedes,7.0,10.870242326249198,10.070252258687347,8.847292900543604,10.18565591746143,9,7,9.0,9.0,9,0.0,9.0,9.0,9.0,9.0,9.0,9.0,0.0,0.0,1.0,1.0,1.0,ensemble_grid_blend,9.0,2024,Japanese Grand Prix,2024-04-07
RUS,Mercedes,9.0,10.764694503292322,10.299442376250624,9.197293340517106,10.288376026272687,10,9,10.0,10.0,10,0.0,10.0,10.0,10.0,10.0,10.0,10.0,0.0,0.0,1.0,1.0,1.0,ensemble_grid_blend,7.0,2024,Japanese Grand Prix,2024-04-07
TSU,Racing Bulls,10.0,11.438246114166907,11.913803758555787,12.009116364005664,11.718865339670765,11,10,11.0,11.0,11,0.0,11.0,11.0,11.0,11.0,11.0,11.0,0.0,0.0,0.0,1.0,1.0,ensemble_grid_blend,10.0,2024,Japanese Grand Prix,2024-04-07
OCO,Alpine,15.0,12.724657159450317,12.82659739230557,13.411275421171176,12.897659893293827,12,13,12.0,12.0,12,0.0,12.0,12.0,12.0,12.0,12.0,12.0,0.0,0.0,0.0,1.0,1.0,ensemble_grid_blend,15.0,2024,Japanese Grand Prix,2024-04-07
GAS,Alpine,17.0,12.711364339743664,13.023048799150361,13.382110704335151,12.954603173454306,13,15,13.0,13.0,13,0.0,13.0,13.0,13.0,13.0,13.0,13.0,0.0,0.0,0.0,1.0,1.0,ensemble_grid_blend,16.0,2024,Japanese Grand Prix,2024-04-07
HUL,Haas F1 Team,12.0,13.416432851292859,13.391229491359127,11.99989457131987,13.124304019321455,14,11,14.0,14.0,14,0.0,14.0,14.0,14.0,14.0,14.0,14.0,0.0,0.0,0.0,1.0,1.0,ensemble_grid_blend,11.0,2024,Japanese Grand Prix,2024-04-07
MAG,Haas F1 Team,18.0,13.80388761081297,13.682628206472517,12.0645342937294,13.413576155877099,15,16,15.0,15.0,15,0.0,15.0,15.0,15.0,15.0,15.0,15.0,0.0,0.0,0.0,1.0,1.0,ensemble_grid_blend,13.0,2024,Japanese Grand Prix,2024-04-07
SAR,Williams,19.0,14.619186228961667,14.218897581598661,14.565999350652133,14.46844782672271,16,17,16.0,16.0,16,0.0,16.0,16.0,16.0,16.0,16.0,16.0,0.0,0.0,0.0,1.0,1.0,ensemble_grid_blend,17.0,2024,Japanese Grand Prix,2024-04-07
BOT,Audi,13.0,15.276400773712874,14.469752395072241,14.998251036397194,14.938443893725516,17,12,17.0,17.0,17,0.0,17.0,17.0,17.0,17.0,17.0,17.0,0.0,0.0,0.0,1.0,1.0,ensemble_grid_blend,14.0,2024,Japanese Grand Prix,2024-04-07
VER,Red Bull Racing,1.0,1.1997197408681217,1.271616555700921,2.074187757689499,1.399777229423877,1,1,1.0,1.0,1,0.0,1.0,1.0,1.0,1.0,1.0,1.0,1.0,1.0,1.0,1.0,1.0,ensemble_grid_blend,1.0,2024,Chinese Grand Prix,2024-04-21
SAI,Ferrari,7.0,2.4319079055494472,2.931667397766343,4.221110274842262,2.9646642016839237,2,7,2.0,2.0,2,0.0,2.0,2.0,2.0,2.0,2.0,2.0,0.0,1.0,1.0,1.0,1.0,ensemble_grid_blend,5.0,2024,Chinese Grand Prix,2024-04-21
PER,Red Bull Racing,2.0,4.157076145916328,3.7688311992426424,3.7018157250081387,3.9301383303989006,3,2,3.0,3.0,3,0.0,3.0,3.0,3.0,3.0,3.0,3.0,0.0,1.0,1.0,1.0,1.0,ensemble_grid_blend,3.0,2024,Chinese Grand Prix,2024-04-21
LEC,Ferrari,6.0,4.312741961215578,3.6965313255052705,3.960808956010063,4.026681637675868,4,6,4.0,4.0,4,0.0,4.0,4.0,4.0,4.0,4.0,4.0,0.0,0.0,1.0,1.0,1.0,ensemble_grid_blend,4.0,2024,Chinese Grand Prix,2024-04-21
ALO,Aston Martin,3.0,5.571414984550274,5.634976270869652,6.781524044775001,5.835683246807002,5,3,5.0,5.0,5,0.0,5.0,5.0,5.0,5.0,5.0,5.0,0.0,0.0,1.0,1.0,1.0,ensemble_grid_blend,7.0,2024,Chinese Grand Prix,2024-04-21
NOR,McLaren,4.0,6.421312637333684,7.410076924314077,5.306316192069574,6.544380848724,6,4,6.0,6.0,6,0.0,8.0,8.0,8.0,8.0,8.0,8.0,0.0,0.0,1.0,0.0,1.0,ensemble_grid_blend,2.0,2024,Chinese Grand Prix,2024-04-21
STR,Aston Martin,11.0,6.956027646475219,6.358770901975543,8.578105949824737,7.071403446570236,7,10,7.0,7.0,7,0.0,6.0,6.0,6.0,6.0,6.0,6.0,0.0,0.0,1.0,1.0,1.0,ensemble_grid_blend,15.0,2024,Chinese Grand Prix,2024-04-21
PIA,McLaren,5.0,7.280803424291731,7.215635840114471,6.526440801750057,7.107122245321355,8,5,8.0,8.0,8,0.0,7.0,7.0,7.0,7.0,7.0,7.0,0.0,0.0,1.0,1.0,1.0,ensemble_grid_blend,8.0,2024,Chinese Grand Prix,2024-04-21
HAM,Mercedes,18.0,10.022582889930355,10.014861176741046,9.26355713983529,9.868075140295085,9,16,9.0,9.0,9,0.0,9.0,9.0,9.0,9.0,9.0,9.0,0.0,0.0,1.0,1.0,1.0,ensemble_grid_blend,9.0,2024,Chinese Grand Prix,2024-04-21
RUS,Mercedes,8.0,10.8121791465743,10.429805976521816,9.522276353196245,10.42036797838032,10,8,10.0,10.0,10,0.0,10.0,10.0,10.0,10.0,10.0,10.0,0.0,0.0,1.0,1.0,1.0,ensemble_grid_blend,6.0,2024,Chinese Grand Prix,2024-04-21
ALB,Williams,14.0,12.23532599683078,12.278056807405186,12.009377707494602,12.205092122664587,11,12,11.0,11.0,11,0.0,11.0,11.0,11.0,11.0,11.0,11.0,0.0,0.0,0.0,1.0,1.0,ensemble_grid_blend,12.0,2024,Chinese Grand Prix,2024-04-21
HUL,Haas F1 Team,9.0,14.161490200488522,13.07513348264076,11.33979085753158,13.216925480650419,12,9,12.0,12.0,12,0.0,14.0,14.0,14.0,14.0,14.0,14.0,0.0,0.0,0.0,0.0,1.0,ensemble_grid_blend,10.0,2024,Chinese Grand Prix,2024-04-21
MAG,Haas F1 Team,17.0,14.317156745400204,13.70184989566753,11.882773085621457,13.614922616038019,13,15,13.0,13.0,13,0.0,12.0,12.0,12.0,12.0,12.0,12.0,0.0,0.0,0.0,1.0,1.0,ensemble_grid_blend,16.0,2024,Chinese Grand Prix,2024-04-21
OCO,Alpine,13.0,13.556459316707704,14.022059223354182,13.266332546724879,13.661393930037406,14,11,14.0,14.0,14,0.0,15.0,15.0,15.0,15.0,15.0,15.0,0.0,0.0,0.0,1.0,1.0,ensemble_grid_blend,11.0,2024,Chinese Grand Prix,2024-04-21
GAS,Alpine,15.0,14.559014179773067,14.349622543762475,13.57888043050531,14.289700357315809,15,13,15.0,15.0,15,0.0,16.0,16.0,16.0,16.0,16.0,16.0,0.0,0.0,0.0,1.0,1.0,ensemble_grid_blend,13.0,2024,Chinese Grand Prix,2024-04-21
SAR,Williams,20.0,15.01746477060074,14.545246437649592,14.706785310749684,14.790052462097627,16,17,16.0,16.0,16,0.0,13.0,13.0,13.0,13.0,13.0,13.0,0.0,0.0,0.0,0.0,1.0,ensemble_grid_blend,17.0,2024,Chinese Grand Prix,2024-04-21
ZHO,Audi,16.0,15.15524043926496,14.993861960699997,14.440690783899363,14.955848040694102,17,14,17.0,17.0,17,0.0,17.0,17.0,17.0,17.0,17.0,17.0,0.0,0.0,0.0,1.0,1.0,ensemble_grid_blend,14.0,2024,Chinese Grand Prix,2024-04-21
VER,Red Bull Racing,1.0,1.1925959855521182,1.1812342184025202,2.0772705770931292,1.3655542853579612,1,1,1.0,1.0,1,0.0,1.0,1.0,1.0,1.0,1.0,1.0,1.0,1.0,1.0,1.0,1.0,ensemble_grid_blend,2.0,2024,Miami Grand Prix,2024-05-05
PER,Red Bull Racing,4.0,3.9109675223123834,3.778105409946993,3.802720663646551,3.8428164112513303,2,4,2.0,2.0,2,0.0,4.0,4.0,4.0,4.0,4.0,4.0,0.0,0.0,1.0,0.0,1.0,ensemble_grid_blend,4.0,2024,Miami Grand Prix,2024-05-05
SAI,Ferrari,3.0,3.859800600602351,3.668405601993507,4.287700785322172,3.8783923880332196,3,3,3.0,3.0,3,0.0,2.0,2.0,2.0,2.0,2.0,2.0,0.0,1.0,1.0,1.0,1.0,ensemble_grid_blend,5.0,2024,Miami Grand Prix,2024-05-05
LEC,Ferrari,2.0,3.9900816918488657,3.8034826923867753,3.927819692572853,3.9123196421819317,4,2,4.0,4.0,4,0.0,5.0,5.0,5.0,5.0,5.0,5.0,0.0,0.0,1.0,1.0,1.0,ensemble_grid_blend,3.0,2024,Miami Grand Prix,2024-05-05
NOR,McLaren,5.0,4.147387714449515,3.6174724323652914,4.579313280494779,4.04830247892909,5,5,5.0,5.0,5,0.0,3.0,3.0,3.0,3.0,3.0,3.0,0.0,1.0,1.0,0.0,1.0,ensemble_grid_blend,1.0,2024,Miami Grand Prix,2024-05-05
PIA,McLaren,6.0,5.905230990100218,5.925021124429402,6.7622267023184985,6.083556679559088,6,6,6.0,6.0,6,0.0,6.0,6.0,6.0,6.0,6.0,6.0,0.0,0.0,1.0,1.0,1.0,ensemble_grid_blend,13.0,2024,Miami Grand Prix,2024-05-05
ALO,Aston Martin,15.0,8.174058934638145,7.403565373159592,7.619505131112021,7.7934754274154265,7,15,7.0,7.0,7,0.0,7.0,7.0,7.0,7.0,7.0,7.0,0.0,0.0,1.0,1.0,1.0,ensemble_grid_blend,9.0,2024,Miami Grand Prix,2024-05-05
RUS,Mercedes,7.0,9.60983238589506,9.01777006766646,9.345678741681764,9.34977984567239,8,7,8.0,8.0,8,0.0,12.0,12.0,12.0,12.0,12.0,12.0,0.0,0.0,0.0,0.0,1.0,ensemble_grid_blend,8.0,2024,Miami Grand Prix,2024-05-05
HAM,Mercedes,8.0,9.35794226057011,9.470029809360927,9.46042565678681,9.417669581890237,9,8,9.0,9.0,9,0.0,9.0,9.0,9.0,9.0,9.0,9.0,0.0,0.0,1.0,1.0,1.0,ensemble_grid_blend,6.0,2024,Miami Grand Prix,2024-05-05
STR,Aston Martin,11.0,10.6433045828807,10.951140892768866,10.178424771259623,10.658071329017343,10,11,10.0,10.0,10,0.0,8.0,8.0,8.0,8.0,8.0,8.0,0.0,0.0,1.0,0.0,1.0,ensemble_grid_blend,17.0,2024,Miami Grand Prix,2024-05-05
TSU,Racing Bulls,10.0,11.501127818142235,11.491194075226144,11.253253989227694,11.448076242338695,11,10,11.0,11.0,11,0.0,10.0,10.0,10.0,10.0,10.0,10.0,0.0,0.0,1.0,1.0,1.0,ensemble_grid_blend,7.0,2024,Miami Grand Prix,2024-05-05
RIC,Racing Bulls,20.0,12.021348706949622,12.029012325111403,12.454324852194917,12.110626202355306,12,19,12.0,12.0,12,0.0,11.0,11.0,11.0,11.0,11.0,11.0,0.0,0.0,0.0,1.0,1.0,ensemble_grid_blend,15.0,2024,Miami Grand Prix,2024-05-05
HUL,Haas F1 Team,9.0,12.462827434227716,12.223383856758863,11.410109343458585,12.168478563959791,13,9,13.0,13.0,13,0.0,13.0,13.0,13.0,13.0,13.0,13.0,0.0,0.0,0.0,1.0,1.0,ensemble_grid_blend,11.0,2024,Miami Grand Prix,2024-05-05
ALB,Williams,14.0,12.424321759544432,12.324824785594519,12.110142013244793,12.326661869402034,14,14,14.0,14.0,14,0.0,16.0,16.0,16.0,16.0,16.0,16.0,0.0,0.0,0.0,0.0,1.0,ensemble_grid_blend,18.0,2024,Miami Grand Prix,2024-05-05
MAG,Haas F1 Team,18.0,12.265156397956988,12.72382544485611,12.702381079729246,12.513135500726133,15,17,15.0,15.0,15,0.0,14.0,14.0,14.0,14.0,14.0,14.0,0.0,0.0,0.0,1.0,1.0,ensemble_grid_blend,19.0,2024,Miami Grand Prix,2024-05-05
OCO,Alpine,13.0,12.573134796918168,12.928323210084987,12.942226596782108,12.771269101499344,16,13,16.0,16.0,16,0.0,15.0,15.0,15.0,15.0,15.0,15.0,0.0,0.0,0.0,1.0,1.0,ensemble_grid_blend,10.0,2024,Miami Grand Prix,2024-05-05
GAS,Alpine,12.0,13.407584000289091,13.420770768602319,13.258140829204876,13.382310734981878,17,12,17.0,17.0,17,0.0,19.0,19.0,19.0,19.0,19.0,19.0,0.0,0.0,0.0,0.0,1.0,ensemble_grid_blend,12.0,2024,Miami Grand Prix,2024-05-05
ZHO,Audi,19.0,13.947078428997486,13.944996678455272,14.159918148823499,13.988917760272914,18,18,18.0,18.0,18,0.0,17.0,17.0,17.0,17.0,17.0,17.0,0.0,0.0,0.0,1.0,1.0,ensemble_grid_blend,14.0,2024,Miami Grand Prix,2024-05-05
BOT,Audi,16.0,14.004668998111708,14.110326111814318,14.165908854118571,14.073896959108993,19,16,19.0,19.0,19,0.0,18.0,18.0,18.0,18.0,18.0,18.0,0.0,0.0,0.0,1.0,1.0,ensemble_grid_blend,16.0,2024,Miami Grand Prix,2024-05-05
VER,Red Bull Racing,1.0,1.4509805154941415,1.649829568453767,1.8830567265303113,1.6069929262372444,1,1,1.0,1.0,1,0.0,1.0,1.0,1.0,1.0,1.0,1.0,1.0,1.0,1.0,1.0,1.0,ensemble_grid_blend,1.0,2024,Emilia Romagna Grand Prix,2024-05-19
PER,Red Bull Racing,11.0,4.0354916993861005,3.831834997715133,3.516551207835408,3.8604237554911234,2,11,2.0,2.0,2,0.0,2.0,2.0,2.0,2.0,2.0,2.0,0.0,1.0,1.0,1.0,1.0,ensemble_grid_blend,8.0,2024,Emilia Romagna Grand Prix,2024-05-19
LEC,Ferrari,3.0,4.031031807850778,4.002361445851298,4.223638933532449,4.059518606287294,3,3,3.0,3.0,3,0.0,3.0,3.0,3.0,3.0,3.0,3.0,0.0,1.0,1.0,1.0,1.0,ensemble_grid_blend,3.0,2024,Emilia Romagna Grand Prix,2024-05-19
NOR,McLaren,2.0,3.989002773905751,4.255832661555099,4.549787519914732,4.194550183784819,4,2,4.0,4.0,4,0.0,5.0,5.0,5.0,5.0,5.0,5.0,0.0,0.0,1.0,1.0,1.0,ensemble_grid_blend,2.0,2024,Emilia Romagna Grand Prix,2024-05-19
RUS,Mercedes,6.0,5.319829690831571,6.01724471265382,7.540049900011779,6.0079689903054,5,6,5.0,5.0,5,0.0,6.0,6.0,6.0,6.0,6.0,6.0,0.0,0.0,1.0,1.0,1.0,ensemble_grid_blend,7.0,2024,Emilia Romagna Grand Prix,2024-05-19
HAM,Mercedes,8.0,6.066546608716785,6.956458381564062,7.796073580534713,6.723921123576917,6,8,6.0,6.0,6,0.0,4.0,4.0,4.0,4.0,4.0,4.0,0.0,0.0,1.0,0.0,1.0,ensemble_grid_blend,6.0,2024,Emilia Romagna Grand Prix,2024-05-19
PIA,McLaren,5.0,7.316969679655585,7.100096874048338,8.219002134408607,7.4214706886436534,7,5,7.0,7.0,7,0.0,8.0,8.0,8.0,8.0,8.0,8.0,0.0,0.0,1.0,1.0,1.0,ensemble_grid_blend,4.0,2024,Emilia Romagna Grand Prix,2024-05-19
SAI,Ferrari,4.0,8.541996065409402,8.260665028452797,4.8744693902041,7.71002486743353,8,4,8.0,8.0,8,0.0,9.0,9.0,9.0,9.0,9.0,9.0,0.0,0.0,1.0,1.0,1.0,ensemble_grid_blend,5.0,2024,Emilia Romagna Grand Prix,2024-05-19
ALO,Aston Martin,20.0,8.372412314179527,7.8424427424570595,8.447302462022858,8.20190099364533,9,19,9.0,9.0,9,0.0,7.0,7.0,7.0,7.0,7.0,7.0,0.0,0.0,1.0,0.0,1.0,ensemble_grid_blend,19.0,2024,Emilia Romagna Grand Prix,2024-05-19
TSU,Racing Bulls,7.0,10.702758292432554,10.816770795627347,9.829706133669246,10.56805223679807,10,7,10.0,10.0,10,0.0,10.0,10.0,10.0,10.0,10.0,10.0,0.0,0.0,1.0,1.0,1.0,ensemble_grid_blend,10.0,2024,Emilia Romagna Grand Prix,2024-05-19
OCO,Alpine,12.0,11.382438617762205,11.509616657452476,11.98191671651427,11.546846551404213,11,12,11.0,11.0,11,0.0,12.0,12.0,12.0,12.0,12.0,12.0,0.0,0.0,0.0,1.0,1.0,ensemble_grid_blend,14.0,2024,Emilia Romagna Grand Prix,2024-05-19
HUL,Haas F1 Team,10.0,12.070898468979905,11.954921637984627,12.04437395992384,12.025001676320345,12,10,12.0,12.0,12,0.0,13.0,13.0,13.0,13.0,13.0,13.0,0.0,0.0,0.0,1.0,1.0,ensemble_grid_blend,11.0,2024,Emilia Romagna Grand Prix,2024-05-19
GAS,Alpine,15.0,12.108443283913925,12.257726962818147,12.721324552674758,12.283268825282569,13,14,13.0,13.0,13,0.0,11.0,11.0,11.0,11.0,11.0,11.0,0.0,0.0,0.0,0.0,1.0,ensemble_grid_blend,16.0,2024,Emilia Romagna Grand Prix,2024-05-19
STR,Aston Martin,13.0,13.096209966434204,12.830082227622565,12.070782637642203,12.79797979209173,14,13,14.0,14.0,14,0.0,16.0,16.0,16.0,16.0,16.0,16.0,0.0,0.0,0.0,0.0,1.0,ensemble_grid_blend,9.0,2024,Emilia Romagna Grand Prix,2024-05-19
RIC,Racing Bulls,9.0,13.750330121297662,13.436860460661672,12.231892298562258,13.336928175527985,15,9,15.0,15.0,15,0.0,14.0,14.0,14.0,14.0,14.0,14.0,0.0,0.0,0.0,1.0,1.0,ensemble_grid_blend,13.0,2024,Emilia Romagna Grand Prix,2024-05-19
SAR,Williams,19.0,13.50899064153268,13.466656236204818,16.06877057717533,14.006129586796458,16,18,16.0,16.0,16,0.0,15.0,15.0,15.0,15.0,15.0,15.0,0.0,0.0,0.0,1.0,1.0,ensemble_grid_blend,17.0,2024,Emilia Romagna Grand Prix,2024-05-19
ZHO,Audi,17.0,14.814463750713658,14.126757762327623,13.959029052793767,14.402679715194566,17,16,17.0,17.0,17,0.0,18.0,18.0,18.0,18.0,18.0,18.0,0.0,0.0,0.0,1.0,1.0,ensemble_grid_blend,15.0,2024,Emilia Romagna Grand Prix,2024-05-19
BOT,Audi,16.0,14.957218429207865,14.726765075968082,14.289448879692252,14.743005845670819,18,15,18.0,18.0,18,0.0,19.0,19.0,19.0,19.0,19.0,19.0,0.0,0.0,0.0,1.0,1.0,ensemble_grid_blend,18.0,2024,Emilia Romagna Grand Prix,2024-05-19
MAG,Haas F1 Team,18.0,15.112061473237382,14.800298190684982,14.350375345330452,14.850607098762655,19,17,19.0,19.0,19,0.0,17.0,17.0,17.0,17.0,17.0,17.0,0.0,0.0,0.0,0.0,1.0,ensemble_grid_blend,12.0,2024,Emilia Romagna Grand Prix,2024-05-19
VER,Red Bull Racing,6.0,1.318023992465983,1.4528876851176,2.2255336791309803,1.5467282222270482,1,6,1.0,1.0,1,0.0,1.0,1.0,1.0,1.0,1.0,1.0,1.0,1.0,1.0,1.0,1.0,ensemble_grid_blend,6.0,2024,Monaco Grand Prix,2024-05-26
NOR,McLaren,4.0,5.337250067042541,4.563380758130757,4.470668492241412,4.8930794939631905,2,4,2.0,2.0,2,0.0,2.0,2.0,2.0,2.0,2.0,2.0,0.0,1.0,1.0,1.0,1.0,ensemble_grid_blend,4.0,2024,Monaco Grand Prix,2024-05-26
LEC,Ferrari,1.0,5.063327616979171,5.374117336795471,4.577481478234263,5.074934791165894,3,1,3.0,3.0,3,0.0,3.0,3.0,3.0,3.0,3.0,3.0,0.0,1.0,1.0,1.0,1.0,ensemble_grid_blend,1.0,2024,Monaco Grand Prix,2024-05-26
SAI,Ferrari,3.0,6.282919073911348,6.042592298904798,5.448250151580339,6.031870918192854,4,3,4.0,4.0,4,0.0,5.0,5.0,5.0,5.0,5.0,5.0,0.0,0.0,1.0,1.0,1.0,ensemble_grid_blend,3.0,2024,Monaco Grand Prix,2024-05-26
RUS,Mercedes,5.0,5.60006194609719,6.323535440050145,7.327428016789922,6.198750883119271,5,5,5.0,5.0,5,0.0,7.0,7.0,7.0,7.0,7.0,7.0,0.0,0.0,1.0,0.0,1.0,ensemble_grid_blend,5.0,2024,Monaco Grand Prix,2024-05-26
HAM,Mercedes,7.0,5.977420627856983,6.3852212232212215,7.311025521146156,6.386871814892301,6,7,6.0,6.0,6,0.0,6.0,6.0,6.0,6.0,6.0,6.0,0.0,0.0,1.0,1.0,1.0,ensemble_grid_blend,7.0,2024,Monaco Grand Prix,2024-05-26
PIA,McLaren,2.0,8.015838089142884,7.308255375670672,7.7080662664040265,7.706629774879838,7,2,7.0,7.0,7,0.0,4.0,4.0,4.0,4.0,4.0,4.0,0.0,0.0,1.0,0.0,1.0,ensemble_grid_blend,2.0,2024,Monaco Grand Prix,2024-05-26
ALO,Aston Martin,14.0,9.715525238829516,9.55286720794634,10.223627982519965,9.760215476758493,8,13,8.0,8.0,8,0.0,8.0,8.0,8.0,8.0,8.0,8.0,0.0,0.0,1.0,1.0,1.0,ensemble_grid_blend,11.0,2024,Monaco Grand Prix,2024-05-26
TSU,Racing Bulls,8.0,10.521741927072615,10.488113863124893,10.323848318070405,10.47039338289047,9,8,9.0,9.0,9,0.0,9.0,9.0,9.0,9.0,9.0,9.0,0.0,0.0,1.0,1.0,1.0,ensemble_grid_blend,8.0,2024,Monaco Grand Prix,2024-05-26
STR,Aston Martin,13.0,10.31499720538974,10.870593277060525,11.650850663609912,10.776626522118548,10,12,10.0,10.0,10,0.0,10.0,10.0,10.0,10.0,10.0,10.0,0.0,0.0,1.0,1.0,1.0,ensemble_grid_blend,14.0,2024,Monaco Grand Prix,2024-05-26
GAS,Alpine,10.0,11.450966979287063,11.33655715643872,12.216737891818692,11.56407772379647,11,10,11.0,11.0,11,0.0,11.0,11.0,11.0,11.0,11.0,11.0,0.0,0.0,0.0,1.0,1.0,ensemble_grid_blend,10.0,2024,Monaco Grand Prix,2024-05-26
RIC,Racing Bulls,12.0,12.921716512921233,12.383190080344493,12.32123171258951,12.613135301453031,12,11,12.0,12.0,12,0.0,12.0,12.0,12.0,12.0,12.0,12.0,0.0,0.0,0.0,1.0,1.0,ensemble_grid_blend,12.0,2024,Monaco Grand Prix,2024-05-26
ALB,Williams,9.0,12.919609035772057,13.118539376838328,13.621826706614918,13.129678189313822,13,9,13.0,13.0,13,0.0,14.0,14.0,14.0,14.0,14.0,14.0,0.0,0.0,0.0,1.0,1.0,ensemble_grid_blend,9.0,2024,Monaco Grand Prix,2024-05-26
ZHO,Audi,18.0,15.224814220900805,14.920234309142012,14.397643123776401,14.952777032360348,14,16,14.0,14.0,14,0.0,15.0,15.0,15.0,15.0,15.0,15.0,0.0,0.0,0.0,1.0,1.0,ensemble_grid_blend,16.0,2024,Monaco Grand Prix,2024-05-26
SAR,Williams,15.0,14.878182668633015,15.471832686173478,15.968647926618106,15.304053226369195,15,14,15.0,15.0,15,0.0,16.0,16.0,16.0,16.0,16.0,16.0,0.0,0.0,0.0,1.0,1.0,ensemble_grid_blend,15.0,2024,Monaco Grand Prix,2024-05-26
BOT,Audi,17.0,15.45183936803309,15.441741255953367,15.133027833995804,15.38454272199773,16,15,16.0,16.0,16,0.0,13.0,13.0,13.0,13.0,13.0,13.0,0.0,0.0,0.0,0.0,1.0,ensemble_grid_blend,13.0,2024,Monaco Grand Prix,2024-05-26
VER,Red Bull Racing,2.0,2.612512578189311,3.1590156958991464,3.446746655399794,2.9706354848298497,1,2,1.0,1.0,1,0.0,2.0,2.0,2.0,2.0,2.0,2.0,0.0,1.0,1.0,1.0,1.0,ensemble_grid_blend,1.0,2024,Canadian Grand Prix,2024-06-09
NOR,McLaren,3.0,2.741830786748934,2.893103188131487,3.8942578776002446,3.0252615454030893,2,3,2.0,2.0,2,0.0,1.0,1.0,1.0,1.0,1.0,1.0,1.0,1.0,1.0,1.0,1.0,ensemble_grid_blend,2.0,2024,Canadian Grand Prix,2024-06-09
PIA,McLaren,4.0,5.391518890664545,6.344060705226147,6.151679252897821,5.876940598207761,3,4,3.0,3.0,3,0.0,5.0,5.0,5.0,5.0,5.0,5.0,0.0,0.0,1.0,0.0,1.0,ensemble_grid_blend,5.0,2024,Canadian Grand Prix,2024-06-09
HAM,Mercedes,7.0,6.031863200349774,6.639838227132344,7.055548344411562,6.4493914885360315,4,7,4.0,4.0,4,0.0,4.0,4.0,4.0,4.0,4.0,4.0,0.0,0.0,1.0,1.0,1.0,ensemble_grid_blend,4.0,2024,Canadian Grand Prix,2024-06-09
RUS,Mercedes,1.0,6.005580988135261,6.827119522226139,6.925322322407345,6.477067741921485,5,1,5.0,5.0,5,0.0,3.0,3.0,3.0,3.0,3.0,3.0,0.0,1.0,1.0,0.0,1.0,ensemble_grid_blend,3.0,2024,Canadian Grand Prix,2024-06-09
TSU,Racing Bulls,8.0,10.983303965886902,11.066790280388995,10.00256588157096,10.816376559099446,6,8,6.0,6.0,6,0.0,7.0,7.0,7.0,7.0,7.0,7.0,0.0,0.0,1.0,1.0,1.0,ensemble_grid_blend,14.0,2024,Canadian Grand Prix,2024-06-09
OCO,Alpine,18.0,11.090160950027084,11.498922054420886,11.7152993600216,11.358255018563817,7,13,7.0,7.0,7,0.0,6.0,6.0,6.0,6.0,6.0,6.0,0.0,0.0,1.0,1.0,1.0,ensemble_grid_blend,10.0,2024,Canadian Grand Prix,2024-06-09
ALO,Aston Martin,6.0,11.515823508413678,11.830034337595418,11.37919056928792,11.598470710802136,8,6,8.0,8.0,8,0.0,10.0,10.0,10.0,10.0,10.0,10.0,0.0,0.0,1.0,0.0,1.0,ensemble_grid_blend,6.0,2024,Canadian Grand Prix,2024-06-09
HUL,Haas F1 Team,17.0,11.70471105690101,11.546709938389226,11.990910455729637,11.70665054518761,9,12,9.0,9.0,9,0.0,8.0,8.0,8.0,8.0,8.0,8.0,0.0,0.0,1.0,1.0,1.0,ensemble_grid_blend,11.0,2024,Canadian Grand Prix,2024-06-09
GAS,Alpine,15.0,11.772876688810786,11.957887219311178,12.290394897994116,11.94113401632259,10,11,10.0,10.0,10,0.0,9.0,9.0,9.0,9.0,9.0,9.0,0.0,0.0,1.0,1.0,1.0,ensemble_grid_blend,9.0,2024,Canadian Grand Prix,2024-06-09
STR,Aston Martin,9.0,12.672744860313257,12.409003478860125,12.65337164387296,12.576560733516603,11,9,11.0,11.0,11,0.0,12.0,12.0,12.0,12.0,12.0,12.0,0.0,0.0,0.0,1.0,1.0,ensemble_grid_blend,7.0,2024,Canadian Grand Prix,2024-06-09
RIC,Racing Bulls,5.0,13.101372228489186,12.934259519741536,12.27409526458719,12.877427387647108,12,5,12.0,12.0,12,0.0,13.0,13.0,13.0,13.0,13.0,13.0,0.0,0.0,0.0,1.0,1.0,ensemble_grid_blend,8.0,2024,Canadian Grand Prix,2024-06-09
MAG,Haas F1 Team,14.0,14.43232814869083,14.228259689023131,13.973307425496479,14.269100043168265,13,10,13.0,13.0,13,0.0,11.0,11.0,11.0,11.0,11.0,11.0,0.0,0.0,0.0,0.0,1.0,ensemble_grid_blend,12.0,2024,Canadian Grand Prix,2024-06-09
BOT,Audi,19.0,14.920052363865906,14.864065510312418,14.96621391478537,14.909689275306077,14,14,14.0,14.0,14,0.0,15.0,15.0,15.0,15.0,15.0,15.0,0.0,0.0,0.0,1.0,1.0,ensemble_grid_blend,13.0,2024,Canadian Grand Prix,2024-06-09
ZHO,Audi,20.0,15.300801912655647,14.946759787032434,14.760208088222148,15.06876840380082,15,15,15.0,15.0,15,0.0,14.0,14.0,14.0,14.0,14.0,14.0,0.0,0.0,0.0,1.0,1.0,ensemble_grid_blend,15.0,2024,Canadian Grand Prix,2024-06-09
VER,Red Bull Racing,2.0,2.910930202693415,3.848060966324124,3.437603525885896,3.3442606346026595,1,2,1.0,1.0,1,0.0,1.0,1.0,1.0,1.0,1.0,1.0,1.0,1.0,1.0,1.0,1.0,ensemble_grid_blend,1.0,2024,Spanish Grand Prix,2024-06-23
LEC,Ferrari,5.0,4.348375964082807,4.610091530837586,4.746877812921888,4.5196767822147965,2,5,2.0,2.0,2,0.0,4.0,4.0,4.0,4.0,4.0,4.0,0.0,0.0,1.0,0.0,1.0,ensemble_grid_blend,5.0,2024,Spanish Grand Prix,2024-06-23
PER,Red Bull Racing,11.0,5.362968885393634,5.053333447598155,5.144635752674764,5.210929855621442,3,11,3.0,3.0,3,0.0,2.0,2.0,2.0,2.0,2.0,2.0,0.0,1.0,1.0,1.0,1.0,ensemble_grid_blend,8.0,2024,Spanish Grand Prix,2024-06-23
NOR,McLaren,1.0,5.574051906050375,5.469500882450883,4.807021587413415,5.38405298406316,4,1,4.0,4.0,4,0.0,5.0,5.0,5.0,5.0,5.0,5.0,0.0,0.0,1.0,1.0,1.0,ensemble_grid_blend,2.0,2024,Spanish Grand Prix,2024-06-23
RUS,Mercedes,4.0,5.499724021773045,5.542698352673896,6.801928876683655,5.775206008570464,5,4,5.0,5.0,5,0.0,8.0,8.0,8.0,8.0,8.0,8.0,0.0,0.0,1.0,0.0,1.0,ensemble_grid_blend,4.0,2024,Spanish Grand Prix,2024-06-23
SAI,Ferrari,6.0,6.071063288439818,5.467899311437357,5.703971499023733,5.7865375386057405,6,6,6.0,6.0,6,0.0,7.0,7.0,7.0,7.0,7.0,7.0,0.0,0.0,1.0,1.0,1.0,ensemble_grid_blend,6.0,2024,Spanish Grand Prix,2024-06-23
HAM,Mercedes,3.0,5.965017696576351,6.006321861109907,7.0899304913420105,6.204456713116228,7,3,7.0,7.0,7,0.0,6.0,6.0,6.0,6.0,6.0,6.0,0.0,0.0,1.0,1.0,1.0,ensemble_grid_blend,3.0,2024,Spanish Grand Prix,2024-06-23
PIA,McLaren,9.0,5.850904144742776,6.401636568745268,6.922082325825111,6.257896129360116,8,9,8.0,8.0,8,0.0,3.0,3.0,3.0,3.0,3.0,3.0,0.0,1.0,1.0,0.0,1.0,ensemble_grid_blend,7.0,2024,Spanish Grand Prix,2024-06-23
ALO,Aston Martin,10.0,10.017827352530524,10.111638625878523,10.269193507556738,10.100934529207567,9,10,9.0,9.0,9,0.0,12.0,12.0,12.0,12.0,12.0,12.0,0.0,0.0,0.0,0.0,1.0,ensemble_grid_blend,12.0,2024,Spanish Grand Prix,2024-06-23
STR,Aston Martin,14.0,11.204538802529052,11.472166698564582,11.595987458821432,11.376498297399964,10,14,10.0,10.0,10,0.0,9.0,9.0,9.0,9.0,9.0,9.0,0.0,0.0,1.0,1.0,1.0,ensemble_grid_blend,14.0,2024,Spanish Grand Prix,2024-06-23
OCO,Alpine,8.0,10.974310297640354,11.607406525542963,12.107873999000084,11.422606717678214,11,8,11.0,11.0,11,0.0,13.0,13.0,13.0,13.0,13.0,13.0,0.0,0.0,0.0,0.0,1.0,ensemble_grid_blend,10.0,2024,Spanish Grand Prix,2024-06-23
TSU,Racing Bulls,17.0,11.42601590010847,12.044553266948258,11.698998296588691,11.697100457798438,12,17,12.0,12.0,12,0.0,10.0,10.0,10.0,10.0,10.0,10.0,0.0,0.0,1.0,0.0,1.0,ensemble_grid_blend,19.0,2024,Spanish Grand Prix,2024-06-23
GAS,Alpine,7.0,12.11207857707303,12.395707261940956,12.668658112711867,12.322664523904571,13,7,13.0,13.0,13,0.0,15.0,15.0,15.0,15.0,15.0,15.0,0.0,0.0,0.0,0.0,1.0,ensemble_grid_blend,9.0,2024,Spanish Grand Prix,2024-06-23
ALB,Williams,20.0,11.94966425730362,12.573214750891957,12.837401121938088,12.34545430298643,14,20,14.0,14.0,14,0.0,11.0,11.0,11.0,11.0,11.0,11.0,0.0,0.0,0.0,0.0,1.0,ensemble_grid_blend,18.0,2024,Spanish Grand Prix,2024-06-23
RIC,Racing Bulls,18.0,12.898859218980544,12.52586417455311,12.436124355483571,12.675763980731546,15,18,15.0,15.0,15,0.0,14.0,14.0,14.0,14.0,14.0,14.0,0.0,0.0,0.0,1.0,1.0,ensemble_grid_blend,15.0,2024,Spanish Grand Prix,2024-06-23
HUL,Haas F1 Team,13.0,12.067796318703344,13.082350969786148,13.511891802339818,12.71170954330962,16,13,16.0,16.0,16,0.0,19.0,19.0,19.0,19.0,19.0,19.0,0.0,0.0,0.0,0.0,1.0,ensemble_grid_blend,11.0,2024,Spanish Grand Prix,2024-06-23
SAR,Williams,19.0,14.517465338977564,14.568127745600396,15.455130818699335,14.72273027723991,17,19,17.0,17.0,17,0.0,16.0,16.0,16.0,16.0,16.0,16.0,0.0,0.0,0.0,1.0,1.0,ensemble_grid_blend,20.0,2024,Spanish Grand Prix,2024-06-23
BOT,Audi,12.0,15.255561620483554,14.77594952196926,15.079644139263225,15.052513889759487,18,12,18.0,18.0,18,0.0,17.0,17.0,17.0,17.0,17.0,17.0,0.0,0.0,0.0,1.0,1.0,ensemble_grid_blend,16.0,2024,Spanish Grand Prix,2024-06-23
ZHO,Audi,15.0,15.294210204407632,15.185945072170698,15.418483480976331,15.281172063438445,19,15,19.0,19.0,19,0.0,18.0,18.0,18.0,18.0,18.0,18.0,0.0,0.0,0.0,1.0,1.0,ensemble_grid_blend,13.0,2024,Spanish Grand Prix,2024-06-23
MAG,Haas F1 Team,16.0,15.525761661151291,15.15693080476169,14.977204551411425,15.286959439466957,20,16,20.0,20.0,20,0.0,20.0,20.0,20.0,20.0,20.0,20.0,0.0,0.0,0.0,1.0,1.0,ensemble_grid_blend,17.0,2024,Spanish Grand Prix,2024-06-23
VER,Red Bull Racing,1.0,2.319707476840889,3.1419424717868982,3.0785751123602907,2.7592632521758724,1,1,1.0,1.0,1,0.0,1.0,1.0,1.0,1.0,1.0,1.0,1.0,1.0,1.0,1.0,1.0,ensemble_grid_blend,5.0,2024,Austrian Grand Prix,2024-06-30
LEC,Ferrari,6.0,4.113790463751151,4.749814162417724,4.279220742293411,4.369484813992903,2,6,2.0,2.0,2,0.0,4.0,4.0,4.0,4.0,4.0,4.0,0.0,0.0,1.0,0.0,1.0,ensemble_grid_blend,11.0,2024,Austrian Grand Prix,2024-06-30
NOR,McLaren,2.0,4.743865547300189,5.190458784679375,4.184856394146977,4.7883713497522615,3,2,3.0,3.0,3,0.0,3.0,3.0,3.0,3.0,3.0,3.0,0.0,1.0,1.0,1.0,1.0,ensemble_grid_blend,20.0,2024,Austrian Grand Prix,2024-06-30
PER,Red Bull Racing,8.0,4.902125686806736,5.037717143967142,5.364940362321235,5.042145631915778,4,8,4.0,4.0,4,0.0,2.0,2.0,2.0,2.0,2.0,2.0,0.0,1.0,1.0,0.0,1.0,ensemble_grid_blend,7.0,2024,Austrian Grand Prix,2024-06-30
RUS,Mercedes,3.0,5.68275573476723,5.77410382117882,5.6725088892342335,5.7126781959046875,5,3,5.0,5.0,5,0.0,7.0,7.0,7.0,7.0,7.0,7.0,0.0,0.0,1.0,0.0,1.0,ensemble_grid_blend,1.0,2024,Austrian Grand Prix,2024-06-30
SAI,Ferrari,4.0,7.365380192439238,6.444860217560217,5.27910597027633,6.625943356798999,6,4,6.0,6.0,6,0.0,5.0,5.0,5.0,5.0,5.0,5.0,0.0,0.0,1.0,1.0,1.0,ensemble_grid_blend,3.0,2024,Austrian Grand Prix,2024-06-30
HAM,Mercedes,5.0,7.325127763076714,6.864664965443909,5.831201338592169,6.865180499008323,7,5,7.0,7.0,7,0.0,8.0,8.0,8.0,8.0,8.0,8.0,0.0,0.0,1.0,1.0,1.0,ensemble_grid_blend,4.0,2024,Austrian Grand Prix,2024-06-30
PIA,McLaren,7.0,7.346422951686558,7.063503167747288,6.37300081096792,7.052716599164086,8,7,8.0,8.0,8,0.0,6.0,6.0,6.0,6.0,6.0,6.0,0.0,0.0,1.0,0.0,1.0,ensemble_grid_blend,2.0,2024,Austrian Grand Prix,2024-06-30
ALO,Aston Martin,15.0,10.354386928338457,10.474061183599176,10.069125939128684,10.339220719837755,9,15,9.0,9.0,9,0.0,9.0,9.0,9.0,9.0,9.0,9.0,0.0,0.0,1.0,1.0,1.0,ensemble_grid_blend,18.0,2024,Austrian Grand Prix,2024-06-30
GAS,Alpine,13.0,11.167288554631169,11.37890570476404,11.035197062113536,11.214936258674147,10,13,10.0,10.0,10,0.0,10.0,10.0,10.0,10.0,10.0,10.0,0.0,0.0,1.0,1.0,1.0,ensemble_grid_blend,10.0,2024,Austrian Grand Prix,2024-06-30
OCO,Alpine,10.0,12.331754834988821,12.14097772741391,11.004510858070283,11.999534051953896,11,10,11.0,11.0,11,0.0,17.0,17.0,17.0,17.0,17.0,17.0,0.0,0.0,0.0,0.0,1.0,ensemble_grid_blend,12.0,2024,Austrian Grand Prix,2024-06-30
HUL,Haas F1 Team,9.0,11.808979598864287,12.00536557886558,12.464505996769313,12.008819971445746,12,9,12.0,12.0,12,0.0,11.0,11.0,11.0,11.0,11.0,11.0,0.0,0.0,0.0,1.0,1.0,ensemble_grid_blend,6.0,2024,Austrian Grand Prix,2024-06-30
STR,Aston Martin,17.0,12.164432963150254,12.133734608958296,11.693927337774308,12.05958741410788,13,17,13.0,13.0,13,0.0,12.0,12.0,12.0,12.0,12.0,12.0,0.0,0.0,0.0,1.0,1.0,ensemble_grid_blend,13.0,2024,Austrian Grand Prix,2024-06-30
RIC,Racing Bulls,11.0,12.373334052740633,12.231236519486522,13.317785001903516,12.512490105934269,14,11,14.0,14.0,14,0.0,14.0,14.0,14.0,14.0,14.0,14.0,0.0,0.0,0.0,1.0,1.0,ensemble_grid_blend,9.0,2024,Austrian Grand Prix,2024-06-30
TSU,Racing Bulls,14.0,12.695465794163866,12.578231903996416,13.226677139788052,12.760676201730094,15,14,15.0,15.0,15,0.0,15.0,15.0,15.0,15.0,15.0,15.0,0.0,0.0,0.0,1.0,1.0,ensemble_grid_blend,14.0,2024,Austrian Grand Prix,2024-06-30
MAG,Haas F1 Team,12.0,13.374286520337797,12.614052018824044,14.245017311341893,13.282350603008801,16,12,16.0,16.0,16,0.0,13.0,13.0,13.0,13.0,13.0,13.0,0.0,0.0,0.0,0.0,1.0,ensemble_grid_blend,8.0,2024,Austrian Grand Prix,2024-06-30
ALB,Williams,16.0,14.07784585534104,14.648039118490205,14.104392762769788,14.282722878928997,17,16,17.0,17.0,17,0.0,16.0,16.0,16.0,16.0,16.0,16.0,0.0,0.0,0.0,1.0,1.0,ensemble_grid_blend,15.0,2024,Austrian Grand Prix,2024-06-30
BOT,Audi,18.0,15.219083117742695,14.991121903193896,14.582695700643086,15.012019209230694,18,18,18.0,18.0,18,0.0,18.0,18.0,18.0,18.0,18.0,18.0,0.0,0.0,0.0,1.0,1.0,ensemble_grid_blend,16.0,2024,Austrian Grand Prix,2024-06-30
ZHO,Audi,20.0,15.378707181447846,15.183997173756673,14.556253036170284,15.146067849700424,19,20,19.0,19.0,19,0.0,19.0,19.0,19.0,19.0,19.0,19.0,0.0,0.0,0.0,1.0,1.0,ensemble_grid_blend,17.0,2024,Austrian Grand Prix,2024-06-30
SAR,Williams,19.0,15.653327864929322,15.891781578715403,16.556041221047103,15.917329335978007,20,19,20.0,20.0,20,0.0,20.0,20.0,20.0,20.0,20.0,20.0,0.0,0.0,0.0,1.0,1.0,ensemble_grid_blend,19.0,2024,Austrian Grand Prix,2024-06-30
VER,Red Bull Racing,4.0,2.2945781607154596,2.7763313722567755,3.0469316653290246,2.613662485677633,1,3,1.0,1.0,1,0.0,1.0,1.0,1.0,1.0,1.0,1.0,1.0,1.0,1.0,1.0,1.0,ensemble_grid_blend,2.0,2024,British Grand Prix,2024-07-07
SAI,Ferrari,7.0,5.010221358392693,5.47354142494932,4.809599551222208,5.132259020253415,2,6,2.0,2.0,2,0.0,2.0,2.0,2.0,2.0,2.0,2.0,0.0,1.0,1.0,1.0,1.0,ensemble_grid_blend,5.0,2024,British Grand Prix,2024-07-07
HAM,Mercedes,2.0,5.785971444955092,5.498378469999214,4.644213185363615,5.456962251802239,3,1,3.0,3.0,3,0.0,6.0,6.0,6.0,6.0,6.0,6.0,0.0,0.0,1.0,0.0,1.0,ensemble_grid_blend,1.0,2024,British Grand Prix,2024-07-07
PER,Red Bull Racing,20.0,5.707254419767718,6.365577228327228,5.33505144344663,5.863226807499329,4,18,4.0,4.0,4,0.0,3.0,3.0,3.0,3.0,3.0,3.0,0.0,1.0,1.0,1.0,1.0,ensemble_grid_blend,17.0,2024,British Grand Prix,2024-07-07
LEC,Ferrari,11.0,5.852505640859891,6.846136810901515,5.153634789358701,6.060502380074222,5,10,5.0,5.0,5,0.0,4.0,4.0,4.0,4.0,4.0,4.0,0.0,0.0,1.0,1.0,1.0,ensemble_grid_blend,14.0,2024,British Grand Prix,2024-07-07
NOR,McLaren,3.0,6.702844529056619,7.314265586322862,6.5711851816786915,6.8905100296242185,6,2,6.0,6.0,6,0.0,5.0,5.0,5.0,5.0,5.0,5.0,0.0,0.0,1.0,1.0,1.0,ensemble_grid_blend,3.0,2024,British Grand Prix,2024-07-07
PIA,McLaren,5.0,7.497550346850383,7.70147744902157,6.20198444140547,7.309811651521315,7,4,7.0,7.0,7,0.0,7.0,7.0,7.0,7.0,7.0,7.0,0.0,0.0,1.0,1.0,1.0,ensemble_grid_blend,4.0,2024,British Grand Prix,2024-07-07
STR,Aston Martin,8.0,10.163038133372062,9.95349615180571,11.540362140563115,10.36516324126205,8,7,8.0,8.0,8,0.0,12.0,12.0,12.0,12.0,12.0,12.0,0.0,0.0,0.0,0.0,1.0,ensemble_grid_blend,7.0,2024,British Grand Prix,2024-07-07
ALO,Aston Martin,10.0,10.5084681084195,10.39358430979925,11.038230684120427,10.574211294042597,9,9,9.0,9.0,9,0.0,11.0,11.0,11.0,11.0,11.0,11.0,0.0,0.0,0.0,0.0,1.0,ensemble_grid_blend,8.0,2024,British Grand Prix,2024-07-07
HUL,Haas F1 Team,6.0,10.584806958870963,10.93635180801533,10.34550075639353,10.659986415576004,10,5,10.0,10.0,10,0.0,15.0,15.0,15.0,15.0,15.0,15.0,0.0,0.0,0.0,0.0,1.0,ensemble_grid_blend,6.0,2024,British Grand Prix,2024-07-07
RIC,Racing Bulls,15.0,10.699035756037194,10.68682894727451,12.115691962641545,10.978094614291123,11,14,11.0,11.0,11,0.0,9.0,9.0,9.0,9.0,9.0,9.0,0.0,0.0,1.0,0.0,1.0,ensemble_grid_blend,13.0,2024,British Grand Prix,2024-07-07
OCO,Alpine,18.0,11.185055256628434,11.427392914016716,10.495032499260436,11.131868885240733,12,17,12.0,12.0,12,0.0,8.0,8.0,8.0,8.0,8.0,8.0,0.0,0.0,1.0,0.0,1.0,ensemble_grid_blend,16.0,2024,British Grand Prix,2024-07-07
MAG,Haas F1 Team,17.0,12.072890403974837,11.294928642631167,12.11789942797186,11.809605592303956,13,16,13.0,13.0,13,0.0,14.0,14.0,14.0,14.0,14.0,14.0,0.0,0.0,0.0,1.0,1.0,ensemble_grid_blend,12.0,2024,British Grand Prix,2024-07-07
TSU,Racing Bulls,13.0,12.098056580111058,12.219847915894894,12.954159506913232,12.311904132995835,14,12,14.0,14.0,14,0.0,10.0,10.0,10.0,10.0,10.0,10.0,0.0,0.0,1.0,0.0,1.0,ensemble_grid_blend,10.0,2024,British Grand Prix,2024-07-07
ALB,Williams,9.0,13.403461493712811,13.62944591519591,13.671267474008928,13.536117237291121,15,8,15.0,15.0,15,0.0,13.0,13.0,13.0,13.0,13.0,13.0,0.0,0.0,0.0,0.0,1.0,ensemble_grid_blend,9.0,2024,British Grand Prix,2024-07-07
BOT,Audi,16.0,15.170091535609112,14.859562159353375,14.473294572204875,14.922046861238755,16,15,16.0,16.0,16,0.0,18.0,18.0,18.0,18.0,18.0,18.0,0.0,0.0,0.0,0.0,1.0,ensemble_grid_blend,15.0,2024,British Grand Prix,2024-07-07
ZHO,Audi,14.0,15.14979914944706,14.910199511767045,14.466845739377044,14.929348594245054,17,13,17.0,17.0,17,0.0,17.0,17.0,17.0,17.0,17.0,17.0,0.0,0.0,0.0,1.0,1.0,ensemble_grid_blend,18.0,2024,British Grand Prix,2024-07-07
SAR,Williams,12.0,15.951224028826296,15.186045165210617,16.177201021435884,15.728606825082725,18,11,18.0,18.0,18,0.0,16.0,16.0,16.0,16.0,16.0,16.0,0.0,0.0,0.0,0.0,1.0,ensemble_grid_blend,11.0,2024,British Grand Prix,2024-07-07
VER,Red Bull Racing,3.0,3.3852418231953942,4.382312855769925,4.146854403491209,3.8865392006556427,1,3,1.0,1.0,1,0.0,5.0,5.0,5.0,5.0,5.0,5.0,0.0,0.0,1.0,0.0,1.0,ensemble_grid_blend,5.0,2024,Hungarian Grand Prix,2024-07-21
RUS,Mercedes,17.0,4.764695968400215,4.959622830103968,4.565752089903249,4.793131594297135,2,17,2.0,2.0,2,0.0,1.0,1.0,1.0,1.0,1.0,1.0,1.0,1.0,1.0,1.0,1.0,ensemble_grid_blend,8.0,2024,Hungarian Grand Prix,2024-07-21
HAM,Mercedes,5.0,4.818931007196315,5.029382580974012,4.585922320005082,4.845987320580262,3,5,3.0,3.0,3,0.0,2.0,2.0,2.0,2.0,2.0,2.0,0.0,1.0,1.0,1.0,1.0,ensemble_grid_blend,3.0,2024,Hungarian Grand Prix,2024-07-21
NOR,McLaren,1.0,6.995094098104667,6.433731567044066,6.506716902013995,6.700941773015322,4,1,4.0,4.0,4,0.0,3.0,3.0,3.0,3.0,3.0,3.0,0.0,1.0,1.0,1.0,1.0,ensemble_grid_blend,2.0,2024,Hungarian Grand Prix,2024-07-21
PIA,McLaren,2.0,7.051403858773897,6.89176627100969,6.0754862098839455,6.800347173278434,5,2,5.0,5.0,5,0.0,7.0,7.0,7.0,7.0,7.0,7.0,0.0,0.0,1.0,0.0,1.0,ensemble_grid_blend,1.0,2024,Hungarian Grand Prix,2024-07-21
LEC,Ferrari,6.0,7.3441834666315025,7.010435951767116,7.475907289691814,7.253716601041029,6,6,6.0,6.0,6,0.0,4.0,4.0,4.0,4.0,4.0,4.0,0.0,0.0,1.0,0.0,1.0,ensemble_grid_blend,4.0,2024,Hungarian Grand Prix,2024-07-21
SAI,Ferrari,4.0,7.771709043405625,7.672341602841597,5.827268252851741,7.348042281097439,7,4,7.0,7.0,7,0.0,6.0,6.0,6.0,6.0,6.0,6.0,0.0,0.0,1.0,1.0,1.0,ensemble_grid_blend,6.0,2024,Hungarian Grand Prix,2024-07-21
PER,Red Bull Racing,16.0,8.37003857630165,7.8101590289350415,7.987834531186707,8.09763992570035,8,16,8.0,8.0,8,0.0,8.0,8.0,8.0,8.0,8.0,8.0,0.0,0.0,1.0,1.0,1.0,ensemble_grid_blend,7.0,2024,Hungarian Grand Prix,2024-07-21
HUL,Haas F1 Team,11.0,10.977701464459212,10.546713197412846,9.922720556451234,10.615859389391389,9,11,9.0,9.0,9,0.0,11.0,11.0,11.0,11.0,11.0,11.0,0.0,0.0,0.0,0.0,1.0,ensemble_grid_blend,13.0,2024,Hungarian Grand Prix,2024-07-21
OCO,Alpine,19.0,10.132397253927492,10.735470274499383,11.823043842349453,10.681602128812045,10,19,10.0,10.0,10,0.0,13.0,13.0,13.0,13.0,13.0,13.0,0.0,0.0,0.0,0.0,1.0,ensemble_grid_blend,18.0,2024,Hungarian Grand Prix,2024-07-21
ALO,Aston Martin,7.0,10.50807896951446,10.716923669877772,11.151725946596006,10.70990401005793,11,7,11.0,11.0,11,0.0,9.0,9.0,9.0,9.0,9.0,9.0,0.0,0.0,1.0,0.0,1.0,ensemble_grid_blend,11.0,2024,Hungarian Grand Prix,2024-07-21
STR,Aston Martin,8.0,11.280329792745144,10.786594535782827,11.358126533335499,11.123081800926403,12,8,12.0,12.0,12,0.0,10.0,10.0,10.0,10.0,10.0,10.0,0.0,0.0,1.0,0.0,1.0,ensemble_grid_blend,10.0,2024,Hungarian Grand Prix,2024-07-21
RIC,Racing Bulls,9.0,12.226445627163873,12.036585169310975,12.641971854605355,12.243099712403655,13,9,13.0,13.0,13,0.0,14.0,14.0,14.0,14.0,14.0,14.0,0.0,0.0,0.0,1.0,1.0,ensemble_grid_blend,12.0,2024,Hungarian Grand Prix,2024-07-21
TSU,Racing Bulls,10.0,12.262655969346588,12.700395051436644,12.887742011313504,12.540881856471492,14,10,14.0,14.0,14,0.0,15.0,15.0,15.0,15.0,15.0,15.0,0.0,0.0,0.0,1.0,1.0,ensemble_grid_blend,9.0,2024,Hungarian Grand Prix,2024-07-21
ALB,Williams,13.0,13.171625603228232,12.594405908010748,13.198460755039202,12.974965740264308,15,13,15.0,15.0,15,0.0,12.0,12.0,12.0,12.0,12.0,12.0,0.0,0.0,0.0,0.0,1.0,ensemble_grid_blend,14.0,2024,Hungarian Grand Prix,2024-07-21
MAG,Haas F1 Team,15.0,13.692517092747202,13.379193279396656,12.320343797658763,13.308419099056824,16,15,16.0,16.0,16,0.0,16.0,16.0,16.0,16.0,16.0,16.0,0.0,0.0,0.0,1.0,1.0,ensemble_grid_blend,15.0,2024,Hungarian Grand Prix,2024-07-21
ZHO,Audi,18.0,14.69824834330898,15.025740605717811,15.245485942152657,14.922318154920806,17,18,17.0,17.0,17,0.0,19.0,19.0,19.0,19.0,19.0,19.0,0.0,0.0,0.0,0.0,1.0,ensemble_grid_blend,19.0,2024,Hungarian Grand Prix,2024-07-21
BOT,Audi,12.0,14.886118500082116,15.006373881755499,14.96075222128782,14.94313462790894,18,12,18.0,18.0,18,0.0,18.0,18.0,18.0,18.0,18.0,18.0,0.0,0.0,0.0,1.0,1.0,ensemble_grid_blend,16.0,2024,Hungarian Grand Prix,2024-07-21
SAR,Williams,14.0,15.105199457655095,15.26870381932882,15.441909192768856,15.229767931263652,19,14,19.0,19.0,19,0.0,17.0,17.0,17.0,17.0,17.0,17.0,0.0,0.0,0.0,0.0,1.0,ensemble_grid_blend,17.0,2024,Hungarian Grand Prix,2024-07-21
VER,Red Bull Racing,11.0,4.3478342488833475,4.995280733155734,4.452578579270931,4.595389384456199,1,11,1.0,1.0,1,0.0,1.0,1.0,1.0,1.0,1.0,1.0,1.0,1.0,1.0,1.0,1.0,ensemble_grid_blend,4.0,2024,Belgian Grand Prix,2024-07-28
PIA,McLaren,5.0,4.3298502801642345,5.2980614548849845,4.7303847361739155,4.748831082518434,2,5,2.0,2.0,2,0.0,4.0,4.0,4.0,4.0,4.0,4.0,0.0,0.0,1.0,0.0,1.0,ensemble_grid_blend,2.0,2024,Belgian Grand Prix,2024-07-28
RUS,Mercedes,6.0,5.5383833694061675,5.190536283161283,4.346553312988302,5.178270877936885,3,6,3.0,3.0,3,0.0,8.0,8.0,8.0,8.0,8.0,8.0,0.0,0.0,1.0,0.0,1.0,ensemble_grid_blend,20.0,2024,Belgian Grand Prix,2024-07-28
HAM,Mercedes,3.0,5.332197088559006,5.816245430996593,3.7223177058717845,5.179638131874718,4,3,4.0,4.0,4,0.0,6.0,6.0,6.0,6.0,6.0,6.0,0.0,0.0,1.0,0.0,1.0,ensemble_grid_blend,1.0,2024,Belgian Grand Prix,2024-07-28
NOR,McLaren,4.0,5.031671425624793,5.807104467900519,5.625019963906899,5.421742698077718,5,4,5.0,5.0,5,0.0,2.0,2.0,2.0,2.0,2.0,2.0,0.0,1.0,1.0,0.0,1.0,ensemble_grid_blend,5.0,2024,Belgian Grand Prix,2024-07-28
SAI,Ferrari,7.0,5.846423786016575,5.616909923409923,5.686960542760941,5.7342012854531195,6,7,6.0,6.0,6,0.0,3.0,3.0,3.0,3.0,3.0,3.0,0.0,1.0,1.0,0.0,1.0,ensemble_grid_blend,6.0,2024,Belgian Grand Prix,2024-07-28
LEC,Ferrari,1.0,5.577406328504435,5.959264883465348,7.034668624386153,6.002509281917098,7,1,7.0,7.0,7,0.0,5.0,5.0,5.0,5.0,5.0,5.0,0.0,0.0,1.0,0.0,1.0,ensemble_grid_blend,3.0,2024,Belgian Grand Prix,2024-07-28
PER,Red Bull Racing,2.0,7.452907122192048,7.49867623308065,7.8481252400382555,7.547969934572301,8,2,8.0,8.0,8,0.0,7.0,7.0,7.0,7.0,7.0,7.0,0.0,0.0,1.0,1.0,1.0,ensemble_grid_blend,7.0,2024,Belgian Grand Prix,2024-07-28
HUL,Haas F1 Team,16.0,11.216738215537408,10.962027518147561,9.306778616859663,10.745597551715413,9,16,9.0,9.0,9,0.0,9.0,9.0,9.0,9.0,9.0,9.0,0.0,0.0,1.0,1.0,1.0,ensemble_grid_blend,18.0,2024,Belgian Grand Prix,2024-07-28
TSU,Racing Bulls,20.0,10.638300978739071,11.216361291486288,10.862470851898532,10.885456062832489,10,19,10.0,10.0,10,0.0,13.0,13.0,13.0,13.0,13.0,13.0,0.0,0.0,0.0,0.0,1.0,ensemble_grid_blend,16.0,2024,Belgian Grand Prix,2024-07-28
ALO,Aston Martin,8.0,10.893888851432518,11.34671411442963,10.555295115366748,10.984658946268354,11,8,11.0,11.0,11,0.0,12.0,12.0,12.0,12.0,12.0,12.0,0.0,0.0,0.0,1.0,1.0,ensemble_grid_blend,8.0,2024,Belgian Grand Prix,2024-07-28
STR,Aston Martin,15.0,10.955200363991421,11.436520800436117,10.411368315471247,11.014896107043029,12,15,12.0,12.0,12,0.0,11.0,11.0,11.0,11.0,11.0,11.0,0.0,0.0,0.0,1.0,1.0,ensemble_grid_blend,11.0,2024,Belgian Grand Prix,2024-07-28
RIC,Racing Bulls,13.0,10.907380663224842,11.308243239851937,11.23661494763236,11.11352942192583,13,13,13.0,13.0,13,0.0,14.0,14.0,14.0,14.0,14.0,14.0,0.0,0.0,0.0,1.0,1.0,ensemble_grid_blend,10.0,2024,Belgian Grand Prix,2024-07-28
GAS,Alpine,12.0,12.887061169319429,12.625811736108636,11.951740243774653,12.608559682586694,14,12,14.0,14.0,14,0.0,10.0,10.0,10.0,10.0,10.0,10.0,0.0,0.0,1.0,0.0,1.0,ensemble_grid_blend,13.0,2024,Belgian Grand Prix,2024-07-28
ALB,Williams,10.0,12.820633724565019,12.758076895326893,12.418472432468517,12.718306575912374,15,10,15.0,15.0,15,0.0,16.0,16.0,16.0,16.0,16.0,16.0,0.0,0.0,0.0,1.0,1.0,ensemble_grid_blend,12.0,2024,Belgian Grand Prix,2024-07-28
MAG,Haas F1 Team,17.0,13.766083147206892,12.618406426182398,11.400745327439086,12.891328730894758,16,17,16.0,16.0,16,0.0,15.0,15.0,15.0,15.0,15.0,15.0,0.0,0.0,0.0,1.0,1.0,ensemble_grid_blend,14.0,2024,Belgian Grand Prix,2024-07-28
OCO,Alpine,9.0,14.678716916757088,14.061038605717945,13.512396656216685,14.229265455785308,17,9,17.0,17.0,17,0.0,18.0,18.0,18.0,18.0,18.0,18.0,0.0,0.0,0.0,1.0,1.0,ensemble_grid_blend,9.0,2024,Belgian Grand Prix,2024-07-28
BOT,Audi,14.0,14.37098002255078,14.686855880230878,15.049342874506426,14.617209143129942,18,14,18.0,18.0,18,0.0,17.0,17.0,17.0,17.0,17.0,17.0,0.0,0.0,0.0,1.0,1.0,ensemble_grid_blend,15.0,2024,Belgian Grand Prix,2024-07-28
SAR,Williams,18.0,14.557322605028121,14.75138193056943,14.671457000522015,14.648070248066357,19,18,19.0,19.0,19,0.0,19.0,19.0,19.0,19.0,19.0,19.0,0.0,0.0,0.0,1.0,1.0,ensemble_grid_blend,17.0,2024,Belgian Grand Prix,2024-07-28
PIA,McLaren,3.0,3.7906303303899005,5.002377186375716,3.8441583087814966,4.2254473256632545,1,3,1.0,1.0,1,0.0,2.0,2.0,2.0,2.0,2.0,2.0,0.0,1.0,1.0,1.0,1.0,ensemble_grid_blend,4.0,2024,Dutch Grand Prix,2024-08-25
HAM,Mercedes,14.0,4.581290331880182,4.2071371610415715,4.511311576682038,4.43634097104704,2,14,2.0,2.0,2,0.0,1.0,1.0,1.0,1.0,1.0,1.0,1.0,1.0,1.0,1.0,1.0,ensemble_grid_blend,8.0,2024,Dutch Grand Prix,2024-08-25
VER,Red Bull Racing,2.0,4.797076787238126,5.179500888000889,4.522570958766637,4.876024056810795,3,2,3.0,3.0,3,0.0,4.0,4.0,4.0,4.0,4.0,4.0,0.0,0.0,1.0,1.0,1.0,ensemble_grid_blend,2.0,2024,Dutch Grand Prix,2024-08-25
NOR,McLaren,1.0,4.838866749233428,5.453147524697524,4.112894255526012,4.908670521904378,4,1,4.0,4.0,4,0.0,3.0,3.0,3.0,3.0,3.0,3.0,0.0,1.0,1.0,1.0,1.0,ensemble_grid_blend,1.0,2024,Dutch Grand Prix,2024-08-25
LEC,Ferrari,6.0,6.121054173196931,6.919164765789768,5.980014364077931,6.372184918780623,5,6,5.0,5.0,5,0.0,5.0,5.0,5.0,5.0,5.0,5.0,0.0,0.0,1.0,1.0,1.0,ensemble_grid_blend,3.0,2024,Dutch Grand Prix,2024-08-25
SAI,Ferrari,10.0,7.071335588901021,7.613970626595626,5.655910987722029,6.978172931858334,6,10,6.0,6.0,6,0.0,7.0,7.0,7.0,7.0,7.0,7.0,0.0,0.0,1.0,1.0,1.0,ensemble_grid_blend,5.0,2024,Dutch Grand Prix,2024-08-25
PER,Red Bull Racing,5.0,7.736541666567689,7.1884395312290055,7.757207688259744,7.54883912353756,7,5,7.0,7.0,7,0.0,12.0,12.0,12.0,12.0,12.0,12.0,0.0,0.0,0.0,0.0,1.0,ensemble_grid_blend,6.0,2024,Dutch Grand Prix,2024-08-25
RUS,Mercedes,4.0,7.445098561452425,7.8561896706301795,7.415354061522002,7.583031549678554,8,4,8.0,8.0,8,0.0,6.0,6.0,6.0,6.0,6.0,6.0,0.0,0.0,1.0,0.0,1.0,ensemble_grid_blend,7.0,2024,Dutch Grand Prix,2024-08-25
ALO,Aston Martin,7.0,9.920622696184378,10.19917704002763,9.593791475511495,9.95275047239494,9,7,9.0,9.0,9,0.0,9.0,9.0,9.0,9.0,9.0,9.0,0.0,0.0,1.0,1.0,1.0,ensemble_grid_blend,10.0,2024,Dutch Grand Prix,2024-08-25
STR,Aston Martin,8.0,10.374257269015107,10.109948513881463,10.145248287111615,10.235947408337633,10,8,10.0,10.0,10,0.0,10.0,10.0,10.0,10.0,10.0,10.0,0.0,0.0,1.0,1.0,1.0,ensemble_grid_blend,13.0,2024,Dutch Grand Prix,2024-08-25
RIC,Racing Bulls,13.0,10.580365419377438,10.391486381673882,11.560547749512818,10.710294222208269,11,13,11.0,11.0,11,0.0,8.0,8.0,8.0,8.0,8.0,8.0,0.0,0.0,1.0,0.0,1.0,ensemble_grid_blend,12.0,2024,Dutch Grand Prix,2024-08-25
TSU,Racing Bulls,11.0,10.861916163261593,10.65500949443069,11.75526844299235,10.968169285116929,12,11,12.0,12.0,12,0.0,16.0,16.0,16.0,16.0,16.0,16.0,0.0,0.0,0.0,0.0,1.0,ensemble_grid_blend,17.0,2024,Dutch Grand Prix,2024-08-25
HUL,Haas F1 Team,12.0,10.928425297042152,11.153290270595416,11.953217885364712,11.212086555450306,13,12,13.0,13.0,13,0.0,11.0,11.0,11.0,11.0,11.0,11.0,0.0,0.0,0.0,0.0,1.0,ensemble_grid_blend,11.0,2024,Dutch Grand Prix,2024-08-25
ALB,Williams,19.0,11.646975982758194,11.645169946475097,12.289189028763033,11.77478647926008,14,19,14.0,14.0,14,0.0,13.0,13.0,13.0,13.0,13.0,13.0,0.0,0.0,0.0,1.0,1.0,ensemble_grid_blend,14.0,2024,Dutch Grand Prix,2024-08-25
GAS,Alpine,9.0,12.468651960608504,12.137900155400159,12.309888615783574,12.321136159820597,15,9,15.0,15.0,15,0.0,15.0,15.0,15.0,15.0,15.0,15.0,0.0,0.0,0.0,1.0,1.0,ensemble_grid_blend,9.0,2024,Dutch Grand Prix,2024-08-25
MAG,Haas F1 Team,20.0,12.584557155132359,13.023528108787355,13.274955873142755,12.876276732513686,16,20,16.0,16.0,16,0.0,14.0,14.0,14.0,14.0,14.0,14.0,0.0,0.0,0.0,0.0,1.0,ensemble_grid_blend,18.0,2024,Dutch Grand Prix,2024-08-25
OCO,Alpine,15.0,13.273063139490908,12.846366328116332,13.079017952997134,13.084910218211052,17,15,17.0,17.0,17,0.0,17.0,17.0,17.0,17.0,17.0,17.0,0.0,0.0,0.0,1.0,1.0,ensemble_grid_blend,15.0,2024,Dutch Grand Prix,2024-08-25
SAR,Williams,18.0,15.00750502662302,14.779066605584669,14.80003231464669,14.886057036864333,18,18,18.0,18.0,18,0.0,18.0,18.0,18.0,18.0,18.0,18.0,0.0,0.0,0.0,1.0,1.0,ensemble_grid_blend,16.0,2024,Dutch Grand Prix,2024-08-25
BOT,Audi,16.0,14.987027169973853,14.741046307321847,14.943633456545825,14.892255125360045,19,16,19.0,19.0,19,0.0,20.0,20.0,20.0,20.0,20.0,20.0,0.0,0.0,0.0,1.0,1.0,ensemble_grid_blend,19.0,2024,Dutch Grand Prix,2024-08-25
ZHO,Audi,17.0,14.900061060583635,15.140327609353154,15.786530072939364,15.161448155124111,20,17,20.0,20.0,20,0.0,19.0,19.0,19.0,19.0,19.0,19.0,0.0,0.0,0.0,1.0,1.0,ensemble_grid_blend,20.0,2024,Dutch Grand Prix,2024-08-25
PIA,McLaren,2.0,4.205692888958605,4.493519039454906,4.0516355946491105,4.2756205827704115,1,2,1.0,1.0,1,0.0,1.0,1.0,1.0,1.0,1.0,1.0,1.0,1.0,1.0,1.0,1.0,ensemble_grid_blend,2.0,2024,Italian Grand Prix,2024-09-01
VER,Red Bull Racing,7.0,4.506531189858723,4.9140142992046165,4.200499651108419,4.587943970379725,2,7,2.0,2.0,2,0.0,6.0,6.0,6.0,6.0,6.0,6.0,0.0,0.0,1.0,0.0,1.0,ensemble_grid_blend,6.0,2024,Italian Grand Prix,2024-09-01
NOR,McLaren,1.0,5.437726878776139,5.188905410737561,4.003268657265963,5.063747720660602,3,1,3.0,3.0,3,0.0,5.0,5.0,5.0,5.0,5.0,5.0,0.0,0.0,1.0,0.0,1.0,ensemble_grid_blend,3.0,2024,Italian Grand Prix,2024-09-01
LEC,Ferrari,4.0,5.329425772509748,5.209055401484689,5.181980203951892,5.257807028939407,4,4,4.0,4.0,4,0.0,3.0,3.0,3.0,3.0,3.0,3.0,0.0,1.0,1.0,1.0,1.0,ensemble_grid_blend,1.0,2024,Italian Grand Prix,2024-09-01
HAM,Mercedes,6.0,5.372256461849333,5.466007551401129,6.110211375962198,5.552660326015034,5,6,5.0,5.0,5,0.0,7.0,7.0,7.0,7.0,7.0,7.0,0.0,0.0,1.0,0.0,1.0,ensemble_grid_blend,5.0,2024,Italian Grand Prix,2024-09-01
SAI,Ferrari,5.0,6.714295386293786,5.812637566357433,5.531377956129781,6.162131663283262,6,5,6.0,6.0,6,0.0,2.0,2.0,2.0,2.0,2.0,2.0,0.0,1.0,1.0,0.0,1.0,ensemble_grid_blend,4.0,2024,Italian Grand Prix,2024-09-01
PER,Red Bull Racing,8.0,5.972399697115171,6.256488676528149,7.015535062116399,6.2804579129099585,7,8,7.0,7.0,7,0.0,4.0,4.0,4.0,4.0,4.0,4.0,0.0,0.0,1.0,0.0,1.0,ensemble_grid_blend,8.0,2024,Italian Grand Prix,2024-09-01
RUS,Mercedes,3.0,7.735935254678298,7.8351065617389155,8.85914477647395,7.995287116508645,8,3,8.0,8.0,8,0.0,8.0,8.0,8.0,8.0,8.0,8.0,0.0,0.0,1.0,1.0,1.0,ensemble_grid_blend,7.0,2024,Italian Grand Prix,2024-09-01
ALO,Aston Martin,11.0,10.292152277459595,11.990086804848376,10.18121252319221,10.864241411192191,9,11,9.0,9.0,9,0.0,10.0,10.0,10.0,10.0,10.0,10.0,0.0,0.0,1.0,1.0,1.0,ensemble_grid_blend,11.0,2024,Italian Grand Prix,2024-09-01
RIC,Racing Bulls,12.0,11.065783113299315,10.935645523647405,12.017778630740178,11.210634060409319,10,12,10.0,10.0,10,0.0,9.0,9.0,9.0,9.0,9.0,9.0,0.0,0.0,1.0,1.0,1.0,ensemble_grid_blend,13.0,2024,Italian Grand Prix,2024-09-01
GAS,Alpine,14.0,11.685565112667282,11.565481121583097,12.137746429992452,11.733971979252853,11,14,11.0,11.0,11,0.0,11.0,11.0,11.0,11.0,11.0,11.0,0.0,0.0,0.0,1.0,1.0,ensemble_grid_blend,15.0,2024,Italian Grand Prix,2024-09-01
STR,Aston Martin,17.0,12.539912784978892,12.196733492895996,11.09121483552125,12.130060442858351,12,16,12.0,12.0,12,0.0,14.0,14.0,14.0,14.0,14.0,14.0,0.0,0.0,0.0,0.0,1.0,ensemble_grid_blend,19.0,2024,Italian Grand Prix,2024-09-01
COL,Williams,18.0,12.730413196572263,12.560989380829895,12.228757726390286,12.570783767026038,13,17,13.0,13.0,13,0.0,12.0,12.0,12.0,12.0,12.0,12.0,0.0,0.0,0.0,1.0,1.0,ensemble_grid_blend,12.0,2024,Italian Grand Prix,2024-09-01
OCO,Alpine,15.0,12.920471601305978,12.744142836330338,13.295986146069412,12.93385944251719,14,15,14.0,14.0,14,0.0,15.0,15.0,15.0,15.0,15.0,15.0,0.0,0.0,0.0,1.0,1.0,ensemble_grid_blend,14.0,2024,Italian Grand Prix,2024-09-01
ALB,Williams,9.0,12.983186525059171,12.990401868964364,13.329366839363267,13.054947958286807,15,9,15.0,15.0,15,0.0,13.0,13.0,13.0,13.0,13.0,13.0,0.0,0.0,0.0,0.0,1.0,ensemble_grid_blend,9.0,2024,Italian Grand Prix,2024-09-01
HUL,Haas F1 Team,10.0,13.373305406514858,13.18230563488444,12.927296356977134,13.217253676536666,16,10,16.0,16.0,16,0.0,16.0,16.0,16.0,16.0,16.0,16.0,0.0,0.0,0.0,1.0,1.0,ensemble_grid_blend,17.0,2024,Italian Grand Prix,2024-09-01
MAG,Haas F1 Team,13.0,15.692546945297272,15.345809260184266,14.650623568184447,15.362804080085155,17,13,17.0,17.0,17,0.0,17.0,17.0,17.0,17.0,17.0,17.0,0.0,0.0,0.0,1.0,1.0,ensemble_grid_blend,10.0,2024,Italian Grand Prix,2024-09-01
BOT,Audi,19.0,16.191696585883747,16.409913727354525,16.1240180970836,16.254536887638487,18,18,18.0,18.0,18,0.0,18.0,18.0,18.0,18.0,18.0,18.0,0.0,0.0,0.0,1.0,1.0,ensemble_grid_blend,16.0,2024,Italian Grand Prix,2024-09-01
ZHO,Audi,20.0,16.544104756176033,16.74454971636552,16.99291244399349,16.704022029805845,19,19,19.0,19.0,19,0.0,19.0,19.0,19.0,19.0,19.0,19.0,0.0,0.0,0.0,1.0,1.0,ensemble_grid_blend,18.0,2024,Italian Grand Prix,2024-09-01
LEC,Ferrari,1.0,3.3161757246812624,3.136692070047043,3.9050150781991535,3.371124316262864,1,1,1.0,1.0,1,0.0,3.0,3.0,3.0,3.0,3.0,3.0,0.0,1.0,1.0,0.0,1.0,ensemble_grid_blend,2.0,2024,Azerbaijan Grand Prix,2024-09-15
PIA,McLaren,2.0,3.5789652733094397,3.6676091411354697,3.53275933335291,3.6007494390572443,2,2,2.0,2.0,2,0.0,1.0,1.0,1.0,1.0,1.0,1.0,1.0,1.0,1.0,1.0,1.0,ensemble_grid_blend,1.0,2024,Azerbaijan Grand Prix,2024-09-15
NOR,McLaren,15.0,3.6390465982885214,3.723475794219228,3.5868752067290526,3.6581625385523746,3,14,3.0,3.0,3,0.0,2.0,2.0,2.0,2.0,2.0,2.0,0.0,1.0,1.0,1.0,1.0,ensemble_grid_blend,4.0,2024,Azerbaijan Grand Prix,2024-09-15
VER,Red Bull Racing,6.0,4.291561758339694,4.307721982469634,4.126941321712376,4.264293749459709,4,6,4.0,4.0,4,0.0,4.0,4.0,4.0,4.0,4.0,4.0,0.0,0.0,1.0,1.0,1.0,ensemble_grid_blend,5.0,2024,Azerbaijan Grand Prix,2024-09-15
PER,Red Bull Racing,4.0,5.496715166951478,6.212039627948087,6.7456237429770205,5.996860443505399,5,4,5.0,5.0,5,0.0,6.0,6.0,6.0,6.0,6.0,6.0,0.0,0.0,1.0,1.0,1.0,ensemble_grid_blend,17.0,2024,Azerbaijan Grand Prix,2024-09-15
SAI,Ferrari,3.0,6.897660082134805,6.820325069569269,4.5742460893776276,6.405910029185432,6,3,6.0,6.0,6,0.0,5.0,5.0,5.0,5.0,5.0,5.0,0.0,0.0,1.0,1.0,1.0,ensemble_grid_blend,18.0,2024,Azerbaijan Grand Prix,2024-09-15
HAM,Mercedes,19.0,7.795122804826416,7.893183384691242,5.988542515460279,7.4681279499058775,7,18,7.0,7.0,7,0.0,8.0,8.0,8.0,8.0,8.0,8.0,0.0,0.0,1.0,1.0,1.0,ensemble_grid_blend,9.0,2024,Azerbaijan Grand Prix,2024-09-15
RUS,Mercedes,5.0,8.204309949159855,8.913053524229214,8.52467569595837,8.516443349793834,8,5,8.0,8.0,8,0.0,7.0,7.0,7.0,7.0,7.0,7.0,0.0,0.0,1.0,1.0,1.0,ensemble_grid_blend,3.0,2024,Azerbaijan Grand Prix,2024-09-15
ALO,Aston Martin,7.0,10.593786179014575,11.078350473106129,10.316081114648327,10.707842669073369,9,7,9.0,9.0,9,0.0,9.0,9.0,9.0,9.0,9.0,9.0,0.0,0.0,1.0,1.0,1.0,ensemble_grid_blend,6.0,2024,Azerbaijan Grand Prix,2024-09-15
BEA,Haas F1 Team,10.0,11.541929876839252,11.374548578190689,10.532557778991961,11.281472002742795,10,10,10.0,10.0,10,0.0,10.0,10.0,10.0,10.0,10.0,10.0,0.0,0.0,1.0,1.0,1.0,ensemble_grid_blend,10.0,2024,Azerbaijan Grand Prix,2024-09-15
GAS,Alpine,18.0,11.768283855405768,11.626369278527859,11.792347615015483,11.723426505420443,11,17,11.0,11.0,11,0.0,11.0,11.0,11.0,11.0,11.0,11.0,0.0,0.0,0.0,1.0,1.0,ensemble_grid_blend,12.0,2024,Azerbaijan Grand Prix,2024-09-15
STR,Aston Martin,13.0,11.48983374162544,11.930704156340912,12.291581461593431,11.804487930769453,12,12,12.0,12.0,12,0.0,12.0,12.0,12.0,12.0,12.0,12.0,0.0,0.0,0.0,1.0,1.0,ensemble_grid_blend,19.0,2024,Azerbaijan Grand Prix,2024-09-15
OCO,Alpine,20.0,11.793492699213234,11.785382543631766,12.291919779035318,11.890339560724136,13,19,13.0,13.0,13,0.0,14.0,14.0,14.0,14.0,14.0,14.0,0.0,0.0,0.0,1.0,1.0,ensemble_grid_blend,15.0,2024,Azerbaijan Grand Prix,2024-09-15
COL,Williams,8.0,12.448896270538917,12.148291825676878,12.356083375474528,12.325122135824325,14,8,14.0,14.0,14,0.0,16.0,16.0,16.0,16.0,16.0,16.0,0.0,0.0,0.0,0.0,1.0,ensemble_grid_blend,8.0,2024,Azerbaijan Grand Prix,2024-09-15
ALB,Williams,9.0,12.594930704415942,12.445826248598303,11.83426802080686,12.390611608157952,15,9,15.0,15.0,15,0.0,13.0,13.0,13.0,13.0,13.0,13.0,0.0,0.0,0.0,0.0,1.0,ensemble_grid_blend,7.0,2024,Azerbaijan Grand Prix,2024-09-15
RIC,Racing Bulls,14.0,12.793936352089304,12.585225300934853,12.094521427536595,12.581004499274703,16,13,16.0,16.0,16,0.0,15.0,15.0,15.0,15.0,15.0,15.0,0.0,0.0,0.0,1.0,1.0,ensemble_grid_blend,13.0,2024,Azerbaijan Grand Prix,2024-09-15
HUL,Haas F1 Team,12.0,12.897861573917133,13.230156979188862,13.263395615786887,13.087271774136187,17,11,17.0,17.0,17,0.0,17.0,17.0,17.0,17.0,17.0,17.0,0.0,0.0,0.0,1.0,1.0,ensemble_grid_blend,11.0,2024,Azerbaijan Grand Prix,2024-09-15
BOT,Audi,16.0,13.972096360360297,13.46946504292239,15.70600185206941,14.142956497598853,18,15,18.0,18.0,18,0.0,18.0,18.0,18.0,18.0,18.0,18.0,0.0,0.0,0.0,1.0,1.0,ensemble_grid_blend,16.0,2024,Azerbaijan Grand Prix,2024-09-15
ZHO,Audi,17.0,14.663682237246649,13.91984002904738,16.672389256642646,14.805078868256103,19,16,19.0,19.0,19,0.0,19.0,19.0,19.0,19.0,19.0,19.0,0.0,0.0,0.0,1.0,1.0,ensemble_grid_blend,14.0,2024,Azerbaijan Grand Prix,2024-09-15
PIA,McLaren,5.0,2.511325922661885,2.7610603435708327,3.220739303756444,2.7406156461989286,1,5,1.0,1.0,1,0.0,1.0,1.0,1.0,1.0,1.0,1.0,1.0,1.0,1.0,1.0,1.0,ensemble_grid_blend,3.0,2024,Singapore Grand Prix,2024-09-22
LEC,Ferrari,9.0,2.5057008650744566,2.560147431945422,4.223862713307856,2.868389533125974,2,9,2.0,2.0,2,0.0,2.0,2.0,2.0,2.0,2.0,2.0,0.0,1.0,1.0,1.0,1.0,ensemble_grid_blend,5.0,2024,Singapore Grand Prix,2024-09-22
NOR,McLaren,1.0,3.7028257277765233,3.5355876580003915,3.536580848202383,3.611043427440049,3,1,3.0,3.0,3,0.0,3.0,3.0,3.0,3.0,3.0,3.0,0.0,1.0,1.0,1.0,1.0,ensemble_grid_blend,1.0,2024,Singapore Grand Prix,2024-09-22
SAI,Ferrari,10.0,5.4993044640123285,6.093830529034087,7.018334358048711,6.01119456557722,4,10,4.0,4.0,4,0.0,7.0,7.0,7.0,7.0,7.0,7.0,0.0,0.0,1.0,0.0,1.0,ensemble_grid_blend,7.0,2024,Singapore Grand Prix,2024-09-22
HAM,Mercedes,3.0,5.951850216334856,6.190010134473369,6.223841085356766,6.0896043614877176,5,3,5.0,5.0,5,0.0,10.0,10.0,10.0,10.0,10.0,10.0,0.0,0.0,1.0,0.0,1.0,ensemble_grid_blend,6.0,2024,Singapore Grand Prix,2024-09-22
RUS,Mercedes,4.0,6.36960980989468,6.680772606168906,6.667375790540282,6.53806998471978,6,4,6.0,6.0,6,0.0,5.0,5.0,5.0,5.0,5.0,5.0,0.0,0.0,1.0,1.0,1.0,ensemble_grid_blend,4.0,2024,Singapore Grand Prix,2024-09-22
VER,Red Bull Racing,2.0,7.9457924697178495,7.205142294121989,4.876986600994449,7.0728037345146175,7,2,7.0,7.0,7,0.0,4.0,4.0,4.0,4.0,4.0,4.0,0.0,0.0,1.0,0.0,1.0,ensemble_grid_blend,2.0,2024,Singapore Grand Prix,2024-09-22
PER,Red Bull Racing,13.0,7.708192183997095,7.739796641006688,8.771722039110774,7.931959714973187,8,12,8.0,8.0,8,0.0,6.0,6.0,6.0,6.0,6.0,6.0,0.0,0.0,1.0,0.0,1.0,ensemble_grid_blend,10.0,2024,Singapore Grand Prix,2024-09-22
ALO,Aston Martin,7.0,9.703783647014728,9.897633608799916,10.130999982007639,9.857074400638126,9,7,9.0,9.0,9,0.0,9.0,9.0,9.0,9.0,9.0,9.0,0.0,0.0,1.0,1.0,1.0,ensemble_grid_blend,8.0,2024,Singapore Grand Prix,2024-09-22
HUL,Haas F1 Team,6.0,11.049876357615576,11.041676778928814,12.079301896601729,11.25289161287244,10,6,10.0,10.0,10,0.0,12.0,12.0,12.0,12.0,12.0,12.0,0.0,0.0,0.0,0.0,1.0,ensemble_grid_blend,9.0,2024,Singapore Grand Prix,2024-09-22
COL,Williams,12.0,11.433532025375815,11.29759966196643,10.843962324214633,11.268041757950293,11,11,11.0,11.0,11,0.0,8.0,8.0,8.0,8.0,8.0,8.0,0.0,0.0,1.0,0.0,1.0,ensemble_grid_blend,11.0,2024,Singapore Grand Prix,2024-09-22
GAS,Alpine,18.0,11.43666982130821,11.08632559176028,11.984513298726018,11.423618036449996,12,17,12.0,12.0,12,0.0,11.0,11.0,11.0,11.0,11.0,11.0,0.0,0.0,0.0,1.0,1.0,ensemble_grid_blend,17.0,2024,Singapore Grand Prix,2024-09-22
RIC,Racing Bulls,16.0,11.952850661073787,11.74843518817522,12.271623555976978,11.945059824539927,13,15,13.0,13.0,13,0.0,15.0,15.0,15.0,15.0,15.0,15.0,0.0,0.0,0.0,0.0,1.0,ensemble_grid_blend,18.0,2024,Singapore Grand Prix,2024-09-22
MAG,Haas F1 Team,14.0,12.67157607099942,12.49616537529863,12.948619075781174,12.665590928460494,14,13,14.0,14.0,14,0.0,16.0,16.0,16.0,16.0,16.0,16.0,0.0,0.0,0.0,0.0,1.0,ensemble_grid_blend,19.0,2024,Singapore Grand Prix,2024-09-22
OCO,Alpine,15.0,12.560992959530838,12.947445899903325,13.085797486742122,12.801212394103466,15,14,15.0,15.0,15,0.0,14.0,14.0,14.0,14.0,14.0,14.0,0.0,0.0,0.0,1.0,1.0,ensemble_grid_blend,13.0,2024,Singapore Grand Prix,2024-09-22
TSU,Racing Bulls,8.0,13.171993072692477,13.107146121658698,12.985011377203353,13.11190030073283,16,8,16.0,16.0,16,0.0,13.0,13.0,13.0,13.0,13.0,13.0,0.0,0.0,0.0,0.0,1.0,ensemble_grid_blend,12.0,2024,Singapore Grand Prix,2024-09-22
STR,Aston Martin,17.0,12.923274541815623,13.232753531780093,13.681465385840593,13.183230357108181,17,16,17.0,17.0,17,0.0,17.0,17.0,17.0,17.0,17.0,17.0,0.0,0.0,0.0,1.0,1.0,ensemble_grid_blend,14.0,2024,Singapore Grand Prix,2024-09-22
BOT,Audi,19.0,14.436659888499262,14.006062304188417,15.73598708162081,14.545816172614774,18,18,18.0,18.0,18,0.0,18.0,18.0,18.0,18.0,18.0,18.0,0.0,0.0,0.0,1.0,1.0,ensemble_grid_blend,16.0,2024,Singapore Grand Prix,2024-09-22
ZHO,Audi,20.0,14.62263716647566,14.073681569318712,16.1262519169086,14.731225657557316,19,19,19.0,19.0,19,0.0,19.0,19.0,19.0,19.0,19.0,19.0,0.0,0.0,0.0,1.0,1.0,ensemble_grid_blend,15.0,2024,Singapore Grand Prix,2024-09-22
PIA,McLaren,5.0,2.757939137948033,2.8655121954249063,3.07100365991057,2.858202612457446,1,5,1.0,1.0,1,0.0,1.0,1.0,1.0,1.0,1.0,1.0,1.0,1.0,1.0,1.0,1.0,ensemble_grid_blend,5.0,2024,United States Grand Prix,2024-10-20
NOR,McLaren,1.0,3.2181955661909005,3.2117454540141437,3.236831996417557,3.219665312974367,2,1,2.0,2.0,2,0.0,2.0,2.0,2.0,2.0,2.0,2.0,0.0,1.0,1.0,1.0,1.0,ensemble_grid_blend,4.0,2024,United States Grand Prix,2024-10-20
LEC,Ferrari,4.0,2.956375650036017,3.1541903639566358,4.61823575455289,3.3579828208116083,3,4,3.0,3.0,3,0.0,3.0,3.0,3.0,3.0,3.0,3.0,0.0,1.0,1.0,1.0,1.0,ensemble_grid_blend,1.0,2024,United States Grand Prix,2024-10-20
SAI,Ferrari,3.0,4.719606461103509,5.183577783263346,7.382104638329498,5.41449605930465,4,3,4.0,4.0,4,0.0,4.0,4.0,4.0,4.0,4.0,4.0,0.0,0.0,1.0,1.0,1.0,ensemble_grid_blend,2.0,2024,United States Grand Prix,2024-10-20
VER,Red Bull Racing,2.0,6.980789366615291,6.911133512342494,4.9682319995264255,6.553898344202039,5,2,5.0,5.0,5,0.0,6.0,6.0,6.0,6.0,6.0,6.0,0.0,0.0,1.0,1.0,1.0,ensemble_grid_blend,3.0,2024,United States Grand Prix,2024-10-20
RUS,Mercedes,20.0,7.586269500028396,8.327695963758465,5.95058307991478,7.518631478311197,6,19,6.0,6.0,6,0.0,5.0,5.0,5.0,5.0,5.0,5.0,0.0,0.0,1.0,1.0,1.0,ensemble_grid_blend,6.0,2024,United States Grand Prix,2024-10-20
PER,Red Bull Racing,9.0,7.894741151724357,8.926263800200491,9.39155924408438,8.555137697163008,7,9,7.0,7.0,7,0.0,8.0,8.0,8.0,8.0,8.0,8.0,0.0,0.0,1.0,1.0,1.0,ensemble_grid_blend,7.0,2024,United States Grand Prix,2024-10-20
ALB,Williams,14.0,9.891507463573303,9.992786113129108,9.870174222307558,9.922688342664687,8,14,8.0,8.0,8,0.0,10.0,10.0,10.0,10.0,10.0,10.0,0.0,0.0,1.0,0.0,1.0,ensemble_grid_blend,16.0,2024,United States Grand Prix,2024-10-20
ALO,Aston Martin,7.0,10.113563728599333,9.875392761490428,9.824939604910112,9.972479065373372,9,7,9.0,9.0,9,0.0,7.0,7.0,7.0,7.0,7.0,7.0,0.0,0.0,1.0,0.0,1.0,ensemble_grid_blend,13.0,2024,United States Grand Prix,2024-10-20
HUL,Haas F1 Team,11.0,11.829831421814813,11.529181825754442,11.590989676197605,11.676835714070242,10,11,10.0,10.0,10,0.0,9.0,9.0,9.0,9.0,9.0,9.0,0.0,0.0,1.0,1.0,1.0,ensemble_grid_blend,8.0,2024,United States Grand Prix,2024-10-20
COL,Williams,15.0,13.359525519555227,12.029935854063318,10.354875271436583,12.29323908700933,11,15,11.0,11.0,11,0.0,11.0,11.0,11.0,11.0,11.0,11.0,0.0,0.0,0.0,1.0,1.0,ensemble_grid_blend,10.0,2024,United States Grand Prix,2024-10-20
TSU,Racing Bulls,10.0,12.71409570685719,13.05279212466384,13.078446367875868,12.905509585293252,12,10,12.0,12.0,12,0.0,12.0,12.0,12.0,12.0,12.0,12.0,0.0,0.0,0.0,1.0,1.0,ensemble_grid_blend,14.0,2024,United States Grand Prix,2024-10-20
GAS,Alpine,6.0,13.064437096864967,13.24161416038525,13.196327295034095,13.152827108730893,13,6,13.0,13.0,13,0.0,15.0,15.0,15.0,15.0,15.0,15.0,0.0,0.0,0.0,0.0,1.0,ensemble_grid_blend,12.0,2024,United States Grand Prix,2024-10-20
MAG,Haas F1 Team,8.0,13.2060162844087,13.185607862090164,13.639574264772138,13.285584932669899,14,8,14.0,14.0,14,0.0,18.0,18.0,18.0,18.0,18.0,18.0,0.0,0.0,0.0,0.0,1.0,ensemble_grid_blend,11.0,2024,United States Grand Prix,2024-10-20
LAW,Racing Bulls,19.0,13.564414898098413,13.521916457889947,13.005730133385292,13.437803491082827,15,18,15.0,15.0,15,0.0,14.0,14.0,14.0,14.0,14.0,14.0,0.0,0.0,0.0,1.0,1.0,ensemble_grid_blend,9.0,2024,United States Grand Prix,2024-10-20
OCO,Alpine,12.0,13.686189726022558,13.448031553299364,13.274538559900755,13.520504132345078,16,12,16.0,16.0,16,0.0,13.0,13.0,13.0,13.0,13.0,13.0,0.0,0.0,0.0,0.0,1.0,ensemble_grid_blend,18.0,2024,United States Grand Prix,2024-10-20
STR,Aston Martin,13.0,13.667618136688377,13.897939836638676,13.785667489034939,13.771840602140294,17,13,17.0,17.0,17,0.0,19.0,19.0,19.0,19.0,19.0,19.0,0.0,0.0,0.0,0.0,1.0,ensemble_grid_blend,15.0,2024,United States Grand Prix,2024-10-20
ZHO,Audi,18.0,13.943650418877564,13.898538145850084,15.260487097439949,14.191228459030423,18,17,18.0,18.0,18,0.0,16.0,16.0,16.0,16.0,16.0,16.0,0.0,0.0,0.0,0.0,1.0,ensemble_grid_blend,19.0,2024,United States Grand Prix,2024-10-20
BOT,Audi,16.0,14.15242613184373,14.048319475631414,15.123808346862726,14.310265245173218,19,16,19.0,19.0,19,0.0,17.0,17.0,17.0,17.0,17.0,17.0,0.0,0.0,0.0,0.0,1.0,ensemble_grid_blend,17.0,2024,United States Grand Prix,2024-10-20
LEC,Ferrari,4.0,2.7596109025586344,2.7012580814326332,4.333269523339217,3.0539191393206506,1,5,1.0,1.0,1,0.0,4.0,4.0,4.0,4.0,4.0,4.0,0.0,0.0,1.0,0.0,1.0,ensemble_grid_blend,3.0,2024,Mexico City Grand Prix,2024-10-27
PIA,McLaren,17.0,3.293814613602898,3.5064437903946684,3.5688270376139233,3.423237310282223,2,15,2.0,2.0,2,0.0,3.0,3.0,3.0,3.0,3.0,3.0,0.0,1.0,1.0,1.0,1.0,ensemble_grid_blend,8.0,2024,Mexico City Grand Prix,2024-10-27
NOR,McLaren,3.0,3.3294042853690407,3.4983665898174676,3.5216108773514323,3.4269824103224686,3,4,3.0,3.0,3,0.0,2.0,2.0,2.0,2.0,2.0,2.0,0.0,1.0,1.0,1.0,1.0,ensemble_grid_blend,2.0,2024,Mexico City Grand Prix,2024-10-27
VER,Red Bull Racing,2.0,3.191375977442925,3.3967610181485157,4.545102116348795,3.534005969471056,4,3,4.0,4.0,4,0.0,1.0,1.0,1.0,1.0,1.0,1.0,1.0,1.0,1.0,0.0,1.0,ensemble_grid_blend,6.0,2024,Mexico City Grand Prix,2024-10-27
SAI,Ferrari,1.0,4.413053017921289,4.949791267555971,6.793949113308343,5.077090624370839,5,2,5.0,5.0,5,0.0,5.0,5.0,5.0,5.0,5.0,5.0,0.0,0.0,1.0,1.0,1.0,ensemble_grid_blend,1.0,2024,Mexico City Grand Prix,2024-10-27
HAM,Mercedes,6.0,5.484683843218708,6.33734729895876,5.828225082227501,5.8518243005294845,6,7,6.0,6.0,6,0.0,6.0,6.0,6.0,6.0,6.0,6.0,0.0,0.0,1.0,1.0,1.0,ensemble_grid_blend,4.0,2024,Mexico City Grand Prix,2024-10-27
RUS,Mercedes,5.0,7.0860663496153276,7.306145198368881,5.846784295251563,6.915237535806318,7,6,7.0,7.0,7,0.0,7.0,7.0,7.0,7.0,7.0,7.0,0.0,0.0,1.0,1.0,1.0,ensemble_grid_blend,5.0,2024,Mexico City Grand Prix,2024-10-27
PER,Red Bull Racing,18.0,8.107059435079657,8.351117382061744,8.921221932417694,8.355312215990995,8,16,8.0,8.0,8,0.0,8.0,8.0,8.0,8.0,8.0,8.0,0.0,0.0,1.0,1.0,1.0,ensemble_grid_blend,17.0,2024,Mexico City Grand Prix,2024-10-27
COL,Williams,16.0,10.962591619264494,10.183156042286358,10.357643308622102,10.568799505193667,9,14,9.0,9.0,9,0.0,9.0,9.0,9.0,9.0,9.0,9.0,0.0,0.0,1.0,1.0,1.0,ensemble_grid_blend,12.0,2024,Mexico City Grand Prix,2024-10-27
HUL,Haas F1 Team,10.0,10.930134485702517,10.81872590497938,10.346171626633486,10.774348910635613,10,10,10.0,10.0,10,0.0,10.0,10.0,10.0,10.0,10.0,10.0,0.0,0.0,1.0,1.0,1.0,ensemble_grid_blend,9.0,2024,Mexico City Grand Prix,2024-10-27
MAG,Haas F1 Team,7.0,12.234449063175084,12.18223660588749,12.53281456262386,12.275847803014182,11,8,11.0,11.0,11,0.0,12.0,12.0,12.0,12.0,12.0,12.0,0.0,0.0,0.0,1.0,1.0,ensemble_grid_blend,7.0,2024,Mexico City Grand Prix,2024-10-27
LAW,Racing Bulls,12.0,12.289471852124077,12.243941904619012,12.472890756490887,12.310220151370668,12,11,12.0,12.0,12,0.0,14.0,14.0,14.0,14.0,14.0,14.0,0.0,0.0,0.0,0.0,1.0,ensemble_grid_blend,16.0,2024,Mexico City Grand Prix,2024-10-27
GAS,Alpine,8.0,12.508202410869321,12.566688979887472,12.955616608188627,12.618155549489535,13,9,13.0,13.0,13,0.0,11.0,11.0,11.0,11.0,11.0,11.0,0.0,0.0,0.0,0.0,1.0,ensemble_grid_blend,10.0,2024,Mexico City Grand Prix,2024-10-27
STR,Aston Martin,14.0,13.218341628448844,13.148912579593219,13.45895633131627,13.24216440192286,14,12,14.0,14.0,14,0.0,15.0,15.0,15.0,15.0,15.0,15.0,0.0,0.0,0.0,1.0,1.0,ensemble_grid_blend,11.0,2024,Mexico City Grand Prix,2024-10-27
OCO,Alpine,0.0,14.375587899794667,14.572687940003595,13.931585824303209,14.3557724987695,15,1,15.0,15.0,15,0.0,13.0,13.0,13.0,13.0,13.0,13.0,0.0,0.0,0.0,0.0,1.0,ensemble_grid_blend,13.0,2024,Mexico City Grand Prix,2024-10-27
BOT,Audi,15.0,14.369377918866356,14.384887511038375,15.356384385447017,14.572207569442694,16,13,16.0,16.0,16,0.0,16.0,16.0,16.0,16.0,16.0,16.0,0.0,0.0,0.0,1.0,1.0,ensemble_grid_blend,14.0,2024,Mexico City Grand Prix,2024-10-27
ZHO,Audi,19.0,14.567406824789781,14.682548132173418,15.642254958447035,14.822675909105504,17,17,17.0,17.0,17,0.0,17.0,17.0,17.0,17.0,17.0,17.0,0.0,0.0,0.0,1.0,1.0,ensemble_grid_blend,15.0,2024,Mexico City Grand Prix,2024-10-27
NOR,McLaren,1.0,2.851376590431641,2.677118467583378,3.542699808278588,2.9286508910041382,1,1,1.0,1.0,1,0.0,1.0,1.0,1.0,1.0,1.0,1.0,1.0,1.0,1.0,1.0,1.0,ensemble_grid_blend,6.0,2024,São Paulo Grand Prix,2024-11-03
LEC,Ferrari,6.0,3.7154361250571264,3.798486408615604,3.4244161937602886,3.686299738043226,2,6,2.0,2.0,2,0.0,2.0,2.0,2.0,2.0,2.0,2.0,0.0,1.0,1.0,1.0,1.0,ensemble_grid_blend,5.0,2024,São Paulo Grand Prix,2024-11-03
VER,Red Bull Racing,17.0,4.1908074018179295,4.361299423065755,4.75492050731617,4.363302230354317,3,14,3.0,3.0,3,0.0,3.0,3.0,3.0,3.0,3.0,3.0,0.0,1.0,1.0,1.0,1.0,ensemble_grid_blend,1.0,2024,São Paulo Grand Prix,2024-11-03
HAM,Mercedes,14.0,5.243538525369254,5.898760165810282,5.497742203952236,5.52370683524021,4,12,4.0,4.0,4,0.0,4.0,4.0,4.0,4.0,4.0,4.0,0.0,0.0,1.0,1.0,1.0,ensemble_grid_blend,10.0,2024,São Paulo Grand Prix,2024-11-03
RUS,Mercedes,2.0,6.585461260710742,7.667097481272599,5.722285651865533,6.791398816138351,5,2,5.0,5.0,5,0.0,5.0,5.0,5.0,5.0,5.0,5.0,0.0,0.0,1.0,1.0,1.0,ensemble_grid_blend,4.0,2024,São Paulo Grand Prix,2024-11-03
PIA,McLaren,8.0,7.85970827453539,8.108578957153954,4.673112525145478,7.309493863573905,6,7,6.0,6.0,6,0.0,6.0,6.0,6.0,6.0,6.0,6.0,0.0,0.0,1.0,1.0,1.0,ensemble_grid_blend,8.0,2024,São Paulo Grand Prix,2024-11-03
ALO,Aston Martin,9.0,9.399705096694873,9.621627085965685,9.874108564366288,9.57225848647394,7,8,7.0,7.0,7,0.0,8.0,8.0,8.0,8.0,8.0,8.0,0.0,0.0,1.0,1.0,1.0,ensemble_grid_blend,14.0,2024,São Paulo Grand Prix,2024-11-03
PER,Red Bull Racing,12.0,9.469296710833678,10.096688871460797,9.661649620326866,9.727354548951807,8,10,8.0,8.0,8,0.0,7.0,7.0,7.0,7.0,7.0,7.0,0.0,0.0,1.0,1.0,1.0,ensemble_grid_blend,11.0,2024,São Paulo Grand Prix,2024-11-03
BEA,Haas F1 Team,15.0,10.266501934642287,10.210936995918509,9.147993616645559,10.023352542489619,9,13,9.0,9.0,9,0.0,9.0,9.0,9.0,9.0,9.0,9.0,0.0,0.0,1.0,1.0,1.0,ensemble_grid_blend,12.0,2024,São Paulo Grand Prix,2024-11-03
GAS,Alpine,13.0,12.040101329452103,12.092704558540197,12.434000361724443,12.137292266087403,10,11,10.0,10.0,10,0.0,10.0,10.0,10.0,10.0,10.0,10.0,0.0,0.0,1.0,1.0,1.0,ensemble_grid_blend,3.0,2024,São Paulo Grand Prix,2024-11-03
LAW,Racing Bulls,5.0,13.37826576679655,13.36942317395751,13.373816581737552,13.374281022291086,11,5,11.0,11.0,11,0.0,11.0,11.0,11.0,11.0,11.0,11.0,0.0,0.0,0.0,1.0,1.0,ensemble_grid_blend,9.0,2024,São Paulo Grand Prix,2024-11-03
TSU,Racing Bulls,3.0,13.404650017098716,13.49432394391414,13.252776522926425,13.405661192649656,12,3,12.0,12.0,12,0.0,13.0,13.0,13.0,13.0,13.0,13.0,0.0,0.0,0.0,1.0,1.0,ensemble_grid_blend,7.0,2024,São Paulo Grand Prix,2024-11-03
OCO,Alpine,4.0,13.271682770255303,13.512756810142118,13.59143094496502,13.420008319157631,13,4,13.0,13.0,13,0.0,14.0,14.0,14.0,14.0,14.0,14.0,0.0,0.0,0.0,1.0,1.0,ensemble_grid_blend,2.0,2024,São Paulo Grand Prix,2024-11-03
ZHO,Audi,19.0,14.261418491670476,14.160711681681418,15.600881351113433,14.494063680062897,14,15,14.0,14.0,14,0.0,15.0,15.0,15.0,15.0,15.0,15.0,0.0,0.0,0.0,1.0,1.0,ensemble_grid_blend,15.0,2024,São Paulo Grand Prix,2024-11-03
BOT,Audi,11.0,14.488489245033941,14.659908992598398,15.102182647405328,14.671224837155778,15,9,15.0,15.0,15,0.0,12.0,12.0,12.0,12.0,12.0,12.0,0.0,0.0,0.0,0.0,1.0,ensemble_grid_blend,13.0,2024,São Paulo Grand Prix,2024-11-03
VER,Red Bull Racing,5.0,2.782228604219175,3.402413784744668,4.4254693914258505,3.327941574844433,1,4,1.0,1.0,1,0.0,1.0,1.0,1.0,1.0,1.0,1.0,1.0,1.0,1.0,1.0,1.0,ensemble_grid_blend,5.0,2024,Las Vegas Grand Prix,2024-11-23
SAI,Ferrari,2.0,3.2660826272459347,3.396586044180773,4.378098843953346,3.5341620665146105,2,2,2.0,2.0,2,0.0,2.0,2.0,2.0,2.0,2.0,2.0,0.0,1.0,1.0,1.0,1.0,ensemble_grid_blend,3.0,2024,Las Vegas Grand Prix,2024-11-23
LEC,Ferrari,4.0,3.800337012855189,3.9286438788254894,3.5134907155951725,3.787875156492791,3,3,3.0,3.0,3,0.0,3.0,3.0,3.0,3.0,3.0,3.0,0.0,1.0,1.0,1.0,1.0,ensemble_grid_blend,4.0,2024,Las Vegas Grand Prix,2024-11-23
NOR,McLaren,6.0,4.26109877631198,4.461700675356638,4.671180766469535,4.413325839009121,4,5,4.0,4.0,4,0.0,4.0,4.0,4.0,4.0,4.0,4.0,0.0,0.0,1.0,1.0,1.0,ensemble_grid_blend,6.0,2024,Las Vegas Grand Prix,2024-11-23
HAM,Mercedes,10.0,5.112172637430594,5.77302429370886,6.346316518956342,5.590299493433136,5,9,5.0,5.0,5,0.0,6.0,6.0,6.0,6.0,6.0,6.0,0.0,0.0,1.0,1.0,1.0,ensemble_grid_blend,2.0,2024,Las Vegas Grand Prix,2024-11-23
PIA,McLaren,8.0,6.033798656478431,6.542444754826688,5.928011308770863,6.190667321358807,6,7,6.0,6.0,6,0.0,5.0,5.0,5.0,5.0,5.0,5.0,0.0,0.0,1.0,1.0,1.0,ensemble_grid_blend,7.0,2024,Las Vegas Grand Prix,2024-11-23
RUS,Mercedes,1.0,6.232196301357778,7.08505388747348,5.775862800175087,6.4394297562617355,7,1,7.0,7.0,7,0.0,7.0,7.0,7.0,7.0,7.0,7.0,0.0,0.0,1.0,1.0,1.0,ensemble_grid_blend,1.0,2024,Las Vegas Grand Prix,2024-11-23
PER,Red Bull Racing,15.0,9.59419042903877,10.306654784671814,10.011946895023609,9.927104246707303,8,14,8.0,8.0,8,0.0,8.0,8.0,8.0,8.0,8.0,8.0,0.0,0.0,1.0,1.0,1.0,ensemble_grid_blend,10.0,2024,Las Vegas Grand Prix,2024-11-23
COL,Williams,20.0,10.598917757522074,10.974481623637514,11.16992993666145,10.844567546490353,9,18,9.0,9.0,9,0.0,9.0,9.0,9.0,9.0,9.0,9.0,0.0,0.0,1.0,1.0,1.0,ensemble_grid_blend,14.0,2024,Las Vegas Grand Prix,2024-11-23
TSU,Racing Bulls,7.0,10.808569838350934,11.355904079336117,11.429628288717014,11.124348512768965,10,6,10.0,10.0,10,0.0,10.0,10.0,10.0,10.0,10.0,10.0,0.0,0.0,1.0,1.0,1.0,ensemble_grid_blend,9.0,2024,Las Vegas Grand Prix,2024-11-23
HUL,Haas F1 Team,9.0,11.888754357250523,11.359553687242931,9.599673191992657,11.245717889696293,11,8,11.0,11.0,11,0.0,11.0,11.0,11.0,11.0,11.0,11.0,0.0,0.0,0.0,1.0,1.0,ensemble_grid_blend,8.0,2024,Las Vegas Grand Prix,2024-11-23
ALO,Aston Martin,16.0,11.525292920996996,11.365244999771473,11.108776729285973,11.38597291022586,12,15,12.0,12.0,12,0.0,13.0,13.0,13.0,13.0,13.0,13.0,0.0,0.0,0.0,1.0,1.0,ensemble_grid_blend,11.0,2024,Las Vegas Grand Prix,2024-11-23
STR,Aston Martin,18.0,11.833815142792428,11.51516844801656,12.930945121994617,11.941714795461312,13,16,13.0,13.0,13,0.0,15.0,15.0,15.0,15.0,15.0,15.0,0.0,0.0,0.0,0.0,1.0,ensemble_grid_blend,15.0,2024,Las Vegas Grand Prix,2024-11-23
OCO,Alpine,11.0,12.974166192027166,12.389328469079933,10.638041712790287,12.30224809314826,14,10,14.0,14.0,14,0.0,14.0,14.0,14.0,14.0,14.0,14.0,0.0,0.0,0.0,1.0,1.0,ensemble_grid_blend,17.0,2024,Las Vegas Grand Prix,2024-11-23
LAW,Racing Bulls,14.0,12.483164190979297,12.523389776411223,11.860107814253738,12.37263187053536,15,13,15.0,15.0,15,0.0,12.0,12.0,12.0,12.0,12.0,12.0,0.0,0.0,0.0,0.0,1.0,ensemble_grid_blend,16.0,2024,Las Vegas Grand Prix,2024-11-23
MAG,Haas F1 Team,12.0,13.801344437007499,12.930437836426131,11.289531102290981,12.994164459860716,16,11,16.0,16.0,16,0.0,16.0,16.0,16.0,16.0,16.0,16.0,0.0,0.0,0.0,1.0,1.0,ensemble_grid_blend,12.0,2024,Las Vegas Grand Prix,2024-11-23
ZHO,Audi,13.0,15.0648848759371,14.575377242139835,15.441450248225202,14.968870278565676,17,12,17.0,17.0,17,0.0,17.0,17.0,17.0,17.0,17.0,17.0,0.0,0.0,0.0,1.0,1.0,ensemble_grid_blend,13.0,2024,Las Vegas Grand Prix,2024-11-23
BOT,Audi,19.0,15.546544060768033,15.001975577123567,14.610678439020797,15.168771967143021,18,17,18.0,18.0,18,0.0,18.0,18.0,18.0,18.0,18.0,18.0,0.0,0.0,0.0,1.0,1.0,ensemble_grid_blend,18.0,2024,Las Vegas Grand Prix,2024-11-23
RUS,Mercedes,1.0,3.062291223742273,3.0778481450180353,4.645818867182934,3.3844416748769217,1,1,1.0,1.0,1,0.0,2.0,2.0,2.0,2.0,2.0,2.0,0.0,1.0,1.0,1.0,1.0,ensemble_grid_blend,4.0,2024,Qatar Grand Prix,2024-12-01
SAI,Ferrari,7.0,3.288639715444771,3.2817041464570336,4.220035256013194,3.4724913744127477,2,7,2.0,2.0,2,0.0,1.0,1.0,1.0,1.0,1.0,1.0,1.0,1.0,1.0,1.0,1.0,ensemble_grid_blend,6.0,2024,Qatar Grand Prix,2024-12-01
VER,Red Bull Racing,2.0,4.625366183497869,5.364814961934347,4.975307217420983,4.954161462735259,3,2,3.0,3.0,3,0.0,3.0,3.0,3.0,3.0,3.0,3.0,0.0,1.0,1.0,1.0,1.0,ensemble_grid_blend,1.0,2024,Qatar Grand Prix,2024-12-01
LEC,Ferrari,5.0,5.4047614808702376,5.381985835923338,3.957963932254133,5.107430495415602,4,5,4.0,4.0,4,0.0,5.0,5.0,5.0,5.0,5.0,5.0,0.0,0.0,1.0,1.0,1.0,ensemble_grid_blend,2.0,2024,Qatar Grand Prix,2024-12-01
PIA,McLaren,4.0,4.712829422131403,5.059734544501768,6.388266568169756,5.1693336441687014,5,4,5.0,5.0,5,0.0,4.0,4.0,4.0,4.0,4.0,4.0,0.0,0.0,1.0,1.0,1.0,ensemble_grid_blend,3.0,2024,Qatar Grand Prix,2024-12-01
HAM,Mercedes,6.0,6.48986005375237,7.633826234889122,5.3210363202362245,6.656483470447005,6,6,6.0,6.0,6,0.0,6.0,6.0,6.0,6.0,6.0,6.0,0.0,0.0,1.0,1.0,1.0,ensemble_grid_blend,12.0,2024,Qatar Grand Prix,2024-12-01
NOR,McLaren,3.0,6.778806390174526,7.874986278298584,5.151552195514093,6.837018512085859,7,3,7.0,7.0,7,0.0,7.0,7.0,7.0,7.0,7.0,7.0,0.0,0.0,1.0,1.0,1.0,ensemble_grid_blend,10.0,2024,Qatar Grand Prix,2024-12-01
ALO,Aston Martin,8.0,10.909583738102544,10.939167170242001,11.18360125794453,10.97474144331975,8,8,8.0,8.0,8,0.0,12.0,12.0,12.0,12.0,12.0,12.0,0.0,0.0,0.0,0.0,1.0,ensemble_grid_blend,7.0,2024,Qatar Grand Prix,2024-12-01
GAS,Alpine,11.0,11.425841045318693,11.257945218396213,9.819928782679316,11.04589505336795,9,10,9.0,9.0,9,0.0,9.0,9.0,9.0,9.0,9.0,9.0,0.0,0.0,1.0,1.0,1.0,ensemble_grid_blend,5.0,2024,Qatar Grand Prix,2024-12-01
TSU,Racing Bulls,14.0,11.207003401074223,11.36946022596685,11.116567212780735,11.245776052127946,10,13,10.0,10.0,10,0.0,11.0,11.0,11.0,11.0,11.0,11.0,0.0,0.0,0.0,1.0,1.0,ensemble_grid_blend,13.0,2024,Qatar Grand Prix,2024-12-01
ALB,Williams,16.0,11.799615438077671,11.344666438759326,11.550025558143506,11.590465312329417,11,14,11.0,11.0,11,0.0,10.0,10.0,10.0,10.0,10.0,10.0,0.0,0.0,1.0,1.0,1.0,ensemble_grid_blend,15.0,2024,Qatar Grand Prix,2024-12-01
LAW,Racing Bulls,17.0,12.093029660270643,12.01307874349069,12.69687159810025,12.185815226963582,12,15,12.0,12.0,12,0.0,13.0,13.0,13.0,13.0,13.0,13.0,0.0,0.0,0.0,1.0,1.0,ensemble_grid_blend,14.0,2024,Qatar Grand Prix,2024-12-01
MAG,Haas F1 Team,10.0,13.006210904349555,12.38563788205246,10.993997926998645,12.38656775107539,13,9,13.0,13.0,13,0.0,8.0,8.0,8.0,8.0,8.0,8.0,0.0,0.0,1.0,0.0,1.0,ensemble_grid_blend,9.0,2024,Qatar Grand Prix,2024-12-01
ZHO,Audi,12.0,15.297144010188044,14.940222797804642,14.547359472614051,15.022264678339056,14,11,14.0,14.0,14,0.0,14.0,14.0,14.0,14.0,14.0,14.0,0.0,0.0,0.0,1.0,1.0,ensemble_grid_blend,8.0,2024,Qatar Grand Prix,2024-12-01
BOT,Audi,13.0,15.252115775925702,14.971902267032524,14.652637457055974,15.034145384039142,15,12,15.0,15.0,15,0.0,15.0,15.0,15.0,15.0,15.0,15.0,0.0,0.0,0.0,1.0,1.0,ensemble_grid_blend,11.0,2024,Qatar Grand Prix,2024-12-01
VER,Red Bull Racing,4.0,2.631225757403562,2.568541567135995,3.371848270024387,2.7574107933340786,1,4,1.0,1.0,1,0.0,1.0,1.0,1.0,1.0,1.0,1.0,1.0,1.0,1.0,1.0,1.0,ensemble_grid_blend,6.0,2024,Abu Dhabi Grand Prix,2024-12-08
LEC,Ferrari,19.0,3.6184994074278,3.55146593404875,3.994506356175438,3.67023908149466,2,17,2.0,2.0,2,0.0,4.0,4.0,4.0,4.0,4.0,4.0,0.0,0.0,1.0,0.0,1.0,ensemble_grid_blend,3.0,2024,Abu Dhabi Grand Prix,2024-12-08
SAI,Ferrari,3.0,3.464037389751973,3.2845609866569614,4.890229644902194,3.686459099698763,3,3,3.0,3.0,3,0.0,2.0,2.0,2.0,2.0,2.0,2.0,0.0,1.0,1.0,1.0,1.0,ensemble_grid_blend,2.0,2024,Abu Dhabi Grand Prix,2024-12-08
RUS,Mercedes,6.0,3.6407956536102244,3.419147196564187,4.846364074098802,3.8043323777418268,4,6,4.0,4.0,4,0.0,3.0,3.0,3.0,3.0,3.0,3.0,0.0,1.0,1.0,1.0,1.0,ensemble_grid_blend,5.0,2024,Abu Dhabi Grand Prix,2024-12-08
NOR,McLaren,1.0,5.880655841999356,5.7414891849272225,6.404237331377493,5.936663809899737,5,1,5.0,5.0,5,0.0,6.0,6.0,6.0,6.0,6.0,6.0,0.0,0.0,1.0,1.0,1.0,ensemble_grid_blend,1.0,2024,Abu Dhabi Grand Prix,2024-12-08
PIA,McLaren,2.0,6.105022581134907,5.950115558374559,6.012966012162152,6.032393809374234,6,2,6.0,6.0,6,0.0,7.0,7.0,7.0,7.0,7.0,7.0,0.0,0.0,1.0,1.0,1.0,ensemble_grid_blend,10.0,2024,Abu Dhabi Grand Prix,2024-12-08
HAM,Mercedes,16.0,5.932656957164847,7.095750434846371,6.880020496251912,6.529212382170793,7,14,7.0,7.0,7,0.0,5.0,5.0,5.0,5.0,5.0,5.0,0.0,0.0,1.0,0.0,1.0,ensemble_grid_blend,4.0,2024,Abu Dhabi Grand Prix,2024-12-08
GAS,Alpine,5.0,6.919159050363664,6.848923460298062,8.345336452360655,7.179812074240101,8,5,8.0,8.0,8,0.0,8.0,8.0,8.0,8.0,8.0,8.0,0.0,0.0,1.0,1.0,1.0,ensemble_grid_blend,7.0,2024,Abu Dhabi Grand Prix,2024-12-08
DOO,Alpine,17.0,7.648173901961871,8.361506616240396,9.187224128205756,8.205650397208132,9,15,9.0,9.0,9,0.0,9.0,9.0,9.0,9.0,9.0,9.0,0.0,0.0,1.0,1.0,1.0,ensemble_grid_blend,15.0,2024,Abu Dhabi Grand Prix,2024-12-08
HUL,Haas F1 Team,7.0,10.979193846018134,10.321962046908416,9.521698700549551,10.457663687236018,10,7,10.0,10.0,10,0.0,10.0,10.0,10.0,10.0,10.0,10.0,0.0,0.0,1.0,1.0,1.0,ensemble_grid_blend,8.0,2024,Abu Dhabi Grand Prix,2024-12-08
ALO,Aston Martin,8.0,10.848727617567274,11.021361315469806,10.241723171112584,10.787748522542222,11,8,11.0,11.0,11,0.0,12.0,12.0,12.0,12.0,12.0,12.0,0.0,0.0,0.0,1.0,1.0,ensemble_grid_blend,9.0,2024,Abu Dhabi Grand Prix,2024-12-08
TSU,Racing Bulls,11.0,10.889333886924971,11.367691410635958,10.965303899009202,11.071953022640662,12,9,12.0,12.0,12,0.0,11.0,11.0,11.0,11.0,11.0,11.0,0.0,0.0,0.0,1.0,1.0,ensemble_grid_blend,12.0,2024,Abu Dhabi Grand Prix,2024-12-08
MAG,Haas F1 Team,14.0,12.285939376332557,11.356661466552769,10.844462089991373,11.672396650641396,13,12,13.0,13.0,13,0.0,16.0,16.0,16.0,16.0,16.0,16.0,0.0,0.0,0.0,0.0,1.0,ensemble_grid_blend,16.0,2024,Abu Dhabi Grand Prix,2024-12-08
LAW,Racing Bulls,12.0,12.732363343366892,12.515920785376464,12.458946444434044,12.601925068283672,14,10,14.0,14.0,14,0.0,13.0,13.0,13.0,13.0,13.0,13.0,0.0,0.0,0.0,1.0,1.0,ensemble_grid_blend,17.0,2024,Abu Dhabi Grand Prix,2024-12-08
ALB,Williams,18.0,12.760814823397393,12.498685747096786,12.495022913359008,12.615911264684502,15,16,15.0,15.0,15,0.0,17.0,17.0,17.0,17.0,17.0,17.0,0.0,0.0,0.0,0.0,1.0,ensemble_grid_blend,11.0,2024,Abu Dhabi Grand Prix,2024-12-08
STR,Aston Martin,13.0,12.725586964213992,12.593778550375482,12.517307051365531,12.637798036800822,16,11,16.0,16.0,16,0.0,15.0,15.0,15.0,15.0,15.0,15.0,0.0,0.0,0.0,1.0,1.0,ensemble_grid_blend,14.0,2024,Abu Dhabi Grand Prix,2024-12-08
ZHO,Audi,15.0,14.464573169886599,14.553971475604115,13.06526323923345,14.2160005907571,17,13,17.0,17.0,17,0.0,14.0,14.0,14.0,14.0,14.0,14.0,0.0,0.0,0.0,0.0,1.0,ensemble_grid_blend,13.0,2024,Abu Dhabi Grand Prix,2024-12-08
