driver,team,grid_pos,pred_finish_rf,pred_finish_extra_trees,pred_finish_elastic_net,pred_finish_model_ensemble,pred_rank_model_ensemble,grid_rank_component,blend_rank_score,pred_finish,pred_rank,pred_std,pi68_low,pi68_high,pi95_low,pi95_high,pred_low,pred_high,p_win,p_podium,p_top10,p_rank_pm1,ensemble_grid_alpha,ranking_mode_default,finish_pos,year,gp,date
VER,Red Bull Racing,1.0,1.9988155298361483,1.180901612276614,1.2600611323858875,1.5647947792002592,1,2,1.0,1.0,1,0.0,1.0,1.0,1.0,1.0,1.0,1.0,1.0,1.0,1.0,1.0,1.0,ensemble_grid_blend,1.0,2023,Dutch Grand Prix,2023-08-27
PER,Red Bull Racing,7.0,4.531751487342817,5.0217411616161645,3.7742697190603103,4.551751519681987,2,8,2.0,2.0,2,0.0,2.0,2.0,2.0,2.0,2.0,2.0,0.0,1.0,1.0,1.0,1.0,ensemble_grid_blend,4.0,2023,Dutch Grand Prix,2023-08-27
HAM,Mercedes,13.0,4.99563689158569,5.014592324342322,4.240666063080745,4.8512771273495225,3,12,3.0,3.0,3,0.0,3.0,3.0,3.0,3.0,3.0,3.0,0.0,1.0,1.0,1.0,1.0,ensemble_grid_blend,6.0,2023,Dutch Grand Prix,2023-08-27
RUS,Mercedes,3.0,5.974533757137899,5.451043803418804,5.329343317821857,5.662274185473008,4,4,4.0,4.0,4,0.0,6.0,6.0,6.0,6.0,6.0,6.0,0.0,0.0,1.0,0.0,1.0,ensemble_grid_blend,17.0,2023,Dutch Grand Prix,2023-08-27
NOR,McLaren,2.0,6.1085868858394745,6.187661199911199,6.388627641325459,6.192271046861775,5,3,5.0,5.0,5,0.0,5.0,5.0,5.0,5.0,5.0,5.0,0.0,0.0,1.0,1.0,1.0,ensemble_grid_blend,7.0,2023,Dutch Grand Prix,2023-08-27
ALO,Aston Martin,5.0,7.377305071605184,6.547166314241313,6.355587614705535,6.8824130151479,6,6,6.0,6.0,6,0.0,7.0,7.0,7.0,7.0,7.0,7.0,0.0,0.0,1.0,1.0,1.0,ensemble_grid_blend,2.0,2023,Dutch Grand Prix,2023-08-27
SAI,Ferrari,6.0,7.767481687785823,6.789124536282434,6.978754907090378,7.267311328620547,7,7,7.0,7.0,7,0.0,8.0,8.0,8.0,8.0,8.0,8.0,0.0,0.0,1.0,1.0,1.0,ensemble_grid_blend,5.0,2023,Dutch Grand Prix,2023-08-27
PIA,McLaren,8.0,8.285610504173754,7.174355021838364,7.881683588674035,7.815885702256424,8,9,8.0,8.0,8,0.0,4.0,4.0,4.0,4.0,4.0,4.0,0.0,0.0,1.0,0.0,1.0,ensemble_grid_blend,9.0,2023,Dutch Grand Prix,2023-08-27
STR,Aston Martin,11.0,9.683043150060717,8.377886501066426,9.484404802958549,9.186510653492283,9,10,9.0,9.0,9,0.0,9.0,9.0,9.0,9.0,9.0,9.0,0.0,0.0,1.0,1.0,1.0,ensemble_grid_blend,11.0,2023,Dutch Grand Prix,2023-08-27
OCO,Alpine,16.0,11.656519621321845,9.998648765148605,10.679689608456322,10.880898819088106,10,14,10.0,10.0,10,0.0,11.0,11.0,11.0,11.0,11.0,11.0,0.0,0.0,0.0,1.0,1.0,ensemble_grid_blend,10.0,2023,Dutch Grand Prix,2023-08-27
GAS,Alpine,12.0,11.99292231426648,10.988840388777888,11.992901451262686,11.641489467744714,11,11,11.0,11.0,11,0.0,12.0,12.0,12.0,12.0,12.0,12.0,0.0,0.0,0.0,1.0,1.0,ensemble_grid_blend,3.0,2023,Dutch Grand Prix,2023-08-27
ALB,Williams,4.0,12.132010246501757,11.664718198131078,11.820520620474637,11.906160104366595,12,5,12.0,12.0,12,0.0,10.0,10.0,10.0,10.0,10.0,10.0,0.0,0.0,1.0,0.0,1.0,ensemble_grid_blend,8.0,2023,Dutch Grand Prix,2023-08-27
LAW,AlphaTauri,19.0,12.515371449214253,12.98199931410944,12.58268688891807,12.69215428986833,13,17,13.0,13.0,13,0.0,13.0,13.0,13.0,13.0,13.0,13.0,0.0,0.0,0.0,1.0,1.0,ensemble_grid_blend,13.0,2023,Dutch Grand Prix,2023-08-27
BOT,Alfa Romeo,18.0,12.578448052472375,13.051729015136905,12.832071700041261,12.794821118918739,14,16,14.0,14.0,14,0.0,15.0,15.0,15.0,15.0,15.0,15.0,0.0,0.0,0.0,1.0,1.0,ensemble_grid_blend,14.0,2023,Dutch Grand Prix,2023-08-27
TSU,AlphaTauri,17.0,14.126583221952336,14.397364108114104,13.497223210499042,14.095484529818297,15,15,15.0,15.0,15,0.0,14.0,14.0,14.0,14.0,14.0,14.0,0.0,0.0,0.0,1.0,1.0,ensemble_grid_blend,15.0,2023,Dutch Grand Prix,2023-08-27
HUL,Haas F1 Team,14.0,15.441752133185226,15.541428751803764,14.737690153815294,15.335826553827728,16,13,16.0,16.0,16,0.0,16.0,16.0,16.0,16.0,16.0,16.0,0.0,0.0,0.0,1.0,1.0,ensemble_grid_blend,12.0,2023,Dutch Grand Prix,2023-08-27
MAG,Haas F1 Team,0.0,15.50114061019034,15.67421572871574,15.42616031315802,15.546720842267767,17,1,17.0,17.0,17,0.0,17.0,17.0,17.0,17.0,17.0,17.0,0.0,0.0,0.0,1.0,1.0,ensemble_grid_blend,16.0,2023,Dutch Grand Prix,2023-08-27
VER,Red Bull Racing,2.0,1.8665412503003924,1.1807732128982122,1.6929601811208341,1.5918062233737176,1,2,1.0,1.0,1,0.0,1.0,1.0,1.0,1.0,1.0,1.0,1.0,1.0,1.0,1.0,1.0,ensemble_grid_blend,1.0,2023,Italian Grand Prix,2023-09-03
PER,Red Bull Racing,5.0,4.306152050266295,4.896960969585974,4.1691055638065695,4.485525874736238,2,5,2.0,2.0,2,0.0,2.0,2.0,2.0,2.0,2.0,2.0,0.0,1.0,1.0,1.0,1.0,ensemble_grid_blend,2.0,2023,Italian Grand Prix,2023-09-03
HAM,Mercedes,8.0,5.148307311324232,5.395789747017687,5.698554165626799,5.344975534677455,3,8,3.0,3.0,3,0.0,6.0,6.0,6.0,6.0,6.0,6.0,0.0,0.0,1.0,0.0,1.0,ensemble_grid_blend,6.0,2023,Italian Grand Prix,2023-09-03
ALO,Aston Martin,10.0,6.192060305690681,5.563330128205132,5.83168758333714,5.899930199100031,4,10,4.0,4.0,4,0.0,7.0,7.0,7.0,7.0,7.0,7.0,0.0,0.0,1.0,0.0,1.0,ensemble_grid_blend,9.0,2023,Italian Grand Prix,2023-09-03
LEC,Ferrari,3.0,6.199022263155378,6.396341824841825,6.215903743719971,6.271460405858553,5,3,5.0,5.0,5,0.0,3.0,3.0,3.0,3.0,3.0,3.0,0.0,1.0,1.0,0.0,1.0,ensemble_grid_blend,4.0,2023,Italian Grand Prix,2023-09-03
SAI,Ferrari,1.0,6.390057875702446,6.666111832611831,6.8994281183736135,6.588550809154963,6,1,6.0,6.0,6,0.0,4.0,4.0,4.0,4.0,4.0,4.0,0.0,0.0,1.0,0.0,1.0,ensemble_grid_blend,3.0,2023,Italian Grand Prix,2023-09-03
PIA,McLaren,7.0,6.140341100447158,6.826377730531388,8.744466056587306,6.901278912204668,7,7,7.0,7.0,7,0.0,5.0,5.0,5.0,5.0,5.0,5.0,0.0,0.0,1.0,0.0,1.0,ensemble_grid_blend,12.0,2023,Italian Grand Prix,2023-09-03
NOR,McLaren,9.0,6.733436415465518,6.821263811480918,7.619869192572301,6.9414625594922645,8,9,8.0,8.0,8,0.0,8.0,8.0,8.0,8.0,8.0,8.0,0.0,0.0,1.0,1.0,1.0,ensemble_grid_blend,8.0,2023,Italian Grand Prix,2023-09-03
RUS,Mercedes,4.0,8.224326401747463,7.429689444104228,8.266044707819564,7.954547127786752,9,4,9.0,9.0,9,0.0,9.0,9.0,9.0,9.0,9.0,9.0,0.0,0.0,1.0,1.0,1.0,ensemble_grid_blend,5.0,2023,Italian Grand Prix,2023-09-03
STR,Aston Martin,20.0,9.06822264546201,8.347801704443388,9.663088708908372,8.935048528794765,10,18,10.0,10.0,10,0.0,10.0,10.0,10.0,10.0,10.0,10.0,0.0,0.0,1.0,1.0,1.0,ensemble_grid_blend,16.0,2023,Italian Grand Prix,2023-09-03
GAS,Alpine,17.0,10.29431718408015,9.988078375936926,10.728583997634088,10.273986963940809,11,16,11.0,11.0,11,0.0,11.0,11.0,11.0,11.0,11.0,11.0,0.0,0.0,0.0,1.0,1.0,ensemble_grid_blend,15.0,2023,Italian Grand Prix,2023-09-03
ALB,Williams,6.0,12.086699533514718,11.92627813524195,11.828176080502116,11.978847353516729,12,6,12.0,12.0,12,0.0,14.0,14.0,14.0,14.0,14.0,14.0,0.0,0.0,0.0,0.0,1.0,ensemble_grid_blend,7.0,2023,Italian Grand Prix,2023-09-03
BOT,Alfa Romeo,14.0,13.038449903679002,13.332029165279161,13.540787680293297,13.241670200561916,13,13,13.0,13.0,13,0.0,12.0,12.0,12.0,12.0,12.0,12.0,0.0,0.0,0.0,1.0,1.0,ensemble_grid_blend,10.0,2023,Italian Grand Prix,2023-09-03
LAW,AlphaTauri,12.0,13.709117234642086,14.701879342879343,13.824197461609863,14.079600017918679,14,11,14.0,14.0,14,0.0,13.0,13.0,13.0,13.0,13.0,13.0,0.0,0.0,0.0,1.0,1.0,ensemble_grid_blend,11.0,2023,Italian Grand Prix,2023-09-03
ZHO,Alfa Romeo,16.0,15.42177697068173,13.921585511710509,13.993112288680624,14.610977023641581,15,15,15.0,15.0,15,0.0,18.0,18.0,18.0,18.0,18.0,18.0,0.0,0.0,0.0,0.0,1.0,ensemble_grid_blend,14.0,2023,Italian Grand Prix,2023-09-03
SAR,Williams,15.0,15.286436269467622,15.709337246087248,15.547716577888645,15.486707672968697,16,14,16.0,16.0,16,0.0,17.0,17.0,17.0,17.0,17.0,17.0,0.0,0.0,0.0,1.0,1.0,ensemble_grid_blend,13.0,2023,Italian Grand Prix,2023-09-03
HUL,Haas F1 Team,13.0,16.04357641503664,15.677252664002669,14.916706131400499,15.689989045447522,17,12,17.0,17.0,17,0.0,15.0,15.0,15.0,15.0,15.0,15.0,0.0,0.0,0.0,0.0,1.0,ensemble_grid_blend,17.0,2023,Italian Grand Prix,2023-09-03
MAG,Haas F1 Team,19.0,16.15465957959702,16.08920686258186,15.967153514216335,16.094249915565577,18,17,18.0,18.0,18,0.0,16.0,16.0,16.0,16.0,16.0,16.0,0.0,0.0,0.0,0.0,1.0,ensemble_grid_blend,18.0,2023,Italian Grand Prix,2023-09-03
VER,Red Bull Racing,11.0,1.538236023116206,1.2593308635808644,1.051361762791645,1.3432443652139243,1,10,1.0,1.0,1,0.0,1.0,1.0,1.0,1.0,1.0,1.0,1.0,1.0,1.0,1.0,1.0,ensemble_grid_blend,5.0,2023,Singapore Grand Prix,2023-09-17
PER,Red Bull Racing,13.0,3.500049474750943,3.662635905760906,3.312166666687146,3.519378163991671,2,12,2.0,2.0,2,0.0,2.0,2.0,2.0,2.0,2.0,2.0,0.0,1.0,1.0,1.0,1.0,ensemble_grid_blend,8.0,2023,Singapore Grand Prix,2023-09-17
HAM,Mercedes,5.0,5.075166333414564,5.022675456623987,5.397235793168693,5.121208418488688,3,5,3.0,3.0,3,0.0,4.0,4.0,4.0,4.0,4.0,4.0,0.0,0.0,1.0,1.0,1.0,ensemble_grid_blend,3.0,2023,Singapore Grand Prix,2023-09-17
LEC,Ferrari,3.0,5.498109133867558,6.222510767010768,4.851685231046735,5.6223649249035175,4,3,4.0,4.0,4,0.0,3.0,3.0,3.0,3.0,3.0,3.0,0.0,1.0,1.0,1.0,1.0,ensemble_grid_blend,4.0,2023,Singapore Grand Prix,2023-09-17
SAI,Ferrari,1.0,5.874153729770102,6.729353359467329,5.294686463058631,6.057580146821837,5,1,5.0,5.0,5,0.0,6.0,6.0,6.0,6.0,6.0,6.0,0.0,0.0,1.0,1.0,1.0,ensemble_grid_blend,1.0,2023,Singapore Grand Prix,2023-09-17
ALO,Aston Martin,7.0,7.02334814847882,5.432124905323438,5.984282304684202,6.258606844615512,6,7,6.0,6.0,6,0.0,5.0,5.0,5.0,5.0,5.0,5.0,0.0,0.0,1.0,1.0,1.0,ensemble_grid_blend,15.0,2023,Singapore Grand Prix,2023-09-17
RUS,Mercedes,2.0,8.046568786629301,6.881044219832525,7.422083201573818,7.513738071239333,7,2,7.0,7.0,7,0.0,8.0,8.0,8.0,8.0,8.0,8.0,0.0,0.0,1.0,1.0,1.0,ensemble_grid_blend,16.0,2023,Singapore Grand Prix,2023-09-17
NOR,McLaren,4.0,7.208296677269756,8.257078524939402,7.85777267530308,7.705265523560796,8,4,8.0,8.0,8,0.0,7.0,7.0,7.0,7.0,7.0,7.0,0.0,0.0,1.0,1.0,1.0,ensemble_grid_blend,2.0,2023,Singapore Grand Prix,2023-09-17
PIA,McLaren,17.0,9.299644586431574,9.235034149894865,9.285787711897918,9.274259558736995,9,14,9.0,9.0,9,0.0,9.0,9.0,9.0,9.0,9.0,9.0,0.0,0.0,1.0,1.0,1.0,ensemble_grid_blend,7.0,2023,Singapore Grand Prix,2023-09-17
GAS,Alpine,12.0,10.485534529811368,11.110956859760732,10.21492504725708,10.650310448782786,10,11,10.0,10.0,10,0.0,10.0,10.0,10.0,10.0,10.0,10.0,0.0,0.0,1.0,1.0,1.0,ensemble_grid_blend,6.0,2023,Singapore Grand Prix,2023-09-17
ALB,Williams,14.0,10.762895151349882,10.967217054852416,10.24989646022885,10.731808079351563,11,13,11.0,11.0,11,0.0,11.0,11.0,11.0,11.0,11.0,11.0,0.0,0.0,0.0,1.0,1.0,ensemble_grid_blend,11.0,2023,Singapore Grand Prix,2023-09-17
LAW,AlphaTauri,10.0,13.227867947522316,13.557903975045413,12.737128943413754,13.245232756333689,12,9,12.0,12.0,12,0.0,13.0,13.0,13.0,13.0,13.0,13.0,0.0,0.0,0.0,1.0,1.0,ensemble_grid_blend,9.0,2023,Singapore Grand Prix,2023-09-17
ZHO,Alfa Romeo,19.0,14.81831270633556,14.157944638694651,13.205317752574127,14.264584891908955,13,16,13.0,13.0,13,0.0,12.0,12.0,12.0,12.0,12.0,12.0,0.0,0.0,0.0,1.0,1.0,ensemble_grid_blend,12.0,2023,Singapore Grand Prix,2023-09-17
SAR,Williams,18.0,15.003147745391567,15.426988690231326,14.357516128568815,15.022365752720933,14,15,14.0,14.0,14,0.0,16.0,16.0,16.0,16.0,16.0,16.0,0.0,0.0,0.0,0.0,1.0,ensemble_grid_blend,14.0,2023,Singapore Grand Prix,2023-09-17
HUL,Haas F1 Team,9.0,15.841121538745652,15.459669011544008,14.918793816249316,15.52314760972581,15,8,15.0,15.0,15,0.0,14.0,14.0,14.0,14.0,14.0,14.0,0.0,0.0,0.0,1.0,1.0,ensemble_grid_blend,13.0,2023,Singapore Grand Prix,2023-09-17
MAG,Haas F1 Team,6.0,15.991199974430696,15.96161544011543,15.887684444425796,15.960142281419374,16,6,16.0,16.0,16,0.0,15.0,15.0,15.0,15.0,15.0,15.0,0.0,0.0,0.0,1.0,1.0,ensemble_grid_blend,10.0,2023,Singapore Grand Prix,2023-09-17
VER,Red Bull Racing,1.0,1.8963916232159135,1.7131097823744887,2.161744750893302,1.8853136044568926,1,1,1.0,1.0,1,0.0,1.0,1.0,1.0,1.0,1.0,1.0,1.0,1.0,1.0,1.0,1.0,ensemble_grid_blend,1.0,2023,Japanese Grand Prix,2023-09-24
SAI,Ferrari,6.0,4.217853921077295,4.834832625707625,4.529857389133367,4.496197161309125,2,5,2.0,2.0,2,0.0,2.0,2.0,2.0,2.0,2.0,2.0,0.0,1.0,1.0,1.0,1.0,ensemble_grid_blend,6.0,2023,Japanese Grand Prix,2023-09-24
LEC,Ferrari,4.0,4.452195029469513,4.843813464313465,4.592326930857056,4.617287861942405,3,4,3.0,3.0,3,0.0,3.0,3.0,3.0,3.0,3.0,3.0,0.0,1.0,1.0,1.0,1.0,ensemble_grid_blend,4.0,2023,Japanese Grand Prix,2023-09-24
HAM,Mercedes,7.0,7.090430716834773,5.533417266592458,5.7263866717495,6.272667200232909,4,6,4.0,4.0,4,0.0,4.0,4.0,4.0,4.0,4.0,4.0,0.0,0.0,1.0,1.0,1.0,ensemble_grid_blend,5.0,2023,Japanese Grand Prix,2023-09-24
NOR,McLaren,3.0,6.678120305715413,7.178071692196694,6.869186059817734,6.891316441804325,5,3,5.0,5.0,5,0.0,8.0,8.0,8.0,8.0,8.0,8.0,0.0,0.0,1.0,0.0,1.0,ensemble_grid_blend,2.0,2023,Japanese Grand Prix,2023-09-24
PIA,McLaren,2.0,8.737318051630616,9.052488814927342,8.812191061721714,8.86260242080269,6,2,6.0,6.0,6,0.0,10.0,10.0,10.0,10.0,10.0,10.0,0.0,0.0,1.0,0.0,1.0,ensemble_grid_blend,3.0,2023,Japanese Grand Prix,2023-09-24
ALO,Aston Martin,10.0,10.15474144060586,8.421156046515517,8.17999894251104,9.153038053055276,7,9,7.0,7.0,7,0.0,7.0,7.0,7.0,7.0,7.0,7.0,0.0,0.0,1.0,1.0,1.0,ensemble_grid_blend,8.0,2023,Japanese Grand Prix,2023-09-24
GAS,Alpine,12.0,9.318391902402393,10.47086102786102,9.307807660030393,9.719639247838511,8,11,8.0,8.0,8,0.0,6.0,6.0,6.0,6.0,6.0,6.0,0.0,0.0,1.0,0.0,1.0,ensemble_grid_blend,10.0,2023,Japanese Grand Prix,2023-09-24
RUS,Mercedes,8.0,10.677477540409452,9.171678990860961,9.135876891522413,9.842127918290073,9,7,9.0,9.0,9,0.0,5.0,5.0,5.0,5.0,5.0,5.0,0.0,0.0,1.0,0.0,1.0,ensemble_grid_blend,7.0,2023,Japanese Grand Prix,2023-09-24
OCO,Alpine,14.0,10.649793897675217,10.708329326758623,9.444795569719991,10.429281632263365,10,12,10.0,10.0,10,0.0,9.0,9.0,9.0,9.0,9.0,9.0,0.0,0.0,1.0,1.0,1.0,ensemble_grid_blend,9.0,2023,Japanese Grand Prix,2023-09-24
LAW,AlphaTauri,11.0,13.571168644819117,13.020181415057843,11.84028532345387,13.032146450129622,11,10,11.0,11.0,11,0.0,12.0,12.0,12.0,12.0,12.0,12.0,0.0,0.0,0.0,1.0,1.0,ensemble_grid_blend,11.0,2023,Japanese Grand Prix,2023-09-24
TSU,AlphaTauri,9.0,13.390838751116178,13.682164216168504,12.518675040971157,13.318369921855487,12,8,12.0,12.0,12,0.0,13.0,13.0,13.0,13.0,13.0,13.0,0.0,0.0,0.0,1.0,1.0,ensemble_grid_blend,12.0,2023,Japanese Grand Prix,2023-09-24
ZHO,Alfa Romeo,19.0,13.94869604927643,13.71861249861248,12.85892827640787,13.650213251970335,13,15,13.0,13.0,13,0.0,11.0,11.0,11.0,11.0,11.0,11.0,0.0,0.0,0.0,0.0,1.0,ensemble_grid_blend,13.0,2023,Japanese Grand Prix,2023-09-24
HUL,Haas F1 Team,18.0,14.826602744492247,14.314453549718248,14.110719870146717,14.50417395145224,14,14,14.0,14.0,14,0.0,14.0,14.0,14.0,14.0,14.0,14.0,0.0,0.0,0.0,1.0,1.0,ensemble_grid_blend,14.0,2023,Japanese Grand Prix,2023-09-24
MAG,Haas F1 Team,15.0,14.992273893190987,14.43086534625505,14.636230221735026,14.724572167472218,15,13,15.0,15.0,15,0.0,15.0,15.0,15.0,15.0,15.0,15.0,0.0,0.0,0.0,1.0,1.0,ensemble_grid_blend,15.0,2023,Japanese Grand Prix,2023-09-24
VER,Red Bull Racing,1.0,1.754379234847176,1.645978493728495,1.8946698161592153,1.7444970917180456,1,1,1.0,1.0,1,0.0,1.0,1.0,1.0,1.0,1.0,1.0,1.0,1.0,1.0,1.0,1.0,ensemble_grid_blend,1.0,2023,Qatar Grand Prix,2023-10-08
PER,Red Bull Racing,20.0,4.2394153615106305,4.114933168955227,4.2636407659138875,4.200691674996891,2,17,2.0,2.0,2,0.0,2.0,2.0,2.0,2.0,2.0,2.0,0.0,1.0,1.0,1.0,1.0,ensemble_grid_blend,10.0,2023,Qatar Grand Prix,2023-10-08
LEC,Ferrari,5.0,4.398824991772198,4.6910729458450025,4.470409551131547,4.515428687569549,3,4,3.0,3.0,3,0.0,3.0,3.0,3.0,3.0,3.0,3.0,0.0,1.0,1.0,1.0,1.0,ensemble_grid_blend,5.0,2023,Qatar Grand Prix,2023-10-08
NOR,McLaren,10.0,5.296325028761526,5.010187906048198,5.5262825464806635,5.242168539355689,4,9,4.0,4.0,4,0.0,6.0,6.0,6.0,6.0,6.0,6.0,0.0,0.0,1.0,0.0,1.0,ensemble_grid_blend,3.0,2023,Qatar Grand Prix,2023-10-08
PIA,McLaren,6.0,5.737116110321083,6.17455660780325,7.382298162723819,6.219256694920389,5,5,5.0,5.0,5,0.0,5.0,5.0,5.0,5.0,5.0,5.0,0.0,0.0,1.0,1.0,1.0,ensemble_grid_blend,2.0,2023,Qatar Grand Prix,2023-10-08
RUS,Mercedes,2.0,8.003820903223005,7.543878454214546,7.991471058175832,7.84037107706061,6,2,6.0,6.0,6,0.0,4.0,4.0,4.0,4.0,4.0,4.0,0.0,0.0,1.0,0.0,1.0,ensemble_grid_blend,4.0,2023,Qatar Grand Prix,2023-10-08
ALB,Williams,13.0,9.471702879782791,10.056974470077678,9.865050096604346,9.755217379750313,7,11,7.0,7.0,7,0.0,12.0,12.0,12.0,12.0,12.0,12.0,0.0,0.0,0.0,0.0,1.0,ensemble_grid_blend,13.0,2023,Qatar Grand Prix,2023-10-08
OCO,Alpine,8.0,9.694765817111456,10.193380079886175,9.50394119473946,9.83111588460821,8,7,8.0,8.0,8,0.0,8.0,8.0,8.0,8.0,8.0,8.0,0.0,0.0,1.0,1.0,1.0,ensemble_grid_blend,7.0,2023,Qatar Grand Prix,2023-10-08
ALO,Aston Martin,4.0,10.994680644336766,9.220493564146581,8.713424763019454,9.91746399000674,9,3,9.0,9.0,9,0.0,9.0,9.0,9.0,9.0,9.0,9.0,0.0,0.0,1.0,1.0,1.0,ensemble_grid_blend,6.0,2023,Qatar Grand Prix,2023-10-08
GAS,Alpine,7.0,10.343472910632054,10.643840458009532,9.936482022973786,10.367203374682518,10,6,10.0,10.0,10,0.0,10.0,10.0,10.0,10.0,10.0,10.0,0.0,0.0,1.0,1.0,1.0,ensemble_grid_blend,12.0,2023,Qatar Grand Prix,2023-10-08
STR,Aston Martin,16.0,10.832584051399925,10.200081531164408,11.315929263076715,10.707877211652853,11,13,11.0,11.0,11,0.0,7.0,7.0,7.0,7.0,7.0,7.0,0.0,0.0,1.0,0.0,1.0,ensemble_grid_blend,11.0,2023,Qatar Grand Prix,2023-10-08
LAW,AlphaTauri,17.0,11.749305600159648,11.924940888410742,11.39230077977628,11.739376986970859,12,14,12.0,12.0,12,0.0,11.0,11.0,11.0,11.0,11.0,11.0,0.0,0.0,0.0,1.0,1.0,ensemble_grid_blend,17.0,2023,Qatar Grand Prix,2023-10-08
BOT,Alfa Romeo,9.0,11.50223126060085,12.934256058596574,12.174244016451159,12.137842491069414,13,8,13.0,13.0,13,0.0,14.0,14.0,14.0,14.0,14.0,14.0,0.0,0.0,0.0,1.0,1.0,ensemble_grid_blend,8.0,2023,Qatar Grand Prix,2023-10-08
TSU,AlphaTauri,11.0,12.249518912893572,12.955878417218134,12.09452780290518,12.46574651740949,14,10,14.0,14.0,14,0.0,13.0,13.0,13.0,13.0,13.0,13.0,0.0,0.0,0.0,1.0,1.0,ensemble_grid_blend,15.0,2023,Qatar Grand Prix,2023-10-08
ZHO,Alfa Romeo,19.0,13.493172629576794,13.675026058908406,12.755805604612593,13.409347924850017,15,16,15.0,15.0,15,0.0,15.0,15.0,15.0,15.0,15.0,15.0,0.0,0.0,0.0,1.0,1.0,ensemble_grid_blend,9.0,2023,Qatar Grand Prix,2023-10-08
HUL,Haas F1 Team,14.0,14.973628155466393,14.277781413031416,14.266020325997697,14.588560229720413,16,12,16.0,16.0,16,0.0,16.0,16.0,16.0,16.0,16.0,16.0,0.0,0.0,0.0,1.0,1.0,ensemble_grid_blend,16.0,2023,Qatar Grand Prix,2023-10-08
MAG,Haas F1 Team,18.0,14.789831937093865,14.263026362526368,14.746772602314472,14.596838119039361,17,15,17.0,17.0,17,0.0,17.0,17.0,17.0,17.0,17.0,17.0,0.0,0.0,0.0,1.0,1.0,ensemble_grid_blend,14.0,2023,Qatar Grand Prix,2023-10-08
VER,Red Bull Racing,6.0,1.6832953303670366,1.541339948536157,2.22476811074874,1.7419055028025694,1,6,1.0,1.0,1,0.0,1.0,1.0,1.0,1.0,1.0,1.0,1.0,1.0,1.0,1.0,1.0,ensemble_grid_blend,1.0,2023,United States Grand Prix,2023-10-22
NOR,McLaren,2.0,2.9561530659482393,4.40418184179493,4.233820690104279,3.7184966623257893,2,2,2.0,2.0,2,0.0,2.0,2.0,2.0,2.0,2.0,2.0,0.0,1.0,1.0,1.0,1.0,ensemble_grid_blend,2.0,2023,United States Grand Prix,2023-10-22
HAM,Mercedes,3.0,4.816838172355758,4.500820247988726,4.876669076710841,4.718198079698313,3,3,3.0,3.0,3,0.0,6.0,6.0,6.0,6.0,6.0,6.0,0.0,0.0,1.0,0.0,1.0,ensemble_grid_blend,19.0,2023,United States Grand Prix,2023-10-22
SAI,Ferrari,4.0,4.849227164076139,4.978501481219831,4.792266593014551,4.8830810608641135,4,4,4.0,4.0,4,0.0,3.0,3.0,3.0,3.0,3.0,3.0,0.0,1.0,1.0,1.0,1.0,ensemble_grid_blend,3.0,2023,United States Grand Prix,2023-10-22
LEC,Ferrari,1.0,5.2022661384385245,4.980754949157124,4.671862916883703,5.01865657787907,5,1,5.0,5.0,5,0.0,5.0,5.0,5.0,5.0,5.0,5.0,0.0,0.0,1.0,1.0,1.0,ensemble_grid_blend,20.0,2023,United States Grand Prix,2023-10-22
PER,Red Bull Racing,9.0,5.174582789223734,5.047047138745026,5.394502857514861,5.173929325214411,6,8,6.0,6.0,6,0.0,4.0,4.0,4.0,4.0,4.0,4.0,0.0,0.0,1.0,0.0,1.0,ensemble_grid_blend,4.0,2023,United States Grand Prix,2023-10-22
RUS,Mercedes,5.0,7.50183768859264,7.001269084293793,7.459017982067179,7.318074735782951,7,5,7.0,7.0,7,0.0,7.0,7.0,7.0,7.0,7.0,7.0,0.0,0.0,1.0,1.0,1.0,ensemble_grid_blend,5.0,2023,United States Grand Prix,2023-10-22
GAS,Alpine,7.0,8.835610381238347,10.03022725191476,9.44098581579286,9.374801372885994,8,7,8.0,8.0,8,0.0,8.0,8.0,8.0,8.0,8.0,8.0,0.0,0.0,1.0,1.0,1.0,ensemble_grid_blend,6.0,2023,United States Grand Prix,2023-10-22
STR,Aston Martin,20.0,10.502040312393747,10.120686636740489,10.983625029761692,10.464883469388695,9,17,9.0,9.0,9,0.0,9.0,9.0,9.0,9.0,9.0,9.0,0.0,0.0,1.0,1.0,1.0,ensemble_grid_blend,7.0,2023,United States Grand Prix,2023-10-22
ALB,Williams,15.0,11.023199536657572,11.31094755732314,10.870166987438779,11.093304834046762,10,13,10.0,10.0,10,0.0,10.0,10.0,10.0,10.0,10.0,10.0,0.0,0.0,1.0,1.0,1.0,ensemble_grid_blend,9.0,2023,United States Grand Prix,2023-10-22
BOT,Alfa Romeo,13.0,11.669143916628219,12.179975687326241,11.269836102930563,11.768073473632995,11,11,11.0,11.0,11,0.0,11.0,11.0,11.0,11.0,11.0,11.0,0.0,0.0,0.0,1.0,1.0,ensemble_grid_blend,12.0,2023,United States Grand Prix,2023-10-22
ZHO,Alfa Romeo,12.0,13.866022809754401,13.325012084728998,11.796096131717388,13.262683720388107,12,10,12.0,12.0,12,0.0,12.0,12.0,12.0,12.0,12.0,12.0,0.0,0.0,0.0,1.0,1.0,ensemble_grid_blend,13.0,2023,United States Grand Prix,2023-10-22
RIC,AlphaTauri,14.0,13.445139637578606,13.800544584340773,12.940764583415096,13.46865635811266,13,12,13.0,13.0,13,0.0,13.0,13.0,13.0,13.0,13.0,13.0,0.0,0.0,0.0,1.0,1.0,ensemble_grid_blend,15.0,2023,United States Grand Prix,2023-10-22
TSU,AlphaTauri,11.0,13.77612205497055,14.026389822436014,13.082799647192438,13.725051292027839,14,9,14.0,14.0,14,0.0,14.0,14.0,14.0,14.0,14.0,14.0,0.0,0.0,0.0,1.0,1.0,ensemble_grid_blend,8.0,2023,United States Grand Prix,2023-10-22
MAG,Haas F1 Team,17.0,13.919959354104186,14.038989739427231,14.239278299652177,14.02548377807685,15,15,15.0,15.0,15,0.0,17.0,17.0,17.0,17.0,17.0,17.0,0.0,0.0,0.0,0.0,1.0,ensemble_grid_blend,14.0,2023,United States Grand Prix,2023-10-22
HUL,Haas F1 Team,18.0,14.587054047104651,14.469900495338008,14.11787303937077,14.452214102439548,16,16,16.0,16.0,16,0.0,16.0,16.0,16.0,16.0,16.0,16.0,0.0,0.0,0.0,1.0,1.0,ensemble_grid_blend,11.0,2023,United States Grand Prix,2023-10-22
SAR,Williams,16.0,14.342096653408216,14.99946893735705,14.240988555738541,14.551955333256373,17,14,17.0,17.0,17,0.0,15.0,15.0,15.0,15.0,15.0,15.0,0.0,0.0,0.0,0.0,1.0,ensemble_grid_blend,10.0,2023,United States Grand Prix,2023-10-22
VER,Red Bull Racing,3.0,1.4743009818942325,1.4942326839826832,1.7554644562891113,1.537509772504166,1,4,1.0,1.0,1,0.0,1.0,1.0,1.0,1.0,1.0,1.0,1.0,1.0,1.0,1.0,1.0,ensemble_grid_blend,1.0,2023,Mexico City Grand Prix,2023-10-29
NOR,McLaren,17.0,2.8221550224237397,3.9612445190258665,3.870144843267048,3.430434310403146,2,15,2.0,2.0,2,0.0,3.0,3.0,3.0,3.0,3.0,3.0,0.0,1.0,1.0,1.0,1.0,ensemble_grid_blend,5.0,2023,Mexico City Grand Prix,2023-10-29
PIA,McLaren,7.0,5.018007757628191,4.945083171386577,5.358614233018109,5.060605447521611,3,7,3.0,3.0,3,0.0,2.0,2.0,2.0,2.0,2.0,2.0,0.0,1.0,1.0,1.0,1.0,ensemble_grid_blend,8.0,2023,Mexico City Grand Prix,2023-10-29
SAI,Ferrari,2.0,5.057154690338698,5.601428644433485,5.699206419915151,5.376060920187164,4,3,4.0,4.0,4,0.0,4.0,4.0,4.0,4.0,4.0,4.0,0.0,0.0,1.0,1.0,1.0,ensemble_grid_blend,4.0,2023,Mexico City Grand Prix,2023-10-29
RUS,Mercedes,8.0,6.439568799526538,7.08967819494018,7.100049912512089,6.799203310518422,5,8,5.0,5.0,5,0.0,6.0,6.0,6.0,6.0,6.0,6.0,0.0,0.0,1.0,1.0,1.0,ensemble_grid_blend,6.0,2023,Mexico City Grand Prix,2023-10-29
HAM,Mercedes,6.0,7.11264624676262,6.992606109842843,6.978922280043605,7.043887405496895,6,6,6.0,6.0,6,0.0,5.0,5.0,5.0,5.0,5.0,5.0,0.0,0.0,1.0,1.0,1.0,ensemble_grid_blend,2.0,2023,Mexico City Grand Prix,2023-10-29
LEC,Ferrari,1.0,7.536903420492252,6.428681322840646,7.664315933887836,7.174508188993307,7,2,7.0,7.0,7,0.0,7.0,7.0,7.0,7.0,7.0,7.0,0.0,0.0,1.0,1.0,1.0,ensemble_grid_blend,3.0,2023,Mexico City Grand Prix,2023-10-29
OCO,Alpine,15.0,8.721972860735285,9.528697455744737,8.67023817565131,8.993979531971798,8,14,8.0,8.0,8,0.0,9.0,9.0,9.0,9.0,9.0,9.0,0.0,0.0,1.0,1.0,1.0,ensemble_grid_blend,10.0,2023,Mexico City Grand Prix,2023-10-29
GAS,Alpine,11.0,8.73482859279519,9.49547426329391,9.092619658734552,9.072612790657615,9,11,9.0,9.0,9,0.0,8.0,8.0,8.0,8.0,8.0,8.0,0.0,0.0,1.0,1.0,1.0,ensemble_grid_blend,11.0,2023,Mexico City Grand Prix,2023-10-29
STR,Aston Martin,0.0,8.920070989045634,9.1143875223429,9.504421924701713,9.104951962830894,10,1,10.0,10.0,10,0.0,10.0,10.0,10.0,10.0,10.0,10.0,0.0,0.0,1.0,1.0,1.0,ensemble_grid_blend,17.0,2023,Mexico City Grand Prix,2023-10-29
ALB,Williams,14.0,10.654858284526911,11.033483367939246,10.751193714503609,10.806644149716568,11,13,11.0,11.0,11,0.0,11.0,11.0,11.0,11.0,11.0,11.0,0.0,0.0,0.0,1.0,1.0,ensemble_grid_blend,9.0,2023,Mexico City Grand Prix,2023-10-29
BOT,Alfa Romeo,9.0,10.778845673121483,11.936033614540774,11.305031594613522,11.289098636916643,12,9,12.0,12.0,12,0.0,12.0,12.0,12.0,12.0,12.0,12.0,0.0,0.0,0.0,1.0,1.0,ensemble_grid_blend,15.0,2023,Mexico City Grand Prix,2023-10-29
ZHO,Alfa Romeo,10.0,13.415942024904298,13.065130880815103,11.865724571295807,12.98311463375138,13,10,13.0,13.0,13,0.0,14.0,14.0,14.0,14.0,14.0,14.0,0.0,0.0,0.0,1.0,1.0,ensemble_grid_blend,14.0,2023,Mexico City Grand Prix,2023-10-29
TSU,AlphaTauri,18.0,13.257123314130153,12.853331363081368,12.594136549129276,12.983198778262903,14,16,14.0,14.0,14,0.0,13.0,13.0,13.0,13.0,13.0,13.0,0.0,0.0,0.0,1.0,1.0,ensemble_grid_blend,12.0,2023,Mexico City Grand Prix,2023-10-29
SAR,Williams,19.0,13.598593959153689,13.617215139027643,13.354833765466903,13.556359333372217,15,17,15.0,15.0,15,0.0,17.0,17.0,17.0,17.0,17.0,17.0,0.0,0.0,0.0,0.0,1.0,ensemble_grid_blend,16.0,2023,Mexico City Grand Prix,2023-10-29
RIC,AlphaTauri,4.0,13.530614942361476,13.720307116494618,13.396356662476457,13.57015554733107,16,5,16.0,16.0,16,0.0,15.0,15.0,15.0,15.0,15.0,15.0,0.0,0.0,0.0,1.0,1.0,ensemble_grid_blend,7.0,2023,Mexico City Grand Prix,2023-10-29
HUL,Haas F1 Team,12.0,13.950893784890647,14.022997703685204,13.753979978100178,13.936747395110649,17,12,17.0,17.0,17,0.0,16.0,16.0,16.0,16.0,16.0,16.0,0.0,0.0,0.0,1.0,1.0,ensemble_grid_blend,13.0,2023,Mexico City Grand Prix,2023-10-29
VER,Red Bull Racing,1.0,1.4262893700039614,1.4252739732962252,1.7673920845035358,1.4941545240561687,1,1,1.0,1.0,1,0.0,1.0,1.0,1.0,1.0,1.0,1.0,1.0,1.0,1.0,1.0,1.0,ensemble_grid_blend,1.0,2023,São Paulo Grand Prix,2023-11-05
NOR,McLaren,6.0,4.712270091787439,4.390391476578972,4.5281106010429095,4.56278067831557,2,5,2.0,2.0,2,0.0,3.0,3.0,3.0,3.0,3.0,3.0,0.0,1.0,1.0,1.0,1.0,ensemble_grid_blend,2.0,2023,São Paulo Grand Prix,2023-11-05
PER,Red Bull Racing,9.0,5.104284234884641,4.9169826945929875,4.900012639119061,4.997874376629446,3,7,3.0,3.0,3,0.0,2.0,2.0,2.0,2.0,2.0,2.0,0.0,1.0,1.0,1.0,1.0,ensemble_grid_blend,4.0,2023,São Paulo Grand Prix,2023-11-05
HAM,Mercedes,5.0,6.037857883285824,5.916418250973236,6.303409724685483,6.04846438025635,4,4,4.0,4.0,4,0.0,6.0,6.0,6.0,6.0,6.0,6.0,0.0,0.0,1.0,0.0,1.0,ensemble_grid_blend,8.0,2023,São Paulo Grand Prix,2023-11-05
SAI,Ferrari,7.0,6.44968254945007,6.149268182300786,5.5431316481125945,6.163227340680326,5,6,5.0,5.0,5,0.0,4.0,4.0,4.0,4.0,4.0,4.0,0.0,0.0,1.0,1.0,1.0,ensemble_grid_blend,6.0,2023,São Paulo Grand Prix,2023-11-05
PIA,McLaren,10.0,6.593826487286353,6.089786228796777,6.063728084184316,6.311392716194594,6,8,6.0,6.0,6,0.0,5.0,5.0,5.0,5.0,5.0,5.0,0.0,0.0,1.0,1.0,1.0,ensemble_grid_blend,14.0,2023,São Paulo Grand Prix,2023-11-05
ALO,Aston Martin,4.0,10.11506101314503,7.83681712360044,8.176816730571229,8.930026795289665,7,3,7.0,7.0,7,0.0,9.0,9.0,9.0,9.0,9.0,9.0,0.0,0.0,1.0,0.0,1.0,ensemble_grid_blend,3.0,2023,São Paulo Grand Prix,2023-11-05
OCO,Alpine,14.0,9.606806870423872,9.966214617809724,8.886583540390884,9.588554916002323,8,10,8.0,8.0,8,0.0,8.0,8.0,8.0,8.0,8.0,8.0,0.0,0.0,1.0,1.0,1.0,ensemble_grid_blend,10.0,2023,São Paulo Grand Prix,2023-11-05
GAS,Alpine,15.0,9.693733434463613,9.906399419332443,9.386405065002329,9.706700855275448,9,11,9.0,9.0,9,0.0,7.0,7.0,7.0,7.0,7.0,7.0,0.0,0.0,1.0,0.0,1.0,ensemble_grid_blend,7.0,2023,São Paulo Grand Prix,2023-11-05
STR,Aston Martin,3.0,11.416691110392424,10.263510938372509,11.098672994799564,10.949474427066882,10,2,10.0,10.0,10,0.0,10.0,10.0,10.0,10.0,10.0,10.0,0.0,0.0,1.0,1.0,1.0,ensemble_grid_blend,5.0,2023,São Paulo Grand Prix,2023-11-05
RIC,AlphaTauri,17.0,12.016907977935563,12.16127812978645,12.375337868935665,12.139123509283394,11,13,11.0,11.0,11,0.0,12.0,12.0,12.0,12.0,12.0,12.0,0.0,0.0,0.0,1.0,1.0,ensemble_grid_blend,13.0,2023,São Paulo Grand Prix,2023-11-05
TSU,AlphaTauri,16.0,12.953164073891317,12.142807584980378,12.330477859682823,12.54500205993079,12,12,12.0,12.0,12,0.0,11.0,11.0,11.0,11.0,11.0,11.0,0.0,0.0,0.0,1.0,1.0,ensemble_grid_blend,9.0,2023,São Paulo Grand Prix,2023-11-05
SAR,Williams,19.0,13.148988560470151,13.876551964375496,13.712771882926628,13.516392416328316,13,14,13.0,13.0,13,0.0,14.0,14.0,14.0,14.0,14.0,14.0,0.0,0.0,0.0,1.0,1.0,ensemble_grid_blend,11.0,2023,São Paulo Grand Prix,2023-11-05
HUL,Haas F1 Team,11.0,13.48019670734087,13.630774059274065,13.504074851635202,13.537674409376356,14,9,14.0,14.0,14,0.0,13.0,13.0,13.0,13.0,13.0,13.0,0.0,0.0,0.0,1.0,1.0,ensemble_grid_blend,12.0,2023,São Paulo Grand Prix,2023-11-05
VER,Red Bull Racing,2.0,1.5324460699087479,1.5502275180529819,1.4036758154554434,1.5129155258685687,1,2,1.0,1.0,1,0.0,1.0,1.0,1.0,1.0,1.0,1.0,1.0,1.0,1.0,1.0,1.0,ensemble_grid_blend,1.0,2023,Las Vegas Grand Prix,2023-11-18
PER,Red Bull Racing,11.0,5.561989168182479,4.991407416521389,4.444661087302215,5.138819938925044,2,11,2.0,2.0,2,0.0,2.0,2.0,2.0,2.0,2.0,2.0,0.0,1.0,1.0,1.0,1.0,ensemble_grid_blend,3.0,2023,Las Vegas Grand Prix,2023-11-18
SAI,Ferrari,12.0,6.344328401309456,6.305623378255735,5.757141690823877,6.213344301143538,3,12,3.0,3.0,3,0.0,5.0,5.0,5.0,5.0,5.0,5.0,0.0,0.0,1.0,0.0,1.0,ensemble_grid_blend,6.0,2023,Las Vegas Grand Prix,2023-11-18
LEC,Ferrari,1.0,6.503101642083957,5.784714506757612,7.137229362212982,6.378491688745541,4,1,4.0,4.0,4,0.0,3.0,3.0,3.0,3.0,3.0,3.0,0.0,1.0,1.0,1.0,1.0,ensemble_grid_blend,2.0,2023,Las Vegas Grand Prix,2023-11-18
HAM,Mercedes,10.0,7.357379201495852,6.113946525739481,7.005092030149593,6.85172033071187,5,10,5.0,5.0,5,0.0,7.0,7.0,7.0,7.0,7.0,7.0,0.0,0.0,1.0,0.0,1.0,ensemble_grid_blend,7.0,2023,Las Vegas Grand Prix,2023-11-18
PIA,McLaren,18.0,6.633959754815114,7.305864301913256,7.745189424169123,7.091372280170265,6,17,6.0,6.0,6,0.0,4.0,4.0,4.0,4.0,4.0,4.0,0.0,0.0,1.0,0.0,1.0,ensemble_grid_blend,10.0,2023,Las Vegas Grand Prix,2023-11-18
ALO,Aston Martin,9.0,7.3519741587555165,7.026850712675364,6.9059921041220935,7.148984541700779,7,9,7.0,7.0,7,0.0,6.0,6.0,6.0,6.0,6.0,6.0,0.0,0.0,1.0,1.0,1.0,ensemble_grid_blend,9.0,2023,Las Vegas Grand Prix,2023-11-18
RUS,Mercedes,3.0,7.547062153730704,6.952873815554927,7.1913552203251765,7.267954848688077,8,3,8.0,8.0,8,0.0,8.0,8.0,8.0,8.0,8.0,8.0,0.0,0.0,1.0,1.0,1.0,ensemble_grid_blend,8.0,2023,Las Vegas Grand Prix,2023-11-18
STR,Aston Martin,19.0,8.655804917168725,9.009628214846275,9.875935081306043,9.023669104183332,9,18,9.0,9.0,9,0.0,11.0,11.0,11.0,11.0,11.0,11.0,0.0,0.0,0.0,0.0,1.0,ensemble_grid_blend,5.0,2023,Las Vegas Grand Prix,2023-11-18
GAS,Alpine,4.0,9.012610896017502,9.942770349533518,8.942609979404773,9.324166521425562,10,4,10.0,10.0,10,0.0,9.0,9.0,9.0,9.0,9.0,9.0,0.0,0.0,1.0,1.0,1.0,ensemble_grid_blend,11.0,2023,Las Vegas Grand Prix,2023-11-18
OCO,Alpine,16.0,9.204632803805957,9.841566937221879,8.955388117873747,9.377710813315087,11,15,11.0,11.0,11,0.0,10.0,10.0,10.0,10.0,10.0,10.0,0.0,0.0,1.0,1.0,1.0,ensemble_grid_blend,4.0,2023,Las Vegas Grand Prix,2023-11-18
ALB,Williams,5.0,11.455409693653316,10.928967685579504,10.296830366847889,11.039439125466396,12,5,12.0,12.0,12,0.0,12.0,12.0,12.0,12.0,12.0,12.0,0.0,0.0,0.0,1.0,1.0,ensemble_grid_blend,12.0,2023,Las Vegas Grand Prix,2023-11-18
TSU,AlphaTauri,20.0,10.804054438128226,11.835738074086814,11.393531100677755,11.283039043223638,13,19,13.0,13.0,13,0.0,14.0,14.0,14.0,14.0,14.0,14.0,0.0,0.0,0.0,1.0,1.0,ensemble_grid_blend,18.0,2023,Las Vegas Grand Prix,2023-11-18
BOT,Alfa Romeo,7.0,10.991988958208676,12.43717628368364,11.947661761571212,11.68893908279742,14,7,14.0,14.0,14,0.0,13.0,13.0,13.0,13.0,13.0,13.0,0.0,0.0,0.0,1.0,1.0,ensemble_grid_blend,17.0,2023,Las Vegas Grand Prix,2023-11-18
RIC,AlphaTauri,14.0,13.26777520780298,12.89907825114772,11.867771676214193,12.85873056665588,15,14,15.0,15.0,15,0.0,17.0,17.0,17.0,17.0,17.0,17.0,0.0,0.0,0.0,0.0,1.0,ensemble_grid_blend,14.0,2023,Las Vegas Grand Prix,2023-11-18
ZHO,Alfa Romeo,17.0,13.093576608467574,13.121368945102889,12.193498374030899,12.923288279402598,16,16,16.0,16.0,16,0.0,18.0,18.0,18.0,18.0,18.0,18.0,0.0,0.0,0.0,0.0,1.0,ensemble_grid_blend,15.0,2023,Las Vegas Grand Prix,2023-11-18
MAG,Haas F1 Team,8.0,13.210810687748847,13.151508764025783,13.817068909530667,13.311306658802138,17,8,17.0,17.0,17,0.0,16.0,16.0,16.0,16.0,16.0,16.0,0.0,0.0,0.0,1.0,1.0,ensemble_grid_blend,13.0,2023,Las Vegas Grand Prix,2023-11-18
HUL,Haas F1 Team,13.0,13.407339407772668,13.571040039123245,12.99699181600796,13.382565110392429,18,13,18.0,18.0,18,0.0,15.0,15.0,15.0,15.0,15.0,15.0,0.0,0.0,0.0,0.0,1.0,ensemble_grid_blend,19.0,2023,Las Vegas Grand Prix,2023-11-18
SAR,Williams,6.0,14.233407930490692,13.806808303538578,13.184640955397331,13.87434466603878,19,6,19.0,19.0,19,0.0,19.0,19.0,19.0,19.0,19.0,19.0,0.0,0.0,0.0,1.0,1.0,ensemble_grid_blend,16.0,2023,Las Vegas Grand Prix,2023-11-18
VER,Red Bull Racing,1.0,1.466024707774177,1.5410990493424694,1.360011065164585,1.471097998801161,1,1,1.0,1.0,1,0.0,1.0,1.0,1.0,1.0,1.0,1.0,1.0,1.0,1.0,1.0,1.0,ensemble_grid_blend,1.0,2023,Abu Dhabi Grand Prix,2023-11-26
PER,Red Bull Racing,9.0,4.718008813340825,4.484939918311822,4.108597468785041,4.514552431169517,2,9,2.0,2.0,2,0.0,3.0,3.0,3.0,3.0,3.0,3.0,0.0,1.0,1.0,1.0,1.0,ensemble_grid_blend,4.0,2023,Abu Dhabi Grand Prix,2023-11-26
NOR,McLaren,5.0,6.121781985162902,5.093424339570817,5.79691318979862,5.696883050132816,3,5,3.0,3.0,3,0.0,9.0,9.0,9.0,9.0,9.0,9.0,0.0,0.0,1.0,0.0,1.0,ensemble_grid_blend,5.0,2023,Abu Dhabi Grand Prix,2023-11-26
LEC,Ferrari,2.0,6.033252604072775,5.948974913974917,5.772959996783169,5.951696891080604,4,2,4.0,4.0,4,0.0,4.0,4.0,4.0,4.0,4.0,4.0,0.0,0.0,1.0,1.0,1.0,ensemble_grid_blend,2.0,2023,Abu Dhabi Grand Prix,2023-11-26
SAI,Ferrari,16.0,6.448498824093244,6.00369688481453,5.130008107588354,6.029120002044716,5,16,5.0,5.0,5,0.0,2.0,2.0,2.0,2.0,2.0,2.0,0.0,1.0,1.0,0.0,1.0,ensemble_grid_blend,18.0,2023,Abu Dhabi Grand Prix,2023-11-26
HAM,Mercedes,11.0,5.972072025548127,6.088498728395787,6.253270365449385,6.069061039525059,6,11,6.0,6.0,6,0.0,5.0,5.0,5.0,5.0,5.0,5.0,0.0,0.0,1.0,1.0,1.0,ensemble_grid_blend,9.0,2023,Abu Dhabi Grand Prix,2023-11-26
RUS,Mercedes,4.0,6.154204875355809,6.599011211011209,6.9653996253296615,6.472126042829969,7,4,7.0,7.0,7,0.0,7.0,7.0,7.0,7.0,7.0,7.0,0.0,0.0,1.0,1.0,1.0,ensemble_grid_blend,3.0,2023,Abu Dhabi Grand Prix,2023-11-26
ALO,Aston Martin,7.0,6.9359473779278185,7.304353692875752,7.242359190720835,7.126171950718199,8,7,8.0,8.0,8,0.0,8.0,8.0,8.0,8.0,8.0,8.0,0.0,0.0,1.0,1.0,1.0,ensemble_grid_blend,7.0,2023,Abu Dhabi Grand Prix,2023-11-26
STR,Aston Martin,13.0,8.573381444513593,8.365062503214283,9.454690537203586,8.676731633596834,9,13,9.0,9.0,9,0.0,6.0,6.0,6.0,6.0,6.0,6.0,0.0,0.0,1.0,0.0,1.0,ensemble_grid_blend,10.0,2023,Abu Dhabi Grand Prix,2023-11-26
PIA,McLaren,3.0,9.510952620824604,8.792416329242842,8.835357284024603,9.124345851410988,10,3,10.0,10.0,10,0.0,12.0,12.0,12.0,12.0,12.0,12.0,0.0,0.0,0.0,0.0,1.0,ensemble_grid_blend,6.0,2023,Abu Dhabi Grand Prix,2023-11-26
OCO,Alpine,12.0,9.369383805239787,9.507291583416581,8.704450880445018,9.284664942642712,11,12,11.0,11.0,11,0.0,10.0,10.0,10.0,10.0,10.0,10.0,0.0,0.0,1.0,1.0,1.0,ensemble_grid_blend,12.0,2023,Abu Dhabi Grand Prix,2023-11-26
GAS,Alpine,10.0,9.118778015332337,9.522365361954158,9.435511969677878,9.323380377519083,12,10,12.0,12.0,12,0.0,11.0,11.0,11.0,11.0,11.0,11.0,0.0,0.0,0.0,1.0,1.0,ensemble_grid_blend,13.0,2023,Abu Dhabi Grand Prix,2023-11-26
ALB,Williams,14.0,11.362437260623121,10.934154953040602,10.92199414481584,11.124449829807784,13,14,13.0,13.0,13,0.0,14.0,14.0,14.0,14.0,14.0,14.0,0.0,0.0,0.0,1.0,1.0,ensemble_grid_blend,14.0,2023,Abu Dhabi Grand Prix,2023-11-26
TSU,AlphaTauri,6.0,11.482772845191228,12.0032319898239,12.661513068859945,11.900681590546407,14,6,14.0,14.0,14,0.0,13.0,13.0,13.0,13.0,13.0,13.0,0.0,0.0,0.0,1.0,1.0,ensemble_grid_blend,8.0,2023,Abu Dhabi Grand Prix,2023-11-26
RIC,AlphaTauri,15.0,12.931701846385899,12.488815164002666,12.50606392923616,12.69156392412182,15,15,15.0,15.0,15,0.0,18.0,18.0,18.0,18.0,18.0,18.0,0.0,0.0,0.0,0.0,1.0,ensemble_grid_blend,11.0,2023,Abu Dhabi Grand Prix,2023-11-26
BOT,Alfa Romeo,18.0,13.339271752987955,13.01440828330167,13.392721325578991,13.236259453115961,16,18,16.0,16.0,16,0.0,20.0,20.0,20.0,20.0,20.0,20.0,0.0,0.0,0.0,0.0,1.0,ensemble_grid_blend,19.0,2023,Abu Dhabi Grand Prix,2023-11-26
ZHO,Alfa Romeo,19.0,13.349864192111445,13.63214159410851,13.327378971869592,13.444164238762047,17,19,17.0,17.0,17,0.0,19.0,19.0,19.0,19.0,19.0,19.0,0.0,0.0,0.0,0.0,1.0,ensemble_grid_blend,17.0,2023,Abu Dhabi Grand Prix,2023-11-26
SAR,Williams,20.0,13.288778022459944,13.83905952415317,14.043435108369424,13.63230796523447,18,20,18.0,18.0,18,0.0,15.0,15.0,15.0,15.0,15.0,15.0,0.0,0.0,0.0,0.0,1.0,ensemble_grid_blend,16.0,2023,Abu Dhabi Grand Prix,2023-11-26
MAG,Haas F1 Team,17.0,13.774374432308997,13.712982929243962,14.026606912353182,13.803333902245072,19,17,19.0,19.0,19,0.0,16.0,16.0,16.0,16.0,16.0,16.0,0.0,0.0,0.0,0.0,1.0,ensemble_grid_blend,20.0,2023,Abu Dhabi Grand Prix,2023-11-26
HUL,Haas F1 Team,8.0,13.974038323690868,13.883452749048333,14.03603574829463,13.954732857486732,20,8,20.0,20.0,20,0.0,17.0,17.0,17.0,17.0,17.0,17.0,0.0,0.0,0.0,0.0,1.0,ensemble_grid_blend,15.0,2023,Abu Dhabi Grand Prix,2023-11-26
VER,Red Bull Racing,1.0,1.403505421821258,1.4108251017987847,1.5693850344046192,1.4392432323300646,1,1,1.0,1.0,1,0.0,1.0,1.0,1.0,1.0,1.0,1.0,1.0,1.0,1.0,1.0,1.0,ensemble_grid_blend,1.0,2024,Bahrain Grand Prix,2024-03-02
PER,Red Bull Racing,5.0,4.516103297137009,4.516930720059169,4.265067562148618,4.466185748162087,2,5,2.0,2.0,2,0.0,4.0,4.0,4.0,4.0,4.0,4.0,0.0,0.0,1.0,0.0,1.0,ensemble_grid_blend,2.0,2024,Bahrain Grand Prix,2024-03-02
LEC,Ferrari,2.0,3.745482511637559,5.7711098337936555,5.797367960434969,4.864829164151675,3,2,3.0,3.0,3,0.0,2.0,2.0,2.0,2.0,2.0,2.0,0.0,1.0,1.0,1.0,1.0,ensemble_grid_blend,4.0,2024,Bahrain Grand Prix,2024-03-02
NOR,McLaren,7.0,5.901021527455762,4.903873189310686,5.765947659611712,5.5250048355361745,4,7,4.0,4.0,4,0.0,7.0,7.0,7.0,7.0,7.0,7.0,0.0,0.0,1.0,0.0,1.0,ensemble_grid_blend,6.0,2024,Bahrain Grand Prix,2024-03-02
HAM,Mercedes,9.0,5.337167783767428,6.1664496148845975,6.8791796645063386,5.935818800806219,5,9,5.0,5.0,5,0.0,6.0,6.0,6.0,6.0,6.0,6.0,0.0,0.0,1.0,1.0,1.0,ensemble_grid_blend,7.0,2024,Bahrain Grand Prix,2024-03-02
ALO,Aston Martin,6.0,5.327479043545552,6.633606129981132,6.377799609726217,5.994687637034138,6,6,6.0,6.0,6,0.0,3.0,3.0,3.0,3.0,3.0,3.0,0.0,1.0,1.0,0.0,1.0,ensemble_grid_blend,9.0,2024,Bahrain Grand Prix,2024-03-02
RUS,Mercedes,3.0,6.05751859745437,6.776591228624317,6.831489922336255,6.463988283340228,7,3,7.0,7.0,7,0.0,9.0,9.0,9.0,9.0,9.0,9.0,0.0,0.0,1.0,0.0,1.0,ensemble_grid_blend,5.0,2024,Bahrain Grand Prix,2024-03-02
SAI,Ferrari,4.0,7.3449872678397945,6.1494728252218955,7.205956107121833,6.898750980779938,8,4,8.0,8.0,8,0.0,8.0,8.0,8.0,8.0,8.0,8.0,0.0,0.0,1.0,1.0,1.0,ensemble_grid_blend,3.0,2024,Bahrain Grand Prix,2024-03-02
STR,Aston Martin,12.0,6.489684544432452,8.129655352409038,8.438082079383618,7.45335383421449,9,12,9.0,9.0,9,0.0,5.0,5.0,5.0,5.0,5.0,5.0,0.0,0.0,1.0,0.0,1.0,ensemble_grid_blend,10.0,2024,Bahrain Grand Prix,2024-03-02
PIA,McLaren,8.0,9.284734397307941,7.841086323359468,8.428772547072445,8.608265201378876,10,8,10.0,10.0,10,0.0,10.0,10.0,10.0,10.0,10.0,10.0,0.0,0.0,1.0,1.0,1.0,ensemble_grid_blend,8.0,2024,Bahrain Grand Prix,2024-03-02
OCO,Alpine,19.0,9.972448028318576,9.840087209767358,9.224181774284663,9.776468491018866,11,19,11.0,11.0,11,0.0,11.0,11.0,11.0,11.0,11.0,11.0,0.0,0.0,0.0,1.0,1.0,ensemble_grid_blend,17.0,2024,Bahrain Grand Prix,2024-03-02
TSU,Racing Bulls,11.0,10.813135577399878,10.231889016573383,10.251871280013482,10.497446421633326,12,11,12.0,12.0,12,0.0,12.0,12.0,12.0,12.0,12.0,12.0,0.0,0.0,0.0,1.0,1.0,ensemble_grid_blend,14.0,2024,Bahrain Grand Prix,2024-03-02
GAS,Alpine,20.0,10.700248589487439,10.574527644891221,9.921739378126839,10.500544416606642,13,20,13.0,13.0,13,0.0,17.0,17.0,17.0,17.0,17.0,17.0,0.0,0.0,0.0,0.0,1.0,ensemble_grid_blend,18.0,2024,Bahrain Grand Prix,2024-03-02
RIC,Racing Bulls,14.0,10.911428091352796,10.739379537382986,10.512856358294966,10.771496750851798,14,14,14.0,14.0,14,0.0,13.0,13.0,13.0,13.0,13.0,13.0,0.0,0.0,0.0,1.0,1.0,ensemble_grid_blend,13.0,2024,Bahrain Grand Prix,2024-03-02
ALB,Williams,13.0,11.000819139412295,11.007390959509188,11.592049355422779,11.121365319648305,15,13,15.0,15.0,15,0.0,14.0,14.0,14.0,14.0,14.0,14.0,0.0,0.0,0.0,1.0,1.0,ensemble_grid_blend,15.0,2024,Bahrain Grand Prix,2024-03-02
BOT,Audi,16.0,11.063636820277361,11.159980042699818,11.46504271668856,11.177638127407462,16,16,16.0,16.0,16,0.0,16.0,16.0,16.0,16.0,16.0,16.0,0.0,0.0,0.0,1.0,1.0,ensemble_grid_blend,19.0,2024,Bahrain Grand Prix,2024-03-02
ZHO,Audi,17.0,11.654410595925453,11.44075126634332,11.125306082798563,11.473808927946328,17,17,17.0,17.0,17,0.0,15.0,15.0,15.0,15.0,15.0,15.0,0.0,0.0,0.0,0.0,1.0,ensemble_grid_blend,11.0,2024,Bahrain Grand Prix,2024-03-02
SAR,Williams,18.0,14.173393914550712,14.581656614627189,14.423809176063536,14.366368911880043,18,18,18.0,18.0,18,0.0,18.0,18.0,18.0,18.0,18.0,18.0,0.0,0.0,0.0,1.0,1.0,ensemble_grid_blend,20.0,2024,Bahrain Grand Prix,2024-03-02
HUL,Haas F1 Team,10.0,15.173356566417711,14.273283740001423,14.563249278272085,14.736309619542885,19,10,19.0,19.0,19,0.0,19.0,19.0,19.0,19.0,19.0,19.0,0.0,0.0,0.0,1.0,1.0,ensemble_grid_blend,16.0,2024,Bahrain Grand Prix,2024-03-02
MAG,Haas F1 Team,15.0,15.199194963054271,14.753420345355122,15.08676960139427,15.020688774527569,20,15,20.0,20.0,20,0.0,20.0,20.0,20.0,20.0,20.0,20.0,0.0,0.0,0.0,1.0,1.0,ensemble_grid_blend,12.0,2024,Bahrain Grand Prix,2024-03-02
VER,Red Bull Racing,1.0,1.3905716866063491,1.4370532845245128,1.4663851431085941,1.4220029371781553,1,1,1.0,1.0,1,0.0,1.0,1.0,1.0,1.0,1.0,1.0,1.0,1.0,1.0,1.0,1.0,ensemble_grid_blend,1.0,2024,Saudi Arabian Grand Prix,2024-03-09
PER,Red Bull Racing,3.0,4.344373305265793,4.334493732166527,3.946434984193778,4.2613277904666464,2,3,2.0,2.0,2,0.0,2.0,2.0,2.0,2.0,2.0,2.0,0.0,1.0,1.0,1.0,1.0,ensemble_grid_blend,2.0,2024,Saudi Arabian Grand Prix,2024-03-09
LEC,Ferrari,2.0,4.969416183008385,5.735981485018251,5.327500035984521,5.309330809307065,3,2,3.0,3.0,3,0.0,4.0,4.0,4.0,4.0,4.0,4.0,0.0,0.0,1.0,1.0,1.0,ensemble_grid_blend,3.0,2024,Saudi Arabian Grand Prix,2024-03-09
HAM,Mercedes,8.0,5.378406494813893,6.3117450338404275,6.747948620851615,5.978983408680724,4,8,4.0,4.0,4,0.0,6.0,6.0,6.0,6.0,6.0,6.0,0.0,0.0,1.0,0.0,1.0,ensemble_grid_blend,9.0,2024,Saudi Arabian Grand Prix,2024-03-09
NOR,McLaren,6.0,6.906481004056045,5.12835106560107,5.611204054617886,6.025080135709171,5,6,5.0,5.0,5,0.0,3.0,3.0,3.0,3.0,3.0,3.0,0.0,1.0,1.0,0.0,1.0,ensemble_grid_blend,8.0,2024,Saudi Arabian Grand Prix,2024-03-09
RUS,Mercedes,7.0,6.706938925608708,6.88005338411588,6.416735839304424,6.709488368825362,6,7,6.0,6.0,6,0.0,5.0,5.0,5.0,5.0,5.0,5.0,0.0,0.0,1.0,1.0,1.0,ensemble_grid_blend,6.0,2024,Saudi Arabian Grand Prix,2024-03-09
BEA,Ferrari,11.0,7.031149593814774,5.90552273815795,7.8549853419454845,6.801947343961029,7,10,7.0,7.0,7,0.0,8.0,8.0,8.0,8.0,8.0,8.0,0.0,0.0,1.0,1.0,1.0,ensemble_grid_blend,7.0,2024,Saudi Arabian Grand Prix,2024-03-09
ALO,Aston Martin,4.0,6.767729930981614,7.090442668093413,7.394427548654018,7.006018912505224,8,4,8.0,8.0,8,0.0,9.0,9.0,9.0,9.0,9.0,9.0,0.0,0.0,1.0,1.0,1.0,ensemble_grid_blend,5.0,2024,Saudi Arabian Grand Prix,2024-03-09
PIA,McLaren,5.0,7.466575043492218,7.583696520391377,8.189552471931504,7.652163046094781,9,5,9.0,9.0,9,0.0,7.0,7.0,7.0,7.0,7.0,7.0,0.0,0.0,1.0,0.0,1.0,ensemble_grid_blend,4.0,2024,Saudi Arabian Grand Prix,2024-03-09
OCO,Alpine,17.0,11.307960003114141,10.032353522509485,10.9257040846319,10.785046551206063,10,16,10.0,10.0,10,0.0,10.0,10.0,10.0,10.0,10.0,10.0,0.0,0.0,1.0,1.0,1.0,ensemble_grid_blend,13.0,2024,Saudi Arabian Grand Prix,2024-03-09
TSU,Racing Bulls,9.0,12.698697165213346,11.523045787073254,12.204035019285861,12.188286753678817,11,9,11.0,11.0,11,0.0,13.0,13.0,13.0,13.0,13.0,13.0,0.0,0.0,0.0,0.0,1.0,ensemble_grid_blend,15.0,2024,Saudi Arabian Grand Prix,2024-03-09
ALB,Williams,12.0,12.507383668327044,11.974301673021676,12.737046239334607,12.366737484171678,12,11,12.0,12.0,12,0.0,11.0,11.0,11.0,11.0,11.0,11.0,0.0,0.0,0.0,1.0,1.0,ensemble_grid_blend,11.0,2024,Saudi Arabian Grand Prix,2024-03-09
RIC,Racing Bulls,14.0,13.223581072791276,12.153447666304283,12.19489568895562,12.643297303753696,13,13,13.0,13.0,13,0.0,12.0,12.0,12.0,12.0,12.0,12.0,0.0,0.0,0.0,1.0,1.0,ensemble_grid_blend,16.0,2024,Saudi Arabian Grand Prix,2024-03-09
ZHO,Audi,20.0,14.303435987581826,13.203343560034728,13.076045086913126,13.672925457806603,14,18,14.0,14.0,14,0.0,14.0,14.0,14.0,14.0,14.0,14.0,0.0,0.0,0.0,1.0,1.0,ensemble_grid_blend,18.0,2024,Saudi Arabian Grand Prix,2024-03-09
BOT,Audi,16.0,15.296275156578686,14.132342987567977,14.41567283826128,14.712778433761457,15,15,15.0,15.0,15,0.0,16.0,16.0,16.0,16.0,16.0,16.0,0.0,0.0,0.0,1.0,1.0,ensemble_grid_blend,17.0,2024,Saudi Arabian Grand Prix,2024-03-09
HUL,Haas F1 Team,15.0,15.19582526652133,14.2692403414396,15.022467858020299,14.83684906104252,16,14,16.0,16.0,16,0.0,17.0,17.0,17.0,17.0,17.0,17.0,0.0,0.0,0.0,1.0,1.0,ensemble_grid_blend,10.0,2024,Saudi Arabian Grand Prix,2024-03-09
MAG,Haas F1 Team,13.0,15.27196672210242,14.674650012543356,14.984636379352043,15.005439805206672,17,12,17.0,17.0,17,0.0,15.0,15.0,15.0,15.0,15.0,15.0,0.0,0.0,0.0,0.0,1.0,ensemble_grid_blend,12.0,2024,Saudi Arabian Grand Prix,2024-03-09
SAR,Williams,19.0,14.961564669394106,15.927478471025879,15.810421514512623,15.469405868988929,18,17,18.0,18.0,18,0.0,18.0,18.0,18.0,18.0,18.0,18.0,0.0,0.0,0.0,1.0,1.0,ensemble_grid_blend,14.0,2024,Saudi Arabian Grand Prix,2024-03-09
PER,Red Bull Racing,6.0,4.05163902382399,4.254924690355223,3.661895311426366,4.0448402646303965,1,5,1.0,1.0,1,0.0,1.0,1.0,1.0,1.0,1.0,1.0,1.0,1.0,1.0,1.0,1.0,ensemble_grid_blend,5.0,2024,Australian Grand Prix,2024-03-24
LEC,Ferrari,4.0,4.714748504742011,4.925906409766702,5.247566703203474,4.895217411192945,2,3,2.0,2.0,2,0.0,2.0,2.0,2.0,2.0,2.0,2.0,0.0,1.0,1.0,1.0,1.0,ensemble_grid_blend,2.0,2024,Australian Grand Prix,2024-03-24
SAI,Ferrari,2.0,5.6269886477263,5.443878060664824,6.774248612983206,5.792351935306164,3,1,3.0,3.0,3,0.0,3.0,3.0,3.0,3.0,3.0,3.0,0.0,1.0,1.0,1.0,1.0,ensemble_grid_blend,1.0,2024,Australian Grand Prix,2024-03-24
NOR,McLaren,3.0,6.377213132950527,5.3444863539238545,5.6084240332010085,5.862000940341288,4,2,4.0,4.0,4,0.0,5.0,5.0,5.0,5.0,5.0,5.0,0.0,0.0,1.0,1.0,1.0,ensemble_grid_blend,3.0,2024,Australian Grand Prix,2024-03-24
ALO,Aston Martin,10.0,6.17124386008062,6.673352078477077,6.948760275584426,6.50248501962014,5,9,5.0,5.0,5,0.0,6.0,6.0,6.0,6.0,6.0,6.0,0.0,0.0,1.0,1.0,1.0,ensemble_grid_blend,8.0,2024,Australian Grand Prix,2024-03-24
RUS,Mercedes,7.0,6.968035351732308,6.937843314215027,6.309563289929474,6.825773726240693,6,6,6.0,6.0,6,0.0,4.0,4.0,4.0,4.0,4.0,4.0,0.0,0.0,1.0,0.0,1.0,ensemble_grid_blend,17.0,2024,Australian Grand Prix,2024-03-24
PIA,McLaren,5.0,7.24417943817251,7.83439246864247,7.211705683533079,7.44425924790911,7,4,7.0,7.0,7,0.0,7.0,7.0,7.0,7.0,7.0,7.0,0.0,0.0,1.0,1.0,1.0,ensemble_grid_blend,4.0,2024,Australian Grand Prix,2024-03-24
STR,Aston Martin,9.0,8.058426974427672,9.306895181126059,9.000025636746868,8.683710579235948,8,8,8.0,8.0,8,0.0,8.0,8.0,8.0,8.0,8.0,8.0,0.0,0.0,1.0,1.0,1.0,ensemble_grid_blend,6.0,2024,Australian Grand Prix,2024-03-24
OCO,Alpine,15.0,12.269633912296875,10.512104056074644,12.018506282340843,11.604272936627888,9,13,9.0,9.0,9,0.0,10.0,10.0,10.0,10.0,10.0,10.0,0.0,0.0,1.0,1.0,1.0,ensemble_grid_blend,16.0,2024,Australian Grand Prix,2024-03-24
GAS,Alpine,17.0,12.022898266545198,10.820393467643473,12.45867365810305,11.689176665241165,10,15,10.0,10.0,10,0.0,11.0,11.0,11.0,11.0,11.0,11.0,0.0,0.0,0.0,1.0,1.0,ensemble_grid_blend,13.0,2024,Australian Grand Prix,2024-03-24
ALB,Williams,12.0,12.184581451667931,12.010252312230245,12.517692245005344,12.190188411532223,11,10,11.0,11.0,11,0.0,9.0,9.0,9.0,9.0,9.0,9.0,0.0,0.0,1.0,0.0,1.0,ensemble_grid_blend,11.0,2024,Australian Grand Prix,2024-03-24
TSU,Racing Bulls,8.0,14.765608306963372,13.773496570831135,12.943917808745251,14.054031099673464,12,7,12.0,12.0,12,0.0,12.0,12.0,12.0,12.0,12.0,12.0,0.0,0.0,0.0,1.0,1.0,ensemble_grid_blend,7.0,2024,Australian Grand Prix,2024-03-24
RIC,Racing Bulls,18.0,14.448741711819046,14.550838318952295,13.19077437691436,14.232882057334747,13,16,13.0,13.0,13,0.0,13.0,13.0,13.0,13.0,13.0,13.0,0.0,0.0,0.0,1.0,1.0,ensemble_grid_blend,12.0,2024,Australian Grand Prix,2024-03-24
HUL,Haas F1 Team,16.0,14.527933147687643,14.22923739807234,13.829487384406043,14.283700482665967,14,14,14.0,14.0,14,0.0,15.0,15.0,15.0,15.0,15.0,15.0,0.0,0.0,0.0,1.0,1.0,ensemble_grid_blend,9.0,2024,Australian Grand Prix,2024-03-24
ZHO,Audi,19.0,14.273774912182873,14.657473646043496,14.320485298915557,14.417411546380626,15,17,15.0,15.0,15,0.0,14.0,14.0,14.0,14.0,14.0,14.0,0.0,0.0,0.0,1.0,1.0,ensemble_grid_blend,15.0,2024,Australian Grand Prix,2024-03-24
MAG,Haas F1 Team,14.0,14.870598184094424,14.39691191406633,14.231217882454162,14.57693192925654,16,12,16.0,16.0,16,0.0,16.0,16.0,16.0,16.0,16.0,16.0,0.0,0.0,0.0,1.0,1.0,ensemble_grid_blend,10.0,2024,Australian Grand Prix,2024-03-24
BOT,Audi,13.0,14.817900823028383,15.092209785720819,15.380653061921862,15.026459407749432,17,11,17.0,17.0,17,0.0,17.0,17.0,17.0,17.0,17.0,17.0,0.0,0.0,0.0,1.0,1.0,ensemble_grid_blend,14.0,2024,Australian Grand Prix,2024-03-24
VER,Red Bull Racing,1.0,1.247656529643026,1.3071086476396576,1.6743244023695034,1.3537983454871425,1,1,1.0,1.0,1,0.0,1.0,1.0,1.0,1.0,1.0,1.0,1.0,1.0,1.0,1.0,1.0,ensemble_grid_blend,1.0,2024,Japanese Grand Prix,2024-04-07
PER,Red Bull Racing,2.0,3.9770410852622793,4.1457904360543525,4.013019114460981,4.043298963879245,2,2,2.0,2.0,2,0.0,2.0,2.0,2.0,2.0,2.0,2.0,0.0,1.0,1.0,1.0,1.0,ensemble_grid_blend,2.0,2024,Japanese Grand Prix,2024-04-07
LEC,Ferrari,8.0,4.406522165335197,4.817806807081804,4.1022661510503315,4.4896205870895365,3,8,3.0,3.0,3,0.0,3.0,3.0,3.0,3.0,3.0,3.0,0.0,1.0,1.0,1.0,1.0,ensemble_grid_blend,4.0,2024,Japanese Grand Prix,2024-04-07
SAI,Ferrari,4.0,5.05663846322136,5.550310539460541,5.226789157995693,5.26345382885994,4,4,4.0,4.0,4,0.0,7.0,7.0,7.0,7.0,7.0,7.0,0.0,0.0,1.0,0.0,1.0,ensemble_grid_blend,3.0,2024,Japanese Grand Prix,2024-04-07
NOR,McLaren,3.0,6.364236361122607,5.078419090412512,5.131017308063192,5.6675565057621915,5,3,5.0,5.0,5,0.0,4.0,4.0,4.0,4.0,4.0,4.0,0.0,0.0,1.0,1.0,1.0,ensemble_grid_blend,5.0,2024,Japanese Grand Prix,2024-04-07
ALO,Aston Martin,5.0,5.613123475539727,6.817517427425514,6.940940609217947,6.300224785435397,6,5,6.0,6.0,6,0.0,5.0,5.0,5.0,5.0,5.0,5.0,0.0,0.0,1.0,1.0,1.0,ensemble_grid_blend,6.0,2024,Japanese Grand Prix,2024-04-07
PIA,McLaren,6.0,7.006275121182429,7.449085271453688,6.637533110438829,7.08751027162865,7,6,7.0,7.0,7,0.0,8.0,8.0,8.0,8.0,8.0,8.0,0.0,0.0,1.0,1.0,1.0,ensemble_grid_blend,8.0,2024,Japanese Grand Prix,2024-04-07
STR,Aston Martin,16.0,7.71914524451937,9.032275380063695,8.560475028517851,8.347006748759581,8,14,8.0,8.0,8,0.0,6.0,6.0,6.0,6.0,6.0,6.0,0.0,0.0,1.0,0.0,1.0,ensemble_grid_blend,12.0,2024,Japanese Grand Prix,2024-04-07
HAM,Mercedes,7.0,9.728727478466348,8.734012564746767,8.23185897496856,9.081203557964937,9,7,9.0,9.0,9,0.0,9.0,9.0,9.0,9.0,9.0,9.0,0.0,0.0,1.0,1.0,1.0,ensemble_grid_blend,9.0,2024,Japanese Grand Prix,2024-04-07
RUS,Mercedes,9.0,10.569466542274295,9.201880768048156,8.745387790572225,9.725995770954732,10,9,10.0,10.0,10,0.0,10.0,10.0,10.0,10.0,10.0,10.0,0.0,0.0,1.0,1.0,1.0,ensemble_grid_blend,7.0,2024,Japanese Grand Prix,2024-04-07
TSU,Racing Bulls,10.0,10.66664412517337,11.391642129628192,11.621770003860446,11.111418602469973,11,10,11.0,11.0,11,0.0,13.0,13.0,13.0,13.0,13.0,13.0,0.0,0.0,0.0,0.0,1.0,ensemble_grid_blend,10.0,2024,Japanese Grand Prix,2024-04-07
OCO,Alpine,15.0,12.598639419985815,11.606696581669107,12.731953579669462,12.278122258511697,12,13,12.0,12.0,12,0.0,11.0,11.0,11.0,11.0,11.0,11.0,0.0,0.0,0.0,1.0,1.0,ensemble_grid_blend,15.0,2024,Japanese Grand Prix,2024-04-07
GAS,Alpine,17.0,12.469081435078564,11.824962344501047,12.821798944324856,12.314183255225691,13,15,13.0,13.0,13,0.0,12.0,12.0,12.0,12.0,12.0,12.0,0.0,0.0,0.0,1.0,1.0,ensemble_grid_blend,16.0,2024,Japanese Grand Prix,2024-04-07
HUL,Haas F1 Team,12.0,13.617802495683748,13.846391408224124,12.37929818259794,13.450107752455718,14,11,14.0,14.0,14,0.0,15.0,15.0,15.0,15.0,15.0,15.0,0.0,0.0,0.0,1.0,1.0,ensemble_grid_blend,11.0,2024,Japanese Grand Prix,2024-04-07
MAG,Haas F1 Team,18.0,13.862893171343474,13.937853760006329,12.72553259193424,13.661657261493627,15,16,15.0,15.0,15,0.0,14.0,14.0,14.0,14.0,14.0,14.0,0.0,0.0,0.0,1.0,1.0,ensemble_grid_blend,13.0,2024,Japanese Grand Prix,2024-04-07
SAR,Williams,19.0,14.505554264430227,15.401732178962245,14.994319639535142,14.916969609537414,16,17,16.0,16.0,16,0.0,16.0,16.0,16.0,16.0,16.0,16.0,0.0,0.0,0.0,1.0,1.0,ensemble_grid_blend,17.0,2024,Japanese Grand Prix,2024-04-07
BOT,Audi,13.0,15.107801343186487,15.443165243661555,14.899889378669066,15.183596315449275,17,12,17.0,17.0,17,0.0,17.0,17.0,17.0,17.0,17.0,17.0,0.0,0.0,0.0,1.0,1.0,ensemble_grid_blend,14.0,2024,Japanese Grand Prix,2024-04-07
VER,Red Bull Racing,1.0,1.1785087154063703,1.2524578398038155,1.652703177312623,1.2992298013267267,1,1,1.0,1.0,1,0.0,1.0,1.0,1.0,1.0,1.0,1.0,1.0,1.0,1.0,1.0,1.0,ensemble_grid_blend,1.0,2024,Chinese Grand Prix,2024-04-21
PER,Red Bull Racing,2.0,4.032761133813975,4.035922470521098,3.8388294514793673,3.995081265194546,2,2,2.0,2.0,2,0.0,4.0,4.0,4.0,4.0,4.0,4.0,0.0,0.0,1.0,0.0,1.0,ensemble_grid_blend,3.0,2024,Chinese Grand Prix,2024-04-21
SAI,Ferrari,7.0,3.6738548776676914,4.742031863969363,4.5501259763951225,4.222971042618763,3,7,3.0,3.0,3,0.0,2.0,2.0,2.0,2.0,2.0,2.0,0.0,1.0,1.0,1.0,1.0,ensemble_grid_blend,5.0,2024,Chinese Grand Prix,2024-04-21
LEC,Ferrari,6.0,4.336822278081451,4.606209103396601,4.07494964446665,4.3787331402187935,4,6,4.0,4.0,4,0.0,3.0,3.0,3.0,3.0,3.0,3.0,0.0,1.0,1.0,1.0,1.0,ensemble_grid_blend,4.0,2024,Chinese Grand Prix,2024-04-21
NOR,McLaren,4.0,6.295229087333581,5.020022657897659,5.0213904594785195,5.594139111459996,5,4,5.0,5.0,5,0.0,5.0,5.0,5.0,5.0,5.0,5.0,0.0,0.0,1.0,1.0,1.0,ensemble_grid_blend,2.0,2024,Chinese Grand Prix,2024-04-21
ALO,Aston Martin,3.0,6.289453905035445,7.214344196244932,6.708465937165393,6.696967913384755,6,3,6.0,6.0,6,0.0,6.0,6.0,6.0,6.0,6.0,6.0,0.0,0.0,1.0,1.0,1.0,ensemble_grid_blend,7.0,2024,Chinese Grand Prix,2024-04-21
PIA,McLaren,5.0,7.157976912002527,7.840246907912348,6.639493491071137,7.2930747263846865,7,5,7.0,7.0,7,0.0,7.0,7.0,7.0,7.0,7.0,7.0,0.0,0.0,1.0,1.0,1.0,ensemble_grid_blend,8.0,2024,Chinese Grand Prix,2024-04-21
STR,Aston Martin,11.0,8.213847103934398,9.251969583456615,8.890003516365882,8.71242125425347,8,10,8.0,8.0,8,0.0,8.0,8.0,8.0,8.0,8.0,8.0,0.0,0.0,1.0,1.0,1.0,ensemble_grid_blend,15.0,2024,Chinese Grand Prix,2024-04-21
HAM,Mercedes,18.0,9.539768900679782,8.581566120585748,8.615804553447663,9.019605058200447,9,16,9.0,9.0,9,0.0,9.0,9.0,9.0,9.0,9.0,9.0,0.0,0.0,1.0,1.0,1.0,ensemble_grid_blend,9.0,2024,Chinese Grand Prix,2024-04-21
RUS,Mercedes,8.0,10.18722542598239,8.866329750470948,8.96645627743189,9.480758109843286,10,8,10.0,10.0,10,0.0,10.0,10.0,10.0,10.0,10.0,10.0,0.0,0.0,1.0,1.0,1.0,ensemble_grid_blend,6.0,2024,Chinese Grand Prix,2024-04-21
ALB,Williams,14.0,11.644900406577479,11.642838476474507,11.95605210914816,11.706409071555575,11,12,11.0,11.0,11,0.0,11.0,11.0,11.0,11.0,11.0,11.0,0.0,0.0,0.0,1.0,1.0,ensemble_grid_blend,12.0,2024,Chinese Grand Prix,2024-04-21
HUL,Haas F1 Team,9.0,14.069472068032807,13.408152106764206,11.835069658485336,13.391129599679303,12,9,12.0,12.0,12,0.0,12.0,12.0,12.0,12.0,12.0,12.0,0.0,0.0,0.0,1.0,1.0,ensemble_grid_blend,10.0,2024,Chinese Grand Prix,2024-04-21
OCO,Alpine,13.0,13.739123130200992,13.426838482595842,12.77684171189422,13.437367219877835,13,11,13.0,13.0,13,0.0,13.0,13.0,13.0,13.0,13.0,13.0,0.0,0.0,0.0,1.0,1.0,ensemble_grid_blend,11.0,2024,Chinese Grand Prix,2024-04-21
MAG,Haas F1 Team,17.0,14.329452418715212,13.945061404140054,12.53458376787032,13.835941833444927,14,15,14.0,14.0,14,0.0,14.0,14.0,14.0,14.0,14.0,14.0,0.0,0.0,0.0,1.0,1.0,ensemble_grid_blend,16.0,2024,Chinese Grand Prix,2024-04-21
GAS,Alpine,15.0,14.415123524157275,13.777424523189232,13.096265984393005,13.928157365865607,15,13,15.0,15.0,15,0.0,15.0,15.0,15.0,15.0,15.0,15.0,0.0,0.0,0.0,1.0,1.0,ensemble_grid_blend,13.0,2024,Chinese Grand Prix,2024-04-21
ZHO,Audi,16.0,15.180078206250371,14.903463702663009,13.979074816237507,14.843062451992221,16,14,16.0,16.0,16,0.0,16.0,16.0,16.0,16.0,16.0,16.0,0.0,0.0,0.0,1.0,1.0,ensemble_grid_blend,14.0,2024,Chinese Grand Prix,2024-04-21
SAR,Williams,20.0,14.96077661266398,15.585804479146594,15.142541820979142,15.215889407595927,17,17,17.0,17.0,17,0.0,17.0,17.0,17.0,17.0,17.0,17.0,0.0,0.0,0.0,1.0,1.0,ensemble_grid_blend,17.0,2024,Chinese Grand Prix,2024-04-21
VER,Red Bull Racing,1.0,1.1654682335265347,1.2208960064794623,1.6668446564399693,1.2851432386427464,1,1,1.0,1.0,1,0.0,1.0,1.0,1.0,1.0,1.0,1.0,1.0,1.0,1.0,1.0,1.0,ensemble_grid_blend,2.0,2024,Miami Grand Prix,2024-05-05
PER,Red Bull Racing,4.0,3.9629373081134993,3.9599582264312896,3.870702455892612,3.9434476590805487,2,4,2.0,2.0,2,0.0,4.0,4.0,4.0,4.0,4.0,4.0,0.0,0.0,1.0,0.0,1.0,ensemble_grid_blend,4.0,2024,Miami Grand Prix,2024-05-05
NOR,McLaren,5.0,4.491393197519824,4.122785731425437,4.429210925220089,4.3499441299268415,3,5,3.0,3.0,3,0.0,3.0,3.0,3.0,3.0,3.0,3.0,0.0,1.0,1.0,1.0,1.0,ensemble_grid_blend,1.0,2024,Miami Grand Prix,2024-05-05
LEC,Ferrari,2.0,4.280561602158523,4.670309694798666,4.038239664555365,4.368509047061941,4,2,4.0,4.0,4,0.0,5.0,5.0,5.0,5.0,5.0,5.0,0.0,0.0,1.0,1.0,1.0,ensemble_grid_blend,3.0,2024,Miami Grand Prix,2024-05-05
SAI,Ferrari,3.0,4.163793438520164,4.652941841655077,4.597663140338359,4.421769319981022,5,3,5.0,5.0,5,0.0,2.0,2.0,2.0,2.0,2.0,2.0,0.0,1.0,1.0,0.0,1.0,ensemble_grid_blend,5.0,2024,Miami Grand Prix,2024-05-05
PIA,McLaren,6.0,6.16869988775783,7.523791752613687,6.777217530260836,6.764685568957982,6,6,6.0,6.0,6,0.0,8.0,8.0,8.0,8.0,8.0,8.0,0.0,0.0,1.0,0.0,1.0,ensemble_grid_blend,13.0,2024,Miami Grand Prix,2024-05-05
ALO,Aston Martin,15.0,6.95622323258414,6.739065368863159,7.408009950632248,6.970575323891418,7,15,7.0,7.0,7,0.0,6.0,6.0,6.0,6.0,6.0,6.0,0.0,0.0,1.0,1.0,1.0,ensemble_grid_blend,9.0,2024,Miami Grand Prix,2024-05-05
RUS,Mercedes,7.0,9.155459268023657,7.882852986779309,8.752325908644515,8.629420397712305,8,7,8.0,8.0,8,0.0,7.0,7.0,7.0,7.0,7.0,7.0,0.0,0.0,1.0,1.0,1.0,ensemble_grid_blend,8.0,2024,Miami Grand Prix,2024-05-05
HAM,Mercedes,8.0,9.378513137012423,8.003910765275322,8.784868887511989,8.778673457004352,9,8,9.0,9.0,9,0.0,10.0,10.0,10.0,10.0,10.0,10.0,0.0,0.0,1.0,1.0,1.0,ensemble_grid_blend,6.0,2024,Miami Grand Prix,2024-05-05
STR,Aston Martin,11.0,10.12728559527307,9.634019401431894,10.266183223568179,9.98242195308768,10,11,10.0,10.0,10,0.0,12.0,12.0,12.0,12.0,12.0,12.0,0.0,0.0,0.0,0.0,1.0,ensemble_grid_blend,17.0,2024,Miami Grand Prix,2024-05-05
TSU,Racing Bulls,10.0,11.154218527995411,11.273602162679365,11.013468967820053,11.167852888099723,11,10,11.0,11.0,11,0.0,9.0,9.0,9.0,9.0,9.0,9.0,0.0,0.0,1.0,0.0,1.0,ensemble_grid_blend,7.0,2024,Miami Grand Prix,2024-05-05
ALB,Williams,14.0,12.097306847354353,11.64074384198532,12.099726936404384,11.937993813285196,12,14,12.0,12.0,12,0.0,15.0,15.0,15.0,15.0,15.0,15.0,0.0,0.0,0.0,0.0,1.0,ensemble_grid_blend,18.0,2024,Miami Grand Prix,2024-05-05
RIC,Racing Bulls,20.0,12.154051036663077,12.470968086673384,11.981089895245628,12.230379775883195,13,19,13.0,13.0,13,0.0,14.0,14.0,14.0,14.0,14.0,14.0,0.0,0.0,0.0,1.0,1.0,ensemble_grid_blend,15.0,2024,Miami Grand Prix,2024-05-05
HUL,Haas F1 Team,9.0,12.846782920644335,12.620455276563243,11.828142104520218,12.56384008199113,14,9,14.0,14.0,14,0.0,16.0,16.0,16.0,16.0,16.0,16.0,0.0,0.0,0.0,0.0,1.0,ensemble_grid_blend,11.0,2024,Miami Grand Prix,2024-05-05
OCO,Alpine,13.0,12.561259135732794,12.708550137534463,12.504282873795102,12.601415733975838,15,13,15.0,15.0,15,0.0,11.0,11.0,11.0,11.0,11.0,11.0,0.0,0.0,0.0,0.0,1.0,ensemble_grid_blend,10.0,2024,Miami Grand Prix,2024-05-05
MAG,Haas F1 Team,18.0,12.669028978294575,13.867348990470319,13.209408866888971,13.196516960274963,16,17,16.0,16.0,16,0.0,17.0,17.0,17.0,17.0,17.0,17.0,0.0,0.0,0.0,1.0,1.0,ensemble_grid_blend,19.0,2024,Miami Grand Prix,2024-05-05
GAS,Alpine,12.0,13.53723027500984,13.359504789843797,12.892058904627117,13.34599208112518,17,12,17.0,17.0,17,0.0,13.0,13.0,13.0,13.0,13.0,13.0,0.0,0.0,0.0,0.0,1.0,ensemble_grid_blend,12.0,2024,Miami Grand Prix,2024-05-05
ZHO,Audi,19.0,14.272642623236864,14.552152848054936,13.719876956335519,14.25991806854292,18,18,18.0,18.0,18,0.0,18.0,18.0,18.0,18.0,18.0,18.0,0.0,0.0,0.0,1.0,1.0,ensemble_grid_blend,14.0,2024,Miami Grand Prix,2024-05-05
BOT,Audi,16.0,14.39861872352898,14.812131405359345,14.236504063631756,14.510925230190162,19,16,19.0,19.0,19,0.0,19.0,19.0,19.0,19.0,19.0,19.0,0.0,0.0,0.0,1.0,1.0,ensemble_grid_blend,16.0,2024,Miami Grand Prix,2024-05-05
VER,Red Bull Racing,1.0,1.3416490738322082,1.3493524011621998,1.5455011093670716,1.385115645504678,1,1,1.0,1.0,1,0.0,1.0,1.0,1.0,1.0,1.0,1.0,1.0,1.0,1.0,1.0,1.0,ensemble_grid_blend,1.0,2024,Emilia Romagna Grand Prix,2024-05-19
PER,Red Bull Racing,11.0,3.9933356801065623,3.9265039692405708,3.64968796703703,3.9012150386895583,2,11,2.0,2.0,2,0.0,4.0,4.0,4.0,4.0,4.0,4.0,0.0,0.0,1.0,0.0,1.0,ensemble_grid_blend,8.0,2024,Emilia Romagna Grand Prix,2024-05-19
NOR,McLaren,2.0,4.224482110919769,4.090275161929572,4.348496773440418,4.20231261127733,3,2,3.0,3.0,3,0.0,3.0,3.0,3.0,3.0,3.0,3.0,0.0,1.0,1.0,1.0,1.0,ensemble_grid_blend,2.0,2024,Emilia Romagna Grand Prix,2024-05-19
LEC,Ferrari,3.0,4.586985273087543,5.330705812161694,4.219832932882298,4.773856993722447,4,3,4.0,4.0,4,0.0,2.0,2.0,2.0,2.0,2.0,2.0,0.0,1.0,1.0,0.0,1.0,ensemble_grid_blend,3.0,2024,Emilia Romagna Grand Prix,2024-05-19
RUS,Mercedes,6.0,5.807242585704694,6.833224235838976,7.398978212729249,6.484683288656604,5,6,5.0,5.0,5,0.0,7.0,7.0,7.0,7.0,7.0,7.0,0.0,0.0,1.0,0.0,1.0,ensemble_grid_blend,7.0,2024,Emilia Romagna Grand Prix,2024-05-19
HAM,Mercedes,8.0,6.038444003571031,6.747052005592446,7.451797323573091,6.569127468278938,6,8,6.0,6.0,6,0.0,5.0,5.0,5.0,5.0,5.0,5.0,0.0,0.0,1.0,1.0,1.0,ensemble_grid_blend,6.0,2024,Emilia Romagna Grand Prix,2024-05-19
SAI,Ferrari,4.0,8.003227424260807,7.286326378482626,5.016176331385601,7.154901839663403,7,4,7.0,7.0,7,0.0,9.0,9.0,9.0,9.0,9.0,9.0,0.0,0.0,1.0,0.0,1.0,ensemble_grid_blend,5.0,2024,Emilia Romagna Grand Prix,2024-05-19
PIA,McLaren,5.0,7.013862505249657,7.605072147906538,7.917708651128916,7.401555109355417,8,5,8.0,8.0,8,0.0,6.0,6.0,6.0,6.0,6.0,6.0,0.0,0.0,1.0,0.0,1.0,ensemble_grid_blend,4.0,2024,Emilia Romagna Grand Prix,2024-05-19
ALO,Aston Martin,20.0,7.787805641533477,7.111540291107242,8.134067867724603,7.62036521412252,9,19,9.0,9.0,9,0.0,8.0,8.0,8.0,8.0,8.0,8.0,0.0,0.0,1.0,1.0,1.0,ensemble_grid_blend,19.0,2024,Emilia Romagna Grand Prix,2024-05-19
TSU,Racing Bulls,7.0,10.112110021475834,10.415357204122733,9.937018990543558,10.183228329215794,10,7,10.0,10.0,10,0.0,10.0,10.0,10.0,10.0,10.0,10.0,0.0,0.0,1.0,1.0,1.0,ensemble_grid_blend,10.0,2024,Emilia Romagna Grand Prix,2024-05-19
OCO,Alpine,12.0,10.738852703360656,10.764196238898922,11.748274168553426,10.949607233837604,11,12,11.0,11.0,11,0.0,11.0,11.0,11.0,11.0,11.0,11.0,0.0,0.0,0.0,1.0,1.0,ensemble_grid_blend,14.0,2024,Emilia Romagna Grand Prix,2024-05-19
STR,Aston Martin,13.0,12.83805027422301,10.967140101666702,11.825814640902733,11.980784587164248,12,13,12.0,12.0,12,0.0,12.0,12.0,12.0,12.0,12.0,12.0,0.0,0.0,0.0,1.0,1.0,ensemble_grid_blend,9.0,2024,Emilia Romagna Grand Prix,2024-05-19
HUL,Haas F1 Team,10.0,11.791859425465429,12.0601449222647,12.269976399249938,11.981382744102074,13,10,13.0,13.0,13,0.0,16.0,16.0,16.0,16.0,16.0,16.0,0.0,0.0,0.0,0.0,1.0,ensemble_grid_blend,11.0,2024,Emilia Romagna Grand Prix,2024-05-19
GAS,Alpine,15.0,12.217482894224169,11.96519655271908,12.42643798910869,12.170973693674291,14,14,14.0,14.0,14,0.0,13.0,13.0,13.0,13.0,13.0,13.0,0.0,0.0,0.0,1.0,1.0,ensemble_grid_blend,16.0,2024,Emilia Romagna Grand Prix,2024-05-19
RIC,Racing Bulls,9.0,13.594083600583922,13.337576292484721,11.87760641860083,13.161010606352583,15,9,15.0,15.0,15,0.0,14.0,14.0,14.0,14.0,14.0,14.0,0.0,0.0,0.0,1.0,1.0,ensemble_grid_blend,13.0,2024,Emilia Romagna Grand Prix,2024-05-19
MAG,Haas F1 Team,18.0,14.748615397370964,14.037759945936422,14.53256844999952,14.456606599894585,16,17,16.0,16.0,16,0.0,15.0,15.0,15.0,15.0,15.0,15.0,0.0,0.0,0.0,1.0,1.0,ensemble_grid_blend,12.0,2024,Emilia Romagna Grand Prix,2024-05-19
ZHO,Audi,17.0,14.712583656078932,14.661895329794902,13.618735099906893,14.476073030645114,17,16,17.0,17.0,17,0.0,19.0,19.0,19.0,19.0,19.0,19.0,0.0,0.0,0.0,0.0,1.0,ensemble_grid_blend,15.0,2024,Emilia Romagna Grand Prix,2024-05-19
BOT,Audi,16.0,15.17704150585471,15.368850982350976,14.412291468382577,15.091224815133977,18,15,18.0,18.0,18,0.0,18.0,18.0,18.0,18.0,18.0,18.0,0.0,0.0,0.0,1.0,1.0,ensemble_grid_blend,18.0,2024,Emilia Romagna Grand Prix,2024-05-19
SAR,Williams,19.0,14.393721962287492,15.646252041688946,16.235231042327722,15.200409306086048,19,18,19.0,19.0,19,0.0,17.0,17.0,17.0,17.0,17.0,17.0,0.0,0.0,0.0,0.0,1.0,ensemble_grid_blend,17.0,2024,Emilia Romagna Grand Prix,2024-05-19
VER,Red Bull Racing,6.0,1.3274489761801818,1.1134141495845056,1.939005066562828,1.3748480049482243,1,6,1.0,1.0,1,0.0,1.0,1.0,1.0,1.0,1.0,1.0,1.0,1.0,1.0,1.0,1.0,ensemble_grid_blend,6.0,2024,Monaco Grand Prix,2024-05-26
NOR,McLaren,4.0,4.2282864987122295,4.677534537358069,3.8611435703084434,4.3120947265575165,2,4,2.0,2.0,2,0.0,2.0,2.0,2.0,2.0,2.0,2.0,0.0,1.0,1.0,1.0,1.0,ensemble_grid_blend,4.0,2024,Monaco Grand Prix,2024-05-26
LEC,Ferrari,1.0,4.992341590571072,5.26905258262979,4.263471287528713,4.943416377183151,3,1,3.0,3.0,3,0.0,3.0,3.0,3.0,3.0,3.0,3.0,0.0,1.0,1.0,1.0,1.0,ensemble_grid_blend,1.0,2024,Monaco Grand Prix,2024-05-26
HAM,Mercedes,7.0,6.137157848937472,5.882560231156015,7.200861778429434,6.260789468612353,4,7,4.0,4.0,4,0.0,5.0,5.0,5.0,5.0,5.0,5.0,0.0,0.0,1.0,1.0,1.0,ensemble_grid_blend,7.0,2024,Monaco Grand Prix,2024-05-26
RUS,Mercedes,5.0,6.186653646977581,6.021704813160697,7.357852469707537,6.363161319687663,5,5,5.0,5.0,5,0.0,6.0,6.0,6.0,6.0,6.0,6.0,0.0,0.0,1.0,1.0,1.0,ensemble_grid_blend,5.0,2024,Monaco Grand Prix,2024-05-26
SAI,Ferrari,3.0,6.8923907112146425,6.8280054460789765,5.246515867066873,6.540680899587605,6,3,6.0,6.0,6,0.0,4.0,4.0,4.0,4.0,4.0,4.0,0.0,0.0,1.0,0.0,1.0,ensemble_grid_blend,3.0,2024,Monaco Grand Prix,2024-05-26
PIA,McLaren,2.0,7.349875240313887,7.423678247706882,7.150302579047705,7.335791760648199,7,2,7.0,7.0,7,0.0,7.0,7.0,7.0,7.0,7.0,7.0,0.0,0.0,1.0,1.0,1.0,ensemble_grid_blend,2.0,2024,Monaco Grand Prix,2024-05-26
ALO,Aston Martin,14.0,9.677535269906361,9.24196788542872,10.278031817806026,9.64518599491912,8,13,8.0,8.0,8,0.0,9.0,9.0,9.0,9.0,9.0,9.0,0.0,0.0,1.0,1.0,1.0,ensemble_grid_blend,11.0,2024,Monaco Grand Prix,2024-05-26
TSU,Racing Bulls,8.0,10.156768141375021,10.330277249273664,10.380744968857194,10.26229169463598,9,8,9.0,9.0,9,0.0,8.0,8.0,8.0,8.0,8.0,8.0,0.0,0.0,1.0,1.0,1.0,ensemble_grid_blend,8.0,2024,Monaco Grand Prix,2024-05-26
STR,Aston Martin,13.0,10.983355500450774,10.652149004998272,12.07629142122514,11.086020411197271,10,12,10.0,10.0,10,0.0,10.0,10.0,10.0,10.0,10.0,10.0,0.0,0.0,1.0,1.0,1.0,ensemble_grid_blend,14.0,2024,Monaco Grand Prix,2024-05-26
GAS,Alpine,10.0,12.596605615691084,12.564709162895918,12.794709053584288,12.625062544791417,11,10,11.0,11.0,11,0.0,11.0,11.0,11.0,11.0,11.0,11.0,0.0,0.0,0.0,1.0,1.0,ensemble_grid_blend,10.0,2024,Monaco Grand Prix,2024-05-26
RIC,Racing Bulls,12.0,12.883842539177643,13.020371627147354,12.11375586238847,12.777610384609206,12,11,12.0,12.0,12,0.0,13.0,13.0,13.0,13.0,13.0,13.0,0.0,0.0,0.0,1.0,1.0,ensemble_grid_blend,12.0,2024,Monaco Grand Prix,2024-05-26
ALB,Williams,9.0,12.740379867499392,12.938583191644964,13.748914810795437,13.011458019609552,13,9,13.0,13.0,13,0.0,12.0,12.0,12.0,12.0,12.0,12.0,0.0,0.0,0.0,1.0,1.0,ensemble_grid_blend,9.0,2024,Monaco Grand Prix,2024-05-26
ZHO,Audi,18.0,15.198706101320706,14.613468341299225,14.197600159324587,14.793651696913965,14,16,14.0,14.0,14,0.0,14.0,14.0,14.0,14.0,14.0,14.0,0.0,0.0,0.0,1.0,1.0,ensemble_grid_blend,16.0,2024,Monaco Grand Prix,2024-05-26
BOT,Audi,17.0,15.538691541350262,15.595918385536043,15.340199729603773,15.519022574465989,15,15,15.0,15.0,15,0.0,15.0,15.0,15.0,15.0,15.0,15.0,0.0,0.0,0.0,1.0,1.0,ensemble_grid_blend,13.0,2024,Monaco Grand Prix,2024-05-26
SAR,Williams,15.0,15.280558009790385,16.160092372356704,16.544510993953338,15.841185633521187,16,14,16.0,16.0,16,0.0,16.0,16.0,16.0,16.0,16.0,16.0,0.0,0.0,0.0,1.0,1.0,ensemble_grid_blend,15.0,2024,Monaco Grand Prix,2024-05-26
VER,Red Bull Racing,2.0,2.179859115675321,1.5206969806705053,2.85304381957177,2.0837893092029254,1,2,1.0,1.0,1,0.0,1.0,1.0,1.0,1.0,1.0,1.0,1.0,1.0,1.0,1.0,1.0,ensemble_grid_blend,1.0,2024,Canadian Grand Prix,2024-06-09
NOR,McLaren,3.0,3.386579278694458,3.497712664786195,3.6860693215879747,3.4853739724052692,2,3,2.0,2.0,2,0.0,2.0,2.0,2.0,2.0,2.0,2.0,0.0,1.0,1.0,1.0,1.0,ensemble_grid_blend,2.0,2024,Canadian Grand Prix,2024-06-09
PIA,McLaren,4.0,5.434586109189421,7.5828172521922514,6.174570737825213,6.3344639349675695,3,4,3.0,3.0,3,0.0,5.0,5.0,5.0,5.0,5.0,5.0,0.0,0.0,1.0,0.0,1.0,ensemble_grid_blend,5.0,2024,Canadian Grand Prix,2024-06-09
HAM,Mercedes,7.0,5.910070391565083,6.896420343329864,6.902002088841117,6.453679214137963,4,7,4.0,4.0,4,0.0,4.0,4.0,4.0,4.0,4.0,4.0,0.0,0.0,1.0,1.0,1.0,ensemble_grid_blend,4.0,2024,Canadian Grand Prix,2024-06-09
RUS,Mercedes,1.0,6.0348240845766155,7.06820184407886,6.876868363291728,6.564915156145424,5,1,5.0,5.0,5,0.0,3.0,3.0,3.0,3.0,3.0,3.0,0.0,1.0,1.0,0.0,1.0,ensemble_grid_blend,3.0,2024,Canadian Grand Prix,2024-06-09
TSU,Racing Bulls,8.0,10.49386961719779,10.636661763669002,10.055098528291262,10.45609265068141,6,8,6.0,6.0,6,0.0,11.0,11.0,11.0,11.0,11.0,11.0,0.0,0.0,0.0,0.0,1.0,ensemble_grid_blend,14.0,2024,Canadian Grand Prix,2024-06-09
ALO,Aston Martin,6.0,10.76440396554583,10.146377189096745,10.65039798500374,10.525293397680231,7,6,7.0,7.0,7,0.0,8.0,8.0,8.0,8.0,8.0,8.0,0.0,0.0,1.0,1.0,1.0,ensemble_grid_blend,6.0,2024,Canadian Grand Prix,2024-06-09
OCO,Alpine,18.0,10.856875020213558,11.413993560769297,11.634953667291587,11.207482238823673,8,13,8.0,8.0,8,0.0,6.0,6.0,6.0,6.0,6.0,6.0,0.0,0.0,1.0,0.0,1.0,ensemble_grid_blend,10.0,2024,Canadian Grand Prix,2024-06-09
HUL,Haas F1 Team,17.0,11.717526719083207,11.946016221955007,12.17451162766823,11.88889502680534,9,12,9.0,9.0,9,0.0,10.0,10.0,10.0,10.0,10.0,10.0,0.0,0.0,1.0,1.0,1.0,ensemble_grid_blend,11.0,2024,Canadian Grand Prix,2024-06-09
GAS,Alpine,15.0,11.75339459128538,12.023235074093432,12.207893657691526,11.938738573549427,10,11,10.0,10.0,10,0.0,7.0,7.0,7.0,7.0,7.0,7.0,0.0,0.0,1.0,0.0,1.0,ensemble_grid_blend,9.0,2024,Canadian Grand Prix,2024-06-09
STR,Aston Martin,9.0,12.32178170476127,11.222240707520893,12.399445942597369,11.952475203294357,11,9,11.0,11.0,11,0.0,9.0,9.0,9.0,9.0,9.0,9.0,0.0,0.0,1.0,0.0,1.0,ensemble_grid_blend,7.0,2024,Canadian Grand Prix,2024-06-09
RIC,Racing Bulls,5.0,13.079023963427275,13.064621281088186,12.014120204923595,12.861002272907857,12,5,12.0,12.0,12,0.0,13.0,13.0,13.0,13.0,13.0,13.0,0.0,0.0,0.0,1.0,1.0,ensemble_grid_blend,8.0,2024,Canadian Grand Prix,2024-06-09
MAG,Haas F1 Team,14.0,14.367246634782651,14.11263563479005,14.16529090060474,14.237741637949659,13,10,13.0,13.0,13,0.0,12.0,12.0,12.0,12.0,12.0,12.0,0.0,0.0,0.0,1.0,1.0,ensemble_grid_blend,12.0,2024,Canadian Grand Prix,2024-06-09
ZHO,Audi,20.0,15.247672351070827,14.741409805472312,14.48431295981595,14.917808581860372,14,15,14.0,14.0,14,0.0,14.0,14.0,14.0,14.0,14.0,14.0,0.0,0.0,0.0,1.0,1.0,ensemble_grid_blend,15.0,2024,Canadian Grand Prix,2024-06-09
BOT,Audi,19.0,15.175977398300523,15.546002310189808,15.11126924343262,15.292544486488193,15,14,15.0,15.0,15,0.0,15.0,15.0,15.0,15.0,15.0,15.0,0.0,0.0,0.0,1.0,1.0,ensemble_grid_blend,13.0,2024,Canadian Grand Prix,2024-06-09
VER,Red Bull Racing,2.0,2.1689556293163705,1.6499410104998555,3.262677173399884,2.2060448215472928,1,2,1.0,1.0,1,0.0,1.0,1.0,1.0,1.0,1.0,1.0,1.0,1.0,1.0,1.0,1.0,ensemble_grid_blend,1.0,2024,Spanish Grand Prix,2024-06-23
NOR,McLaren,1.0,4.457469098018953,4.47886909495733,3.9512720727755966,4.363719691898714,2,1,2.0,2.0,2,0.0,4.0,4.0,4.0,4.0,4.0,4.0,0.0,0.0,1.0,0.0,1.0,ensemble_grid_blend,2.0,2024,Spanish Grand Prix,2024-06-23
LEC,Ferrari,5.0,4.106190325084209,5.020971252453258,4.297729777264335,4.464671540099401,3,5,3.0,3.0,3,0.0,6.0,6.0,6.0,6.0,6.0,6.0,0.0,0.0,1.0,0.0,1.0,ensemble_grid_blend,5.0,2024,Spanish Grand Prix,2024-06-23
PER,Red Bull Racing,11.0,5.0907036847705385,4.664964848959414,5.479020143428176,5.019358383968172,4,11,4.0,4.0,4,0.0,2.0,2.0,2.0,2.0,2.0,2.0,0.0,1.0,1.0,0.0,1.0,ensemble_grid_blend,8.0,2024,Spanish Grand Prix,2024-06-23
HAM,Mercedes,3.0,5.628683702803809,4.936417062104562,6.967418568046,5.654137351607511,5,3,5.0,5.0,5,0.0,7.0,7.0,7.0,7.0,7.0,7.0,0.0,0.0,1.0,0.0,1.0,ensemble_grid_blend,3.0,2024,Spanish Grand Prix,2024-06-23
PIA,McLaren,9.0,4.972746645227494,6.39141166801035,6.222389831608761,5.719208040477747,6,9,6.0,6.0,6,0.0,3.0,3.0,3.0,3.0,3.0,3.0,0.0,1.0,1.0,0.0,1.0,ensemble_grid_blend,7.0,2024,Spanish Grand Prix,2024-06-23
RUS,Mercedes,4.0,5.859933713676896,5.251300102675102,6.767023641904145,5.828329935471718,7,4,7.0,7.0,7,0.0,8.0,8.0,8.0,8.0,8.0,8.0,0.0,0.0,1.0,1.0,1.0,ensemble_grid_blend,4.0,2024,Spanish Grand Prix,2024-06-23
SAI,Ferrari,6.0,6.514956615776406,5.901442475008647,5.389112756080567,6.075057894568523,8,6,8.0,8.0,8,0.0,5.0,5.0,5.0,5.0,5.0,5.0,0.0,0.0,1.0,0.0,1.0,ensemble_grid_blend,6.0,2024,Spanish Grand Prix,2024-06-23
ALO,Aston Martin,10.0,9.872384082286466,8.791735787625685,10.297657934564729,9.579211949610846,9,10,9.0,9.0,9,0.0,9.0,9.0,9.0,9.0,9.0,9.0,0.0,0.0,1.0,1.0,1.0,ensemble_grid_blend,12.0,2024,Spanish Grand Prix,2024-06-23
STR,Aston Martin,14.0,10.24137643320662,9.82396665159932,11.767173332977755,10.400442389598293,10,14,10.0,10.0,10,0.0,15.0,15.0,15.0,15.0,15.0,15.0,0.0,0.0,0.0,0.0,1.0,ensemble_grid_blend,14.0,2024,Spanish Grand Prix,2024-06-23
TSU,Racing Bulls,17.0,11.498283397640009,10.848532336185828,11.380203728930846,11.247254592389211,11,17,11.0,11.0,11,0.0,10.0,10.0,10.0,10.0,10.0,10.0,0.0,0.0,1.0,1.0,1.0,ensemble_grid_blend,19.0,2024,Spanish Grand Prix,2024-06-23
OCO,Alpine,8.0,11.344550122132535,11.136177156177157,12.107328674646801,11.424175294551006,12,8,12.0,12.0,12,0.0,12.0,12.0,12.0,12.0,12.0,12.0,0.0,0.0,0.0,1.0,1.0,ensemble_grid_blend,10.0,2024,Spanish Grand Prix,2024-06-23
HUL,Haas F1 Team,13.0,11.12722892403453,12.160363623304804,12.779735701045377,11.819327424181296,13,13,13.0,13.0,13,0.0,14.0,14.0,14.0,14.0,14.0,14.0,0.0,0.0,0.0,1.0,1.0,ensemble_grid_blend,11.0,2024,Spanish Grand Prix,2024-06-23
GAS,Alpine,7.0,12.761264992152341,11.65228671328671,12.446454110840488,12.310160418287,14,7,14.0,14.0,14,0.0,13.0,13.0,13.0,13.0,13.0,13.0,0.0,0.0,0.0,1.0,1.0,ensemble_grid_blend,9.0,2024,Spanish Grand Prix,2024-06-23
RIC,Racing Bulls,18.0,13.072548092382203,12.30092545668313,12.051488166767587,12.598268184764605,15,18,15.0,15.0,15,0.0,11.0,11.0,11.0,11.0,11.0,11.0,0.0,0.0,0.0,0.0,1.0,ensemble_grid_blend,15.0,2024,Spanish Grand Prix,2024-06-23
ALB,Williams,20.0,13.266979036535076,13.369259709588661,13.718938686386139,13.393169202074045,16,20,16.0,16.0,16,0.0,16.0,16.0,16.0,16.0,16.0,16.0,0.0,0.0,0.0,1.0,1.0,ensemble_grid_blend,18.0,2024,Spanish Grand Prix,2024-06-23
MAG,Haas F1 Team,16.0,14.379748258784321,15.073785950160946,14.501969493340535,14.647105697677382,17,16,17.0,17.0,17,0.0,17.0,17.0,17.0,17.0,17.0,17.0,0.0,0.0,0.0,1.0,1.0,ensemble_grid_blend,17.0,2024,Spanish Grand Prix,2024-06-23
ZHO,Audi,15.0,15.36101800294554,14.95988658563658,15.236893314128253,15.195797069123946,18,15,18.0,18.0,18,0.0,18.0,18.0,18.0,18.0,18.0,18.0,0.0,0.0,0.0,1.0,1.0,ensemble_grid_blend,13.0,2024,Spanish Grand Prix,2024-06-23
BOT,Audi,12.0,15.558920855012014,15.359131535131532,15.493469453848114,15.475904312821065,19,12,19.0,19.0,19,0.0,19.0,19.0,19.0,19.0,19.0,19.0,0.0,0.0,0.0,1.0,1.0,ensemble_grid_blend,16.0,2024,Spanish Grand Prix,2024-06-23
SAR,Williams,19.0,15.667987459229874,16.457954063379535,16.80247549813288,16.171373378462857,20,19,20.0,20.0,20,0.0,20.0,20.0,20.0,20.0,20.0,20.0,0.0,0.0,0.0,1.0,1.0,ensemble_grid_blend,20.0,2024,Spanish Grand Prix,2024-06-23
VER,Red Bull Racing,1.0,1.761376331506136,1.35127947717481,2.872157202280225,1.8399986066449898,1,1,1.0,1.0,1,0.0,1.0,1.0,1.0,1.0,1.0,1.0,1.0,1.0,1.0,1.0,1.0,ensemble_grid_blend,5.0,2024,Austrian Grand Prix,2024-06-30
NOR,McLaren,2.0,4.337063539767558,4.206871779364428,3.670329941190425,4.158149703911036,2,2,2.0,2.0,2,0.0,2.0,2.0,2.0,2.0,2.0,2.0,0.0,1.0,1.0,1.0,1.0,ensemble_grid_blend,20.0,2024,Austrian Grand Prix,2024-06-30
LEC,Ferrari,6.0,4.454992410078509,4.782227674522757,4.315520886587462,4.541630447935786,3,6,3.0,3.0,3,0.0,3.0,3.0,3.0,3.0,3.0,3.0,0.0,1.0,1.0,1.0,1.0,ensemble_grid_blend,11.0,2024,Austrian Grand Prix,2024-06-30
PER,Red Bull Racing,8.0,4.94701225749706,4.7439148850661965,5.605296334715424,5.007584992589931,4,8,4.0,4.0,4,0.0,5.0,5.0,5.0,5.0,5.0,5.0,0.0,0.0,1.0,1.0,1.0,ensemble_grid_blend,7.0,2024,Austrian Grand Prix,2024-06-30
RUS,Mercedes,3.0,5.9910051130970725,6.332772647287349,5.8629190773912905,6.085006542922512,5,3,5.0,5.0,5,0.0,4.0,4.0,4.0,4.0,4.0,4.0,0.0,0.0,1.0,1.0,1.0,ensemble_grid_blend,1.0,2024,Austrian Grand Prix,2024-06-30
SAI,Ferrari,4.0,6.981261126431341,6.01492564643034,5.3579408879052774,6.318379660725778,6,4,6.0,6.0,6,0.0,7.0,7.0,7.0,7.0,7.0,7.0,0.0,0.0,1.0,1.0,1.0,ensemble_grid_blend,3.0,2024,Austrian Grand Prix,2024-06-30
HAM,Mercedes,5.0,6.7504619128030265,6.011137043512041,5.951218192381651,6.331849464466906,7,5,7.0,7.0,7,0.0,6.0,6.0,6.0,6.0,6.0,6.0,0.0,0.0,1.0,1.0,1.0,ensemble_grid_blend,4.0,2024,Austrian Grand Prix,2024-06-30
PIA,McLaren,7.0,6.680731163099939,7.320589977016449,6.184628092375807,6.805461133825891,8,7,8.0,8.0,8,0.0,9.0,9.0,9.0,9.0,9.0,9.0,0.0,0.0,1.0,1.0,1.0,ensemble_grid_blend,2.0,2024,Austrian Grand Prix,2024-06-30
ALO,Aston Martin,15.0,9.601844704216507,8.861913611242562,9.896934113009136,9.401886703434151,9,15,9.0,9.0,9,0.0,8.0,8.0,8.0,8.0,8.0,8.0,0.0,0.0,1.0,1.0,1.0,ensemble_grid_blend,18.0,2024,Austrian Grand Prix,2024-06-30
STR,Aston Martin,17.0,10.872431305147938,10.266556823531793,11.677264813155686,10.821341938183838,10,17,10.0,10.0,10,0.0,10.0,10.0,10.0,10.0,10.0,10.0,0.0,0.0,1.0,1.0,1.0,ensemble_grid_blend,13.0,2024,Austrian Grand Prix,2024-06-30
GAS,Alpine,13.0,11.021332439406493,10.814710685448881,11.05677581085716,10.956103499811462,11,13,11.0,11.0,11,0.0,11.0,11.0,11.0,11.0,11.0,11.0,0.0,0.0,0.0,1.0,1.0,ensemble_grid_blend,10.0,2024,Austrian Grand Prix,2024-06-30
OCO,Alpine,10.0,12.554156841653544,11.714379390885314,11.063536797867428,11.96211072512744,12,10,12.0,12.0,12,0.0,12.0,12.0,12.0,12.0,12.0,12.0,0.0,0.0,0.0,1.0,1.0,ensemble_grid_blend,12.0,2024,Austrian Grand Prix,2024-06-30
HUL,Haas F1 Team,9.0,11.674799972614624,12.204147151459651,12.232993014335385,11.971710093554535,13,9,13.0,13.0,13,0.0,13.0,13.0,13.0,13.0,13.0,13.0,0.0,0.0,0.0,1.0,1.0,ensemble_grid_blend,6.0,2024,Austrian Grand Prix,2024-06-30
RIC,Racing Bulls,11.0,12.299225976654874,12.549581931956945,12.711305739736613,12.469266513626945,14,11,14.0,14.0,14,0.0,14.0,14.0,14.0,14.0,14.0,14.0,0.0,0.0,0.0,1.0,1.0,ensemble_grid_blend,9.0,2024,Austrian Grand Prix,2024-06-30
TSU,Racing Bulls,14.0,12.532041172275994,12.550237729182586,12.606553473250196,12.553312427388143,15,14,15.0,15.0,15,0.0,16.0,16.0,16.0,16.0,16.0,16.0,0.0,0.0,0.0,1.0,1.0,ensemble_grid_blend,14.0,2024,Austrian Grand Prix,2024-06-30
ALB,Williams,16.0,14.007555672396807,14.062827665390165,14.121944478029436,14.049778631071007,16,16,16.0,16.0,16,0.0,15.0,15.0,15.0,15.0,15.0,15.0,0.0,0.0,0.0,1.0,1.0,ensemble_grid_blend,15.0,2024,Austrian Grand Prix,2024-06-30
MAG,Haas F1 Team,12.0,14.000216081423723,15.339070799570807,14.207764448374547,14.510324906165367,17,12,17.0,17.0,17,0.0,20.0,20.0,20.0,20.0,20.0,20.0,0.0,0.0,0.0,0.0,1.0,ensemble_grid_blend,8.0,2024,Austrian Grand Prix,2024-06-30
ZHO,Audi,20.0,15.683839611399234,15.191841297591296,14.42231624171241,15.25933552762909,18,20,18.0,18.0,18,0.0,18.0,18.0,18.0,18.0,18.0,18.0,0.0,0.0,0.0,1.0,1.0,ensemble_grid_blend,17.0,2024,Austrian Grand Prix,2024-06-30
BOT,Audi,18.0,15.488111355140381,15.404190351315354,14.947460976521205,15.350608928077786,19,18,19.0,19.0,19,0.0,19.0,19.0,19.0,19.0,19.0,19.0,0.0,0.0,0.0,1.0,1.0,ensemble_grid_blend,16.0,2024,Austrian Grand Prix,2024-06-30
SAR,Williams,19.0,15.770041089212304,16.71720129944744,16.94242672151438,16.336024289255015,20,19,20.0,20.0,20,0.0,17.0,17.0,17.0,17.0,17.0,17.0,0.0,0.0,0.0,0.0,1.0,ensemble_grid_blend,19.0,2024,Austrian Grand Prix,2024-06-30
VER,Red Bull Racing,4.0,1.9747465893572638,1.4322265707206026,2.5684203233937453,1.9035993296417286,1,3,1.0,1.0,1,0.0,1.0,1.0,1.0,1.0,1.0,1.0,1.0,1.0,1.0,1.0,1.0,ensemble_grid_blend,2.0,2024,British Grand Prix,2024-07-07
HAM,Mercedes,2.0,5.305874155422183,5.383359325744777,4.738392486428077,5.219497631236269,2,1,2.0,2.0,2,0.0,5.0,5.0,5.0,5.0,5.0,5.0,0.0,0.0,1.0,0.0,1.0,ensemble_grid_blend,1.0,2024,British Grand Prix,2024-07-07
PER,Red Bull Racing,20.0,5.68412426744702,5.584990929512742,5.296245233644692,5.571851792409557,3,18,3.0,3.0,3,0.0,2.0,2.0,2.0,2.0,2.0,2.0,0.0,1.0,1.0,1.0,1.0,ensemble_grid_blend,17.0,2024,British Grand Prix,2024-07-07
SAI,Ferrari,7.0,5.425870200251589,6.4108835665968,4.88868440088121,5.663187718598338,4,6,4.0,4.0,4,0.0,4.0,4.0,4.0,4.0,4.0,4.0,0.0,0.0,1.0,1.0,1.0,ensemble_grid_blend,5.0,2024,British Grand Prix,2024-07-07
NOR,McLaren,3.0,6.394579743929127,5.44009953073672,5.913554667190889,5.964306653964138,5,2,5.0,5.0,5,0.0,6.0,6.0,6.0,6.0,6.0,6.0,0.0,0.0,1.0,1.0,1.0,ensemble_grid_blend,3.0,2024,British Grand Prix,2024-07-07
LEC,Ferrari,11.0,6.3321274783077195,7.19504606322041,4.979295979411617,6.363582683247941,6,10,6.0,6.0,6,0.0,3.0,3.0,3.0,3.0,3.0,3.0,0.0,1.0,1.0,0.0,1.0,ensemble_grid_blend,14.0,2024,British Grand Prix,2024-07-07
PIA,McLaren,5.0,7.518896095870268,7.275751433207322,6.088025507523447,7.147621346268873,7,4,7.0,7.0,7,0.0,7.0,7.0,7.0,7.0,7.0,7.0,0.0,0.0,1.0,1.0,1.0,ensemble_grid_blend,4.0,2024,British Grand Prix,2024-07-07
ALO,Aston Martin,10.0,9.621934519890056,9.690011918636921,10.48664834790069,9.818704375053585,8,9,8.0,8.0,8,0.0,8.0,8.0,8.0,8.0,8.0,8.0,0.0,0.0,1.0,1.0,1.0,ensemble_grid_blend,8.0,2024,British Grand Prix,2024-07-07
STR,Aston Martin,8.0,9.47778554898957,9.674943364019022,11.392014659476123,9.929636606347188,9,7,9.0,9.0,9,0.0,9.0,9.0,9.0,9.0,9.0,9.0,0.0,0.0,1.0,1.0,1.0,ensemble_grid_blend,7.0,2024,British Grand Prix,2024-07-07
RIC,Racing Bulls,15.0,10.094814404963392,10.928030436668598,11.815703831240596,10.730617901315654,10,14,10.0,10.0,10,0.0,10.0,10.0,10.0,10.0,10.0,10.0,0.0,0.0,1.0,1.0,1.0,ensemble_grid_blend,13.0,2024,British Grand Prix,2024-07-07
HUL,Haas F1 Team,6.0,10.483847424015044,11.13445326428686,10.611698230629822,10.737129629433134,11,5,11.0,11.0,11,0.0,11.0,11.0,11.0,11.0,11.0,11.0,0.0,0.0,0.0,1.0,1.0,ensemble_grid_blend,6.0,2024,British Grand Prix,2024-07-07
OCO,Alpine,18.0,11.157278979206026,11.67940509305796,10.553360334708072,11.219239390154613,12,17,12.0,12.0,12,0.0,12.0,12.0,12.0,12.0,12.0,12.0,0.0,0.0,0.0,1.0,1.0,ensemble_grid_blend,16.0,2024,British Grand Prix,2024-07-07
TSU,Racing Bulls,13.0,11.991075887609515,11.678295877733385,12.522186130254656,11.9878249326819,13,12,13.0,13.0,13,0.0,14.0,14.0,14.0,14.0,14.0,14.0,0.0,0.0,0.0,1.0,1.0,ensemble_grid_blend,10.0,2024,British Grand Prix,2024-07-07
MAG,Haas F1 Team,17.0,12.847351735838753,13.33664533610394,12.450074865031366,12.939149121770091,14,16,14.0,14.0,14,0.0,15.0,15.0,15.0,15.0,15.0,15.0,0.0,0.0,0.0,1.0,1.0,ensemble_grid_blend,12.0,2024,British Grand Prix,2024-07-07
ALB,Williams,9.0,13.391144544087108,13.285913039896974,13.57983453955783,13.392051516714707,15,8,15.0,15.0,15,0.0,13.0,13.0,13.0,13.0,13.0,13.0,0.0,0.0,0.0,0.0,1.0,ensemble_grid_blend,9.0,2024,British Grand Prix,2024-07-07
ZHO,Audi,14.0,15.144554619537576,14.885038822288823,14.271900549204645,14.879193276433927,16,13,16.0,16.0,16,0.0,16.0,16.0,16.0,16.0,16.0,16.0,0.0,0.0,0.0,1.0,1.0,ensemble_grid_blend,18.0,2024,British Grand Prix,2024-07-07
BOT,Audi,16.0,15.33770241999563,15.314176948051944,14.702471306402892,15.202422282096792,17,15,17.0,17.0,17,0.0,17.0,17.0,17.0,17.0,17.0,17.0,0.0,0.0,0.0,1.0,1.0,ensemble_grid_blend,15.0,2024,British Grand Prix,2024-07-07
SAR,Williams,12.0,15.809042875149132,16.729977072355744,16.510338016575734,16.271628872456766,18,11,18.0,18.0,18,0.0,18.0,18.0,18.0,18.0,18.0,18.0,0.0,0.0,0.0,1.0,1.0,ensemble_grid_blend,11.0,2024,British Grand Prix,2024-07-07
VER,Red Bull Racing,3.0,2.6191860451249496,2.1653781554336518,3.741336148209961,2.684783304349998,1,3,1.0,1.0,1,0.0,6.0,6.0,6.0,6.0,6.0,6.0,0.0,0.0,1.0,0.0,1.0,ensemble_grid_blend,5.0,2024,Hungarian Grand Prix,2024-07-21
HAM,Mercedes,5.0,4.954301469562189,5.1021501576339015,4.376310434519393,4.89045030337873,2,5,2.0,2.0,2,0.0,3.0,3.0,3.0,3.0,3.0,3.0,0.0,1.0,1.0,1.0,1.0,ensemble_grid_blend,3.0,2024,Hungarian Grand Prix,2024-07-21
RUS,Mercedes,17.0,5.027475178120572,5.2649188423805295,4.441542310531368,4.993393887093716,3,17,3.0,3.0,3,0.0,4.0,4.0,4.0,4.0,4.0,4.0,0.0,0.0,1.0,1.0,1.0,ensemble_grid_blend,8.0,2024,Hungarian Grand Prix,2024-07-21
NOR,McLaren,1.0,6.237048112774013,5.143549395701215,6.144509305182151,5.8358158002801614,4,1,4.0,4.0,4,0.0,1.0,1.0,1.0,1.0,1.0,1.0,1.0,1.0,1.0,0.0,1.0,ensemble_grid_blend,2.0,2024,Hungarian Grand Prix,2024-07-21
LEC,Ferrari,6.0,6.086780135191394,5.393141887641346,7.3946017707342175,6.105571075657442,5,6,5.0,5.0,5,0.0,5.0,5.0,5.0,5.0,5.0,5.0,0.0,0.0,1.0,1.0,1.0,ensemble_grid_blend,4.0,2024,Hungarian Grand Prix,2024-07-21
SAI,Ferrari,4.0,6.948994299926085,6.547799963924962,6.034248865597297,6.625627195459934,6,4,6.0,6.0,6,0.0,2.0,2.0,2.0,2.0,2.0,2.0,0.0,1.0,1.0,0.0,1.0,ensemble_grid_blend,6.0,2024,Hungarian Grand Prix,2024-07-21
PIA,McLaren,2.0,6.892324089936694,6.559335729694282,6.208353696721199,6.638984085208751,7,2,7.0,7.0,7,0.0,8.0,8.0,8.0,8.0,8.0,8.0,0.0,0.0,1.0,1.0,1.0,ensemble_grid_blend,1.0,2024,Hungarian Grand Prix,2024-07-21
PER,Red Bull Racing,16.0,7.5280800585300645,7.003274644508661,7.810631700015639,7.400908491919688,8,16,8.0,8.0,8,0.0,7.0,7.0,7.0,7.0,7.0,7.0,0.0,0.0,1.0,1.0,1.0,ensemble_grid_blend,7.0,2024,Hungarian Grand Prix,2024-07-21
ALO,Aston Martin,7.0,10.001070423756426,9.515519309637734,10.873075104690407,10.005528470001678,9,7,9.0,9.0,9,0.0,9.0,9.0,9.0,9.0,9.0,9.0,0.0,0.0,1.0,1.0,1.0,ensemble_grid_blend,11.0,2024,Hungarian Grand Prix,2024-07-21
HUL,Haas F1 Team,11.0,10.390645943563532,10.001636600929173,10.093276691335666,10.195018823195934,10,11,10.0,10.0,10,0.0,11.0,11.0,11.0,11.0,11.0,11.0,0.0,0.0,0.0,1.0,1.0,ensemble_grid_blend,13.0,2024,Hungarian Grand Prix,2024-07-21
STR,Aston Martin,8.0,10.134715347136797,9.901874680874682,11.467538967777712,10.31978583807324,11,8,11.0,11.0,11,0.0,10.0,10.0,10.0,10.0,10.0,10.0,0.0,0.0,1.0,1.0,1.0,ensemble_grid_blend,10.0,2024,Hungarian Grand Prix,2024-07-21
OCO,Alpine,19.0,10.162620610940069,10.412978340695252,12.123503468536871,10.642422387873742,12,19,12.0,12.0,12,0.0,12.0,12.0,12.0,12.0,12.0,12.0,0.0,0.0,0.0,1.0,1.0,ensemble_grid_blend,18.0,2024,Hungarian Grand Prix,2024-07-21
RIC,Racing Bulls,9.0,11.944040626995967,11.83910531094722,12.410101458812132,12.000525432742139,13,9,13.0,13.0,13,0.0,13.0,13.0,13.0,13.0,13.0,13.0,0.0,0.0,0.0,1.0,1.0,ensemble_grid_blend,12.0,2024,Hungarian Grand Prix,2024-07-21
TSU,Racing Bulls,10.0,11.958299093080008,12.158913787224952,12.548203766268472,12.14649517066843,14,10,14.0,14.0,14,0.0,14.0,14.0,14.0,14.0,14.0,14.0,0.0,0.0,0.0,1.0,1.0,ensemble_grid_blend,9.0,2024,Hungarian Grand Prix,2024-07-21
ALB,Williams,13.0,13.536844269274557,12.536708412963856,13.358183107525969,13.151064487216093,15,13,15.0,15.0,15,0.0,15.0,15.0,15.0,15.0,15.0,15.0,0.0,0.0,0.0,1.0,1.0,ensemble_grid_blend,14.0,2024,Hungarian Grand Prix,2024-07-21
MAG,Haas F1 Team,15.0,13.542561236245849,13.569279167237985,12.44835489030679,13.333071242905286,16,15,16.0,16.0,16,0.0,16.0,16.0,16.0,16.0,16.0,16.0,0.0,0.0,0.0,1.0,1.0,ensemble_grid_blend,15.0,2024,Hungarian Grand Prix,2024-07-21
ZHO,Audi,18.0,14.904734159865582,14.9189272949273,15.252069948871506,14.979168914938366,17,18,17.0,17.0,17,0.0,17.0,17.0,17.0,17.0,17.0,17.0,0.0,0.0,0.0,1.0,1.0,ensemble_grid_blend,19.0,2024,Hungarian Grand Prix,2024-07-21
BOT,Audi,12.0,15.104456739871786,15.07886201298701,15.3587713854805,15.146361514583859,18,12,18.0,18.0,18,0.0,18.0,18.0,18.0,18.0,18.0,18.0,0.0,0.0,0.0,1.0,1.0,ensemble_grid_blend,16.0,2024,Hungarian Grand Prix,2024-07-21
SAR,Williams,14.0,16.044870065387236,16.427470631020164,16.013861412027175,16.17257853268675,19,14,19.0,19.0,19,0.0,19.0,19.0,19.0,19.0,19.0,19.0,0.0,0.0,0.0,1.0,1.0,ensemble_grid_blend,17.0,2024,Hungarian Grand Prix,2024-07-21
VER,Red Bull Racing,11.0,3.764851059530697,2.77977905697244,3.686835072076917,3.404472661144551,1,11,1.0,1.0,1,0.0,2.0,2.0,2.0,2.0,2.0,2.0,0.0,1.0,1.0,1.0,1.0,ensemble_grid_blend,4.0,2024,Belgian Grand Prix,2024-07-28
PIA,McLaren,5.0,4.74433119149981,5.746256666127993,4.753962538426845,5.096931377005081,2,5,2.0,2.0,2,0.0,1.0,1.0,1.0,1.0,1.0,1.0,1.0,1.0,1.0,1.0,1.0,ensemble_grid_blend,2.0,2024,Belgian Grand Prix,2024-07-28
NOR,McLaren,4.0,5.120847040089502,5.253068346943732,4.986336272477503,5.140222343966083,3,4,3.0,3.0,3,0.0,7.0,7.0,7.0,7.0,7.0,7.0,0.0,0.0,1.0,0.0,1.0,ensemble_grid_blend,5.0,2024,Belgian Grand Prix,2024-07-28
HAM,Mercedes,3.0,5.39391273431032,5.580636610121907,3.885703461175873,5.157624236217487,4,3,4.0,4.0,4,0.0,4.0,4.0,4.0,4.0,4.0,4.0,0.0,0.0,1.0,1.0,1.0,ensemble_grid_blend,1.0,2024,Belgian Grand Prix,2024-07-28
RUS,Mercedes,6.0,5.640784984765922,5.42100523496112,4.561513799754131,5.348007835331883,5,6,5.0,5.0,5,0.0,3.0,3.0,3.0,3.0,3.0,3.0,0.0,1.0,1.0,0.0,1.0,ensemble_grid_blend,20.0,2024,Belgian Grand Prix,2024-07-28
LEC,Ferrari,1.0,5.4640937946475,4.752687760768642,6.508702470730777,5.424023418006556,6,1,6.0,6.0,6,0.0,6.0,6.0,6.0,6.0,6.0,6.0,0.0,0.0,1.0,1.0,1.0,ensemble_grid_blend,3.0,2024,Belgian Grand Prix,2024-07-28
SAI,Ferrari,7.0,5.960176854060209,5.426629790960672,5.518889825382338,5.685177976239797,7,7,7.0,7.0,7,0.0,5.0,5.0,5.0,5.0,5.0,5.0,0.0,0.0,1.0,0.0,1.0,ensemble_grid_blend,6.0,2024,Belgian Grand Prix,2024-07-28
PER,Red Bull Racing,2.0,7.319904078898037,7.162292051086168,7.336583292758901,7.268075711936056,8,2,8.0,8.0,8,0.0,8.0,8.0,8.0,8.0,8.0,8.0,0.0,0.0,1.0,1.0,1.0,ensemble_grid_blend,7.0,2024,Belgian Grand Prix,2024-07-28
ALO,Aston Martin,8.0,10.306584669761202,10.295544940504115,10.075391484125678,10.256482127394117,9,8,9.0,9.0,9,0.0,12.0,12.0,12.0,12.0,12.0,12.0,0.0,0.0,0.0,0.0,1.0,ensemble_grid_blend,8.0,2024,Belgian Grand Prix,2024-07-28
HUL,Haas F1 Team,16.0,10.439627112621128,10.591700581245666,9.80183210874802,10.365293825865095,10,16,10.0,10.0,10,0.0,11.0,11.0,11.0,11.0,11.0,11.0,0.0,0.0,0.0,1.0,1.0,ensemble_grid_blend,18.0,2024,Belgian Grand Prix,2024-07-28
STR,Aston Martin,15.0,10.433956735725122,10.706831815615871,10.412788989852176,10.525229464512295,11,15,11.0,11.0,11,0.0,9.0,9.0,9.0,9.0,9.0,9.0,0.0,0.0,1.0,0.0,1.0,ensemble_grid_blend,11.0,2024,Belgian Grand Prix,2024-07-28
TSU,Racing Bulls,20.0,11.176467893006413,11.102149953804371,10.623758637022302,11.039914763088875,12,19,12.0,12.0,12,0.0,14.0,14.0,14.0,14.0,14.0,14.0,0.0,0.0,0.0,0.0,1.0,ensemble_grid_blend,16.0,2024,Belgian Grand Prix,2024-07-28
RIC,Racing Bulls,13.0,11.592516696601074,11.358845020992087,10.992710672901024,11.390770405397918,13,13,13.0,13.0,13,0.0,15.0,15.0,15.0,15.0,15.0,15.0,0.0,0.0,0.0,0.0,1.0,ensemble_grid_blend,10.0,2024,Belgian Grand Prix,2024-07-28
GAS,Alpine,12.0,12.665251231504223,12.116381909756909,11.88807997686723,12.317712717965264,14,12,14.0,14.0,14,0.0,10.0,10.0,10.0,10.0,10.0,10.0,0.0,0.0,1.0,0.0,1.0,ensemble_grid_blend,13.0,2024,Belgian Grand Prix,2024-07-28
ALB,Williams,10.0,12.570292634933967,12.273701499072828,12.359827487867049,12.424392707969186,15,10,15.0,15.0,15,0.0,13.0,13.0,13.0,13.0,13.0,13.0,0.0,0.0,0.0,0.0,1.0,ensemble_grid_blend,12.0,2024,Belgian Grand Prix,2024-07-28
MAG,Haas F1 Team,17.0,13.206494207503642,13.808273875806002,11.953889187516163,13.166596087411971,16,17,16.0,16.0,16,0.0,16.0,16.0,16.0,16.0,16.0,16.0,0.0,0.0,0.0,1.0,1.0,ensemble_grid_blend,14.0,2024,Belgian Grand Prix,2024-07-28
OCO,Alpine,9.0,14.517595254893951,13.449964655141907,13.179529633254472,13.876311420652838,17,9,17.0,17.0,17,0.0,17.0,17.0,17.0,17.0,17.0,17.0,0.0,0.0,0.0,1.0,1.0,ensemble_grid_blend,9.0,2024,Belgian Grand Prix,2024-07-28
BOT,Audi,14.0,14.893089076989042,15.35242227910979,15.214117789284,15.118061440190296,18,14,18.0,18.0,18,0.0,19.0,19.0,19.0,19.0,19.0,19.0,0.0,0.0,0.0,1.0,1.0,ensemble_grid_blend,15.0,2024,Belgian Grand Prix,2024-07-28
SAR,Williams,18.0,14.993857599284892,16.280368416305915,15.046352068858878,15.45463527915705,19,18,19.0,19.0,19,0.0,18.0,18.0,18.0,18.0,18.0,18.0,0.0,0.0,0.0,1.0,1.0,ensemble_grid_blend,17.0,2024,Belgian Grand Prix,2024-07-28
VER,Red Bull Racing,2.0,3.792989747793417,2.902570082815734,3.9600529715149566,3.5147555097955356,1,2,1.0,1.0,1,0.0,3.0,3.0,3.0,3.0,3.0,3.0,0.0,1.0,1.0,0.0,1.0,ensemble_grid_blend,2.0,2024,Dutch Grand Prix,2024-08-25
PIA,McLaren,3.0,4.57297194970173,5.264253399378401,4.110586333974395,4.722443333943097,2,3,2.0,2.0,2,0.0,1.0,1.0,1.0,1.0,1.0,1.0,1.0,1.0,1.0,1.0,1.0,ensemble_grid_blend,4.0,2024,Dutch Grand Prix,2024-08-25
HAM,Mercedes,14.0,4.441731449622521,5.399533841158843,4.598445146488276,4.808305026033384,3,14,3.0,3.0,3,0.0,2.0,2.0,2.0,2.0,2.0,2.0,0.0,1.0,1.0,1.0,1.0,ensemble_grid_blend,8.0,2024,Dutch Grand Prix,2024-08-25
NOR,McLaren,1.0,5.052987550332263,5.060777435627666,4.052400246925295,4.85559654950426,4,1,4.0,4.0,4,0.0,4.0,4.0,4.0,4.0,4.0,4.0,0.0,0.0,1.0,1.0,1.0,ensemble_grid_blend,1.0,2024,Dutch Grand Prix,2024-08-25
LEC,Ferrari,6.0,5.695233860163432,6.2015897990898,5.999439179474569,5.933299502649889,5,6,5.0,5.0,5,0.0,5.0,5.0,5.0,5.0,5.0,5.0,0.0,0.0,1.0,1.0,1.0,ensemble_grid_blend,3.0,2024,Dutch Grand Prix,2024-08-25
SAI,Ferrari,10.0,6.5786212126521715,6.792164411976912,5.7764640763460555,6.492929905154607,6,10,6.0,6.0,6,0.0,6.0,6.0,6.0,6.0,6.0,6.0,0.0,0.0,1.0,1.0,1.0,ensemble_grid_blend,5.0,2024,Dutch Grand Prix,2024-08-25
PER,Red Bull Racing,5.0,7.312290221450997,6.93914730311959,7.546172302524407,7.228466616249687,7,5,7.0,7.0,7,0.0,7.0,7.0,7.0,7.0,7.0,7.0,0.0,0.0,1.0,1.0,1.0,ensemble_grid_blend,6.0,2024,Dutch Grand Prix,2024-08-25
RUS,Mercedes,4.0,7.051995600191864,7.388959515031042,7.502938560600824,7.2601215624673685,8,4,8.0,8.0,8,0.0,8.0,8.0,8.0,8.0,8.0,8.0,0.0,0.0,1.0,1.0,1.0,ensemble_grid_blend,7.0,2024,Dutch Grand Prix,2024-08-25
ALO,Aston Martin,7.0,9.272006868887798,8.986393042644119,9.216872970910517,9.161015250107054,9,7,9.0,9.0,9,0.0,9.0,9.0,9.0,9.0,9.0,9.0,0.0,0.0,1.0,1.0,1.0,ensemble_grid_blend,10.0,2024,Dutch Grand Prix,2024-08-25
STR,Aston Martin,8.0,9.84805490888148,10.037138115728293,10.059147313906912,9.95645251228295,10,8,10.0,10.0,10,0.0,10.0,10.0,10.0,10.0,10.0,10.0,0.0,0.0,1.0,1.0,1.0,ensemble_grid_blend,13.0,2024,Dutch Grand Prix,2024-08-25
RIC,Racing Bulls,13.0,10.02200824036775,10.717307206682207,11.337992652597235,10.528559761023706,11,13,11.0,11.0,11,0.0,14.0,14.0,14.0,14.0,14.0,14.0,0.0,0.0,0.0,0.0,1.0,ensemble_grid_blend,12.0,2024,Dutch Grand Prix,2024-08-25
HUL,Haas F1 Team,12.0,10.41959111226554,10.709380388075978,12.03523372798615,10.844145881943314,12,12,12.0,12.0,12,0.0,12.0,12.0,12.0,12.0,12.0,12.0,0.0,0.0,0.0,1.0,1.0,ensemble_grid_blend,11.0,2024,Dutch Grand Prix,2024-08-25
TSU,Racing Bulls,11.0,10.428926931874638,11.023690989565988,11.570785468636657,10.865466059419015,13,11,13.0,13.0,13,0.0,13.0,13.0,13.0,13.0,13.0,13.0,0.0,0.0,0.0,1.0,1.0,ensemble_grid_blend,17.0,2024,Dutch Grand Prix,2024-08-25
ALB,Williams,19.0,10.778011763147544,10.896639591688508,12.226572028006814,11.109243556108737,14,19,14.0,14.0,14,0.0,11.0,11.0,11.0,11.0,11.0,11.0,0.0,0.0,0.0,0.0,1.0,ensemble_grid_blend,14.0,2024,Dutch Grand Prix,2024-08-25
GAS,Alpine,9.0,12.754563816307455,11.495292906719179,12.403755248474898,12.243657284385048,15,9,15.0,15.0,15,0.0,15.0,15.0,15.0,15.0,15.0,15.0,0.0,0.0,0.0,1.0,1.0,ensemble_grid_blend,9.0,2024,Dutch Grand Prix,2024-08-25
OCO,Alpine,15.0,13.21548881122437,12.355429002649391,12.982525474670936,12.867875210912441,16,15,16.0,16.0,16,0.0,18.0,18.0,18.0,18.0,18.0,18.0,0.0,0.0,0.0,0.0,1.0,ensemble_grid_blend,15.0,2024,Dutch Grand Prix,2024-08-25
MAG,Haas F1 Team,20.0,12.08504424196904,13.642920286292467,13.465897451827093,12.90647149945385,17,20,17.0,17.0,17,0.0,16.0,16.0,16.0,16.0,16.0,16.0,0.0,0.0,0.0,1.0,1.0,ensemble_grid_blend,18.0,2024,Dutch Grand Prix,2024-08-25
BOT,Audi,16.0,14.98768315774172,15.425167704844178,15.262827034315297,15.195831524542296,18,16,18.0,18.0,18,0.0,19.0,19.0,19.0,19.0,19.0,19.0,0.0,0.0,0.0,1.0,1.0,ensemble_grid_blend,19.0,2024,Dutch Grand Prix,2024-08-25
SAR,Williams,18.0,14.761644643445402,16.175245124822712,15.10506224210384,15.325088331659147,19,18,19.0,19.0,19,0.0,17.0,17.0,17.0,17.0,17.0,17.0,0.0,0.0,0.0,0.0,1.0,ensemble_grid_blend,16.0,2024,Dutch Grand Prix,2024-08-25
ZHO,Audi,17.0,15.079109891640138,15.49430944055945,15.661041399573467,15.340816035348563,20,17,20.0,20.0,20,0.0,20.0,20.0,20.0,20.0,20.0,20.0,0.0,0.0,0.0,1.0,1.0,ensemble_grid_blend,20.0,2024,Dutch Grand Prix,2024-08-25
VER,Red Bull Racing,7.0,3.095335701285992,2.238368748119834,3.580094567830682,2.8923490409867747,1,7,1.0,1.0,1,0.0,1.0,1.0,1.0,1.0,1.0,1.0,1.0,1.0,1.0,1.0,1.0,ensemble_grid_blend,6.0,2024,Italian Grand Prix,2024-09-01
PIA,McLaren,2.0,5.009025058032168,5.2676349536041895,4.230832505766721,4.943900011029285,2,2,2.0,2.0,2,0.0,8.0,8.0,8.0,8.0,8.0,8.0,0.0,0.0,1.0,0.0,1.0,ensemble_grid_blend,2.0,2024,Italian Grand Prix,2024-09-01
NOR,McLaren,1.0,5.145010256470179,5.328584352975026,3.8469669082511118,4.949652520603062,3,1,3.0,3.0,3,0.0,7.0,7.0,7.0,7.0,7.0,7.0,0.0,0.0,1.0,0.0,1.0,ensemble_grid_blend,3.0,2024,Italian Grand Prix,2024-09-01
LEC,Ferrari,4.0,4.9937146296255746,4.873041542521803,5.114073261164657,4.975550775447072,4,4,4.0,4.0,4,0.0,2.0,2.0,2.0,2.0,2.0,2.0,0.0,1.0,1.0,0.0,1.0,ensemble_grid_blend,1.0,2024,Italian Grand Prix,2024-09-01
SAI,Ferrari,5.0,6.204989853414173,5.634460428460427,5.455978402645187,5.855502264526565,5,5,5.0,5.0,5,0.0,3.0,3.0,3.0,3.0,3.0,3.0,0.0,1.0,1.0,0.0,1.0,ensemble_grid_blend,4.0,2024,Italian Grand Prix,2024-09-01
PER,Red Bull Racing,8.0,5.836799906385554,5.617324338181451,6.798788191025707,5.952381114442148,6,8,6.0,6.0,6,0.0,4.0,4.0,4.0,4.0,4.0,4.0,0.0,0.0,1.0,0.0,1.0,ensemble_grid_blend,8.0,2024,Italian Grand Prix,2024-09-01
HAM,Mercedes,6.0,6.154312876609248,6.072799346078756,6.041468464323559,6.103214258466438,7,6,7.0,7.0,7,0.0,6.0,6.0,6.0,6.0,6.0,6.0,0.0,0.0,1.0,1.0,1.0,ensemble_grid_blend,5.0,2024,Italian Grand Prix,2024-09-01
RUS,Mercedes,3.0,7.997385650410808,7.5195959733249245,8.554655299720084,7.9416131932926035,8,3,8.0,8.0,8,0.0,5.0,5.0,5.0,5.0,5.0,5.0,0.0,0.0,1.0,0.0,1.0,ensemble_grid_blend,7.0,2024,Italian Grand Prix,2024-09-01
ALO,Aston Martin,11.0,10.481583440662225,11.04477464596807,9.971485087704455,10.576680691927717,9,11,9.0,9.0,9,0.0,12.0,12.0,12.0,12.0,12.0,12.0,0.0,0.0,0.0,0.0,1.0,ensemble_grid_blend,11.0,2024,Italian Grand Prix,2024-09-01
STR,Aston Martin,17.0,11.373046277146491,11.228638320013323,11.109861704128782,11.26986657754634,10,16,10.0,10.0,10,0.0,14.0,14.0,14.0,14.0,14.0,14.0,0.0,0.0,0.0,0.0,1.0,ensemble_grid_blend,19.0,2024,Italian Grand Prix,2024-09-01
RIC,Racing Bulls,12.0,11.26434521507698,11.259055905695616,11.897962717142839,11.389217457206676,11,12,11.0,11.0,11,0.0,13.0,13.0,13.0,13.0,13.0,13.0,0.0,0.0,0.0,0.0,1.0,ensemble_grid_blend,13.0,2024,Italian Grand Prix,2024-09-01
GAS,Alpine,14.0,11.795277472752359,11.527371045621049,12.00706010621813,11.743866749949554,12,14,12.0,12.0,12,0.0,9.0,9.0,9.0,9.0,9.0,9.0,0.0,0.0,1.0,0.0,1.0,ensemble_grid_blend,15.0,2024,Italian Grand Prix,2024-09-01
COL,Williams,18.0,12.589349503381488,12.428607589048381,12.501659846974288,12.515551902083459,13,17,13.0,13.0,13,0.0,10.0,10.0,10.0,10.0,10.0,10.0,0.0,0.0,1.0,0.0,1.0,ensemble_grid_blend,12.0,2024,Italian Grand Prix,2024-09-01
ALB,Williams,9.0,12.693281857252538,12.628363531205634,13.285035687821257,12.788911209249866,14,9,14.0,14.0,14,0.0,11.0,11.0,11.0,11.0,11.0,11.0,0.0,0.0,0.0,0.0,1.0,ensemble_grid_blend,9.0,2024,Italian Grand Prix,2024-09-01
OCO,Alpine,15.0,13.193002912364348,12.401477229383959,12.994148175626842,12.87619797597371,15,15,15.0,15.0,15,0.0,15.0,15.0,15.0,15.0,15.0,15.0,0.0,0.0,0.0,1.0,1.0,ensemble_grid_blend,14.0,2024,Italian Grand Prix,2024-09-01
HUL,Haas F1 Team,10.0,13.562491959204158,12.985482039202624,12.920395697176023,13.232119234797992,16,10,16.0,16.0,16,0.0,16.0,16.0,16.0,16.0,16.0,16.0,0.0,0.0,0.0,1.0,1.0,ensemble_grid_blend,17.0,2024,Italian Grand Prix,2024-09-01
MAG,Haas F1 Team,13.0,15.457253996242716,15.927231351981355,14.807942923118024,15.491883856126302,17,13,17.0,17.0,17,0.0,17.0,17.0,17.0,17.0,17.0,17.0,0.0,0.0,0.0,1.0,1.0,ensemble_grid_blend,10.0,2024,Italian Grand Prix,2024-09-01
BOT,Audi,19.0,16.280493559854055,16.410972971472976,16.27747846654676,16.325558335259217,18,18,18.0,18.0,18,0.0,18.0,18.0,18.0,18.0,18.0,18.0,0.0,0.0,0.0,1.0,1.0,ensemble_grid_blend,16.0,2024,Italian Grand Prix,2024-09-01
ZHO,Audi,20.0,16.130627185856053,16.442663350538353,16.668755455939603,16.347465497511568,19,19,19.0,19.0,19,0.0,19.0,19.0,19.0,19.0,19.0,19.0,0.0,0.0,0.0,1.0,1.0,ensemble_grid_blend,18.0,2024,Italian Grand Prix,2024-09-01
VER,Red Bull Racing,6.0,3.7654494116228046,2.118509427468668,3.5588368875015135,3.1476979123445985,1,6,1.0,1.0,1,0.0,2.0,2.0,2.0,2.0,2.0,2.0,0.0,1.0,1.0,1.0,1.0,ensemble_grid_blend,5.0,2024,Azerbaijan Grand Prix,2024-09-15
NOR,McLaren,15.0,3.470274180750283,3.2826658875824877,3.462851090078173,3.403126660007133,2,14,2.0,2.0,2,0.0,1.0,1.0,1.0,1.0,1.0,1.0,1.0,1.0,1.0,1.0,1.0,ensemble_grid_blend,4.0,2024,Azerbaijan Grand Prix,2024-09-15
PIA,McLaren,2.0,3.5951894823193498,4.0663691964640085,3.7280467092120126,3.786673827648513,3,2,3.0,3.0,3,0.0,3.0,3.0,3.0,3.0,3.0,3.0,0.0,1.0,1.0,1.0,1.0,ensemble_grid_blend,1.0,2024,Azerbaijan Grand Prix,2024-09-15
LEC,Ferrari,1.0,3.893506184764902,3.9380419710793126,3.990590337123698,3.928510540446705,4,1,4.0,4.0,4,0.0,4.0,4.0,4.0,4.0,4.0,4.0,0.0,0.0,1.0,1.0,1.0,ensemble_grid_blend,2.0,2024,Azerbaijan Grand Prix,2024-09-15
PER,Red Bull Racing,4.0,5.758556610007368,5.744534032790544,6.585029403290348,5.918943266638077,5,4,5.0,5.0,5,0.0,5.0,5.0,5.0,5.0,5.0,5.0,0.0,0.0,1.0,1.0,1.0,ensemble_grid_blend,17.0,2024,Azerbaijan Grand Prix,2024-09-15
SAI,Ferrari,3.0,6.77114042557598,6.857026177662207,4.642442799991764,6.3754609136893166,6,3,6.0,6.0,6,0.0,6.0,6.0,6.0,6.0,6.0,6.0,0.0,0.0,1.0,1.0,1.0,ensemble_grid_blend,18.0,2024,Azerbaijan Grand Prix,2024-09-15
HAM,Mercedes,19.0,7.644555696775523,7.249359874602527,5.736609922942029,7.124648004248276,7,18,7.0,7.0,7,0.0,7.0,7.0,7.0,7.0,7.0,7.0,0.0,0.0,1.0,1.0,1.0,ensemble_grid_blend,9.0,2024,Azerbaijan Grand Prix,2024-09-15
RUS,Mercedes,5.0,7.724471645909927,7.689505514854085,8.104405075045225,7.788220185867441,8,5,8.0,8.0,8,0.0,8.0,8.0,8.0,8.0,8.0,8.0,0.0,0.0,1.0,1.0,1.0,ensemble_grid_blend,3.0,2024,Azerbaijan Grand Prix,2024-09-15
ALO,Aston Martin,7.0,10.243204002873322,8.96068592308572,10.031628310215408,9.752007536416079,9,7,9.0,9.0,9,0.0,9.0,9.0,9.0,9.0,9.0,9.0,0.0,0.0,1.0,1.0,1.0,ensemble_grid_blend,6.0,2024,Azerbaijan Grand Prix,2024-09-15
BEA,Haas F1 Team,10.0,10.519787937547427,10.952237148128784,10.931532400114186,10.753494053764255,10,10,10.0,10.0,10,0.0,10.0,10.0,10.0,10.0,10.0,10.0,0.0,0.0,1.0,1.0,1.0,ensemble_grid_blend,10.0,2024,Azerbaijan Grand Prix,2024-09-15
STR,Aston Martin,13.0,11.17780136213843,9.679692910723118,12.091404038083981,10.83618393933218,11,12,11.0,11.0,11,0.0,12.0,12.0,12.0,12.0,12.0,12.0,0.0,0.0,0.0,1.0,1.0,ensemble_grid_blend,19.0,2024,Azerbaijan Grand Prix,2024-09-15
GAS,Alpine,18.0,11.22481708333047,11.266284599258677,11.642774418525528,11.322922180944355,12,17,12.0,12.0,12,0.0,16.0,16.0,16.0,16.0,16.0,16.0,0.0,0.0,0.0,0.0,1.0,ensemble_grid_blend,12.0,2024,Azerbaijan Grand Prix,2024-09-15
OCO,Alpine,20.0,11.938487421039587,11.986028959473627,12.158139947376814,11.999057464758947,13,19,13.0,13.0,13,0.0,17.0,17.0,17.0,17.0,17.0,17.0,0.0,0.0,0.0,0.0,1.0,ensemble_grid_blend,15.0,2024,Azerbaijan Grand Prix,2024-09-15
RIC,Racing Bulls,14.0,12.404422766532914,11.899212690087692,11.878042471713723,12.122323180813249,14,13,14.0,14.0,14,0.0,14.0,14.0,14.0,14.0,14.0,14.0,0.0,0.0,0.0,1.0,1.0,ensemble_grid_blend,13.0,2024,Azerbaijan Grand Prix,2024-09-15
COL,Williams,8.0,12.380733762194186,12.039311749804213,12.430233903411477,12.271136086101153,15,8,15.0,15.0,15,0.0,13.0,13.0,13.0,13.0,13.0,13.0,0.0,0.0,0.0,0.0,1.0,ensemble_grid_blend,8.0,2024,Azerbaijan Grand Prix,2024-09-15
ALB,Williams,9.0,12.497314636464175,12.314128395984831,11.903497192365405,12.314435963476651,16,9,16.0,16.0,16,0.0,11.0,11.0,11.0,11.0,11.0,11.0,0.0,0.0,0.0,0.0,1.0,ensemble_grid_blend,7.0,2024,Azerbaijan Grand Prix,2024-09-15
HUL,Haas F1 Team,12.0,12.794640534302397,12.397799327199293,13.009583524119657,12.698734709779764,17,11,17.0,17.0,17,0.0,15.0,15.0,15.0,15.0,15.0,15.0,0.0,0.0,0.0,0.0,1.0,ensemble_grid_blend,11.0,2024,Azerbaijan Grand Prix,2024-09-15
ZHO,Audi,17.0,14.765762453334583,15.083218795093783,16.337073529993773,15.191134388282142,18,16,18.0,18.0,18,0.0,18.0,18.0,18.0,18.0,18.0,18.0,0.0,0.0,0.0,1.0,1.0,ensemble_grid_blend,14.0,2024,Azerbaijan Grand Prix,2024-09-15
BOT,Audi,16.0,14.97401588811789,15.241099053724033,15.824802818448523,15.237652382146168,19,15,19.0,19.0,19,0.0,19.0,19.0,19.0,19.0,19.0,19.0,0.0,0.0,0.0,1.0,1.0,ensemble_grid_blend,16.0,2024,Azerbaijan Grand Prix,2024-09-15
PIA,McLaren,5.0,3.0182240305384567,3.20778102890719,3.353841137509776,3.1516924013617773,1,5,1.0,1.0,1,0.0,1.0,1.0,1.0,1.0,1.0,1.0,1.0,1.0,1.0,1.0,1.0,ensemble_grid_blend,3.0,2024,Singapore Grand Prix,2024-09-22
NOR,McLaren,1.0,3.516199705724891,3.0401317780313115,3.386038696469565,3.3235437291810728,2,1,2.0,2.0,2,0.0,2.0,2.0,2.0,2.0,2.0,2.0,0.0,1.0,1.0,1.0,1.0,ensemble_grid_blend,1.0,2024,Singapore Grand Prix,2024-09-22
LEC,Ferrari,9.0,3.299513959873831,3.57818281776273,4.1965369179254965,3.576452651745279,3,9,3.0,3.0,3,0.0,3.0,3.0,3.0,3.0,3.0,3.0,0.0,1.0,1.0,1.0,1.0,ensemble_grid_blend,5.0,2024,Singapore Grand Prix,2024-09-22
SAI,Ferrari,10.0,4.811665537765168,4.787645412256827,6.784110691977492,5.197747524679714,4,10,4.0,4.0,4,0.0,4.0,4.0,4.0,4.0,4.0,4.0,0.0,0.0,1.0,1.0,1.0,ensemble_grid_blend,7.0,2024,Singapore Grand Prix,2024-09-22
VER,Red Bull Racing,2.0,7.104093426389079,3.5668244325722585,4.217126144611384,5.2886558221976525,5,2,5.0,5.0,5,0.0,5.0,5.0,5.0,5.0,5.0,5.0,0.0,0.0,1.0,1.0,1.0,ensemble_grid_blend,2.0,2024,Singapore Grand Prix,2024-09-22
HAM,Mercedes,3.0,6.21614569434184,7.027251949439448,5.904131383353565,6.4376300214283475,6,3,6.0,6.0,6,0.0,7.0,7.0,7.0,7.0,7.0,7.0,0.0,0.0,1.0,1.0,1.0,ensemble_grid_blend,6.0,2024,Singapore Grand Prix,2024-09-22
RUS,Mercedes,4.0,6.522725158117251,6.762666492563162,6.615888651732121,6.625337323896295,7,4,7.0,7.0,7,0.0,6.0,6.0,6.0,6.0,6.0,6.0,0.0,0.0,1.0,1.0,1.0,ensemble_grid_blend,4.0,2024,Singapore Grand Prix,2024-09-22
PER,Red Bull Racing,13.0,7.461325535852922,7.100344852566019,8.294595851732147,7.501636359878351,8,12,8.0,8.0,8,0.0,8.0,8.0,8.0,8.0,8.0,8.0,0.0,0.0,1.0,1.0,1.0,ensemble_grid_blend,10.0,2024,Singapore Grand Prix,2024-09-22
ALO,Aston Martin,7.0,9.219976819013436,8.717513646806406,9.848163080403951,9.16975196101908,9,7,9.0,9.0,9,0.0,9.0,9.0,9.0,9.0,9.0,9.0,0.0,0.0,1.0,1.0,1.0,ensemble_grid_blend,8.0,2024,Singapore Grand Prix,2024-09-22
HUL,Haas F1 Team,6.0,11.273506964874029,10.991636951391401,12.091792190655934,11.338509505311489,10,6,10.0,10.0,10,0.0,15.0,15.0,15.0,15.0,15.0,15.0,0.0,0.0,0.0,0.0,1.0,ensemble_grid_blend,9.0,2024,Singapore Grand Prix,2024-09-22
GAS,Alpine,18.0,11.415945664573155,11.223108297039214,11.849141793220287,11.435091811665703,11,17,11.0,11.0,11,0.0,11.0,11.0,11.0,11.0,11.0,11.0,0.0,0.0,0.0,1.0,1.0,ensemble_grid_blend,17.0,2024,Singapore Grand Prix,2024-09-22
COL,Williams,12.0,11.52333254447008,11.646709246096584,11.169027731096676,11.495653427364674,12,11,12.0,12.0,12,0.0,12.0,12.0,12.0,12.0,12.0,12.0,0.0,0.0,0.0,1.0,1.0,ensemble_grid_blend,11.0,2024,Singapore Grand Prix,2024-09-22
RIC,Racing Bulls,16.0,11.8734915581525,12.06438807107925,12.045293428202404,11.974665711686843,13,15,13.0,13.0,13,0.0,10.0,10.0,10.0,10.0,10.0,10.0,0.0,0.0,1.0,0.0,1.0,ensemble_grid_blend,18.0,2024,Singapore Grand Prix,2024-09-22
STR,Aston Martin,17.0,12.60632002060867,12.090568236093963,13.300515311880927,12.564645954282975,14,16,14.0,14.0,14,0.0,13.0,13.0,13.0,13.0,13.0,13.0,0.0,0.0,0.0,1.0,1.0,ensemble_grid_blend,14.0,2024,Singapore Grand Prix,2024-09-22
TSU,Racing Bulls,8.0,12.906111621759699,12.12944146292733,12.710517078674748,12.59515815755138,15,8,15.0,15.0,15,0.0,16.0,16.0,16.0,16.0,16.0,16.0,0.0,0.0,0.0,1.0,1.0,ensemble_grid_blend,12.0,2024,Singapore Grand Prix,2024-09-22
OCO,Alpine,15.0,12.453413004638714,12.743438438174307,12.839271124453118,12.632093530339052,16,14,16.0,16.0,16,0.0,17.0,17.0,17.0,17.0,17.0,17.0,0.0,0.0,0.0,1.0,1.0,ensemble_grid_blend,13.0,2024,Singapore Grand Prix,2024-09-22
MAG,Haas F1 Team,14.0,12.867329722363772,13.473674677682991,13.178296172415813,13.141743746735907,17,13,17.0,17.0,17,0.0,14.0,14.0,14.0,14.0,14.0,14.0,0.0,0.0,0.0,0.0,1.0,ensemble_grid_blend,19.0,2024,Singapore Grand Prix,2024-09-22
ZHO,Audi,20.0,14.853975628758155,14.886751123876124,15.908279346079574,15.076307795513726,18,19,18.0,18.0,18,0.0,18.0,18.0,18.0,18.0,18.0,18.0,0.0,0.0,0.0,1.0,1.0,ensemble_grid_blend,15.0,2024,Singapore Grand Prix,2024-09-22
BOT,Audi,19.0,14.93744877207753,15.311278762903765,15.867454496961972,15.2542904138436,19,18,19.0,19.0,19,0.0,19.0,19.0,19.0,19.0,19.0,19.0,0.0,0.0,0.0,1.0,1.0,ensemble_grid_blend,16.0,2024,Singapore Grand Prix,2024-09-22
NOR,McLaren,1.0,3.1957637011989317,2.86074196633148,3.090359696999295,3.0574252931553962,1,1,1.0,1.0,1,0.0,1.0,1.0,1.0,1.0,1.0,1.0,1.0,1.0,1.0,1.0,1.0,ensemble_grid_blend,4.0,2024,United States Grand Prix,2024-10-20
PIA,McLaren,5.0,3.012042941747012,3.143449259131223,3.2226679460714873,3.1001601536963808,2,5,2.0,2.0,2,0.0,2.0,2.0,2.0,2.0,2.0,2.0,0.0,1.0,1.0,1.0,1.0,ensemble_grid_blend,5.0,2024,United States Grand Prix,2024-10-20
LEC,Ferrari,4.0,3.6882111585396684,3.842185797561571,4.534206538630026,3.9113013582154057,3,4,3.0,3.0,3,0.0,3.0,3.0,3.0,3.0,3.0,3.0,0.0,1.0,1.0,1.0,1.0,ensemble_grid_blend,1.0,2024,United States Grand Prix,2024-10-20
VER,Red Bull Racing,2.0,6.585294879786107,3.515382012296542,4.2965392299110094,5.053074246189739,4,2,4.0,4.0,4,0.0,4.0,4.0,4.0,4.0,4.0,4.0,0.0,0.0,1.0,1.0,1.0,ensemble_grid_blend,3.0,2024,United States Grand Prix,2024-10-20
SAI,Ferrari,3.0,4.623080794022372,4.750745018870019,7.095536607696328,5.16225443545384,5,3,5.0,5.0,5,0.0,5.0,5.0,5.0,5.0,5.0,5.0,0.0,0.0,1.0,1.0,1.0,ensemble_grid_blend,2.0,2024,United States Grand Prix,2024-10-20
RUS,Mercedes,20.0,7.570230357355521,7.625414162849534,6.003906937204178,7.276280005248157,6,19,6.0,6.0,6,0.0,6.0,6.0,6.0,6.0,6.0,6.0,0.0,0.0,1.0,1.0,1.0,ensemble_grid_blend,6.0,2024,United States Grand Prix,2024-10-20
PER,Red Bull Racing,9.0,8.494405925221882,7.902025240437236,8.814901168543052,8.35117173421149,7,9,7.0,7.0,7,0.0,7.0,7.0,7.0,7.0,7.0,7.0,0.0,0.0,1.0,1.0,1.0,ensemble_grid_blend,7.0,2024,United States Grand Prix,2024-10-20
ALO,Aston Martin,7.0,9.287412636824097,8.728711259879129,9.598917629008344,9.154168153330208,8,7,8.0,8.0,8,0.0,8.0,8.0,8.0,8.0,8.0,8.0,0.0,0.0,1.0,1.0,1.0,ensemble_grid_blend,13.0,2024,United States Grand Prix,2024-10-20
ALB,Williams,14.0,9.903206374824101,10.914071568497903,10.242065110271428,10.324780939699396,9,14,9.0,9.0,9,0.0,10.0,10.0,10.0,10.0,10.0,10.0,0.0,0.0,1.0,1.0,1.0,ensemble_grid_blend,16.0,2024,United States Grand Prix,2024-10-20
HUL,Haas F1 Team,11.0,11.646150844977342,10.90704998319534,11.676565202712963,11.393548414900765,10,11,10.0,10.0,10,0.0,9.0,9.0,9.0,9.0,9.0,9.0,0.0,0.0,1.0,1.0,1.0,ensemble_grid_blend,8.0,2024,United States Grand Prix,2024-10-20
COL,Williams,15.0,12.669386484746855,11.931848317937119,10.75049494768483,12.027469818951042,11,15,11.0,11.0,11,0.0,11.0,11.0,11.0,11.0,11.0,11.0,0.0,0.0,0.0,1.0,1.0,ensemble_grid_blend,10.0,2024,United States Grand Prix,2024-10-20
TSU,Racing Bulls,10.0,12.776129322439552,12.473936545115537,12.790702633120073,12.673276512512253,12,10,12.0,12.0,12,0.0,13.0,13.0,13.0,13.0,13.0,13.0,0.0,0.0,0.0,1.0,1.0,ensemble_grid_blend,14.0,2024,United States Grand Prix,2024-10-20
GAS,Alpine,6.0,12.823656545566923,13.158393380720586,12.858885894210626,12.947860307599445,13,6,13.0,13.0,13,0.0,12.0,12.0,12.0,12.0,12.0,12.0,0.0,0.0,0.0,1.0,1.0,ensemble_grid_blend,12.0,2024,United States Grand Prix,2024-10-20
STR,Aston Martin,13.0,13.111496811704804,12.553847571438713,13.4074258515983,12.97550538559037,14,13,14.0,14.0,14,0.0,17.0,17.0,17.0,17.0,17.0,17.0,0.0,0.0,0.0,0.0,1.0,ensemble_grid_blend,15.0,2024,United States Grand Prix,2024-10-20
LAW,Racing Bulls,19.0,13.371942166586742,13.21008215326985,12.771461647054036,13.195195058019287,15,18,15.0,15.0,15,0.0,16.0,16.0,16.0,16.0,16.0,16.0,0.0,0.0,0.0,1.0,1.0,ensemble_grid_blend,9.0,2024,United States Grand Prix,2024-10-20
OCO,Alpine,12.0,13.702757780287177,13.100383598835803,13.040310420300557,13.359437344781872,16,12,16.0,16.0,16,0.0,14.0,14.0,14.0,14.0,14.0,14.0,0.0,0.0,0.0,0.0,1.0,ensemble_grid_blend,18.0,2024,United States Grand Prix,2024-10-20
MAG,Haas F1 Team,8.0,13.362021103193364,13.946053821055681,13.793745362032146,13.652777406212932,17,8,17.0,17.0,17,0.0,15.0,15.0,15.0,15.0,15.0,15.0,0.0,0.0,0.0,0.0,1.0,ensemble_grid_blend,11.0,2024,United States Grand Prix,2024-10-20
ZHO,Audi,18.0,14.896148343373982,14.926330271444238,15.198254107650035,14.967133171053781,18,17,18.0,18.0,18,0.0,19.0,19.0,19.0,19.0,19.0,19.0,0.0,0.0,0.0,1.0,1.0,ensemble_grid_blend,19.0,2024,United States Grand Prix,2024-10-20
BOT,Audi,16.0,15.097583141020818,15.340840333277821,15.370301782831348,15.237266886672876,19,16,19.0,19.0,19,0.0,18.0,18.0,18.0,18.0,18.0,18.0,0.0,0.0,0.0,1.0,1.0,ensemble_grid_blend,17.0,2024,United States Grand Prix,2024-10-20
VER,Red Bull Racing,2.0,2.8976559677171125,2.861295620406874,3.958713878144356,3.0971414282439773,1,3,1.0,1.0,1,0.0,3.0,3.0,3.0,3.0,3.0,3.0,0.0,1.0,1.0,0.0,1.0,ensemble_grid_blend,6.0,2024,Mexico City Grand Prix,2024-10-27
NOR,McLaren,3.0,3.065826988848648,3.0563746474549287,3.3540756529971807,3.1201684021905525,2,4,2.0,2.0,2,0.0,1.0,1.0,1.0,1.0,1.0,1.0,1.0,1.0,1.0,1.0,1.0,ensemble_grid_blend,2.0,2024,Mexico City Grand Prix,2024-10-27
PIA,McLaren,17.0,3.0925602136016392,3.2479308735981802,3.6568798102102242,3.259803863922146,3,15,3.0,3.0,3,0.0,2.0,2.0,2.0,2.0,2.0,2.0,0.0,1.0,1.0,1.0,1.0,ensemble_grid_blend,8.0,2024,Mexico City Grand Prix,2024-10-27
LEC,Ferrari,4.0,3.286501582032269,3.3850720019359724,4.217874051060564,3.5072757228042244,4,5,4.0,4.0,4,0.0,4.0,4.0,4.0,4.0,4.0,4.0,0.0,0.0,1.0,1.0,1.0,ensemble_grid_blend,3.0,2024,Mexico City Grand Prix,2024-10-27
SAI,Ferrari,1.0,4.414872778016015,4.566453634085214,6.537294909209132,4.892410503878859,5,2,5.0,5.0,5,0.0,5.0,5.0,5.0,5.0,5.0,5.0,0.0,0.0,1.0,1.0,1.0,ensemble_grid_blend,1.0,2024,Mexico City Grand Prix,2024-10-27
HAM,Mercedes,6.0,6.259642199036806,6.596500592952794,5.6394854767250155,6.253511292445043,6,7,6.0,6.0,6,0.0,8.0,8.0,8.0,8.0,8.0,8.0,0.0,0.0,1.0,0.0,1.0,ensemble_grid_blend,4.0,2024,Mexico City Grand Prix,2024-10-27
RUS,Mercedes,5.0,7.388740841187448,7.411080197591402,5.936386487556304,7.1060887452026025,7,6,7.0,7.0,7,0.0,7.0,7.0,7.0,7.0,7.0,7.0,0.0,0.0,1.0,1.0,1.0,ensemble_grid_blend,5.0,2024,Mexico City Grand Prix,2024-10-27
PER,Red Bull Racing,18.0,7.877846353657787,7.663482721803284,8.432848038251107,7.913819419427375,8,16,8.0,8.0,8,0.0,6.0,6.0,6.0,6.0,6.0,6.0,0.0,0.0,1.0,0.0,1.0,ensemble_grid_blend,17.0,2024,Mexico City Grand Prix,2024-10-27
HUL,Haas F1 Team,10.0,10.501623117294423,10.550657238779667,10.647246452234073,10.547909726802189,9,10,9.0,9.0,9,0.0,10.0,10.0,10.0,10.0,10.0,10.0,0.0,0.0,1.0,1.0,1.0,ensemble_grid_blend,9.0,2024,Mexico City Grand Prix,2024-10-27
COL,Williams,16.0,11.042022927262742,11.321540085460576,10.778593118691589,11.087167970917754,10,14,10.0,10.0,10,0.0,9.0,9.0,9.0,9.0,9.0,9.0,0.0,0.0,1.0,1.0,1.0,ensemble_grid_blend,12.0,2024,Mexico City Grand Prix,2024-10-27
LAW,Racing Bulls,12.0,12.355176676328792,12.109737363513675,12.2474666432666,12.247730910231063,11,11,11.0,11.0,11,0.0,12.0,12.0,12.0,12.0,12.0,12.0,0.0,0.0,0.0,1.0,1.0,ensemble_grid_blend,16.0,2024,Mexico City Grand Prix,2024-10-27
GAS,Alpine,8.0,12.517383691433515,12.923742196239354,12.68358507718767,12.69284944526639,12,9,12.0,12.0,12,0.0,11.0,11.0,11.0,11.0,11.0,11.0,0.0,0.0,0.0,1.0,1.0,ensemble_grid_blend,10.0,2024,Mexico City Grand Prix,2024-10-27
STR,Aston Martin,14.0,13.041974774919968,13.012917020372129,13.206253826573565,13.064660371158944,13,12,13.0,13.0,13,0.0,14.0,14.0,14.0,14.0,14.0,14.0,0.0,0.0,0.0,1.0,1.0,ensemble_grid_blend,11.0,2024,Mexico City Grand Prix,2024-10-27
MAG,Haas F1 Team,7.0,12.793650323621867,14.09241666361674,12.861049296209746,13.261698337137648,14,8,14.0,14.0,14,0.0,16.0,16.0,16.0,16.0,16.0,16.0,0.0,0.0,0.0,0.0,1.0,ensemble_grid_blend,7.0,2024,Mexico City Grand Prix,2024-10-27
OCO,Alpine,0.0,14.011872473679391,13.465269147927236,13.644078253278277,13.747002465585915,15,1,15.0,15.0,15,0.0,13.0,13.0,13.0,13.0,13.0,13.0,0.0,0.0,0.0,0.0,1.0,ensemble_grid_blend,13.0,2024,Mexico City Grand Prix,2024-10-27
ZHO,Audi,19.0,15.267791237761488,15.502972985347986,15.602173309620326,15.41698126378853,16,17,16.0,16.0,16,0.0,15.0,15.0,15.0,15.0,15.0,15.0,0.0,0.0,0.0,1.0,1.0,ensemble_grid_blend,15.0,2024,Mexico City Grand Prix,2024-10-27
BOT,Audi,15.0,15.398825618584963,15.573512196137195,15.609975884493933,15.50219597391004,17,13,17.0,17.0,17,0.0,17.0,17.0,17.0,17.0,17.0,17.0,0.0,0.0,0.0,1.0,1.0,ensemble_grid_blend,14.0,2024,Mexico City Grand Prix,2024-10-27
NOR,McLaren,1.0,3.0435639630384377,3.046447309646577,3.346701835142378,3.1052007087720743,1,1,1.0,1.0,1,0.0,1.0,1.0,1.0,1.0,1.0,1.0,1.0,1.0,1.0,1.0,1.0,ensemble_grid_blend,6.0,2024,São Paulo Grand Prix,2024-11-03
LEC,Ferrari,6.0,3.61800288963854,3.6664611422074636,3.4344461849190253,3.5982519370937602,2,6,2.0,2.0,2,0.0,3.0,3.0,3.0,3.0,3.0,3.0,0.0,1.0,1.0,1.0,1.0,ensemble_grid_blend,5.0,2024,São Paulo Grand Prix,2024-11-03
VER,Red Bull Racing,17.0,4.097471240948111,3.6059494317942606,4.199693648570065,3.945883089268654,3,14,3.0,3.0,3,0.0,2.0,2.0,2.0,2.0,2.0,2.0,0.0,1.0,1.0,1.0,1.0,ensemble_grid_blend,1.0,2024,São Paulo Grand Prix,2024-11-03
HAM,Mercedes,14.0,5.744682160220311,5.954631110032037,5.342264185660026,5.737680697742357,4,12,4.0,4.0,4,0.0,5.0,5.0,5.0,5.0,5.0,5.0,0.0,0.0,1.0,1.0,1.0,ensemble_grid_blend,10.0,2024,São Paulo Grand Prix,2024-11-03
PIA,McLaren,8.0,7.026073275836768,6.383249063727544,4.5903865649120075,6.313947459413587,5,7,5.0,5.0,5,0.0,4.0,4.0,4.0,4.0,4.0,4.0,0.0,0.0,1.0,1.0,1.0,ensemble_grid_blend,8.0,2024,São Paulo Grand Prix,2024-11-03
RUS,Mercedes,2.0,7.2093654343124,6.959728612890376,5.793474092563844,6.838814278464981,6,2,6.0,6.0,6,0.0,6.0,6.0,6.0,6.0,6.0,6.0,0.0,0.0,1.0,1.0,1.0,ensemble_grid_blend,4.0,2024,São Paulo Grand Prix,2024-11-03
ALO,Aston Martin,9.0,9.070983229515766,8.895067783898138,9.699733913107055,9.135162960267856,7,8,7.0,7.0,7,0.0,9.0,9.0,9.0,9.0,9.0,9.0,0.0,0.0,1.0,0.0,1.0,ensemble_grid_blend,14.0,2024,São Paulo Grand Prix,2024-11-03
PER,Red Bull Racing,12.0,9.278174701202177,9.917369645060825,9.249156444358658,9.496089280184,8,10,8.0,8.0,8,0.0,7.0,7.0,7.0,7.0,7.0,7.0,0.0,0.0,1.0,1.0,1.0,ensemble_grid_blend,11.0,2024,São Paulo Grand Prix,2024-11-03
BEA,Haas F1 Team,15.0,10.019491979864346,10.691533635306604,9.59277873452498,10.169363910201263,9,13,9.0,9.0,9,0.0,8.0,8.0,8.0,8.0,8.0,8.0,0.0,0.0,1.0,1.0,1.0,ensemble_grid_blend,12.0,2024,São Paulo Grand Prix,2024-11-03
GAS,Alpine,13.0,12.27271090842773,12.323537491103659,12.255616527318773,12.287081336142514,10,11,10.0,10.0,10,0.0,12.0,12.0,12.0,12.0,12.0,12.0,0.0,0.0,0.0,0.0,1.0,ensemble_grid_blend,3.0,2024,São Paulo Grand Prix,2024-11-03
TSU,Racing Bulls,3.0,13.729356904503575,12.51203349685934,13.000688055680175,13.157559942063411,11,3,11.0,11.0,11,0.0,10.0,10.0,10.0,10.0,10.0,10.0,0.0,0.0,1.0,1.0,1.0,ensemble_grid_blend,7.0,2024,São Paulo Grand Prix,2024-11-03
LAW,Racing Bulls,5.0,13.615190880170552,13.059100014492033,13.050809055388243,13.307682712226608,12,5,12.0,12.0,12,0.0,11.0,11.0,11.0,11.0,11.0,11.0,0.0,0.0,0.0,1.0,1.0,ensemble_grid_blend,9.0,2024,São Paulo Grand Prix,2024-11-03
OCO,Alpine,4.0,13.408455166711915,13.282712169774667,13.387663115856993,13.360286707612893,13,4,13.0,13.0,13,0.0,13.0,13.0,13.0,13.0,13.0,13.0,0.0,0.0,0.0,1.0,1.0,ensemble_grid_blend,2.0,2024,São Paulo Grand Prix,2024-11-03
ZHO,Audi,19.0,15.04472854054199,15.363940877749705,15.558156340355081,15.259138418527309,14,15,14.0,14.0,14,0.0,15.0,15.0,15.0,15.0,15.0,15.0,0.0,0.0,0.0,1.0,1.0,ensemble_grid_blend,15.0,2024,São Paulo Grand Prix,2024-11-03
BOT,Audi,11.0,15.375560389949847,15.414969849594845,15.39247557349407,15.392736737534442,15,9,15.0,15.0,15,0.0,14.0,14.0,14.0,14.0,14.0,14.0,0.0,0.0,0.0,1.0,1.0,ensemble_grid_blend,13.0,2024,São Paulo Grand Prix,2024-11-03
VER,Red Bull Racing,5.0,2.7940725311159067,3.026821772696114,3.8588307698796456,3.088486413421727,1,4,1.0,1.0,1,0.0,1.0,1.0,1.0,1.0,1.0,1.0,1.0,1.0,1.0,1.0,1.0,ensemble_grid_blend,5.0,2024,Las Vegas Grand Prix,2024-11-23
LEC,Ferrari,4.0,3.6975230502992105,3.9258170956365603,3.552081595474414,3.7483376752023236,2,3,2.0,2.0,2,0.0,3.0,3.0,3.0,3.0,3.0,3.0,0.0,1.0,1.0,1.0,1.0,ensemble_grid_blend,4.0,2024,Las Vegas Grand Prix,2024-11-23
NOR,McLaren,6.0,3.9219964179435935,3.9090639978108306,4.32140247350761,3.9973512820099297,3,5,3.0,3.0,3,0.0,2.0,2.0,2.0,2.0,2.0,2.0,0.0,1.0,1.0,1.0,1.0,ensemble_grid_blend,6.0,2024,Las Vegas Grand Prix,2024-11-23
SAI,Ferrari,2.0,3.608398818985682,4.549711228464519,4.568059257847339,4.129790250075606,4,2,4.0,4.0,4,0.0,4.0,4.0,4.0,4.0,4.0,4.0,0.0,0.0,1.0,1.0,1.0,ensemble_grid_blend,3.0,2024,Las Vegas Grand Prix,2024-11-23
PIA,McLaren,8.0,5.713473085152163,6.16736681657677,5.684576291413365,5.866556532403017,5,7,5.0,5.0,5,0.0,5.0,5.0,5.0,5.0,5.0,5.0,0.0,0.0,1.0,1.0,1.0,ensemble_grid_blend,7.0,2024,Las Vegas Grand Prix,2024-11-23
HAM,Mercedes,10.0,5.649320224075852,6.445868129376642,6.134909231300586,6.025229792376076,6,9,6.0,6.0,6,0.0,7.0,7.0,7.0,7.0,7.0,7.0,0.0,0.0,1.0,1.0,1.0,ensemble_grid_blend,2.0,2024,Las Vegas Grand Prix,2024-11-23
RUS,Mercedes,1.0,6.759100217880862,6.88145632229398,5.807183341174223,6.611541479084125,7,1,7.0,7.0,7,0.0,6.0,6.0,6.0,6.0,6.0,6.0,0.0,0.0,1.0,1.0,1.0,ensemble_grid_blend,1.0,2024,Las Vegas Grand Prix,2024-11-23
PER,Red Bull Racing,15.0,9.404614198393999,10.065923448310953,9.506934978514819,9.656536591889097,8,14,8.0,8.0,8,0.0,9.0,9.0,9.0,9.0,9.0,9.0,0.0,0.0,1.0,1.0,1.0,ensemble_grid_blend,10.0,2024,Las Vegas Grand Prix,2024-11-23
ALO,Aston Martin,16.0,10.491823559777693,9.094325259322865,10.743883888122168,10.053111220287398,9,15,9.0,9.0,9,0.0,10.0,10.0,10.0,10.0,10.0,10.0,0.0,0.0,1.0,1.0,1.0,ensemble_grid_blend,11.0,2024,Las Vegas Grand Prix,2024-11-23
HUL,Haas F1 Team,9.0,11.29269545954763,11.137256231060668,10.080605086631884,10.995873654994044,10,8,10.0,10.0,10,0.0,14.0,14.0,14.0,14.0,14.0,14.0,0.0,0.0,0.0,0.0,1.0,ensemble_grid_blend,8.0,2024,Las Vegas Grand Prix,2024-11-23
COL,Williams,20.0,11.191835283568368,11.306123035966621,11.468881120189996,11.287245164232083,11,18,11.0,11.0,11,0.0,12.0,12.0,12.0,12.0,12.0,12.0,0.0,0.0,0.0,1.0,1.0,ensemble_grid_blend,14.0,2024,Las Vegas Grand Prix,2024-11-23
TSU,Racing Bulls,7.0,11.159290554794927,11.488577494264991,11.39562351702121,11.321807576054706,12,6,12.0,12.0,12,0.0,8.0,8.0,8.0,8.0,8.0,8.0,0.0,0.0,1.0,0.0,1.0,ensemble_grid_blend,9.0,2024,Las Vegas Grand Prix,2024-11-23
STR,Aston Martin,18.0,11.147266313387036,11.129640896028521,12.794965566708921,11.470637267975933,13,16,13.0,13.0,13,0.0,13.0,13.0,13.0,13.0,13.0,13.0,0.0,0.0,0.0,1.0,1.0,ensemble_grid_blend,15.0,2024,Las Vegas Grand Prix,2024-11-23
OCO,Alpine,11.0,12.576355878194674,12.741809430357224,10.793408309208951,12.27767510765442,14,10,14.0,14.0,14,0.0,15.0,15.0,15.0,15.0,15.0,15.0,0.0,0.0,0.0,1.0,1.0,ensemble_grid_blend,17.0,2024,Las Vegas Grand Prix,2024-11-23
LAW,Racing Bulls,14.0,12.425401306957555,12.457749711774866,11.72672758001941,12.296988503255985,15,13,15.0,15.0,15,0.0,11.0,11.0,11.0,11.0,11.0,11.0,0.0,0.0,0.0,0.0,1.0,ensemble_grid_blend,16.0,2024,Las Vegas Grand Prix,2024-11-23
MAG,Haas F1 Team,12.0,13.435476151233,13.402304435940119,11.80289446503944,13.097349713641782,16,11,16.0,16.0,16,0.0,16.0,16.0,16.0,16.0,16.0,16.0,0.0,0.0,0.0,1.0,1.0,ensemble_grid_blend,12.0,2024,Las Vegas Grand Prix,2024-11-23
ZHO,Audi,13.0,15.262383132405121,15.35951646903821,15.440500006081196,15.332003174961919,17,12,17.0,17.0,17,0.0,18.0,18.0,18.0,18.0,18.0,18.0,0.0,0.0,0.0,1.0,1.0,ensemble_grid_blend,13.0,2024,Las Vegas Grand Prix,2024-11-23
BOT,Audi,19.0,15.548684635425097,15.33792875594721,14.987541782595411,15.3626915070419,18,17,18.0,18.0,18,0.0,17.0,17.0,17.0,17.0,17.0,17.0,0.0,0.0,0.0,1.0,1.0,ensemble_grid_blend,18.0,2024,Las Vegas Grand Prix,2024-11-23
VER,Red Bull Racing,2.0,4.046392479428834,3.930847189863976,4.33785038672913,4.064243209541194,1,2,1.0,1.0,1,0.0,3.0,3.0,3.0,3.0,3.0,3.0,0.0,1.0,1.0,0.0,1.0,ensemble_grid_blend,1.0,2024,Qatar Grand Prix,2024-12-01
RUS,Mercedes,1.0,3.540730711146962,4.547397418828684,4.813690455864268,4.147656007779026,2,1,2.0,2.0,2,0.0,1.0,1.0,1.0,1.0,1.0,1.0,1.0,1.0,1.0,1.0,1.0,ensemble_grid_blend,4.0,2024,Qatar Grand Prix,2024-12-01
SAI,Ferrari,7.0,3.835580611940746,4.6341249684529755,4.433550711177707,4.234665156567418,3,7,3.0,3.0,3,0.0,2.0,2.0,2.0,2.0,2.0,2.0,0.0,1.0,1.0,1.0,1.0,ensemble_grid_blend,6.0,2024,Qatar Grand Prix,2024-12-01
LEC,Ferrari,5.0,4.764437619753225,5.627254717096629,3.906411961520841,4.89481847217694,4,5,4.0,4.0,4,0.0,4.0,4.0,4.0,4.0,4.0,4.0,0.0,0.0,1.0,1.0,1.0,ensemble_grid_blend,2.0,2024,Qatar Grand Prix,2024-12-01
NOR,McLaren,3.0,6.229293918834174,4.622949385730658,4.736543007164269,5.368523149913963,5,3,5.0,5.0,5,0.0,5.0,5.0,5.0,5.0,5.0,5.0,0.0,0.0,1.0,1.0,1.0,ensemble_grid_blend,10.0,2024,Qatar Grand Prix,2024-12-01
PIA,McLaren,4.0,5.03003221880166,5.596705468551059,6.077225973730382,5.437806607199693,6,4,6.0,6.0,6,0.0,7.0,7.0,7.0,7.0,7.0,7.0,0.0,0.0,1.0,1.0,1.0,ensemble_grid_blend,3.0,2024,Qatar Grand Prix,2024-12-01
HAM,Mercedes,6.0,6.708202602629848,6.163582822277481,5.2432513364078766,6.224595426262125,7,6,7.0,7.0,7,0.0,6.0,6.0,6.0,6.0,6.0,6.0,0.0,0.0,1.0,1.0,1.0,ensemble_grid_blend,12.0,2024,Qatar Grand Prix,2024-12-01
ALO,Aston Martin,8.0,10.41029809097658,9.248258667201391,10.804775510460058,10.08247977655196,8,8,8.0,8.0,8,0.0,11.0,11.0,11.0,11.0,11.0,11.0,0.0,0.0,0.0,0.0,1.0,ensemble_grid_blend,7.0,2024,Qatar Grand Prix,2024-12-01
GAS,Alpine,11.0,10.83760428901074,10.993460659998535,10.075277850168694,10.739688731088059,9,10,9.0,9.0,9,0.0,10.0,10.0,10.0,10.0,10.0,10.0,0.0,0.0,1.0,1.0,1.0,ensemble_grid_blend,5.0,2024,Qatar Grand Prix,2024-12-01
TSU,Racing Bulls,14.0,11.057151377220576,10.771496548154284,11.137769094384852,10.973295730480228,10,13,10.0,10.0,10,0.0,8.0,8.0,8.0,8.0,8.0,8.0,0.0,0.0,1.0,0.0,1.0,ensemble_grid_blend,13.0,2024,Qatar Grand Prix,2024-12-01
ALB,Williams,16.0,11.853568732793585,11.725511495714015,11.79166285925715,11.796367525108447,11,14,11.0,11.0,11,0.0,13.0,13.0,13.0,13.0,13.0,13.0,0.0,0.0,0.0,0.0,1.0,ensemble_grid_blend,15.0,2024,Qatar Grand Prix,2024-12-01
LAW,Racing Bulls,17.0,11.796974100529901,12.132559952978326,12.42171850064333,12.039378028909535,12,15,12.0,12.0,12,0.0,12.0,12.0,12.0,12.0,12.0,12.0,0.0,0.0,0.0,1.0,1.0,ensemble_grid_blend,14.0,2024,Qatar Grand Prix,2024-12-01
MAG,Haas F1 Team,10.0,13.09960398534824,13.052177673354338,11.576915877105016,12.77846715450173,13,9,13.0,13.0,13,0.0,9.0,9.0,9.0,9.0,9.0,9.0,0.0,0.0,1.0,0.0,1.0,ensemble_grid_blend,9.0,2024,Qatar Grand Prix,2024-12-01
ZHO,Audi,12.0,15.467714406816098,15.485370699969954,14.688482430041285,15.318047714064985,14,11,14.0,14.0,14,0.0,14.0,14.0,14.0,14.0,14.0,14.0,0.0,0.0,0.0,1.0,1.0,ensemble_grid_blend,8.0,2024,Qatar Grand Prix,2024-12-01
BOT,Audi,13.0,15.428125959647172,15.629874405822939,15.062194667281773,15.42555165733561,15,12,15.0,15.0,15,0.0,15.0,15.0,15.0,15.0,15.0,15.0,0.0,0.0,0.0,1.0,1.0,ensemble_grid_blend,11.0,2024,Qatar Grand Prix,2024-12-01
VER,Red Bull Racing,4.0,2.472617950734859,2.065840312058808,3.0181928150726307,2.4393607500657954,1,4,1.0,1.0,1,0.0,1.0,1.0,1.0,1.0,1.0,1.0,1.0,1.0,1.0,1.0,1.0,ensemble_grid_blend,6.0,2024,Abu Dhabi Grand Prix,2024-12-08
LEC,Ferrari,19.0,3.6578502117971663,4.248130737833718,3.9022250630339332,3.913323366157313,2,17,2.0,2.0,2,0.0,2.0,2.0,2.0,2.0,2.0,2.0,0.0,1.0,1.0,1.0,1.0,ensemble_grid_blend,3.0,2024,Abu Dhabi Grand Prix,2024-12-08
SAI,Ferrari,3.0,3.7891735188918165,4.660062228621051,4.976872640652062,4.331524391649097,3,3,3.0,3.0,3,0.0,3.0,3.0,3.0,3.0,3.0,3.0,0.0,1.0,1.0,1.0,1.0,ensemble_grid_blend,2.0,2024,Abu Dhabi Grand Prix,2024-12-08
RUS,Mercedes,6.0,3.9836250260859227,4.7195921431939265,4.970044668987839,4.438497445654107,4,6,4.0,4.0,4,0.0,4.0,4.0,4.0,4.0,4.0,4.0,0.0,0.0,1.0,1.0,1.0,ensemble_grid_blend,5.0,2024,Abu Dhabi Grand Prix,2024-12-08
NOR,McLaren,1.0,5.233745598054291,4.371262316359738,5.8334171798641865,5.051810765823177,5,1,5.0,5.0,5,0.0,6.0,6.0,6.0,6.0,6.0,6.0,0.0,0.0,1.0,1.0,1.0,ensemble_grid_blend,1.0,2024,Abu Dhabi Grand Prix,2024-12-08
PIA,McLaren,2.0,5.764664475014435,5.818365375508567,5.754095030807719,5.781345901346038,6,2,6.0,6.0,6,0.0,5.0,5.0,5.0,5.0,5.0,5.0,0.0,0.0,1.0,1.0,1.0,ensemble_grid_blend,10.0,2024,Abu Dhabi Grand Prix,2024-12-08
HAM,Mercedes,16.0,5.862140021919063,6.263444768256345,6.615061860993193,6.153181050951938,7,14,7.0,7.0,7,0.0,8.0,8.0,8.0,8.0,8.0,8.0,0.0,0.0,1.0,1.0,1.0,ensemble_grid_blend,4.0,2024,Abu Dhabi Grand Prix,2024-12-08
GAS,Alpine,5.0,8.072719932555529,9.430270790197648,8.850102853303312,8.703339316879827,8,5,8.0,8.0,8,0.0,7.0,7.0,7.0,7.0,7.0,7.0,0.0,0.0,1.0,1.0,1.0,ensemble_grid_blend,7.0,2024,Abu Dhabi Grand Prix,2024-12-08
DOO,Alpine,17.0,8.290583668403738,9.609049211486392,9.48527416068723,8.990984706939365,9,15,9.0,9.0,9,0.0,9.0,9.0,9.0,9.0,9.0,9.0,0.0,0.0,1.0,1.0,1.0,ensemble_grid_blend,15.0,2024,Abu Dhabi Grand Prix,2024-12-08
ALO,Aston Martin,8.0,10.185281207722783,8.812027277227639,10.032769748780591,9.674140040261044,10,8,10.0,10.0,10,0.0,12.0,12.0,12.0,12.0,12.0,12.0,0.0,0.0,0.0,0.0,1.0,ensemble_grid_blend,9.0,2024,Abu Dhabi Grand Prix,2024-12-08
HUL,Haas F1 Team,7.0,11.044772098732436,10.981588661679446,9.969509761928402,10.807605428403082,11,7,11.0,11.0,11,0.0,13.0,13.0,13.0,13.0,13.0,13.0,0.0,0.0,0.0,0.0,1.0,ensemble_grid_blend,8.0,2024,Abu Dhabi Grand Prix,2024-12-08
TSU,Racing Bulls,11.0,10.94374111106652,11.246456405199668,11.093357876442202,11.07961481708826,12,9,12.0,12.0,12,0.0,10.0,10.0,10.0,10.0,10.0,10.0,0.0,0.0,1.0,0.0,1.0,ensemble_grid_blend,12.0,2024,Abu Dhabi Grand Prix,2024-12-08
MAG,Haas F1 Team,14.0,12.357381774446198,12.117676495137246,11.424546067940224,12.08691778538687,13,12,13.0,13.0,13,0.0,16.0,16.0,16.0,16.0,16.0,16.0,0.0,0.0,0.0,0.0,1.0,ensemble_grid_blend,16.0,2024,Abu Dhabi Grand Prix,2024-12-08
STR,Aston Martin,13.0,12.187455831018621,12.397504296520475,12.503136301392061,12.324108888018957,14,11,14.0,14.0,14,0.0,14.0,14.0,14.0,14.0,14.0,14.0,0.0,0.0,0.0,1.0,1.0,ensemble_grid_blend,14.0,2024,Abu Dhabi Grand Prix,2024-12-08
ALB,Williams,18.0,12.94600875725681,12.35785967676544,12.612809798340088,12.673516787301484,15,16,15.0,15.0,15,0.0,15.0,15.0,15.0,15.0,15.0,15.0,0.0,0.0,0.0,1.0,1.0,ensemble_grid_blend,11.0,2024,Abu Dhabi Grand Prix,2024-12-08
LAW,Racing Bulls,12.0,12.81245045767258,12.931979595774024,12.313019954880904,12.75439955544975,16,10,16.0,16.0,16,0.0,11.0,11.0,11.0,11.0,11.0,11.0,0.0,0.0,0.0,0.0,1.0,ensemble_grid_blend,17.0,2024,Abu Dhabi Grand Prix,2024-12-08
ZHO,Audi,15.0,14.33686265895873,14.427568103545836,13.333917373475575,14.168020507467586,17,13,17.0,17.0,17,0.0,17.0,17.0,17.0,17.0,17.0,17.0,0.0,0.0,0.0,1.0,1.0,ensemble_grid_blend,13.0,2024,Abu Dhabi Grand Prix,2024-12-08
