driver,team,grid_pos,pred_finish_rf,pred_finish_extra_trees,pred_finish_elastic_net,pred_finish_model_ensemble,pred_rank_model_ensemble,grid_rank_component,blend_rank_score,pred_finish,pred_rank,pred_std,pi68_low,pi68_high,pi95_low,pi95_high,pred_low,pred_high,p_win,p_podium,p_top10,p_rank_pm1,ensemble_grid_alpha,ranking_mode_default,finish_pos,year,gp,date
VER,Red Bull Racing,1.0,1.8151262662318235,1.2115937395937417,1.897239863569661,1.6203126013760623,1,2,1.0,1.0,1,0.0,1.0,1.0,1.0,1.0,1.0,1.0,1.0,1.0,1.0,1.0,1.0,ensemble_grid_blend,1.0,2023,Dutch Grand Prix,2023-08-27
PER,Red Bull Racing,7.0,4.923284417133884,5.117980873293376,3.7761265356249396,4.761996600487917,2,8,2.0,2.0,2,0.0,2.0,2.0,2.0,2.0,2.0,2.0,0.0,1.0,1.0,1.0,1.0,ensemble_grid_blend,4.0,2023,Dutch Grand Prix,2023-08-27
HAM,Mercedes,13.0,4.995455492538693,4.881774857087356,4.514056780975223,4.859387527818031,3,12,3.0,3.0,3,0.0,3.0,3.0,3.0,3.0,3.0,3.0,0.0,1.0,1.0,1.0,1.0,ensemble_grid_blend,6.0,2023,Dutch Grand Prix,2023-08-27
RUS,Mercedes,3.0,5.851803825623033,5.256249708624707,5.462349205107769,5.565468960570566,4,4,4.0,4.0,4,0.0,6.0,6.0,6.0,6.0,6.0,6.0,0.0,0.0,1.0,0.0,1.0,ensemble_grid_blend,17.0,2023,Dutch Grand Prix,2023-08-27
NOR,McLaren,2.0,5.551514075693024,5.857569017335322,6.0379686664496415,5.755924223419153,5,3,5.0,5.0,5,0.0,4.0,4.0,4.0,4.0,4.0,4.0,0.0,0.0,1.0,1.0,1.0,ensemble_grid_blend,7.0,2023,Dutch Grand Prix,2023-08-27
SAI,Ferrari,6.0,8.07041618203452,6.915769711497651,7.186906040845841,7.48958788910888,6,7,6.0,6.0,6,0.0,7.0,7.0,7.0,7.0,7.0,7.0,0.0,0.0,1.0,1.0,1.0,ensemble_grid_blend,5.0,2023,Dutch Grand Prix,2023-08-27
PIA,McLaren,8.0,8.060971361030429,7.385454904324148,7.352900719985248,7.682926472974194,7,9,7.0,7.0,7,0.0,5.0,5.0,5.0,5.0,5.0,5.0,0.0,0.0,1.0,0.0,1.0,ensemble_grid_blend,9.0,2023,Dutch Grand Prix,2023-08-27
ALO,Aston Martin,5.0,9.036019642530896,7.233155689844734,6.926672490610462,7.9831478287066515,8,6,8.0,8.0,8,0.0,8.0,8.0,8.0,8.0,8.0,8.0,0.0,0.0,1.0,1.0,1.0,ensemble_grid_blend,2.0,2023,Dutch Grand Prix,2023-08-27
STR,Aston Martin,11.0,11.08788445768564,9.362403745591969,9.441963528733709,10.15478202266247,9,10,9.0,9.0,9,0.0,9.0,9.0,9.0,9.0,9.0,9.0,0.0,0.0,1.0,1.0,1.0,ensemble_grid_blend,11.0,2023,Dutch Grand Prix,2023-08-27
OCO,Alpine,16.0,12.071353292838907,10.743178457437555,10.832596987910563,11.358740839462765,10,14,10.0,10.0,10,0.0,11.0,11.0,11.0,11.0,11.0,11.0,0.0,0.0,0.0,1.0,1.0,ensemble_grid_blend,10.0,2023,Dutch Grand Prix,2023-08-27
GAS,Alpine,12.0,12.601975124131974,11.052055791430789,11.87071079829762,11.913250492519687,11,11,11.0,11.0,11,0.0,12.0,12.0,12.0,12.0,12.0,12.0,0.0,0.0,0.0,1.0,1.0,ensemble_grid_blend,3.0,2023,Dutch Grand Prix,2023-08-27
ALB,Williams,4.0,13.069158294035782,12.532258826921868,11.790002788792586,12.625412379497272,12,5,12.0,12.0,12,0.0,10.0,10.0,10.0,10.0,10.0,10.0,0.0,0.0,1.0,0.0,1.0,ensemble_grid_blend,8.0,2023,Dutch Grand Prix,2023-08-27
LAW,AlphaTauri,19.0,12.338620365737654,13.193952076908596,12.702270133563664,12.710716418212687,13,17,13.0,13.0,13,0.0,14.0,14.0,14.0,14.0,14.0,14.0,0.0,0.0,0.0,1.0,1.0,ensemble_grid_blend,13.0,2023,Dutch Grand Prix,2023-08-27
BOT,Alfa Romeo,18.0,12.97084199650026,12.988907578532574,12.515472289831408,12.886091008877798,14,16,14.0,14.0,14,0.0,13.0,13.0,13.0,13.0,13.0,13.0,0.0,0.0,0.0,1.0,1.0,ensemble_grid_blend,14.0,2023,Dutch Grand Prix,2023-08-27
TSU,AlphaTauri,17.0,14.077765901048663,14.374143759018768,13.2836891182967,14.022682794787807,15,15,15.0,15.0,15,0.0,15.0,15.0,15.0,15.0,15.0,15.0,0.0,0.0,0.0,1.0,1.0,ensemble_grid_blend,15.0,2023,Dutch Grand Prix,2023-08-27
HUL,Haas F1 Team,14.0,14.715395363261846,15.170859959484964,14.384219758290184,14.808572850945604,16,13,16.0,16.0,16,0.0,17.0,17.0,17.0,17.0,17.0,17.0,0.0,0.0,0.0,1.0,1.0,ensemble_grid_blend,12.0,2023,Dutch Grand Prix,2023-08-27
MAG,Haas F1 Team,0.0,15.31412941951055,15.631135461760463,15.05124286214274,15.372504222824457,17,1,17.0,17.0,17,0.0,16.0,16.0,16.0,16.0,16.0,16.0,0.0,0.0,0.0,1.0,1.0,ensemble_grid_blend,16.0,2023,Dutch Grand Prix,2023-08-27
VER,Red Bull Racing,2.0,1.6839952404729253,1.1685059940059936,2.118559108563538,1.5904867778276217,1,2,1.0,1.0,1,0.0,1.0,1.0,1.0,1.0,1.0,1.0,1.0,1.0,1.0,1.0,1.0,ensemble_grid_blend,1.0,2023,Italian Grand Prix,2023-09-03
PER,Red Bull Racing,5.0,4.814816346688328,5.1651079304682215,3.95927266872589,4.766309665418803,2,5,2.0,2.0,2,0.0,2.0,2.0,2.0,2.0,2.0,2.0,0.0,1.0,1.0,1.0,1.0,ensemble_grid_blend,2.0,2023,Italian Grand Prix,2023-09-03
HAM,Mercedes,8.0,5.470357483337015,5.395849987731565,6.178884336070218,5.585985230421748,3,8,3.0,3.0,3,0.0,4.0,4.0,4.0,4.0,4.0,4.0,0.0,0.0,1.0,1.0,1.0,ensemble_grid_blend,6.0,2023,Italian Grand Prix,2023-09-03
ALO,Aston Martin,10.0,6.395127388122927,6.046009337884336,6.449711685897496,6.283852930094334,4,10,4.0,4.0,4,0.0,8.0,8.0,8.0,8.0,8.0,8.0,0.0,0.0,1.0,0.0,1.0,ensemble_grid_blend,9.0,2023,Italian Grand Prix,2023-09-03
LEC,Ferrari,3.0,6.125948951803586,6.584020784770785,6.348955836913267,6.330875470364042,5,3,5.0,5.0,5,0.0,3.0,3.0,3.0,3.0,3.0,3.0,0.0,1.0,1.0,0.0,1.0,ensemble_grid_blend,4.0,2023,Italian Grand Prix,2023-09-03
NOR,McLaren,9.0,6.050220608046739,6.083043077021018,7.4029496962157735,6.3322542898215435,6,9,6.0,6.0,6,0.0,9.0,9.0,9.0,9.0,9.0,9.0,0.0,0.0,1.0,0.0,1.0,ensemble_grid_blend,8.0,2023,Italian Grand Prix,2023-09-03
SAI,Ferrari,1.0,6.224871233854158,6.570314992374777,6.906506549498238,6.482103612465191,7,1,7.0,7.0,7,0.0,6.0,6.0,6.0,6.0,6.0,6.0,0.0,0.0,1.0,1.0,1.0,ensemble_grid_blend,3.0,2023,Italian Grand Prix,2023-09-03
RUS,Mercedes,4.0,6.499967959357719,6.762985379312612,8.14683053427905,6.9213965713261985,8,4,8.0,8.0,8,0.0,5.0,5.0,5.0,5.0,5.0,5.0,0.0,0.0,1.0,0.0,1.0,ensemble_grid_blend,5.0,2023,Italian Grand Prix,2023-09-03
PIA,McLaren,7.0,7.100945766023062,7.036619828168422,7.928567650197965,7.243956064608918,9,7,9.0,9.0,9,0.0,10.0,10.0,10.0,10.0,10.0,10.0,0.0,0.0,1.0,1.0,1.0,ensemble_grid_blend,12.0,2023,Italian Grand Prix,2023-09-03
STR,Aston Martin,20.0,8.268989721336094,8.958726552338444,9.357983662524438,8.728196400424585,10,18,10.0,10.0,10,0.0,7.0,7.0,7.0,7.0,7.0,7.0,0.0,0.0,1.0,0.0,1.0,ensemble_grid_blend,16.0,2023,Italian Grand Prix,2023-09-03
GAS,Alpine,17.0,12.039123489807627,9.717838774375664,10.907820872788019,11.000413316002518,11,16,11.0,11.0,11,0.0,12.0,12.0,12.0,12.0,12.0,12.0,0.0,0.0,0.0,1.0,1.0,ensemble_grid_blend,15.0,2023,Italian Grand Prix,2023-09-03
ALB,Williams,6.0,12.429316165388837,11.64730748597173,11.685662686162551,12.006882431747592,12,6,12.0,12.0,12,0.0,11.0,11.0,11.0,11.0,11.0,11.0,0.0,0.0,0.0,1.0,1.0,ensemble_grid_blend,7.0,2023,Italian Grand Prix,2023-09-03
BOT,Alfa Romeo,14.0,13.813481810989813,13.455562590187597,13.192509487197158,13.564015618950506,13,13,13.0,13.0,13,0.0,13.0,13.0,13.0,13.0,13.0,13.0,0.0,0.0,0.0,1.0,1.0,ensemble_grid_blend,10.0,2023,Italian Grand Prix,2023-09-03
LAW,AlphaTauri,12.0,13.341140933444997,14.16283584471084,13.437658737698287,13.6480377132387,14,11,14.0,14.0,14,0.0,15.0,15.0,15.0,15.0,15.0,15.0,0.0,0.0,0.0,1.0,1.0,ensemble_grid_blend,11.0,2023,Italian Grand Prix,2023-09-03
ZHO,Alfa Romeo,16.0,14.416672664656124,13.204288794538803,13.589837422710337,13.826971261725905,15,15,15.0,15.0,15,0.0,14.0,14.0,14.0,14.0,14.0,14.0,0.0,0.0,0.0,1.0,1.0,ensemble_grid_blend,14.0,2023,Italian Grand Prix,2023-09-03
SAR,Williams,15.0,14.185893872453455,14.826656926406923,14.56898882861915,14.486779932570307,16,14,16.0,16.0,16,0.0,16.0,16.0,16.0,16.0,16.0,16.0,0.0,0.0,0.0,1.0,1.0,ensemble_grid_blend,13.0,2023,Italian Grand Prix,2023-09-03
HUL,Haas F1 Team,13.0,14.938509629992366,15.249049311799315,14.604891793011511,14.980474951228626,17,12,17.0,17.0,17,0.0,17.0,17.0,17.0,17.0,17.0,17.0,0.0,0.0,0.0,1.0,1.0,ensemble_grid_blend,17.0,2023,Italian Grand Prix,2023-09-03
MAG,Haas F1 Team,19.0,15.547218040394327,15.96118802031303,15.389071030575817,15.660478131402172,18,17,18.0,18.0,18,0.0,18.0,18.0,18.0,18.0,18.0,18.0,0.0,0.0,0.0,1.0,1.0,ensemble_grid_blend,18.0,2023,Italian Grand Prix,2023-09-03
VER,Red Bull Racing,11.0,1.4682316023457225,1.3043364205239216,1.6005848505237807,1.4373389383437039,1,10,1.0,1.0,1,0.0,1.0,1.0,1.0,1.0,1.0,1.0,1.0,1.0,1.0,1.0,1.0,ensemble_grid_blend,5.0,2023,Singapore Grand Prix,2023-09-17
PER,Red Bull Racing,13.0,3.8464114908638356,3.5791347680097685,3.3061612982913022,3.644814599350405,2,12,2.0,2.0,2,0.0,2.0,2.0,2.0,2.0,2.0,2.0,0.0,1.0,1.0,1.0,1.0,ensemble_grid_blend,8.0,2023,Singapore Grand Prix,2023-09-17
HAM,Mercedes,5.0,6.062661351735368,5.630394170608378,6.090790651892771,5.916993698372402,3,5,3.0,3.0,3,0.0,3.0,3.0,3.0,3.0,3.0,3.0,0.0,1.0,1.0,1.0,1.0,ensemble_grid_blend,3.0,2023,Singapore Grand Prix,2023-09-17
LEC,Ferrari,3.0,5.958281145755016,6.949941031191032,4.932664498537532,6.100238776214125,4,3,4.0,4.0,4,0.0,4.0,4.0,4.0,4.0,4.0,4.0,0.0,0.0,1.0,1.0,1.0,ensemble_grid_blend,4.0,2023,Singapore Grand Prix,2023-09-17
SAI,Ferrari,1.0,6.609694510074067,7.365143550893554,5.292296578405475,6.610622088027169,5,1,5.0,5.0,5,0.0,5.0,5.0,5.0,5.0,5.0,5.0,0.0,0.0,1.0,1.0,1.0,ensemble_grid_blend,1.0,2023,Singapore Grand Prix,2023-09-17
ALO,Aston Martin,7.0,7.805683308682367,6.670822403838854,6.653491876727882,7.178043705596241,6,7,6.0,6.0,6,0.0,6.0,6.0,6.0,6.0,6.0,6.0,0.0,0.0,1.0,1.0,1.0,ensemble_grid_blend,15.0,2023,Singapore Grand Prix,2023-09-17
NOR,McLaren,4.0,6.493782966803146,7.827131773940713,8.1391998058866,7.289538417117985,7,4,7.0,7.0,7,0.0,7.0,7.0,7.0,7.0,7.0,7.0,0.0,0.0,1.0,1.0,1.0,ensemble_grid_blend,2.0,2023,Singapore Grand Prix,2023-09-17
RUS,Mercedes,2.0,8.67137194267276,7.779358302437194,7.795364107678267,8.183965601591414,8,2,8.0,8.0,8,0.0,8.0,8.0,8.0,8.0,8.0,8.0,0.0,0.0,1.0,1.0,1.0,ensemble_grid_blend,16.0,2023,Singapore Grand Prix,2023-09-17
PIA,McLaren,17.0,9.961784163367014,9.420627326805464,8.824395977822535,9.544901633461576,9,14,9.0,9.0,9,0.0,9.0,9.0,9.0,9.0,9.0,9.0,0.0,0.0,1.0,1.0,1.0,ensemble_grid_blend,7.0,2023,Singapore Grand Prix,2023-09-17
GAS,Alpine,12.0,11.019316607664777,11.149475976816413,10.091008236159558,10.879210712566806,10,11,10.0,10.0,10,0.0,10.0,10.0,10.0,10.0,10.0,10.0,0.0,0.0,1.0,1.0,1.0,ensemble_grid_blend,6.0,2023,Singapore Grand Prix,2023-09-17
ALB,Williams,14.0,11.725244705110153,10.460318556600742,10.1993498685428,10.977341585818388,11,13,11.0,11.0,11,0.0,11.0,11.0,11.0,11.0,11.0,11.0,0.0,0.0,0.0,1.0,1.0,ensemble_grid_blend,11.0,2023,Singapore Grand Prix,2023-09-17
LAW,AlphaTauri,10.0,13.0127712516447,12.741959817959815,12.362235284598881,12.787880056445827,12,9,12.0,12.0,12,0.0,13.0,13.0,13.0,13.0,13.0,13.0,0.0,0.0,0.0,1.0,1.0,ensemble_grid_blend,9.0,2023,Singapore Grand Prix,2023-09-17
ZHO,Alfa Romeo,19.0,13.207024494479127,12.865047737883039,12.975912896510579,13.041110310076785,13,16,13.0,13.0,13,0.0,12.0,12.0,12.0,12.0,12.0,12.0,0.0,0.0,0.0,1.0,1.0,ensemble_grid_blend,12.0,2023,Singapore Grand Prix,2023-09-17
SAR,Williams,18.0,13.889628990133378,14.175706763447801,13.651769815272928,13.942184375821338,14,15,14.0,14.0,14,0.0,16.0,16.0,16.0,16.0,16.0,16.0,0.0,0.0,0.0,0.0,1.0,ensemble_grid_blend,14.0,2023,Singapore Grand Prix,2023-09-17
HUL,Haas F1 Team,9.0,13.772017682174246,14.449885101010095,14.827586358932177,14.220385014118378,15,8,15.0,15.0,15,0.0,14.0,14.0,14.0,14.0,14.0,14.0,0.0,0.0,0.0,1.0,1.0,ensemble_grid_blend,13.0,2023,Singapore Grand Prix,2023-09-17
MAG,Haas F1 Team,6.0,14.27104923591235,15.310378787878784,15.453546809625996,14.871314093843331,16,6,16.0,16.0,16,0.0,15.0,15.0,15.0,15.0,15.0,15.0,0.0,0.0,0.0,1.0,1.0,ensemble_grid_blend,10.0,2023,Singapore Grand Prix,2023-09-17
VER,Red Bull Racing,1.0,2.1096781923396826,1.9171356507055024,2.7066501339919524,2.1616826910981732,1,1,1.0,1.0,1,0.0,1.0,1.0,1.0,1.0,1.0,1.0,1.0,1.0,1.0,1.0,1.0,ensemble_grid_blend,1.0,2023,Japanese Grand Prix,2023-09-24
SAI,Ferrari,6.0,4.623068258186603,4.8743426989677,4.454955133913018,4.67739168760527,2,5,2.0,2.0,2,0.0,2.0,2.0,2.0,2.0,2.0,2.0,0.0,1.0,1.0,1.0,1.0,ensemble_grid_blend,6.0,2023,Japanese Grand Prix,2023-09-24
LEC,Ferrari,4.0,4.732084521957531,4.925564699189699,4.521292765205682,4.75764423263842,3,4,3.0,3.0,3,0.0,3.0,3.0,3.0,3.0,3.0,3.0,0.0,1.0,1.0,1.0,1.0,ensemble_grid_blend,4.0,2023,Japanese Grand Prix,2023-09-24
NOR,McLaren,3.0,6.6689925260546,7.261738802863802,7.124312228095276,6.967517663345957,4,3,4.0,4.0,4,0.0,4.0,4.0,4.0,4.0,4.0,4.0,0.0,0.0,1.0,1.0,1.0,ensemble_grid_blend,2.0,2023,Japanese Grand Prix,2023-09-24
HAM,Mercedes,7.0,7.63418555814207,6.547049437705306,6.575007226188935,7.041852249598575,5,6,5.0,5.0,5,0.0,5.0,5.0,5.0,5.0,5.0,5.0,0.0,0.0,1.0,1.0,1.0,ensemble_grid_blend,5.0,2023,Japanese Grand Prix,2023-09-24
PIA,McLaren,2.0,9.148179928416456,9.478962098668262,8.464329625844243,9.127183627490146,6,2,6.0,6.0,6,0.0,6.0,6.0,6.0,6.0,6.0,6.0,0.0,0.0,1.0,1.0,1.0,ensemble_grid_blend,3.0,2023,Japanese Grand Prix,2023-09-24
GAS,Alpine,12.0,9.74117858898341,10.572227405546961,9.096544605629944,9.903118878109959,7,11,7.0,7.0,7,0.0,7.0,7.0,7.0,7.0,7.0,7.0,0.0,0.0,1.0,1.0,1.0,ensemble_grid_blend,10.0,2023,Japanese Grand Prix,2023-09-24
RUS,Mercedes,8.0,11.083457157833283,10.54916867569808,9.42808880514276,10.565382518547858,8,7,8.0,8.0,8,0.0,9.0,9.0,9.0,9.0,9.0,9.0,0.0,0.0,1.0,1.0,1.0,ensemble_grid_blend,7.0,2023,Japanese Grand Prix,2023-09-24
OCO,Alpine,14.0,11.047300827823296,11.243016506723386,9.606997942881916,10.827740738450052,9,12,9.0,9.0,9,0.0,8.0,8.0,8.0,8.0,8.0,8.0,0.0,0.0,1.0,1.0,1.0,ensemble_grid_blend,9.0,2023,Japanese Grand Prix,2023-09-24
ALO,Aston Martin,10.0,12.217985727332414,10.849012684533548,8.826838505017738,11.060615717889876,10,9,10.0,10.0,10,0.0,10.0,10.0,10.0,10.0,10.0,10.0,0.0,0.0,1.0,1.0,1.0,ensemble_grid_blend,8.0,2023,Japanese Grand Prix,2023-09-24
TSU,AlphaTauri,9.0,12.434576655564237,12.307975623450618,12.14527329078136,12.332405621367894,11,8,11.0,11.0,11,0.0,14.0,14.0,14.0,14.0,14.0,14.0,0.0,0.0,0.0,0.0,1.0,ensemble_grid_blend,12.0,2023,Japanese Grand Prix,2023-09-24
LAW,AlphaTauri,11.0,13.061735265877124,12.161500498888799,11.35050140268651,12.404406324793086,12,10,12.0,12.0,12,0.0,12.0,12.0,12.0,12.0,12.0,12.0,0.0,0.0,0.0,1.0,1.0,ensemble_grid_blend,11.0,2023,Japanese Grand Prix,2023-09-24
ZHO,Alfa Romeo,19.0,11.834287083448908,13.115385672660677,12.562592707449276,12.4283327144731,13,15,13.0,13.0,13,0.0,11.0,11.0,11.0,11.0,11.0,11.0,0.0,0.0,0.0,0.0,1.0,ensemble_grid_blend,13.0,2023,Japanese Grand Prix,2023-09-24
HUL,Haas F1 Team,18.0,13.622716503359115,13.175182373182373,13.740950266471014,13.489726310419634,14,14,14.0,14.0,14,0.0,13.0,13.0,13.0,13.0,13.0,13.0,0.0,0.0,0.0,1.0,1.0,ensemble_grid_blend,14.0,2023,Japanese Grand Prix,2023-09-24
MAG,Haas F1 Team,15.0,13.644159796396487,13.28888113275613,14.212361409806016,13.633452586804268,15,13,15.0,15.0,15,0.0,15.0,15.0,15.0,15.0,15.0,15.0,0.0,0.0,0.0,1.0,1.0,ensemble_grid_blend,15.0,2023,Japanese Grand Prix,2023-09-24
VER,Red Bull Racing,1.0,1.738345062484281,1.616070347952701,2.4165926442207866,1.831198428745529,1,1,1.0,1.0,1,0.0,1.0,1.0,1.0,1.0,1.0,1.0,1.0,1.0,1.0,1.0,1.0,ensemble_grid_blend,1.0,2023,Qatar Grand Prix,2023-10-08
PER,Red Bull Racing,20.0,4.8547068328416945,4.269705375914935,4.298266391699358,4.538668234688862,2,17,2.0,2.0,2,0.0,4.0,4.0,4.0,4.0,4.0,4.0,0.0,0.0,1.0,0.0,1.0,ensemble_grid_blend,10.0,2023,Qatar Grand Prix,2023-10-08
LEC,Ferrari,5.0,4.794144914928313,4.907868289390343,4.493220670543304,4.773763247113021,3,4,3.0,3.0,3,0.0,3.0,3.0,3.0,3.0,3.0,3.0,0.0,1.0,1.0,1.0,1.0,ensemble_grid_blend,5.0,2023,Qatar Grand Prix,2023-10-08
NOR,McLaren,10.0,5.031874888337606,5.10252692242398,5.675475832585445,5.185323289117404,4,9,4.0,4.0,4,0.0,5.0,5.0,5.0,5.0,5.0,5.0,0.0,0.0,1.0,1.0,1.0,ensemble_grid_blend,3.0,2023,Qatar Grand Prix,2023-10-08
PIA,McLaren,6.0,5.077119602496584,5.2994436535686535,6.948282464075427,5.529165592687576,5,5,5.0,5.0,5,0.0,2.0,2.0,2.0,2.0,2.0,2.0,0.0,1.0,1.0,0.0,1.0,ensemble_grid_blend,2.0,2023,Qatar Grand Prix,2023-10-08
RUS,Mercedes,2.0,8.465627111364137,7.960976902351904,7.833260791368878,8.162526274210805,6,2,6.0,6.0,6,0.0,6.0,6.0,6.0,6.0,6.0,6.0,0.0,0.0,1.0,1.0,1.0,ensemble_grid_blend,4.0,2023,Qatar Grand Prix,2023-10-08
ALB,Williams,13.0,9.647038483298603,9.502015194500803,9.535864348701827,9.574045505300019,7,11,7.0,7.0,7,0.0,8.0,8.0,8.0,8.0,8.0,8.0,0.0,0.0,1.0,1.0,1.0,ensemble_grid_blend,13.0,2023,Qatar Grand Prix,2023-10-08
OCO,Alpine,8.0,9.933423666762868,10.136304961953265,9.526704153603855,9.923088217447704,8,7,8.0,8.0,8,0.0,9.0,9.0,9.0,9.0,9.0,9.0,0.0,0.0,1.0,1.0,1.0,ensemble_grid_blend,7.0,2023,Qatar Grand Prix,2023-10-08
GAS,Alpine,7.0,10.26787625433481,10.941587443023836,9.961672332622872,10.442434386033582,9,6,9.0,9.0,9,0.0,10.0,10.0,10.0,10.0,10.0,10.0,0.0,0.0,1.0,1.0,1.0,ensemble_grid_blend,12.0,2023,Qatar Grand Prix,2023-10-08
LAW,AlphaTauri,17.0,10.851293845796267,10.923276004353667,10.780673451937881,10.86236352251968,10,14,10.0,10.0,10,0.0,11.0,11.0,11.0,11.0,11.0,11.0,0.0,0.0,0.0,1.0,1.0,ensemble_grid_blend,17.0,2023,Qatar Grand Prix,2023-10-08
ALO,Aston Martin,4.0,12.469567334815608,11.38645671881111,9.474206541432828,11.491406460537476,11,3,11.0,11.0,11,0.0,7.0,7.0,7.0,7.0,7.0,7.0,0.0,0.0,1.0,0.0,1.0,ensemble_grid_blend,6.0,2023,Qatar Grand Prix,2023-10-08
TSU,AlphaTauri,11.0,11.552056591487386,11.589355270498046,11.508915605950884,11.556482932033816,12,10,12.0,12.0,12,0.0,14.0,14.0,14.0,14.0,14.0,14.0,0.0,0.0,0.0,0.0,1.0,ensemble_grid_blend,15.0,2023,Qatar Grand Prix,2023-10-08
STR,Aston Martin,16.0,12.649195006691077,11.70327255587549,11.402297675589988,12.068742682685404,13,13,13.0,13.0,13,0.0,13.0,13.0,13.0,13.0,13.0,13.0,0.0,0.0,0.0,1.0,1.0,ensemble_grid_blend,11.0,2023,Qatar Grand Prix,2023-10-08
ZHO,Alfa Romeo,19.0,11.518649323010264,13.280055106808396,12.387859980435778,12.308983478824713,14,16,14.0,14.0,14,0.0,12.0,12.0,12.0,12.0,12.0,12.0,0.0,0.0,0.0,0.0,1.0,ensemble_grid_blend,9.0,2023,Qatar Grand Prix,2023-10-08
BOT,Alfa Romeo,9.0,12.331233324091484,13.861526196026194,11.98895047178399,12.798379258807133,15,8,15.0,15.0,15,0.0,15.0,15.0,15.0,15.0,15.0,15.0,0.0,0.0,0.0,1.0,1.0,ensemble_grid_blend,8.0,2023,Qatar Grand Prix,2023-10-08
HUL,Haas F1 Team,14.0,13.969318610535838,13.52955851011734,13.91610122766642,13.80475909881548,16,12,16.0,16.0,16,0.0,16.0,16.0,16.0,16.0,16.0,16.0,0.0,0.0,0.0,1.0,1.0,ensemble_grid_blend,16.0,2023,Qatar Grand Prix,2023-10-08
MAG,Haas F1 Team,18.0,13.896464093128658,13.690238066671895,14.171060641861292,13.879204293615317,17,15,17.0,17.0,17,0.0,17.0,17.0,17.0,17.0,17.0,17.0,0.0,0.0,0.0,1.0,1.0,ensemble_grid_blend,14.0,2023,Qatar Grand Prix,2023-10-08
VER,Red Bull Racing,6.0,1.654158190418188,1.4833787568640502,2.958622233907235,1.8552781973720491,1,6,1.0,1.0,1,0.0,1.0,1.0,1.0,1.0,1.0,1.0,1.0,1.0,1.0,1.0,1.0,ensemble_grid_blend,1.0,2023,United States Grand Prix,2023-10-22
NOR,McLaren,2.0,2.4068581938133082,4.03174664306282,4.17157322123585,3.328512156535145,2,2,2.0,2.0,2,0.0,2.0,2.0,2.0,2.0,2.0,2.0,0.0,1.0,1.0,1.0,1.0,ensemble_grid_blend,2.0,2023,United States Grand Prix,2023-10-22
SAI,Ferrari,4.0,4.7823761341601365,4.95733511015129,4.6910775479908375,4.825352058523181,3,4,3.0,3.0,3,0.0,5.0,5.0,5.0,5.0,5.0,5.0,0.0,0.0,1.0,0.0,1.0,ensemble_grid_blend,3.0,2023,United States Grand Prix,2023-10-22
HAM,Mercedes,3.0,5.279086974862886,4.541501529559189,5.508908563810118,5.066896386796039,4,3,4.0,4.0,4,0.0,3.0,3.0,3.0,3.0,3.0,3.0,0.0,1.0,1.0,1.0,1.0,ensemble_grid_blend,19.0,2023,United States Grand Prix,2023-10-22
PER,Red Bull Racing,9.0,4.8714354233589505,5.1949383671883655,5.439796139175826,5.098333596862621,5,8,5.0,5.0,5,0.0,6.0,6.0,6.0,6.0,6.0,6.0,0.0,0.0,1.0,1.0,1.0,ensemble_grid_blend,4.0,2023,United States Grand Prix,2023-10-22
LEC,Ferrari,1.0,5.545033366381863,5.413177225552225,4.79185720034582,5.348248483884281,6,1,6.0,6.0,6,0.0,4.0,4.0,4.0,4.0,4.0,4.0,0.0,0.0,1.0,0.0,1.0,ensemble_grid_blend,20.0,2023,United States Grand Prix,2023-10-22
RUS,Mercedes,5.0,7.744645022671609,7.2089003467451755,7.423849234495355,7.4929752284621065,7,5,7.0,7.0,7,0.0,7.0,7.0,7.0,7.0,7.0,7.0,0.0,0.0,1.0,1.0,1.0,ensemble_grid_blend,5.0,2023,United States Grand Prix,2023-10-22
GAS,Alpine,7.0,8.964144232808541,9.805907120657126,9.091692673733682,9.284270931740574,8,7,8.0,8.0,8,0.0,8.0,8.0,8.0,8.0,8.0,8.0,0.0,0.0,1.0,1.0,1.0,ensemble_grid_blend,6.0,2023,United States Grand Prix,2023-10-22
ALB,Williams,15.0,11.719794843667396,10.916476949241849,10.708460663608234,11.236366744606624,9,13,9.0,9.0,9,0.0,10.0,10.0,10.0,10.0,10.0,10.0,0.0,0.0,1.0,1.0,1.0,ensemble_grid_blend,9.0,2023,United States Grand Prix,2023-10-22
STR,Aston Martin,20.0,12.634921236374716,10.57477905773602,10.994086126596418,11.585704451895513,10,17,10.0,10.0,10,0.0,9.0,9.0,9.0,9.0,9.0,9.0,0.0,0.0,1.0,1.0,1.0,ensemble_grid_blend,7.0,2023,United States Grand Prix,2023-10-22
BOT,Alfa Romeo,13.0,12.866571372393004,12.334636056292263,11.008455044381012,12.308770746155346,11,11,11.0,11.0,11,0.0,15.0,15.0,15.0,15.0,15.0,15.0,0.0,0.0,0.0,0.0,1.0,ensemble_grid_blend,12.0,2023,United States Grand Prix,2023-10-22
ZHO,Alfa Romeo,12.0,13.322533898198394,12.957718400590547,11.360748512020127,12.802491396799994,12,10,12.0,12.0,12,0.0,17.0,17.0,17.0,17.0,17.0,17.0,0.0,0.0,0.0,0.0,1.0,ensemble_grid_blend,13.0,2023,United States Grand Prix,2023-10-22
MAG,Haas F1 Team,17.0,12.565897661902893,12.960371572871567,13.515718958980745,12.8939277901575,13,15,13.0,13.0,13,0.0,11.0,11.0,11.0,11.0,11.0,11.0,0.0,0.0,0.0,0.0,1.0,ensemble_grid_blend,14.0,2023,United States Grand Prix,2023-10-22
RIC,AlphaTauri,14.0,12.817264412619561,13.180016783869716,12.791636690789145,12.939102198191032,14,12,14.0,14.0,14,0.0,13.0,13.0,13.0,13.0,13.0,13.0,0.0,0.0,0.0,1.0,1.0,ensemble_grid_blend,15.0,2023,United States Grand Prix,2023-10-22
TSU,AlphaTauri,11.0,12.878598476114638,13.21644625717419,12.759423090794332,12.973010122421421,15,9,15.0,15.0,15,0.0,12.0,12.0,12.0,12.0,12.0,12.0,0.0,0.0,0.0,0.0,1.0,ensemble_grid_blend,8.0,2023,United States Grand Prix,2023-10-22
HUL,Haas F1 Team,18.0,13.660462217443348,13.361119949494945,13.600728066985862,13.54374559356991,16,16,16.0,16.0,16,0.0,16.0,16.0,16.0,16.0,16.0,16.0,0.0,0.0,0.0,1.0,1.0,ensemble_grid_blend,11.0,2023,United States Grand Prix,2023-10-22
SAR,Williams,16.0,13.570234141062135,13.933013215542623,13.443679654309099,13.671895919779697,17,14,17.0,17.0,17,0.0,14.0,14.0,14.0,14.0,14.0,14.0,0.0,0.0,0.0,0.0,1.0,ensemble_grid_blend,10.0,2023,United States Grand Prix,2023-10-22
VER,Red Bull Racing,3.0,1.514968064580251,1.4251448731007543,2.1763827749281086,1.6158128896319985,1,4,1.0,1.0,1,0.0,1.0,1.0,1.0,1.0,1.0,1.0,1.0,1.0,1.0,1.0,1.0,ensemble_grid_blend,1.0,2023,Mexico City Grand Prix,2023-10-29
NOR,McLaren,17.0,1.9866578116674163,3.658056610056608,3.844696620644524,2.943255152899055,2,15,2.0,2.0,2,0.0,2.0,2.0,2.0,2.0,2.0,2.0,0.0,1.0,1.0,1.0,1.0,ensemble_grid_blend,5.0,2023,Mexico City Grand Prix,2023-10-29
PIA,McLaren,7.0,5.001878666422411,4.421483863358862,4.719190978066337,4.742202947678954,3,7,3.0,3.0,3,0.0,3.0,3.0,3.0,3.0,3.0,3.0,0.0,1.0,1.0,1.0,1.0,ensemble_grid_blend,8.0,2023,Mexico City Grand Prix,2023-10-29
SAI,Ferrari,2.0,5.018233375617104,5.697452977577974,6.041368704086577,5.460587301997303,4,3,4.0,4.0,4,0.0,4.0,4.0,4.0,4.0,4.0,4.0,0.0,0.0,1.0,1.0,1.0,ensemble_grid_blend,4.0,2023,Mexico City Grand Prix,2023-10-29
RUS,Mercedes,8.0,6.126407263870851,7.1371203657453695,7.059785230901228,6.666832442933008,5,8,5.0,5.0,5,0.0,10.0,10.0,10.0,10.0,10.0,10.0,0.0,0.0,1.0,0.0,1.0,ensemble_grid_blend,6.0,2023,Mexico City Grand Prix,2023-10-29
LEC,Ferrari,1.0,7.589520607519559,6.404274886551361,7.743050663933191,7.205390616463417,6,2,6.0,6.0,6,0.0,9.0,9.0,9.0,9.0,9.0,9.0,0.0,0.0,1.0,0.0,1.0,ensemble_grid_blend,3.0,2023,Mexico City Grand Prix,2023-10-29
HAM,Mercedes,6.0,7.7147349059827715,7.357480260610149,7.286006338009031,7.503950066507605,7,6,7.0,7.0,7,0.0,8.0,8.0,8.0,8.0,8.0,8.0,0.0,0.0,1.0,1.0,1.0,ensemble_grid_blend,2.0,2023,Mexico City Grand Prix,2023-10-29
GAS,Alpine,11.0,8.551537521392989,9.225349790732142,8.954142879256288,8.867892887234353,8,11,8.0,8.0,8,0.0,7.0,7.0,7.0,7.0,7.0,7.0,0.0,0.0,1.0,1.0,1.0,ensemble_grid_blend,11.0,2023,Mexico City Grand Prix,2023-10-29
OCO,Alpine,15.0,8.538126547476015,9.468284134166488,8.669757520749123,8.890007897472302,9,14,9.0,9.0,9,0.0,6.0,6.0,6.0,6.0,6.0,6.0,0.0,0.0,1.0,0.0,1.0,ensemble_grid_blend,10.0,2023,Mexico City Grand Prix,2023-10-29
STR,Aston Martin,0.0,9.285252750955715,9.52923678742139,9.381292074359626,9.389855028399483,10,1,10.0,10.0,10,0.0,5.0,5.0,5.0,5.0,5.0,5.0,0.0,0.0,1.0,0.0,1.0,ensemble_grid_blend,17.0,2023,Mexico City Grand Prix,2023-10-29
ALB,Williams,14.0,11.578933593967244,10.729588505922063,10.701657465378993,11.106207587433781,11,13,11.0,11.0,11,0.0,12.0,12.0,12.0,12.0,12.0,12.0,0.0,0.0,0.0,1.0,1.0,ensemble_grid_blend,9.0,2023,Mexico City Grand Prix,2023-10-29
BOT,Alfa Romeo,9.0,11.204035213277296,12.094343340832268,11.020022458404043,11.478840506946886,12,9,12.0,12.0,12,0.0,11.0,11.0,11.0,11.0,11.0,11.0,0.0,0.0,0.0,1.0,1.0,ensemble_grid_blend,15.0,2023,Mexico City Grand Prix,2023-10-29
SAR,Williams,19.0,11.516072435719298,12.499194518007789,12.62958385503574,12.082867448383558,13,17,13.0,13.0,13,0.0,16.0,16.0,16.0,16.0,16.0,16.0,0.0,0.0,0.0,0.0,1.0,ensemble_grid_blend,16.0,2023,Mexico City Grand Prix,2023-10-29
ZHO,Alfa Romeo,10.0,12.368102839750724,13.022116775488865,11.555292886283526,12.434445726565635,14,10,14.0,14.0,14,0.0,13.0,13.0,13.0,13.0,13.0,13.0,0.0,0.0,0.0,1.0,1.0,ensemble_grid_blend,14.0,2023,Mexico City Grand Prix,2023-10-29
TSU,AlphaTauri,18.0,12.678304029970047,12.335689574314575,12.407420859914989,12.50421233647962,15,16,15.0,15.0,15,0.0,17.0,17.0,17.0,17.0,17.0,17.0,0.0,0.0,0.0,0.0,1.0,ensemble_grid_blend,12.0,2023,Mexico City Grand Prix,2023-10-29
HUL,Haas F1 Team,12.0,12.91529898638105,12.987165554625115,13.450165516220915,13.047425591234445,16,12,16.0,16.0,16,0.0,14.0,14.0,14.0,14.0,14.0,14.0,0.0,0.0,0.0,0.0,1.0,ensemble_grid_blend,13.0,2023,Mexico City Grand Prix,2023-10-29
RIC,AlphaTauri,4.0,13.43021563893364,13.046220356032855,13.11059948761135,13.231894059653905,17,5,17.0,17.0,17,0.0,15.0,15.0,15.0,15.0,15.0,15.0,0.0,0.0,0.0,0.0,1.0,ensemble_grid_blend,7.0,2023,Mexico City Grand Prix,2023-10-29
VER,Red Bull Racing,1.0,1.4476076763250796,1.2623542784185187,2.203968334585375,1.5340411187098424,1,1,1.0,1.0,1,0.0,1.0,1.0,1.0,1.0,1.0,1.0,1.0,1.0,1.0,1.0,1.0,ensemble_grid_blend,1.0,2023,São Paulo Grand Prix,2023-11-05
NOR,McLaren,6.0,4.850643961828791,4.459798917585681,4.767760348804538,4.6972714737388515,2,5,2.0,2.0,2,0.0,3.0,3.0,3.0,3.0,3.0,3.0,0.0,1.0,1.0,1.0,1.0,ensemble_grid_blend,2.0,2023,São Paulo Grand Prix,2023-11-05
PER,Red Bull Racing,9.0,5.714762540870063,4.723652185147153,4.940184892671088,5.212958386727249,3,7,3.0,3.0,3,0.0,2.0,2.0,2.0,2.0,2.0,2.0,0.0,1.0,1.0,1.0,1.0,ensemble_grid_blend,4.0,2023,São Paulo Grand Prix,2023-11-05
PIA,McLaren,10.0,7.230929321553226,6.092681666286932,5.525074309818395,6.491371639863057,4,8,4.0,4.0,4,0.0,6.0,6.0,6.0,6.0,6.0,6.0,0.0,0.0,1.0,0.0,1.0,ensemble_grid_blend,14.0,2023,São Paulo Grand Prix,2023-11-05
HAM,Mercedes,5.0,6.821838691710919,5.998251730703936,6.77324840491777,6.523865197999846,5,4,5.0,5.0,5,0.0,4.0,4.0,4.0,4.0,4.0,4.0,0.0,0.0,1.0,1.0,1.0,ensemble_grid_blend,8.0,2023,São Paulo Grand Prix,2023-11-05
SAI,Ferrari,7.0,7.42670382256585,7.085932803307802,5.9577195955133195,7.0136371204150265,6,6,6.0,6.0,6,0.0,5.0,5.0,5.0,5.0,5.0,5.0,0.0,0.0,1.0,1.0,1.0,ensemble_grid_blend,6.0,2023,São Paulo Grand Prix,2023-11-05
GAS,Alpine,15.0,9.872753669555088,9.783157495199777,9.2437337256836,9.715591019756433,7,11,7.0,7.0,7,0.0,10.0,10.0,10.0,10.0,10.0,10.0,0.0,0.0,1.0,0.0,1.0,ensemble_grid_blend,7.0,2023,São Paulo Grand Prix,2023-11-05
OCO,Alpine,14.0,10.107422607304908,10.166875910639074,8.888758812346989,9.884498504480282,8,10,8.0,8.0,8,0.0,9.0,9.0,9.0,9.0,9.0,9.0,0.0,0.0,1.0,1.0,1.0,ensemble_grid_blend,10.0,2023,São Paulo Grand Prix,2023-11-05
ALO,Aston Martin,4.0,12.003566795621191,9.515344623887666,8.80391878992707,10.492759434375634,9,3,9.0,9.0,9,0.0,7.0,7.0,7.0,7.0,7.0,7.0,0.0,0.0,1.0,0.0,1.0,ensemble_grid_blend,3.0,2023,São Paulo Grand Prix,2023-11-05
RIC,AlphaTauri,17.0,10.514461637342224,11.531991414141409,12.185137903893807,11.204732312532254,10,13,10.0,10.0,10,0.0,8.0,8.0,8.0,8.0,8.0,8.0,0.0,0.0,1.0,0.0,1.0,ensemble_grid_blend,13.0,2023,São Paulo Grand Prix,2023-11-05
TSU,AlphaTauri,16.0,11.336421517826114,11.663738442113436,12.01767043059592,11.587232223880637,11,12,11.0,11.0,11,0.0,11.0,11.0,11.0,11.0,11.0,11.0,0.0,0.0,0.0,1.0,1.0,ensemble_grid_blend,9.0,2023,São Paulo Grand Prix,2023-11-05
STR,Aston Martin,3.0,13.612486298494414,10.825843573222441,10.947236863861521,12.104111457722645,12,2,12.0,12.0,12,0.0,12.0,12.0,12.0,12.0,12.0,12.0,0.0,0.0,0.0,1.0,1.0,ensemble_grid_blend,5.0,2023,São Paulo Grand Prix,2023-11-05
SAR,Williams,19.0,11.562738406378044,13.394052047952057,12.9362543015507,12.47840135996348,13,14,13.0,13.0,13,0.0,14.0,14.0,14.0,14.0,14.0,14.0,0.0,0.0,0.0,1.0,1.0,ensemble_grid_blend,11.0,2023,São Paulo Grand Prix,2023-11-05
HUL,Haas F1 Team,11.0,12.747813458444488,12.863809168772404,13.158166748899802,12.87048261515032,14,9,14.0,14.0,14,0.0,13.0,13.0,13.0,13.0,13.0,13.0,0.0,0.0,0.0,1.0,1.0,ensemble_grid_blend,12.0,2023,São Paulo Grand Prix,2023-11-05
VER,Red Bull Racing,2.0,1.6590807734471016,1.7086501824199192,1.8053198125888414,1.7056778744159358,1,2,1.0,1.0,1,0.0,1.0,1.0,1.0,1.0,1.0,1.0,1.0,1.0,1.0,1.0,1.0,ensemble_grid_blend,1.0,2023,Las Vegas Grand Prix,2023-11-18
PER,Red Bull Racing,11.0,5.9956456984434165,5.238773787078932,4.31803863252669,5.395219116282501,2,11,2.0,2.0,2,0.0,2.0,2.0,2.0,2.0,2.0,2.0,0.0,1.0,1.0,1.0,1.0,ensemble_grid_blend,3.0,2023,Las Vegas Grand Prix,2023-11-18
LEC,Ferrari,1.0,6.635987496586431,5.389535700410701,7.409955732834001,6.35452301517444,3,1,3.0,3.0,3,0.0,3.0,3.0,3.0,3.0,3.0,3.0,0.0,1.0,1.0,1.0,1.0,ensemble_grid_blend,2.0,2023,Las Vegas Grand Prix,2023-11-18
PIA,McLaren,18.0,6.153456209322395,6.186312868504042,7.286774126255754,6.391619623422643,4,17,4.0,4.0,4,0.0,4.0,4.0,4.0,4.0,4.0,4.0,0.0,0.0,1.0,1.0,1.0,ensemble_grid_blend,10.0,2023,Las Vegas Grand Prix,2023-11-18
SAI,Ferrari,12.0,7.363478351112024,7.324458083583085,6.057989922135862,7.088723571681664,5,12,5.0,5.0,5,0.0,5.0,5.0,5.0,5.0,5.0,5.0,0.0,0.0,1.0,1.0,1.0,ensemble_grid_blend,6.0,2023,Las Vegas Grand Prix,2023-11-18
RUS,Mercedes,3.0,7.424427138716086,7.188143089259382,7.138562643181122,7.284554822299247,6,3,6.0,6.0,6,0.0,7.0,7.0,7.0,7.0,7.0,7.0,0.0,0.0,1.0,1.0,1.0,ensemble_grid_blend,8.0,2023,Las Vegas Grand Prix,2023-11-18
HAM,Mercedes,10.0,8.25249043953915,6.991299646810021,7.508112322656182,7.662198038707362,7,10,7.0,7.0,7,0.0,8.0,8.0,8.0,8.0,8.0,8.0,0.0,0.0,1.0,1.0,1.0,ensemble_grid_blend,7.0,2023,Las Vegas Grand Prix,2023-11-18
ALO,Aston Martin,9.0,7.950835520573008,7.772339972527473,7.1081272222495695,7.719820419092383,8,9,8.0,8.0,8,0.0,6.0,6.0,6.0,6.0,6.0,6.0,0.0,0.0,1.0,0.0,1.0,ensemble_grid_blend,9.0,2023,Las Vegas Grand Prix,2023-11-18
STR,Aston Martin,19.0,8.553286561807253,8.467286308711927,9.599905317383886,8.732510224339215,9,18,9.0,9.0,9,0.0,9.0,9.0,9.0,9.0,9.0,9.0,0.0,0.0,1.0,1.0,1.0,ensemble_grid_blend,5.0,2023,Las Vegas Grand Prix,2023-11-18
GAS,Alpine,4.0,8.581158099086245,9.510168938904231,8.706868232980082,8.931453919801308,10,4,10.0,10.0,10,0.0,12.0,12.0,12.0,12.0,12.0,12.0,0.0,0.0,0.0,0.0,1.0,ensemble_grid_blend,11.0,2023,Las Vegas Grand Prix,2023-11-18
OCO,Alpine,16.0,8.892217038054504,9.556878641482353,8.81427763339035,9.10926071832142,11,15,11.0,11.0,11,0.0,11.0,11.0,11.0,11.0,11.0,11.0,0.0,0.0,0.0,1.0,1.0,ensemble_grid_blend,4.0,2023,Las Vegas Grand Prix,2023-11-18
TSU,AlphaTauri,20.0,10.546922830062769,11.655100749534403,10.881067884996082,11.001614112864504,12,19,12.0,12.0,12,0.0,15.0,15.0,15.0,15.0,15.0,15.0,0.0,0.0,0.0,0.0,1.0,ensemble_grid_blend,18.0,2023,Las Vegas Grand Prix,2023-11-18
ALB,Williams,5.0,12.923400195099376,11.301333087646931,10.287628958249517,11.828522460121048,13,5,13.0,13.0,13,0.0,17.0,17.0,17.0,17.0,17.0,17.0,0.0,0.0,0.0,0.0,1.0,ensemble_grid_blend,12.0,2023,Las Vegas Grand Prix,2023-11-18
ZHO,Alfa Romeo,17.0,11.677745730129688,12.763037223655266,11.908689141164324,12.103786435070568,14,16,14.0,14.0,14,0.0,13.0,13.0,13.0,13.0,13.0,13.0,0.0,0.0,0.0,1.0,1.0,ensemble_grid_blend,15.0,2023,Las Vegas Grand Prix,2023-11-18
BOT,Alfa Romeo,7.0,11.764482037300775,12.890101287601299,11.689990366336108,12.143550440713025,15,7,15.0,15.0,15,0.0,10.0,10.0,10.0,10.0,10.0,10.0,0.0,0.0,1.0,0.0,1.0,ensemble_grid_blend,17.0,2023,Las Vegas Grand Prix,2023-11-18
RIC,AlphaTauri,14.0,12.73019255088529,12.74374085481568,11.286227813742922,12.446141509832453,16,14,16.0,16.0,16,0.0,16.0,16.0,16.0,16.0,16.0,16.0,0.0,0.0,0.0,1.0,1.0,ensemble_grid_blend,14.0,2023,Las Vegas Grand Prix,2023-11-18
HUL,Haas F1 Team,13.0,12.175081570032756,13.146613996125991,12.434453112522261,12.56699222766329,17,13,17.0,17.0,17,0.0,18.0,18.0,18.0,18.0,18.0,18.0,0.0,0.0,0.0,1.0,1.0,ensemble_grid_blend,19.0,2023,Las Vegas Grand Prix,2023-11-18
MAG,Haas F1 Team,8.0,12.672275676965308,12.869768284261315,13.282188148828999,12.86338058389165,18,8,18.0,18.0,18,0.0,14.0,14.0,14.0,14.0,14.0,14.0,0.0,0.0,0.0,0.0,1.0,ensemble_grid_blend,13.0,2023,Las Vegas Grand Prix,2023-11-18
SAR,Williams,6.0,13.31543716308109,13.70564794761912,12.36023764312947,13.260971033679077,19,6,19.0,19.0,19,0.0,19.0,19.0,19.0,19.0,19.0,19.0,0.0,0.0,0.0,1.0,1.0,ensemble_grid_blend,16.0,2023,Las Vegas Grand Prix,2023-11-18
VER,Red Bull Racing,1.0,1.635934283420525,1.6834554319949067,1.8134985269084662,1.6880795341191468,1,1,1.0,1.0,1,0.0,1.0,1.0,1.0,1.0,1.0,1.0,1.0,1.0,1.0,1.0,1.0,ensemble_grid_blend,1.0,2023,Abu Dhabi Grand Prix,2023-11-26
PER,Red Bull Racing,9.0,4.950689421577367,4.472158292988398,3.798638315576775,4.55279330537111,2,9,2.0,2.0,2,0.0,2.0,2.0,2.0,2.0,2.0,2.0,0.0,1.0,1.0,1.0,1.0,ensemble_grid_blend,4.0,2023,Abu Dhabi Grand Prix,2023-11-26
NOR,McLaren,5.0,5.830856715814266,5.154871746309246,6.642710568923759,5.756632747109408,3,5,3.0,3.0,3,0.0,3.0,3.0,3.0,3.0,3.0,3.0,0.0,1.0,1.0,1.0,1.0,ensemble_grid_blend,5.0,2023,Abu Dhabi Grand Prix,2023-11-26
RUS,Mercedes,4.0,5.48606597204523,6.231327450327447,6.956312029221836,6.0409567008793275,4,4,4.0,4.0,4,0.0,7.0,7.0,7.0,7.0,7.0,7.0,0.0,0.0,1.0,0.0,1.0,ensemble_grid_blend,3.0,2023,Abu Dhabi Grand Prix,2023-11-26
HAM,Mercedes,11.0,6.068451568794382,6.201330509768012,6.231629612530808,6.147594806882438,5,11,5.0,5.0,5,0.0,4.0,4.0,4.0,4.0,4.0,4.0,0.0,0.0,1.0,1.0,1.0,ensemble_grid_blend,9.0,2023,Abu Dhabi Grand Prix,2023-11-26
LEC,Ferrari,2.0,6.709857639623729,5.540480598091282,6.065505344296119,6.17170521602185,6,2,6.0,6.0,6,0.0,6.0,6.0,6.0,6.0,6.0,6.0,0.0,0.0,1.0,1.0,1.0,ensemble_grid_blend,2.0,2023,Abu Dhabi Grand Prix,2023-11-26
SAI,Ferrari,16.0,6.204205069699408,6.604641639062687,5.355211704343704,6.174559195905414,7,16,7.0,7.0,7,0.0,5.0,5.0,5.0,5.0,5.0,5.0,0.0,0.0,1.0,0.0,1.0,ensemble_grid_blend,18.0,2023,Abu Dhabi Grand Prix,2023-11-26
ALO,Aston Martin,7.0,7.5827522535855385,7.39317944180787,7.35772805964297,7.471396930674841,8,7,8.0,8.0,8,0.0,8.0,8.0,8.0,8.0,8.0,8.0,0.0,0.0,1.0,1.0,1.0,ensemble_grid_blend,7.0,2023,Abu Dhabi Grand Prix,2023-11-26
STR,Aston Martin,13.0,8.360805293576341,8.015467917002265,9.374343823682047,8.442644917796557,9,13,9.0,9.0,9,0.0,10.0,10.0,10.0,10.0,10.0,10.0,0.0,0.0,1.0,1.0,1.0,ensemble_grid_blend,10.0,2023,Abu Dhabi Grand Prix,2023-11-26
GAS,Alpine,10.0,8.896700510533401,9.17857131735674,9.326455499259714,9.081306290666832,10,10,10.0,10.0,10,0.0,9.0,9.0,9.0,9.0,9.0,9.0,0.0,0.0,1.0,1.0,1.0,ensemble_grid_blend,13.0,2023,Abu Dhabi Grand Prix,2023-11-26
PIA,McLaren,3.0,9.565228632982757,8.91626727969743,8.900647758963983,9.205175984529138,11,3,11.0,11.0,11,0.0,12.0,12.0,12.0,12.0,12.0,12.0,0.0,0.0,0.0,1.0,1.0,ensemble_grid_blend,6.0,2023,Abu Dhabi Grand Prix,2023-11-26
OCO,Alpine,12.0,9.58940915211897,10.054135905331346,8.761280618225072,9.586437808964522,12,12,12.0,12.0,12,0.0,11.0,11.0,11.0,11.0,11.0,11.0,0.0,0.0,0.0,1.0,1.0,ensemble_grid_blend,12.0,2023,Abu Dhabi Grand Prix,2023-11-26
ALB,Williams,14.0,11.150320865284861,10.58383233256459,10.974757959409798,10.916937297657753,13,14,13.0,13.0,13,0.0,13.0,13.0,13.0,13.0,13.0,13.0,0.0,0.0,0.0,1.0,1.0,ensemble_grid_blend,14.0,2023,Abu Dhabi Grand Prix,2023-11-26
TSU,AlphaTauri,6.0,10.703844777988898,11.498620555914675,12.375065327638524,11.316260410192847,14,6,14.0,14.0,14,0.0,14.0,14.0,14.0,14.0,14.0,14.0,0.0,0.0,0.0,1.0,1.0,ensemble_grid_blend,8.0,2023,Abu Dhabi Grand Prix,2023-11-26
RIC,AlphaTauri,15.0,11.756505590074125,12.164207198030727,11.989760792742045,11.945852193392522,15,15,15.0,15.0,15,0.0,15.0,15.0,15.0,15.0,15.0,15.0,0.0,0.0,0.0,1.0,1.0,ensemble_grid_blend,11.0,2023,Abu Dhabi Grand Prix,2023-11-26
MAG,Haas F1 Team,17.0,13.07725701817581,12.64909952547454,13.644196090032345,13.040789710101672,16,17,16.0,16.0,16,0.0,18.0,18.0,18.0,18.0,18.0,18.0,0.0,0.0,0.0,0.0,1.0,ensemble_grid_blend,20.0,2023,Abu Dhabi Grand Prix,2023-11-26
HUL,Haas F1 Team,8.0,13.216984725690745,12.699564865689876,13.633642163089192,13.119219262170128,17,8,17.0,17.0,17,0.0,17.0,17.0,17.0,17.0,17.0,17.0,0.0,0.0,0.0,1.0,1.0,ensemble_grid_blend,15.0,2023,Abu Dhabi Grand Prix,2023-11-26
SAR,Williams,20.0,12.847594854413606,13.500657030469542,13.470104398385345,13.200668524827531,18,20,18.0,18.0,18,0.0,16.0,16.0,16.0,16.0,16.0,16.0,0.0,0.0,0.0,0.0,1.0,ensemble_grid_blend,16.0,2023,Abu Dhabi Grand Prix,2023-11-26
BOT,Alfa Romeo,18.0,13.698740784395781,12.838692779442779,13.46343942958992,13.350663711701058,19,18,19.0,19.0,19,0.0,19.0,19.0,19.0,19.0,19.0,19.0,0.0,0.0,0.0,1.0,1.0,ensemble_grid_blend,19.0,2023,Abu Dhabi Grand Prix,2023-11-26
ZHO,Alfa Romeo,19.0,13.711204896602228,13.089887917637917,13.424363776747127,13.4363757299937,20,19,20.0,20.0,20,0.0,20.0,20.0,20.0,20.0,20.0,20.0,0.0,0.0,0.0,1.0,1.0,ensemble_grid_blend,17.0,2023,Abu Dhabi Grand Prix,2023-11-26
VER,Red Bull Racing,1.0,1.4982634131773451,1.4144731211770676,2.060355554870698,1.5813552393159187,1,1,1.0,1.0,1,0.0,1.0,1.0,1.0,1.0,1.0,1.0,1.0,1.0,1.0,1.0,1.0,ensemble_grid_blend,1.0,2024,Bahrain Grand Prix,2024-03-02
LEC,Ferrari,2.0,2.707241069412483,4.891642766955261,5.834873196497176,4.097308088969394,2,2,2.0,2.0,2,0.0,2.0,2.0,2.0,2.0,2.0,2.0,0.0,1.0,1.0,1.0,1.0,ensemble_grid_blend,4.0,2024,Bahrain Grand Prix,2024-03-02
PER,Red Bull Racing,5.0,4.858289966510826,4.531617827713222,4.040723396641697,4.580441403957839,3,5,3.0,3.0,3,0.0,3.0,3.0,3.0,3.0,3.0,3.0,0.0,1.0,1.0,1.0,1.0,ensemble_grid_blend,2.0,2024,Bahrain Grand Prix,2024-03-02
NOR,McLaren,7.0,5.367127168749554,4.953830294705296,6.6694427492790815,5.48293637893997,4,7,4.0,4.0,4,0.0,4.0,4.0,4.0,4.0,4.0,4.0,0.0,0.0,1.0,1.0,1.0,ensemble_grid_blend,6.0,2024,Bahrain Grand Prix,2024-03-02
ALO,Aston Martin,6.0,5.487138691602643,5.760219294594294,6.3853704102840645,5.762363246386005,5,6,5.0,5.0,5,0.0,5.0,5.0,5.0,5.0,5.0,5.0,0.0,0.0,1.0,1.0,1.0,ensemble_grid_blend,9.0,2024,Bahrain Grand Prix,2024-03-02
HAM,Mercedes,9.0,6.228418640756393,6.170677341041313,7.0660383758372,6.375733132872277,6,9,6.0,6.0,6,0.0,6.0,6.0,6.0,6.0,6.0,6.0,0.0,0.0,1.0,1.0,1.0,ensemble_grid_blend,7.0,2024,Bahrain Grand Prix,2024-03-02
RUS,Mercedes,3.0,6.045263504600046,6.749955558330558,7.072580566842525,6.497369135854221,7,3,7.0,7.0,7,0.0,7.0,7.0,7.0,7.0,7.0,7.0,0.0,0.0,1.0,1.0,1.0,ensemble_grid_blend,5.0,2024,Bahrain Grand Prix,2024-03-02
SAI,Ferrari,4.0,7.06316770937866,6.366510470523627,7.5262939384192915,6.9119629215875245,8,4,8.0,8.0,8,0.0,10.0,10.0,10.0,10.0,10.0,10.0,0.0,0.0,1.0,0.0,1.0,ensemble_grid_blend,3.0,2024,Bahrain Grand Prix,2024-03-02
STR,Aston Martin,12.0,5.966025252887071,8.512678335553343,7.902393579886605,7.244627497220174,9,12,9.0,9.0,9,0.0,8.0,8.0,8.0,8.0,8.0,8.0,0.0,0.0,1.0,1.0,1.0,ensemble_grid_blend,10.0,2024,Bahrain Grand Prix,2024-03-02
PIA,McLaren,8.0,8.686432159106168,7.814367216624102,8.583101921268527,8.360543381669917,10,8,10.0,10.0,10,0.0,11.0,11.0,11.0,11.0,11.0,11.0,0.0,0.0,0.0,1.0,1.0,ensemble_grid_blend,8.0,2024,Bahrain Grand Prix,2024-03-02
RIC,Racing Bulls,14.0,9.614076132551997,10.011330789442704,10.046702220201995,9.839640479993744,11,14,11.0,11.0,11,0.0,9.0,9.0,9.0,9.0,9.0,9.0,0.0,0.0,1.0,0.0,1.0,ensemble_grid_blend,13.0,2024,Bahrain Grand Prix,2024-03-02
TSU,Racing Bulls,11.0,10.233211965918542,10.361951745499033,9.863593545130701,10.204347204614145,12,11,12.0,12.0,12,0.0,16.0,16.0,16.0,16.0,16.0,16.0,0.0,0.0,0.0,0.0,1.0,ensemble_grid_blend,14.0,2024,Bahrain Grand Prix,2024-03-02
OCO,Alpine,19.0,10.926920553693751,10.204156772392833,9.326217888699233,10.353812697239526,13,19,13.0,13.0,13,0.0,12.0,12.0,12.0,12.0,12.0,12.0,0.0,0.0,0.0,1.0,1.0,ensemble_grid_blend,17.0,2024,Bahrain Grand Prix,2024-03-02
ZHO,Audi,17.0,10.265233368929303,10.390028812072812,10.938199397293403,10.443504979702352,14,17,14.0,14.0,14,0.0,13.0,13.0,13.0,13.0,13.0,13.0,0.0,0.0,0.0,1.0,1.0,ensemble_grid_blend,11.0,2024,Bahrain Grand Prix,2024-03-02
BOT,Audi,16.0,10.387318045037507,10.458708826502827,11.224042647010206,10.579649738944909,15,16,15.0,15.0,15,0.0,14.0,14.0,14.0,14.0,14.0,14.0,0.0,0.0,0.0,1.0,1.0,ensemble_grid_blend,19.0,2024,Bahrain Grand Prix,2024-03-02
GAS,Alpine,20.0,11.63666587765461,10.7270571561452,9.875850178304086,10.966139685256211,16,20,16.0,16.0,16,0.0,15.0,15.0,15.0,15.0,15.0,15.0,0.0,0.0,0.0,1.0,1.0,ensemble_grid_blend,18.0,2024,Bahrain Grand Prix,2024-03-02
ALB,Williams,13.0,12.447682446732166,11.11529096434611,11.817367273846521,11.855282393319918,17,13,17.0,17.0,17,0.0,17.0,17.0,17.0,17.0,17.0,17.0,0.0,0.0,0.0,1.0,1.0,ensemble_grid_blend,15.0,2024,Bahrain Grand Prix,2024-03-02
SAR,Williams,18.0,13.49740596975682,14.604530478508421,13.95161179843801,13.97574071355612,18,18,18.0,18.0,18,0.0,20.0,20.0,20.0,20.0,20.0,20.0,0.0,0.0,0.0,0.0,1.0,ensemble_grid_blend,20.0,2024,Bahrain Grand Prix,2024-03-02
HUL,Haas F1 Team,10.0,14.920647118102847,14.265768736981965,14.488689772648884,14.605048215619746,19,10,19.0,19.0,19,0.0,18.0,18.0,18.0,18.0,18.0,18.0,0.0,0.0,0.0,1.0,1.0,ensemble_grid_blend,16.0,2024,Bahrain Grand Prix,2024-03-02
MAG,Haas F1 Team,15.0,15.057787240211336,14.76540621755695,14.88109965365893,14.920116364971822,20,15,20.0,20.0,20,0.0,19.0,19.0,19.0,19.0,19.0,19.0,0.0,0.0,0.0,1.0,1.0,ensemble_grid_blend,12.0,2024,Bahrain Grand Prix,2024-03-02
VER,Red Bull Racing,1.0,1.5569760047200976,1.55558378329542,1.921511989198133,1.6293959241170675,1,1,1.0,1.0,1,0.0,1.0,1.0,1.0,1.0,1.0,1.0,1.0,1.0,1.0,1.0,1.0,ensemble_grid_blend,1.0,2024,Saudi Arabian Grand Prix,2024-03-09
PER,Red Bull Racing,3.0,4.7129793311970944,4.235480769144853,3.788690683493334,4.360997104938058,2,3,2.0,2.0,2,0.0,2.0,2.0,2.0,2.0,2.0,2.0,0.0,1.0,1.0,1.0,1.0,ensemble_grid_blend,2.0,2024,Saudi Arabian Grand Prix,2024-03-09
LEC,Ferrari,2.0,4.718860305277921,4.974281042401012,5.360218377731917,4.936529177761802,3,2,3.0,3.0,3,0.0,5.0,5.0,5.0,5.0,5.0,5.0,0.0,0.0,1.0,0.0,1.0,ensemble_grid_blend,3.0,2024,Saudi Arabian Grand Prix,2024-03-09
BEA,Ferrari,11.0,6.048741181292735,5.086036491286493,7.565310920743576,6.015108487680719,4,10,4.0,4.0,4,0.0,4.0,4.0,4.0,4.0,4.0,4.0,0.0,0.0,1.0,1.0,1.0,ensemble_grid_blend,7.0,2024,Saudi Arabian Grand Prix,2024-03-09
HAM,Mercedes,8.0,6.087620632085593,6.166485445110445,6.878325934663236,6.273364377159821,5,8,5.0,5.0,5,0.0,7.0,7.0,7.0,7.0,7.0,7.0,0.0,0.0,1.0,0.0,1.0,ensemble_grid_blend,9.0,2024,Saudi Arabian Grand Prix,2024-03-09
NOR,McLaren,6.0,7.37179750812693,5.90292969822575,6.49110379643129,6.681555032322388,6,6,6.0,6.0,6,0.0,3.0,3.0,3.0,3.0,3.0,3.0,0.0,1.0,1.0,0.0,1.0,ensemble_grid_blend,8.0,2024,Saudi Arabian Grand Prix,2024-03-09
RUS,Mercedes,7.0,7.182835812943414,6.927730644355645,6.664577739025216,6.989897389154055,7,7,7.0,7.0,7,0.0,9.0,9.0,9.0,9.0,9.0,9.0,0.0,0.0,1.0,0.0,1.0,ensemble_grid_blend,6.0,2024,Saudi Arabian Grand Prix,2024-03-09
PIA,McLaren,5.0,6.830499914474627,7.104438270063278,8.103105584665121,7.180899472968753,8,5,8.0,8.0,8,0.0,6.0,6.0,6.0,6.0,6.0,6.0,0.0,0.0,1.0,0.0,1.0,ensemble_grid_blend,4.0,2024,Saudi Arabian Grand Prix,2024-03-09
ALO,Aston Martin,4.0,8.065134776446214,7.525239806168398,7.738752795120254,7.810895140583787,9,4,9.0,9.0,9,0.0,8.0,8.0,8.0,8.0,8.0,8.0,0.0,0.0,1.0,1.0,1.0,ensemble_grid_blend,5.0,2024,Saudi Arabian Grand Prix,2024-03-09
OCO,Alpine,17.0,11.583540786762867,9.982875031401345,11.294769833688687,10.965553581771498,10,16,10.0,10.0,10,0.0,12.0,12.0,12.0,12.0,12.0,12.0,0.0,0.0,0.0,0.0,1.0,ensemble_grid_blend,13.0,2024,Saudi Arabian Grand Prix,2024-03-09
TSU,Racing Bulls,9.0,12.488951855720849,11.801136397056682,12.322552332540404,12.214936540552301,11,9,11.0,11.0,11,0.0,11.0,11.0,11.0,11.0,11.0,11.0,0.0,0.0,0.0,1.0,1.0,ensemble_grid_blend,15.0,2024,Saudi Arabian Grand Prix,2024-03-09
RIC,Racing Bulls,14.0,12.967348535434702,12.002589840714842,12.112280454056183,12.458669376007046,12,13,12.0,12.0,12,0.0,10.0,10.0,10.0,10.0,10.0,10.0,0.0,0.0,1.0,0.0,1.0,ensemble_grid_blend,16.0,2024,Saudi Arabian Grand Prix,2024-03-09
ALB,Williams,12.0,14.525222268929353,12.683969586377684,13.29442037323663,13.634623450897724,13,11,13.0,13.0,13,0.0,17.0,17.0,17.0,17.0,17.0,17.0,0.0,0.0,0.0,0.0,1.0,ensemble_grid_blend,11.0,2024,Saudi Arabian Grand Prix,2024-03-09
ZHO,Audi,20.0,14.560225114309862,13.47492336829837,13.41923611574161,13.95217170349219,14,18,14.0,14.0,14,0.0,14.0,14.0,14.0,14.0,14.0,14.0,0.0,0.0,0.0,1.0,1.0,ensemble_grid_blend,18.0,2024,Saudi Arabian Grand Prix,2024-03-09
MAG,Haas F1 Team,13.0,14.252736386474265,14.112509712509702,14.96785628340944,14.346681029973704,15,12,15.0,15.0,15,0.0,15.0,15.0,15.0,15.0,15.0,15.0,0.0,0.0,0.0,1.0,1.0,ensemble_grid_blend,12.0,2024,Saudi Arabian Grand Prix,2024-03-09
HUL,Haas F1 Team,15.0,14.464422664498175,14.036651230713721,15.17005874779311,14.455829879332603,16,14,16.0,16.0,16,0.0,16.0,16.0,16.0,16.0,16.0,16.0,0.0,0.0,0.0,1.0,1.0,ensemble_grid_blend,10.0,2024,Saudi Arabian Grand Prix,2024-03-09
BOT,Audi,16.0,14.95643791434373,13.917711760461765,14.562803988279134,14.514156975272124,17,15,17.0,17.0,17,0.0,13.0,13.0,13.0,13.0,13.0,13.0,0.0,0.0,0.0,0.0,1.0,ensemble_grid_blend,17.0,2024,Saudi Arabian Grand Prix,2024-03-09
SAR,Williams,19.0,15.50566895737075,16.39148579104073,15.733469377683356,15.861264933217763,18,17,18.0,18.0,18,0.0,18.0,18.0,18.0,18.0,18.0,18.0,0.0,0.0,0.0,1.0,1.0,ensemble_grid_blend,14.0,2024,Saudi Arabian Grand Prix,2024-03-09
PER,Red Bull Racing,6.0,4.3825441367930935,4.095298402019379,3.5553092587252575,4.116561154008727,1,5,1.0,1.0,1,0.0,1.0,1.0,1.0,1.0,1.0,1.0,1.0,1.0,1.0,1.0,1.0,ensemble_grid_blend,5.0,2024,Australian Grand Prix,2024-03-24
LEC,Ferrari,4.0,4.504799391218579,4.467368825618825,5.479566003382658,4.686652015691481,2,3,2.0,2.0,2,0.0,2.0,2.0,2.0,2.0,2.0,2.0,0.0,1.0,1.0,1.0,1.0,ensemble_grid_blend,2.0,2024,Australian Grand Prix,2024-03-24
NOR,McLaren,3.0,6.234268657155169,5.7514485755472595,6.451186367320026,6.108665170625373,3,2,3.0,3.0,3,0.0,4.0,4.0,4.0,4.0,4.0,4.0,0.0,0.0,1.0,1.0,1.0,ensemble_grid_blend,3.0,2024,Australian Grand Prix,2024-03-24
SAI,Ferrari,2.0,6.34648434289203,5.408228785103786,7.192616128142278,6.187321254716194,4,1,4.0,4.0,4,0.0,5.0,5.0,5.0,5.0,5.0,5.0,0.0,0.0,1.0,1.0,1.0,ensemble_grid_blend,1.0,2024,Australian Grand Prix,2024-03-24
ALO,Aston Martin,10.0,6.560192566234813,6.383330169830171,7.115919425247689,6.609436099295763,5,9,5.0,5.0,5,0.0,3.0,3.0,3.0,3.0,3.0,3.0,0.0,1.0,1.0,0.0,1.0,ensemble_grid_blend,8.0,2024,Australian Grand Prix,2024-03-24
PIA,McLaren,5.0,6.633617161995699,7.054571494295183,7.017406732644735,6.8577090924303254,6,4,6.0,6.0,6,0.0,6.0,6.0,6.0,6.0,6.0,6.0,0.0,0.0,1.0,1.0,1.0,ensemble_grid_blend,4.0,2024,Australian Grand Prix,2024-03-24
RUS,Mercedes,7.0,8.229752979905667,7.4064745174416196,6.497982073491107,7.595251336760338,7,6,7.0,7.0,7,0.0,7.0,7.0,7.0,7.0,7.0,7.0,0.0,0.0,1.0,1.0,1.0,ensemble_grid_blend,17.0,2024,Australian Grand Prix,2024-03-24
STR,Aston Martin,9.0,8.470623084125611,9.747167984792982,8.775970563994683,8.978483295333007,8,8,8.0,8.0,8,0.0,8.0,8.0,8.0,8.0,8.0,8.0,0.0,0.0,1.0,1.0,1.0,ensemble_grid_blend,6.0,2024,Australian Grand Prix,2024-03-24
ZHO,Audi,19.0,12.124767929336635,13.702529817404814,14.62505220784524,13.17704144586222,9,17,9.0,9.0,9,0.0,10.0,10.0,10.0,10.0,10.0,10.0,0.0,0.0,1.0,1.0,1.0,ensemble_grid_blend,15.0,2024,Australian Grand Prix,2024-03-24
ALB,Williams,12.0,13.77517799771448,12.800630915309325,12.99116006666798,13.277282932663375,10,10,10.0,10.0,10,0.0,9.0,9.0,9.0,9.0,9.0,9.0,0.0,0.0,1.0,1.0,1.0,ensemble_grid_blend,11.0,2024,Australian Grand Prix,2024-03-24
OCO,Alpine,15.0,14.744941877861681,12.408120566933066,12.789218531165906,13.535909749697513,11,13,11.0,11.0,11,0.0,15.0,15.0,15.0,15.0,15.0,15.0,0.0,0.0,0.0,0.0,1.0,ensemble_grid_blend,16.0,2024,Australian Grand Prix,2024-03-24
GAS,Alpine,17.0,14.744941877861681,12.597976627539126,12.975615399790438,13.639638744634537,12,15,12.0,12.0,12,0.0,17.0,17.0,17.0,17.0,17.0,17.0,0.0,0.0,0.0,0.0,1.0,ensemble_grid_blend,13.0,2024,Australian Grand Prix,2024-03-24
HUL,Haas F1 Team,16.0,13.877691026971739,13.828672327672331,13.678076892696204,13.820611655361837,13,14,13.0,13.0,13,0.0,13.0,13.0,13.0,13.0,13.0,13.0,0.0,0.0,0.0,1.0,1.0,ensemble_grid_blend,9.0,2024,Australian Grand Prix,2024-03-24
BOT,Audi,13.0,12.99618385770894,14.4451751998002,15.472438472368069,13.998581750372708,14,11,14.0,14.0,14,0.0,11.0,11.0,11.0,11.0,11.0,11.0,0.0,0.0,0.0,0.0,1.0,ensemble_grid_blend,14.0,2024,Australian Grand Prix,2024-03-24
RIC,Racing Bulls,18.0,13.916509790428263,14.666425477300477,13.110659280955954,14.017810178939076,15,16,15.0,15.0,15,0.0,12.0,12.0,12.0,12.0,12.0,12.0,0.0,0.0,0.0,0.0,1.0,ensemble_grid_blend,12.0,2024,Australian Grand Prix,2024-03-24
MAG,Haas F1 Team,14.0,14.055070519703342,14.179618838677664,14.154082137257522,14.118464754855191,16,12,16.0,16.0,16,0.0,14.0,14.0,14.0,14.0,14.0,14.0,0.0,0.0,0.0,0.0,1.0,ensemble_grid_blend,10.0,2024,Australian Grand Prix,2024-03-24
TSU,Racing Bulls,8.0,14.298310237702424,14.647088640526142,12.862117635259622,14.133144158202164,17,7,17.0,17.0,17,0.0,16.0,16.0,16.0,16.0,16.0,16.0,0.0,0.0,0.0,1.0,1.0,ensemble_grid_blend,7.0,2024,Australian Grand Prix,2024-03-24
VER,Red Bull Racing,1.0,1.2316318152151073,1.2352906938188268,2.1443941642867346,1.4154648925407347,1,1,1.0,1.0,1,0.0,1.0,1.0,1.0,1.0,1.0,1.0,1.0,1.0,1.0,1.0,1.0,ensemble_grid_blend,1.0,2024,Japanese Grand Prix,2024-04-07
PER,Red Bull Racing,2.0,4.217818384664569,3.9990094462052586,3.9715320767704476,4.091977994624986,2,2,2.0,2.0,2,0.0,3.0,3.0,3.0,3.0,3.0,3.0,0.0,1.0,1.0,1.0,1.0,ensemble_grid_blend,2.0,2024,Japanese Grand Prix,2024-04-07
LEC,Ferrari,8.0,4.483463612496145,4.238560571373068,4.250919182956464,4.351238662195132,3,8,3.0,3.0,3,0.0,2.0,2.0,2.0,2.0,2.0,2.0,0.0,1.0,1.0,1.0,1.0,ensemble_grid_blend,4.0,2024,Japanese Grand Prix,2024-04-07
SAI,Ferrari,4.0,5.046081935074904,5.095331626706626,5.467250060213822,5.147552952173791,4,4,4.0,4.0,4,0.0,6.0,6.0,6.0,6.0,6.0,6.0,0.0,0.0,1.0,0.0,1.0,ensemble_grid_blend,3.0,2024,Japanese Grand Prix,2024-04-07
NOR,McLaren,3.0,6.066548197061283,5.741679796510681,5.897481132444125,5.919030843945141,5,3,5.0,5.0,5,0.0,4.0,4.0,4.0,4.0,4.0,4.0,0.0,0.0,1.0,1.0,1.0,ensemble_grid_blend,5.0,2024,Japanese Grand Prix,2024-04-07
ALO,Aston Martin,5.0,6.364275196877713,6.4440131396381375,6.997947707230809,6.51891797891448,6,5,6.0,6.0,6,0.0,5.0,5.0,5.0,5.0,5.0,5.0,0.0,0.0,1.0,1.0,1.0,ensemble_grid_blend,6.0,2024,Japanese Grand Prix,2024-04-07
PIA,McLaren,6.0,6.886232673224974,7.700900797731681,6.4777838550888465,7.0896767531750955,7,6,7.0,7.0,7,0.0,8.0,8.0,8.0,8.0,8.0,8.0,0.0,0.0,1.0,1.0,1.0,ensemble_grid_blend,8.0,2024,Japanese Grand Prix,2024-04-07
STR,Aston Martin,16.0,7.681205567282864,9.385236485736488,8.53695957796383,8.448767190877826,8,14,8.0,8.0,8,0.0,7.0,7.0,7.0,7.0,7.0,7.0,0.0,0.0,1.0,1.0,1.0,ensemble_grid_blend,12.0,2024,Japanese Grand Prix,2024-04-07
HAM,Mercedes,7.0,12.479463582000498,11.806964465144418,8.555668583512464,11.459329891403263,9,7,9.0,9.0,9,0.0,9.0,9.0,9.0,9.0,9.0,9.0,0.0,0.0,1.0,1.0,1.0,ensemble_grid_blend,9.0,2024,Japanese Grand Prix,2024-04-07
RUS,Mercedes,9.0,12.401593048718125,11.868719149398782,9.27700134333837,11.590168842880404,10,9,10.0,10.0,10,0.0,10.0,10.0,10.0,10.0,10.0,10.0,0.0,0.0,1.0,1.0,1.0,ensemble_grid_blend,7.0,2024,Japanese Grand Prix,2024-04-07
TSU,Racing Bulls,10.0,12.680768200967412,12.013038904443512,11.687501112010018,12.248409529392568,11,10,11.0,11.0,11,0.0,11.0,11.0,11.0,11.0,11.0,11.0,0.0,0.0,0.0,1.0,1.0,ensemble_grid_blend,10.0,2024,Japanese Grand Prix,2024-04-07
HUL,Haas F1 Team,12.0,13.186119331592836,14.354724802974808,11.992590840382764,13.356425548334512,12,11,12.0,12.0,12,0.0,12.0,12.0,12.0,12.0,12.0,12.0,0.0,0.0,0.0,1.0,1.0,ensemble_grid_blend,11.0,2024,Japanese Grand Prix,2024-04-07
MAG,Haas F1 Team,18.0,13.256277914565729,14.425144272394279,12.153600320372572,13.44484562096709,13,16,13.0,13.0,13,0.0,13.0,13.0,13.0,13.0,13.0,13.0,0.0,0.0,0.0,1.0,1.0,ensemble_grid_blend,13.0,2024,Japanese Grand Prix,2024-04-07
OCO,Alpine,15.0,14.953740030726397,12.832610722610726,13.383446767709033,13.897286120282441,14,13,14.0,14.0,14,0.0,14.0,14.0,14.0,14.0,14.0,14.0,0.0,0.0,0.0,1.0,1.0,ensemble_grid_blend,15.0,2024,Japanese Grand Prix,2024-04-07
GAS,Alpine,17.0,15.009003909567152,12.809533854303597,13.38987953800853,13.915364515913183,15,15,15.0,15.0,15,0.0,15.0,15.0,15.0,15.0,15.0,15.0,0.0,0.0,0.0,1.0,1.0,ensemble_grid_blend,16.0,2024,Japanese Grand Prix,2024-04-07
BOT,Audi,13.0,15.234928470080863,14.58897255114166,14.701421005944308,14.902142405624831,16,12,16.0,16.0,16,0.0,17.0,17.0,17.0,17.0,17.0,17.0,0.0,0.0,0.0,1.0,1.0,ensemble_grid_blend,14.0,2024,Japanese Grand Prix,2024-04-07
SAR,Williams,19.0,14.494143476178115,15.818201404288867,14.735855669329482,15.005906189647153,17,17,17.0,17.0,17,0.0,16.0,16.0,16.0,16.0,16.0,16.0,0.0,0.0,0.0,1.0,1.0,ensemble_grid_blend,17.0,2024,Japanese Grand Prix,2024-04-07
VER,Red Bull Racing,1.0,1.201562507838335,1.204027894642039,2.1072798974296987,1.3835688711379042,1,1,1.0,1.0,1,0.0,1.0,1.0,1.0,1.0,1.0,1.0,1.0,1.0,1.0,1.0,1.0,ensemble_grid_blend,1.0,2024,Chinese Grand Prix,2024-04-21
SAI,Ferrari,7.0,3.0463894608617825,4.19262481268731,4.200607969858515,3.678415535800063,2,7,2.0,2.0,2,0.0,2.0,2.0,2.0,2.0,2.0,2.0,0.0,1.0,1.0,1.0,1.0,ensemble_grid_blend,5.0,2024,Chinese Grand Prix,2024-04-21
PER,Red Bull Racing,2.0,3.9105396022001817,3.7094194407822916,3.895030803050159,3.8370457858739155,3,2,3.0,3.0,3,0.0,4.0,4.0,4.0,4.0,4.0,4.0,0.0,0.0,1.0,1.0,1.0,ensemble_grid_blend,3.0,2024,Chinese Grand Prix,2024-04-21
LEC,Ferrari,6.0,4.313910455747998,4.172542270229768,4.204914206584509,4.24263234098392,4,6,4.0,4.0,4,0.0,3.0,3.0,3.0,3.0,3.0,3.0,0.0,1.0,1.0,1.0,1.0,ensemble_grid_blend,4.0,2024,Chinese Grand Prix,2024-04-21
NOR,McLaren,4.0,6.903311528609947,5.994687985625485,5.720713634368247,6.348773709717046,5,4,5.0,5.0,5,0.0,5.0,5.0,5.0,5.0,5.0,5.0,0.0,0.0,1.0,1.0,1.0,ensemble_grid_blend,2.0,2024,Chinese Grand Prix,2024-04-21
ALO,Aston Martin,3.0,6.285619634839598,6.5611286005661,6.70545403000469,6.466014651876892,6,3,6.0,6.0,6,0.0,7.0,7.0,7.0,7.0,7.0,7.0,0.0,0.0,1.0,1.0,1.0,ensemble_grid_blend,7.0,2024,Chinese Grand Prix,2024-04-21
PIA,McLaren,5.0,6.960497331777367,7.9964622252747235,6.390469161923791,7.209079410530727,7,5,7.0,7.0,7,0.0,6.0,6.0,6.0,6.0,6.0,6.0,0.0,0.0,1.0,1.0,1.0,ensemble_grid_blend,8.0,2024,Chinese Grand Prix,2024-04-21
STR,Aston Martin,11.0,7.899625134617707,9.854505986660401,8.721651610247502,8.748238727958608,8,10,8.0,8.0,8,0.0,8.0,8.0,8.0,8.0,8.0,8.0,0.0,0.0,1.0,1.0,1.0,ensemble_grid_blend,15.0,2024,Chinese Grand Prix,2024-04-21
HAM,Mercedes,18.0,11.882981625039287,10.774581435491937,8.854013653747588,10.889247964439376,9,16,9.0,9.0,9,0.0,9.0,9.0,9.0,9.0,9.0,9.0,0.0,0.0,1.0,1.0,1.0,ensemble_grid_blend,9.0,2024,Chinese Grand Prix,2024-04-21
RUS,Mercedes,8.0,13.103848727265413,11.296650311780807,9.688869771238632,11.788333490640445,10,8,10.0,10.0,10,0.0,10.0,10.0,10.0,10.0,10.0,10.0,0.0,0.0,1.0,1.0,1.0,ensemble_grid_blend,6.0,2024,Chinese Grand Prix,2024-04-21
ALB,Williams,14.0,13.234759293776966,12.27190384207296,12.126374478894743,12.676082922704119,11,12,11.0,11.0,11,0.0,13.0,13.0,13.0,13.0,13.0,13.0,0.0,0.0,0.0,0.0,1.0,ensemble_grid_blend,12.0,2024,Chinese Grand Prix,2024-04-21
HUL,Haas F1 Team,9.0,13.260268830539866,13.307689536445032,11.281878477036631,12.881188006906028,12,9,12.0,12.0,12,0.0,11.0,11.0,11.0,11.0,11.0,11.0,0.0,0.0,0.0,1.0,1.0,ensemble_grid_blend,10.0,2024,Chinese Grand Prix,2024-04-21
MAG,Haas F1 Team,17.0,13.830798942021657,14.334415806415809,11.95457518956255,13.631820094067788,13,15,13.0,13.0,13,0.0,12.0,12.0,12.0,12.0,12.0,12.0,0.0,0.0,0.0,1.0,1.0,ensemble_grid_blend,16.0,2024,Chinese Grand Prix,2024-04-21
OCO,Alpine,13.0,15.051467290842957,14.401838941545218,13.080364046131095,14.429876719646376,14,11,14.0,14.0,14,0.0,15.0,15.0,15.0,15.0,15.0,15.0,0.0,0.0,0.0,1.0,1.0,ensemble_grid_blend,11.0,2024,Chinese Grand Prix,2024-04-21
GAS,Alpine,15.0,14.965624013367117,14.347868148449425,13.506325061754126,14.457549670323326,15,13,15.0,15.0,15,0.0,16.0,16.0,16.0,16.0,16.0,16.0,0.0,0.0,0.0,1.0,1.0,ensemble_grid_blend,13.0,2024,Chinese Grand Prix,2024-04-21
ZHO,Audi,16.0,15.375879971464908,15.01816545567437,14.012592475112195,14.978022391667679,16,14,16.0,16.0,16,0.0,14.0,14.0,14.0,14.0,14.0,14.0,0.0,0.0,0.0,0.0,1.0,ensemble_grid_blend,14.0,2024,Chinese Grand Prix,2024-04-21
SAR,Williams,20.0,15.134876765484405,15.996563136876025,14.82544175558509,15.374579993491608,17,17,17.0,17.0,17,0.0,17.0,17.0,17.0,17.0,17.0,17.0,0.0,0.0,0.0,1.0,1.0,ensemble_grid_blend,17.0,2024,Chinese Grand Prix,2024-04-21
VER,Red Bull Racing,1.0,1.1489322340601749,1.1354702691443408,2.154108089876094,1.3452557175028168,1,1,1.0,1.0,1,0.0,1.0,1.0,1.0,1.0,1.0,1.0,1.0,1.0,1.0,1.0,1.0,ensemble_grid_blend,2.0,2024,Miami Grand Prix,2024-05-05
PER,Red Bull Racing,4.0,3.5474735047355663,3.6701623329481197,4.014822428050184,3.6838843792728833,2,4,2.0,2.0,2,0.0,5.0,5.0,5.0,5.0,5.0,5.0,0.0,0.0,1.0,0.0,1.0,ensemble_grid_blend,4.0,2024,Miami Grand Prix,2024-05-05
NOR,McLaren,5.0,3.7278056873176606,3.822036075036075,5.029501619114045,4.021125509378383,3,5,3.0,3.0,3,0.0,2.0,2.0,2.0,2.0,2.0,2.0,0.0,1.0,1.0,1.0,1.0,ensemble_grid_blend,1.0,2024,Miami Grand Prix,2024-05-05
LEC,Ferrari,2.0,4.104138548213494,4.190056492118993,4.235575686828517,4.160497256303423,4,2,4.0,4.0,4,0.0,3.0,3.0,3.0,3.0,3.0,3.0,0.0,1.0,1.0,1.0,1.0,ensemble_grid_blend,3.0,2024,Miami Grand Prix,2024-05-05
SAI,Ferrari,3.0,4.248049206761488,4.248778263403264,4.325521661667418,4.263798867567296,5,3,5.0,5.0,5,0.0,4.0,4.0,4.0,4.0,4.0,4.0,0.0,0.0,1.0,1.0,1.0,ensemble_grid_blend,5.0,2024,Miami Grand Prix,2024-05-05
PIA,McLaren,6.0,4.972332213640632,6.11493632756133,6.6103222654862535,5.699841663882,6,6,6.0,6.0,6,0.0,6.0,6.0,6.0,6.0,6.0,6.0,0.0,0.0,1.0,1.0,1.0,ensemble_grid_blend,13.0,2024,Miami Grand Prix,2024-05-05
ALO,Aston Martin,15.0,7.938965041774846,6.979914065101562,7.688066386685469,7.553117468921322,7,15,7.0,7.0,7,0.0,7.0,7.0,7.0,7.0,7.0,7.0,0.0,0.0,1.0,1.0,1.0,ensemble_grid_blend,9.0,2024,Miami Grand Prix,2024-05-05
HAM,Mercedes,8.0,10.64844458947924,8.85477481270131,8.98889594007355,9.688750437725826,8,8,8.0,8.0,8,0.0,9.0,9.0,9.0,9.0,9.0,9.0,0.0,0.0,1.0,1.0,1.0,ensemble_grid_blend,6.0,2024,Miami Grand Prix,2024-05-05
STR,Aston Martin,11.0,10.104966067385606,9.892772882591263,10.098843613472352,10.029473961924936,9,11,9.0,9.0,9,0.0,13.0,13.0,13.0,13.0,13.0,13.0,0.0,0.0,0.0,0.0,1.0,ensemble_grid_blend,17.0,2024,Miami Grand Prix,2024-05-05
RUS,Mercedes,7.0,11.455145354868357,9.045498408110639,9.586691980263096,10.238078248582104,10,7,10.0,10.0,10,0.0,8.0,8.0,8.0,8.0,8.0,8.0,0.0,0.0,1.0,0.0,1.0,ensemble_grid_blend,8.0,2024,Miami Grand Prix,2024-05-05
TSU,Racing Bulls,10.0,11.371974464182538,10.960623506352606,10.837627060894082,11.12113214828437,11,10,11.0,11.0,11,0.0,10.0,10.0,10.0,10.0,10.0,10.0,0.0,0.0,1.0,1.0,1.0,ensemble_grid_blend,7.0,2024,Miami Grand Prix,2024-05-05
HUL,Haas F1 Team,9.0,11.741772998411617,12.940966249393878,11.498405965337028,12.11281722964049,12,9,12.0,12.0,12,0.0,11.0,11.0,11.0,11.0,11.0,11.0,0.0,0.0,0.0,1.0,1.0,ensemble_grid_blend,11.0,2024,Miami Grand Prix,2024-05-05
RIC,Racing Bulls,20.0,12.70463536343446,11.618403762903766,11.720091432136817,12.127545516989189,13,19,13.0,13.0,13,0.0,12.0,12.0,12.0,12.0,12.0,12.0,0.0,0.0,0.0,1.0,1.0,ensemble_grid_blend,15.0,2024,Miami Grand Prix,2024-05-05
ALB,Williams,14.0,12.790676400556867,12.044851370851374,12.135715365202854,12.398645433089143,14,14,14.0,14.0,14,0.0,14.0,14.0,14.0,14.0,14.0,14.0,0.0,0.0,0.0,1.0,1.0,ensemble_grid_blend,18.0,2024,Miami Grand Prix,2024-05-05
MAG,Haas F1 Team,18.0,12.145014378847408,13.138925229182576,12.646871989066796,12.593254698508595,15,17,15.0,15.0,15,0.0,19.0,19.0,19.0,19.0,19.0,19.0,0.0,0.0,0.0,0.0,1.0,ensemble_grid_blend,19.0,2024,Miami Grand Prix,2024-05-05
OCO,Alpine,13.0,13.219096585691057,13.068422062951672,12.748058766089695,13.072152938812,16,13,16.0,16.0,16,0.0,15.0,15.0,15.0,15.0,15.0,15.0,0.0,0.0,0.0,1.0,1.0,ensemble_grid_blend,10.0,2024,Miami Grand Prix,2024-05-05
GAS,Alpine,12.0,13.219096585691057,13.083370836400448,12.940880010187865,13.115949258338704,17,12,17.0,17.0,17,0.0,16.0,16.0,16.0,16.0,16.0,16.0,0.0,0.0,0.0,1.0,1.0,ensemble_grid_blend,12.0,2024,Miami Grand Prix,2024-05-05
BOT,Audi,16.0,13.115566826640448,14.201259235991051,13.681516266359658,13.608749057857,18,16,18.0,18.0,18,0.0,17.0,17.0,17.0,17.0,17.0,17.0,0.0,0.0,0.0,1.0,1.0,ensemble_grid_blend,16.0,2024,Miami Grand Prix,2024-05-05
ZHO,Audi,19.0,13.250862553671187,14.333467735824554,13.791554005636858,13.737912657818,19,18,19.0,19.0,19,0.0,18.0,18.0,18.0,18.0,18.0,18.0,0.0,0.0,0.0,1.0,1.0,ensemble_grid_blend,14.0,2024,Miami Grand Prix,2024-05-05
VER,Red Bull Racing,1.0,1.4049464042109623,1.4193645746739778,2.0204341389903444,1.533090310828894,1,1,1.0,1.0,1,0.0,1.0,1.0,1.0,1.0,1.0,1.0,1.0,1.0,1.0,1.0,1.0,ensemble_grid_blend,1.0,2024,Emilia Romagna Grand Prix,2024-05-19
PER,Red Bull Racing,11.0,3.8832172371917744,3.558766465741,3.6910403047765907,3.731224080700967,2,11,2.0,2.0,2,0.0,2.0,2.0,2.0,2.0,2.0,2.0,0.0,1.0,1.0,1.0,1.0,ensemble_grid_blend,8.0,2024,Emilia Romagna Grand Prix,2024-05-19
NOR,McLaren,2.0,3.997072081788368,3.8762647670956505,5.184486553402504,4.192272415968744,3,2,3.0,3.0,3,0.0,4.0,4.0,4.0,4.0,4.0,4.0,0.0,0.0,1.0,1.0,1.0,ensemble_grid_blend,2.0,2024,Emilia Romagna Grand Prix,2024-05-19
LEC,Ferrari,3.0,4.003623403450535,4.713406863969366,4.61420792648522,4.374164519239063,4,3,4.0,4.0,4,0.0,3.0,3.0,3.0,3.0,3.0,3.0,0.0,1.0,1.0,1.0,1.0,ensemble_grid_blend,3.0,2024,Emilia Romagna Grand Prix,2024-05-19
RUS,Mercedes,6.0,5.7346162575763255,6.220793956043958,7.515786590526842,6.261012518630101,5,6,5.0,5.0,5,0.0,6.0,6.0,6.0,6.0,6.0,6.0,0.0,0.0,1.0,1.0,1.0,ensemble_grid_blend,7.0,2024,Emilia Romagna Grand Prix,2024-05-19
HAM,Mercedes,8.0,6.570541014917423,6.62610913188119,7.4405260172948635,6.763986856330229,6,8,6.0,6.0,6,0.0,7.0,7.0,7.0,7.0,7.0,7.0,0.0,0.0,1.0,1.0,1.0,ensemble_grid_blend,6.0,2024,Emilia Romagna Grand Prix,2024-05-19
PIA,McLaren,5.0,6.324544156766048,7.200954337329335,8.027211386883417,6.971821165986672,7,5,7.0,7.0,7,0.0,5.0,5.0,5.0,5.0,5.0,5.0,0.0,0.0,1.0,0.0,1.0,ensemble_grid_blend,4.0,2024,Emilia Romagna Grand Prix,2024-05-19
SAI,Ferrari,4.0,8.678716279368205,8.821372127872126,5.012137161643034,7.995330002799543,8,4,8.0,8.0,8,0.0,9.0,9.0,9.0,9.0,9.0,9.0,0.0,0.0,1.0,1.0,1.0,ensemble_grid_blend,5.0,2024,Emilia Romagna Grand Prix,2024-05-19
ALO,Aston Martin,20.0,9.264566988247715,7.777868090243096,8.5561112233873,8.602531220974015,9,19,9.0,9.0,9,0.0,8.0,8.0,8.0,8.0,8.0,8.0,0.0,0.0,1.0,1.0,1.0,ensemble_grid_blend,19.0,2024,Emilia Romagna Grand Prix,2024-05-19
TSU,Racing Bulls,7.0,9.973151365437808,10.747253931525991,9.516388626434518,10.152734715768014,10,7,10.0,10.0,10,0.0,10.0,10.0,10.0,10.0,10.0,10.0,0.0,0.0,1.0,1.0,1.0,ensemble_grid_blend,10.0,2024,Emilia Romagna Grand Prix,2024-05-19
OCO,Alpine,12.0,12.145027001789094,10.213081897269397,11.73927123761607,11.387695062372595,11,12,11.0,11.0,11,0.0,11.0,11.0,11.0,11.0,11.0,11.0,0.0,0.0,0.0,1.0,1.0,ensemble_grid_blend,14.0,2024,Emilia Romagna Grand Prix,2024-05-19
GAS,Alpine,15.0,12.710317917304728,11.278215132090128,12.394853082636393,12.145988975545952,12,14,12.0,12.0,12,0.0,12.0,12.0,12.0,12.0,12.0,12.0,0.0,0.0,0.0,1.0,1.0,ensemble_grid_blend,16.0,2024,Emilia Romagna Grand Prix,2024-05-19
STR,Aston Martin,13.0,13.389026978808188,10.6509196228608,12.05615250885181,12.164114510235326,13,13,13.0,13.0,13,0.0,14.0,14.0,14.0,14.0,14.0,14.0,0.0,0.0,0.0,1.0,1.0,ensemble_grid_blend,9.0,2024,Emilia Romagna Grand Prix,2024-05-19
HUL,Haas F1 Team,10.0,12.59706568290435,12.948102051135137,12.31080067835076,12.66267541087441,14,10,14.0,14.0,14,0.0,16.0,16.0,16.0,16.0,16.0,16.0,0.0,0.0,0.0,0.0,1.0,ensemble_grid_blend,11.0,2024,Emilia Romagna Grand Prix,2024-05-19
RIC,Racing Bulls,9.0,13.424978614294252,12.95526914943072,11.499690692392484,12.87552271721166,15,9,15.0,15.0,15,0.0,13.0,13.0,13.0,13.0,13.0,13.0,0.0,0.0,0.0,0.0,1.0,ensemble_grid_blend,13.0,2024,Emilia Romagna Grand Prix,2024-05-19
MAG,Haas F1 Team,18.0,14.358988810222518,13.538345763713405,14.317682958479459,14.063502573595716,16,17,16.0,16.0,16,0.0,17.0,17.0,17.0,17.0,17.0,17.0,0.0,0.0,0.0,1.0,1.0,ensemble_grid_blend,12.0,2024,Emilia Romagna Grand Prix,2024-05-19
ZHO,Audi,17.0,14.51533655016926,15.038541708291696,13.567652730463966,14.508921591571054,17,16,17.0,17.0,17,0.0,18.0,18.0,18.0,18.0,18.0,18.0,0.0,0.0,0.0,1.0,1.0,ensemble_grid_blend,15.0,2024,Emilia Romagna Grand Prix,2024-05-19
BOT,Audi,16.0,14.666354229916708,15.058660575535562,13.763571358684041,14.623104876636773,18,15,18.0,18.0,18,0.0,19.0,19.0,19.0,19.0,19.0,19.0,0.0,0.0,0.0,1.0,1.0,ensemble_grid_blend,18.0,2024,Emilia Romagna Grand Prix,2024-05-19
SAR,Williams,19.0,13.412253534016362,16.198411385999616,15.757872222814932,14.856532519970212,19,18,19.0,19.0,19,0.0,15.0,15.0,15.0,15.0,15.0,15.0,0.0,0.0,0.0,0.0,1.0,ensemble_grid_blend,17.0,2024,Emilia Romagna Grand Prix,2024-05-19
VER,Red Bull Racing,6.0,1.3560753409752757,1.1077292870528164,2.354964094560536,1.468931972819467,1,6,1.0,1.0,1,0.0,1.0,1.0,1.0,1.0,1.0,1.0,1.0,1.0,1.0,1.0,1.0,ensemble_grid_blend,6.0,2024,Monaco Grand Prix,2024-05-26
LEC,Ferrari,1.0,5.526404139564599,5.369561591186591,5.077095797919989,5.381647579303375,2,1,2.0,2.0,2,0.0,2.0,2.0,2.0,2.0,2.0,2.0,0.0,1.0,1.0,1.0,1.0,ensemble_grid_blend,1.0,2024,Monaco Grand Prix,2024-05-26
NOR,McLaren,4.0,5.813626011256996,5.241806942240766,5.149957600345919,5.4807556549191006,3,4,3.0,3.0,3,0.0,3.0,3.0,3.0,3.0,3.0,3.0,0.0,1.0,1.0,1.0,1.0,ensemble_grid_blend,4.0,2024,Monaco Grand Prix,2024-05-26
HAM,Mercedes,7.0,5.837521831327791,5.9044652137078595,6.889339962539072,6.071315641403071,4,7,4.0,4.0,4,0.0,5.0,5.0,5.0,5.0,5.0,5.0,0.0,0.0,1.0,1.0,1.0,ensemble_grid_blend,7.0,2024,Monaco Grand Prix,2024-05-26
RUS,Mercedes,5.0,5.959990992126394,6.209336205461204,7.337312706975645,6.322726159763428,5,5,5.0,5.0,5,0.0,4.0,4.0,4.0,4.0,4.0,4.0,0.0,0.0,1.0,1.0,1.0,ensemble_grid_blend,5.0,2024,Monaco Grand Prix,2024-05-26
SAI,Ferrari,3.0,6.595417429028922,7.004797909606737,5.693606633170699,6.558338438059512,6,3,6.0,6.0,6,0.0,6.0,6.0,6.0,6.0,6.0,6.0,0.0,0.0,1.0,1.0,1.0,ensemble_grid_blend,3.0,2024,Monaco Grand Prix,2024-05-26
PIA,McLaren,2.0,7.311865701475219,7.024922762694823,7.65275507171822,7.27961354695068,7,2,7.0,7.0,7,0.0,7.0,7.0,7.0,7.0,7.0,7.0,0.0,0.0,1.0,1.0,1.0,ensemble_grid_blend,2.0,2024,Monaco Grand Prix,2024-05-26
ALO,Aston Martin,14.0,10.28010148086968,9.12493954656455,9.947353015333332,9.809245110755615,8,13,8.0,8.0,8,0.0,8.0,8.0,8.0,8.0,8.0,8.0,0.0,0.0,1.0,1.0,1.0,ensemble_grid_blend,11.0,2024,Monaco Grand Prix,2024-05-26
TSU,Racing Bulls,8.0,10.592140614929615,10.805940291163086,10.301892131267772,10.608920804878963,9,8,9.0,9.0,9,0.0,9.0,9.0,9.0,9.0,9.0,9.0,0.0,0.0,1.0,1.0,1.0,ensemble_grid_blend,8.0,2024,Monaco Grand Prix,2024-05-26
GAS,Alpine,10.0,10.999871328002923,9.9093202954453,11.574282705753081,10.733060742157788,10,10,10.0,10.0,10,0.0,11.0,11.0,11.0,11.0,11.0,11.0,0.0,0.0,0.0,1.0,1.0,ensemble_grid_blend,10.0,2024,Monaco Grand Prix,2024-05-26
STR,Aston Martin,13.0,11.322004174951571,10.468024364524364,11.659840049118518,11.090678416135438,11,12,11.0,11.0,11,0.0,12.0,12.0,12.0,12.0,12.0,12.0,0.0,0.0,0.0,1.0,1.0,ensemble_grid_blend,14.0,2024,Monaco Grand Prix,2024-05-26
RIC,Racing Bulls,12.0,12.027142580321872,11.689767413958588,11.579777762600417,11.819588308550433,12,11,12.0,12.0,12,0.0,10.0,10.0,10.0,10.0,10.0,10.0,0.0,0.0,1.0,0.0,1.0,ensemble_grid_blend,12.0,2024,Monaco Grand Prix,2024-05-26
ALB,Williams,9.0,13.46794573536199,12.711412698412703,13.483985570334578,13.206367139424257,13,9,13.0,13.0,13,0.0,13.0,13.0,13.0,13.0,13.0,13.0,0.0,0.0,0.0,1.0,1.0,ensemble_grid_blend,9.0,2024,Monaco Grand Prix,2024-05-26
ZHO,Audi,18.0,14.883199384951766,14.928147990897994,14.16232497791318,14.754756515625228,14,16,14.0,14.0,14,0.0,15.0,15.0,15.0,15.0,15.0,15.0,0.0,0.0,0.0,1.0,1.0,ensemble_grid_blend,16.0,2024,Monaco Grand Prix,2024-05-26
BOT,Audi,17.0,15.37306429464729,15.61120515595516,14.773794734804202,15.336559684136427,15,15,15.0,15.0,15,0.0,16.0,16.0,16.0,16.0,16.0,16.0,0.0,0.0,0.0,1.0,1.0,ensemble_grid_blend,13.0,2024,Monaco Grand Prix,2024-05-26
SAR,Williams,15.0,15.080280975878527,16.224495320500765,15.802601291594378,15.625220059639481,16,14,16.0,16.0,16,0.0,14.0,14.0,14.0,14.0,14.0,14.0,0.0,0.0,0.0,0.0,1.0,ensemble_grid_blend,15.0,2024,Monaco Grand Prix,2024-05-26
VER,Red Bull Racing,2.0,2.328918865245736,1.4685560303190501,3.512904580020196,2.264589015976288,1,2,1.0,1.0,1,0.0,1.0,1.0,1.0,1.0,1.0,1.0,1.0,1.0,1.0,1.0,1.0,ensemble_grid_blend,1.0,2024,Canadian Grand Prix,2024-06-09
NOR,McLaren,3.0,3.0704906215702072,3.3127771374866963,4.270271983448444,3.3952471745166255,2,3,2.0,2.0,2,0.0,2.0,2.0,2.0,2.0,2.0,2.0,0.0,1.0,1.0,1.0,1.0,ensemble_grid_blend,2.0,2024,Canadian Grand Prix,2024-06-09
HAM,Mercedes,7.0,6.062118348974872,6.70238863913864,6.618621150786659,6.397513510894548,3,7,3.0,3.0,3,0.0,4.0,4.0,4.0,4.0,4.0,4.0,0.0,0.0,1.0,1.0,1.0,ensemble_grid_blend,4.0,2024,Canadian Grand Prix,2024-06-09
PIA,McLaren,4.0,5.71458146224208,7.511976471649265,6.11005019977082,6.422763463040342,4,4,4.0,4.0,4,0.0,5.0,5.0,5.0,5.0,5.0,5.0,0.0,0.0,1.0,1.0,1.0,ensemble_grid_blend,5.0,2024,Canadian Grand Prix,2024-06-09
RUS,Mercedes,1.0,6.415662056750955,6.506214494011321,7.026319725446059,6.569486943531103,5,1,5.0,5.0,5,0.0,3.0,3.0,3.0,3.0,3.0,3.0,0.0,1.0,1.0,0.0,1.0,ensemble_grid_blend,3.0,2024,Canadian Grand Prix,2024-06-09
TSU,Racing Bulls,8.0,10.649303291082909,11.050033680536588,9.945757851989352,10.648849839572986,6,8,6.0,6.0,6,0.0,10.0,10.0,10.0,10.0,10.0,10.0,0.0,0.0,1.0,0.0,1.0,ensemble_grid_blend,14.0,2024,Canadian Grand Prix,2024-06-09
GAS,Alpine,15.0,11.364170020708634,10.99040344104789,11.93376821305603,11.347271356296853,7,11,7.0,7.0,7,0.0,8.0,8.0,8.0,8.0,8.0,8.0,0.0,0.0,1.0,1.0,1.0,ensemble_grid_blend,9.0,2024,Canadian Grand Prix,2024-06-09
OCO,Alpine,18.0,11.95897646545964,11.11077104648167,11.479158191453417,11.566140914016106,8,13,8.0,8.0,8,0.0,6.0,6.0,6.0,6.0,6.0,6.0,0.0,0.0,1.0,0.0,1.0,ensemble_grid_blend,10.0,2024,Canadian Grand Prix,2024-06-09
ALO,Aston Martin,6.0,12.106362891710432,11.207343479233177,11.377260895847938,11.645885698170893,9,6,9.0,9.0,9,0.0,12.0,12.0,12.0,12.0,12.0,12.0,0.0,0.0,0.0,0.0,1.0,ensemble_grid_blend,6.0,2024,Canadian Grand Prix,2024-06-09
STR,Aston Martin,9.0,12.10375512146727,11.262822555712257,12.633577986315823,11.915393296422726,10,9,10.0,10.0,10,0.0,9.0,9.0,9.0,9.0,9.0,9.0,0.0,0.0,1.0,1.0,1.0,ensemble_grid_blend,7.0,2024,Canadian Grand Prix,2024-06-09
RIC,Racing Bulls,5.0,12.242900861512535,12.738292875231927,11.506371670668159,12.268982228145447,11,5,11.0,11.0,11,0.0,14.0,14.0,14.0,14.0,14.0,14.0,0.0,0.0,0.0,0.0,1.0,ensemble_grid_blend,8.0,2024,Canadian Grand Prix,2024-06-09
HUL,Haas F1 Team,17.0,12.201874674186852,12.760045721306557,12.271771023880916,12.411213810617562,12,12,12.0,12.0,12,0.0,7.0,7.0,7.0,7.0,7.0,7.0,0.0,0.0,1.0,0.0,1.0,ensemble_grid_blend,11.0,2024,Canadian Grand Prix,2024-06-09
MAG,Haas F1 Team,14.0,13.505742221071234,13.39311548590299,14.07580366297134,13.58033515214237,13,10,13.0,13.0,13,0.0,15.0,15.0,15.0,15.0,15.0,15.0,0.0,0.0,0.0,0.0,1.0,ensemble_grid_blend,12.0,2024,Canadian Grand Prix,2024-06-09
ZHO,Audi,20.0,14.892394776783739,15.171185043714477,14.444101381972853,14.90031269124732,14,15,14.0,14.0,14,0.0,11.0,11.0,11.0,11.0,11.0,11.0,0.0,0.0,0.0,0.0,1.0,ensemble_grid_blend,15.0,2024,Canadian Grand Prix,2024-06-09
BOT,Audi,19.0,14.932396396849494,15.19972256175199,14.705930855556861,14.98066744630684,15,14,15.0,15.0,15,0.0,13.0,13.0,13.0,13.0,13.0,13.0,0.0,0.0,0.0,0.0,1.0,ensemble_grid_blend,13.0,2024,Canadian Grand Prix,2024-06-09
VER,Red Bull Racing,2.0,2.482167743684623,1.5563322868057066,3.3341992638318585,2.3285316378064493,1,2,1.0,1.0,1,0.0,1.0,1.0,1.0,1.0,1.0,1.0,1.0,1.0,1.0,1.0,1.0,ensemble_grid_blend,1.0,2024,Spanish Grand Prix,2024-06-23
LEC,Ferrari,5.0,4.5508092410167285,5.7710385031635045,5.29102742858359,5.125933120281472,2,5,2.0,2.0,2,0.0,3.0,3.0,3.0,3.0,3.0,3.0,0.0,1.0,1.0,1.0,1.0,ensemble_grid_blend,5.0,2024,Spanish Grand Prix,2024-06-23
PER,Red Bull Racing,11.0,5.252473080950925,5.0517052903342945,5.158300608450865,5.163369859735092,3,11,3.0,3.0,3,0.0,4.0,4.0,4.0,4.0,4.0,4.0,0.0,0.0,1.0,1.0,1.0,ensemble_grid_blend,8.0,2024,Spanish Grand Prix,2024-06-23
NOR,McLaren,1.0,5.726509334309221,4.884549365924753,5.463328068858182,5.379187092284449,4,1,4.0,4.0,4,0.0,2.0,2.0,2.0,2.0,2.0,2.0,0.0,1.0,1.0,0.0,1.0,ensemble_grid_blend,2.0,2024,Spanish Grand Prix,2024-06-23
HAM,Mercedes,3.0,5.631110749696913,5.35379895145704,6.595103007789255,5.726850071931425,5,3,5.0,5.0,5,0.0,8.0,8.0,8.0,8.0,8.0,8.0,0.0,0.0,1.0,0.0,1.0,ensemble_grid_blend,3.0,2024,Spanish Grand Prix,2024-06-23
RUS,Mercedes,4.0,5.525434872799405,5.5322832543273694,6.912833703890602,5.805311572552432,6,4,6.0,6.0,6,0.0,6.0,6.0,6.0,6.0,6.0,6.0,0.0,0.0,1.0,1.0,1.0,ensemble_grid_blend,4.0,2024,Spanish Grand Prix,2024-06-23
SAI,Ferrari,6.0,6.09888128074476,6.445793664668669,5.937033297725872,6.187931018514351,7,6,7.0,7.0,7,0.0,5.0,5.0,5.0,5.0,5.0,5.0,0.0,0.0,1.0,0.0,1.0,ensemble_grid_blend,6.0,2024,Spanish Grand Prix,2024-06-23
PIA,McLaren,9.0,6.272740653325165,6.844088564213568,6.988875231415792,6.615939337754231,8,9,8.0,8.0,8,0.0,7.0,7.0,7.0,7.0,7.0,7.0,0.0,0.0,1.0,1.0,1.0,ensemble_grid_blend,7.0,2024,Spanish Grand Prix,2024-06-23
ALO,Aston Martin,10.0,10.080093117983274,8.711401600010294,9.811293847191179,9.547291232534313,9,10,9.0,9.0,9,0.0,9.0,9.0,9.0,9.0,9.0,9.0,0.0,0.0,1.0,1.0,1.0,ensemble_grid_blend,12.0,2024,Spanish Grand Prix,2024-06-23
STR,Aston Martin,14.0,10.91285478430063,9.178562068466958,11.393035239120962,10.401888424722912,10,14,10.0,10.0,10,0.0,14.0,14.0,14.0,14.0,14.0,14.0,0.0,0.0,0.0,0.0,1.0,ensemble_grid_blend,14.0,2024,Spanish Grand Prix,2024-06-23
OCO,Alpine,8.0,10.970629003878773,10.89788685991511,11.52525575266833,11.056094603249402,11,8,11.0,11.0,11,0.0,13.0,13.0,13.0,13.0,13.0,13.0,0.0,0.0,0.0,0.0,1.0,ensemble_grid_blend,10.0,2024,Spanish Grand Prix,2024-06-23
GAS,Alpine,7.0,11.955341519006122,11.346435192335296,12.283959132886622,11.807947827447434,12,7,12.0,12.0,12,0.0,12.0,12.0,12.0,12.0,12.0,12.0,0.0,0.0,0.0,1.0,1.0,ensemble_grid_blend,9.0,2024,Spanish Grand Prix,2024-06-23
TSU,Racing Bulls,17.0,12.313741508859241,12.02418406892236,11.589223475064543,12.067492798122393,13,17,13.0,13.0,13,0.0,10.0,10.0,10.0,10.0,10.0,10.0,0.0,0.0,1.0,0.0,1.0,ensemble_grid_blend,19.0,2024,Spanish Grand Prix,2024-06-23
ALB,Williams,20.0,11.995344176797742,12.24986640149851,12.593689694813165,12.204096059046096,14,20,14.0,14.0,14,0.0,15.0,15.0,15.0,15.0,15.0,15.0,0.0,0.0,0.0,1.0,1.0,ensemble_grid_blend,18.0,2024,Spanish Grand Prix,2024-06-23
RIC,Racing Bulls,18.0,12.796532960922027,12.359754089179878,11.906423608404717,12.465638485308814,15,18,15.0,15.0,15,0.0,11.0,11.0,11.0,11.0,11.0,11.0,0.0,0.0,0.0,0.0,1.0,ensemble_grid_blend,15.0,2024,Spanish Grand Prix,2024-06-23
HUL,Haas F1 Team,13.0,13.15092211645364,14.186667852980351,14.001984363360672,13.683645573619394,16,13,16.0,16.0,16,0.0,19.0,19.0,19.0,19.0,19.0,19.0,0.0,0.0,0.0,0.0,1.0,ensemble_grid_blend,11.0,2024,Spanish Grand Prix,2024-06-23
BOT,Audi,12.0,15.53749599013213,15.076803876678868,14.383560641101564,15.145466680617375,17,12,17.0,17.0,17,0.0,16.0,16.0,16.0,16.0,16.0,16.0,0.0,0.0,0.0,1.0,1.0,ensemble_grid_blend,16.0,2024,Spanish Grand Prix,2024-06-23
SAR,Williams,19.0,15.432265840869688,15.28072370644062,14.948822996588307,15.282537524963237,18,19,18.0,18.0,18,0.0,18.0,18.0,18.0,18.0,18.0,18.0,0.0,0.0,0.0,1.0,1.0,ensemble_grid_blend,20.0,2024,Spanish Grand Prix,2024-06-23
MAG,Haas F1 Team,16.0,15.261781015689973,15.539760114885123,15.040348487364628,15.314787194743207,19,16,19.0,19.0,19,0.0,20.0,20.0,20.0,20.0,20.0,20.0,0.0,0.0,0.0,1.0,1.0,ensemble_grid_blend,17.0,2024,Spanish Grand Prix,2024-06-23
ZHO,Audi,15.0,15.746334825535694,15.482267510267501,14.74458401032378,15.453561102149445,20,15,20.0,20.0,20,0.0,17.0,17.0,17.0,17.0,17.0,17.0,0.0,0.0,0.0,0.0,1.0,ensemble_grid_blend,13.0,2024,Spanish Grand Prix,2024-06-23
VER,Red Bull Racing,1.0,1.96132875046705,1.2849193420476268,3.0478227599085246,1.9418842594085468,1,1,1.0,1.0,1,0.0,1.0,1.0,1.0,1.0,1.0,1.0,1.0,1.0,1.0,1.0,1.0,ensemble_grid_blend,5.0,2024,Austrian Grand Prix,2024-06-30
NOR,McLaren,2.0,4.944197251636169,4.734627198781615,4.737298218512193,4.8294679265122795,2,2,2.0,2.0,2,0.0,6.0,6.0,6.0,6.0,6.0,6.0,0.0,0.0,1.0,0.0,1.0,ensemble_grid_blend,20.0,2024,Austrian Grand Prix,2024-06-30
LEC,Ferrari,6.0,4.526376555975977,5.483136738261738,4.582256976576171,4.872418703896032,3,6,3.0,3.0,3,0.0,5.0,5.0,5.0,5.0,5.0,5.0,0.0,0.0,1.0,0.0,1.0,ensemble_grid_blend,11.0,2024,Austrian Grand Prix,2024-06-30
PER,Red Bull Racing,8.0,5.021233228750602,4.927953282226888,5.2774407917288,5.039826760062942,4,8,4.0,4.0,4,0.0,7.0,7.0,7.0,7.0,7.0,7.0,0.0,0.0,1.0,0.0,1.0,ensemble_grid_blend,7.0,2024,Austrian Grand Prix,2024-06-30
RUS,Mercedes,3.0,5.623977335939474,6.276407883782888,5.604501029823583,5.848432766461491,5,3,5.0,5.0,5,0.0,2.0,2.0,2.0,2.0,2.0,2.0,0.0,1.0,1.0,0.0,1.0,ensemble_grid_blend,1.0,2024,Austrian Grand Prix,2024-06-30
HAM,Mercedes,5.0,6.836547696079585,5.864780497280497,5.342263847232404,6.197572406730467,6,5,6.0,6.0,6,0.0,3.0,3.0,3.0,3.0,3.0,3.0,0.0,1.0,1.0,0.0,1.0,ensemble_grid_blend,4.0,2024,Austrian Grand Prix,2024-06-30
SAI,Ferrari,4.0,7.203257101859438,6.769502261627263,5.3787813871247305,6.686547764831235,7,4,7.0,7.0,7,0.0,4.0,4.0,4.0,4.0,4.0,4.0,0.0,0.0,1.0,0.0,1.0,ensemble_grid_blend,3.0,2024,Austrian Grand Prix,2024-06-30
PIA,McLaren,7.0,7.575992013656051,7.483430833055833,6.113315006633461,7.251060199041456,8,7,8.0,8.0,8,0.0,8.0,8.0,8.0,8.0,8.0,8.0,0.0,0.0,1.0,1.0,1.0,ensemble_grid_blend,2.0,2024,Austrian Grand Prix,2024-06-30
ALO,Aston Martin,15.0,9.494315716069602,8.572960748257179,9.528105071260825,9.178599348373499,9,15,9.0,9.0,9,0.0,9.0,9.0,9.0,9.0,9.0,9.0,0.0,0.0,1.0,1.0,1.0,ensemble_grid_blend,18.0,2024,Austrian Grand Prix,2024-06-30
GAS,Alpine,13.0,11.260516271476833,10.809549170872703,10.515683675090793,10.95371126698818,10,13,10.0,10.0,10,0.0,10.0,10.0,10.0,10.0,10.0,10.0,0.0,0.0,1.0,1.0,1.0,ensemble_grid_blend,10.0,2024,Austrian Grand Prix,2024-06-30
STR,Aston Martin,17.0,12.19171459962851,9.501097138972131,11.457071526015971,11.103069873676269,11,17,11.0,11.0,11,0.0,14.0,14.0,14.0,14.0,14.0,14.0,0.0,0.0,0.0,0.0,1.0,ensemble_grid_blend,13.0,2024,Austrian Grand Prix,2024-06-30
OCO,Alpine,10.0,12.147259498839512,11.520758179320687,10.594512237540581,11.617434584748137,12,10,12.0,12.0,12,0.0,11.0,11.0,11.0,11.0,11.0,11.0,0.0,0.0,0.0,1.0,1.0,ensemble_grid_blend,12.0,2024,Austrian Grand Prix,2024-06-30
RIC,Racing Bulls,11.0,12.053357634440559,12.015962519098544,12.843508086310104,12.198299434444763,13,11,13.0,13.0,13,0.0,13.0,13.0,13.0,13.0,13.0,13.0,0.0,0.0,0.0,1.0,1.0,ensemble_grid_blend,9.0,2024,Austrian Grand Prix,2024-06-30
HUL,Haas F1 Team,9.0,12.043034767321325,12.928851696914194,12.824541678044291,12.509372074823423,14,9,14.0,14.0,14,0.0,12.0,12.0,12.0,12.0,12.0,12.0,0.0,0.0,0.0,0.0,1.0,ensemble_grid_blend,6.0,2024,Austrian Grand Prix,2024-06-30
TSU,Racing Bulls,14.0,13.379952088330914,12.792490921251948,12.966956665954083,13.091741595377908,15,14,15.0,15.0,15,0.0,15.0,15.0,15.0,15.0,15.0,15.0,0.0,0.0,0.0,1.0,1.0,ensemble_grid_blend,14.0,2024,Austrian Grand Prix,2024-06-30
MAG,Haas F1 Team,12.0,13.147850442879463,14.765044892607397,13.939361395534329,13.872170690815212,16,12,16.0,16.0,16,0.0,17.0,17.0,17.0,17.0,17.0,17.0,0.0,0.0,0.0,1.0,1.0,ensemble_grid_blend,8.0,2024,Austrian Grand Prix,2024-06-30
ALB,Williams,16.0,14.534684141051828,14.406193543212884,14.076948708443888,14.398165345286609,17,16,17.0,17.0,17,0.0,16.0,16.0,16.0,16.0,16.0,16.0,0.0,0.0,0.0,1.0,1.0,ensemble_grid_blend,15.0,2024,Austrian Grand Prix,2024-06-30
BOT,Audi,18.0,15.623877007843006,15.520753669533079,13.845369814936332,15.232082400853198,18,18,18.0,18.0,18,0.0,18.0,18.0,18.0,18.0,18.0,18.0,0.0,0.0,0.0,1.0,1.0,ensemble_grid_blend,16.0,2024,Austrian Grand Prix,2024-06-30
ZHO,Audi,20.0,15.756409589103335,15.517712696617105,13.926725601936118,15.306928879299711,19,20,19.0,19.0,19,0.0,19.0,19.0,19.0,19.0,19.0,19.0,0.0,0.0,0.0,1.0,1.0,ensemble_grid_blend,17.0,2024,Austrian Grand Prix,2024-06-30
SAR,Williams,19.0,15.899865440683321,16.86771462225854,16.2299937417733,16.304638314452646,20,19,20.0,20.0,20,0.0,20.0,20.0,20.0,20.0,20.0,20.0,0.0,0.0,0.0,1.0,1.0,ensemble_grid_blend,19.0,2024,Austrian Grand Prix,2024-06-30
VER,Red Bull Racing,4.0,1.9808672690933689,1.4091636864946637,2.870176496283972,1.9586328606219428,1,3,1.0,1.0,1,0.0,1.0,1.0,1.0,1.0,1.0,1.0,1.0,1.0,1.0,1.0,1.0,ensemble_grid_blend,2.0,2024,British Grand Prix,2024-07-07
HAM,Mercedes,2.0,5.578979380890604,5.1720405768122495,4.235841147193774,5.167923152723814,2,1,2.0,2.0,2,0.0,3.0,3.0,3.0,3.0,3.0,3.0,0.0,1.0,1.0,1.0,1.0,ensemble_grid_blend,1.0,2024,British Grand Prix,2024-07-07
PER,Red Bull Racing,20.0,5.531997432632226,5.495215464550705,5.379517803347102,5.488627817946669,3,18,3.0,3.0,3,0.0,2.0,2.0,2.0,2.0,2.0,2.0,0.0,1.0,1.0,1.0,1.0,ensemble_grid_blend,17.0,2024,British Grand Prix,2024-07-07
SAI,Ferrari,7.0,5.672763313279635,6.346422785547785,4.955629220625816,5.765117310042724,4,6,4.0,4.0,4,0.0,5.0,5.0,5.0,5.0,5.0,5.0,0.0,0.0,1.0,1.0,1.0,ensemble_grid_blend,5.0,2024,British Grand Prix,2024-07-07
LEC,Ferrari,11.0,6.338946962274613,7.235331987456987,5.396332616815164,6.4641588519965545,5,10,5.0,5.0,5,0.0,4.0,4.0,4.0,4.0,4.0,4.0,0.0,0.0,1.0,1.0,1.0,ensemble_grid_blend,14.0,2024,British Grand Prix,2024-07-07
NOR,McLaren,3.0,6.747402847598863,6.375210005272506,6.79549868131819,6.626754519528504,6,2,6.0,6.0,6,0.0,7.0,7.0,7.0,7.0,7.0,7.0,0.0,0.0,1.0,1.0,1.0,ensemble_grid_blend,3.0,2024,British Grand Prix,2024-07-07
PIA,McLaren,5.0,7.690670144547449,7.289970277679836,6.491365596476779,7.3105642815296505,7,4,7.0,7.0,7,0.0,6.0,6.0,6.0,6.0,6.0,6.0,0.0,0.0,1.0,1.0,1.0,ensemble_grid_blend,4.0,2024,British Grand Prix,2024-07-07
ALO,Aston Martin,10.0,10.38529750102365,9.505202426250221,10.578269713877862,10.115858667423794,8,9,8.0,8.0,8,0.0,9.0,9.0,9.0,9.0,9.0,9.0,0.0,0.0,1.0,1.0,1.0,ensemble_grid_blend,8.0,2024,British Grand Prix,2024-07-07
STR,Aston Martin,8.0,10.269126478065816,9.597127379564881,11.51566231140646,10.283233960258618,9,7,9.0,9.0,9,0.0,10.0,10.0,10.0,10.0,10.0,10.0,0.0,0.0,1.0,1.0,1.0,ensemble_grid_blend,7.0,2024,British Grand Prix,2024-07-07
HUL,Haas F1 Team,6.0,10.838181929662266,11.16264407777894,10.73986389159967,10.932080073890583,10,5,10.0,10.0,10,0.0,14.0,14.0,14.0,14.0,14.0,14.0,0.0,0.0,0.0,0.0,1.0,ensemble_grid_blend,6.0,2024,British Grand Prix,2024-07-07
RIC,Racing Bulls,15.0,10.691440759677613,10.828465112738138,11.784935788964411,10.958098289106157,11,14,11.0,11.0,11,0.0,12.0,12.0,12.0,12.0,12.0,12.0,0.0,0.0,0.0,1.0,1.0,ensemble_grid_blend,13.0,2024,British Grand Prix,2024-07-07
OCO,Alpine,18.0,11.385381497094137,11.480184377305703,10.132075832939268,11.167901372337212,12,17,12.0,12.0,12,0.0,8.0,8.0,8.0,8.0,8.0,8.0,0.0,0.0,1.0,0.0,1.0,ensemble_grid_blend,16.0,2024,British Grand Prix,2024-07-07
MAG,Haas F1 Team,17.0,11.453196037985373,12.535942112217858,12.038647364050277,11.949247429179724,13,16,13.0,13.0,13,0.0,11.0,11.0,11.0,11.0,11.0,11.0,0.0,0.0,0.0,0.0,1.0,ensemble_grid_blend,12.0,2024,British Grand Prix,2024-07-07
TSU,Racing Bulls,13.0,12.501597720417115,11.926200084637582,12.803371645111335,12.360563332833124,14,12,14.0,14.0,14,0.0,15.0,15.0,15.0,15.0,15.0,15.0,0.0,0.0,0.0,1.0,1.0,ensemble_grid_blend,10.0,2024,British Grand Prix,2024-07-07
ALB,Williams,9.0,13.826844984653638,13.903603868353878,13.651617895848448,13.818665176187684,15,8,15.0,15.0,15,0.0,13.0,13.0,13.0,13.0,13.0,13.0,0.0,0.0,0.0,0.0,1.0,ensemble_grid_blend,9.0,2024,British Grand Prix,2024-07-07
ZHO,Audi,14.0,15.465314024076827,15.106336358086352,14.11192761108885,15.068994558382565,16,13,16.0,16.0,16,0.0,16.0,16.0,16.0,16.0,16.0,16.0,0.0,0.0,0.0,1.0,1.0,ensemble_grid_blend,18.0,2024,British Grand Prix,2024-07-07
BOT,Audi,16.0,15.410221211480069,15.225752664002671,14.15757795826072,15.095128569219108,17,15,17.0,17.0,17,0.0,17.0,17.0,17.0,17.0,17.0,17.0,0.0,0.0,0.0,1.0,1.0,ensemble_grid_blend,15.0,2024,British Grand Prix,2024-07-07
SAR,Williams,12.0,15.81424655924136,16.921811861040563,16.09680627786827,16.258406358596464,18,11,18.0,18.0,18,0.0,18.0,18.0,18.0,18.0,18.0,18.0,0.0,0.0,0.0,1.0,1.0,ensemble_grid_blend,11.0,2024,British Grand Prix,2024-07-07
VER,Red Bull Racing,3.0,2.8761019291476577,2.327299324205207,4.146337168480089,2.9380680652842863,1,3,1.0,1.0,1,0.0,4.0,4.0,4.0,4.0,4.0,4.0,0.0,0.0,1.0,0.0,1.0,ensemble_grid_blend,5.0,2024,Hungarian Grand Prix,2024-07-21
HAM,Mercedes,5.0,4.893137985324534,5.350594454156953,4.363126788687807,4.9472455100885355,2,5,2.0,2.0,2,0.0,2.0,2.0,2.0,2.0,2.0,2.0,0.0,1.0,1.0,1.0,1.0,ensemble_grid_blend,3.0,2024,Hungarian Grand Prix,2024-07-21
RUS,Mercedes,17.0,4.757921430701827,5.362147387334886,4.728156450936911,4.963447519570415,3,17,3.0,3.0,3,0.0,3.0,3.0,3.0,3.0,3.0,3.0,0.0,1.0,1.0,1.0,1.0,ensemble_grid_blend,8.0,2024,Hungarian Grand Prix,2024-07-21
NOR,McLaren,1.0,6.9261756687977165,5.880861386162857,6.725189446669939,6.52011842544996,4,1,4.0,4.0,4,0.0,6.0,6.0,6.0,6.0,6.0,6.0,0.0,0.0,1.0,0.0,1.0,ensemble_grid_blend,2.0,2024,Hungarian Grand Prix,2024-07-21
LEC,Ferrari,6.0,7.219069405852975,5.65788662726163,7.534707206627981,6.735782993501006,5,6,5.0,5.0,5,0.0,1.0,1.0,1.0,1.0,1.0,1.0,1.0,1.0,1.0,0.0,1.0,ensemble_grid_blend,4.0,2024,Hungarian Grand Prix,2024-07-21
PIA,McLaren,2.0,7.0840595848379575,6.829129204129202,6.336266936094667,6.845275421841236,6,2,6.0,6.0,6,0.0,8.0,8.0,8.0,8.0,8.0,8.0,0.0,0.0,1.0,0.0,1.0,ensemble_grid_blend,1.0,2024,Hungarian Grand Prix,2024-07-21
SAI,Ferrari,4.0,7.676126621368309,7.355446178821179,6.097920349014728,7.248247212006098,7,4,7.0,7.0,7,0.0,5.0,5.0,5.0,5.0,5.0,5.0,0.0,0.0,1.0,0.0,1.0,ensemble_grid_blend,6.0,2024,Hungarian Grand Prix,2024-07-21
PER,Red Bull Racing,16.0,7.020472594336578,7.672541015125225,7.580165133957813,7.360635049536851,8,16,8.0,8.0,8,0.0,7.0,7.0,7.0,7.0,7.0,7.0,0.0,0.0,1.0,1.0,1.0,ensemble_grid_blend,7.0,2024,Hungarian Grand Prix,2024-07-21
ALO,Aston Martin,7.0,10.484384749246189,9.798529979742487,10.74795176129375,10.297048982329406,9,7,9.0,9.0,9,0.0,11.0,11.0,11.0,11.0,11.0,11.0,0.0,0.0,0.0,0.0,1.0,ensemble_grid_blend,11.0,2024,Hungarian Grand Prix,2024-07-21
STR,Aston Martin,8.0,10.87897253627773,9.61071674159175,11.429497640469021,10.545188028975895,10,8,10.0,10.0,10,0.0,9.0,9.0,9.0,9.0,9.0,9.0,0.0,0.0,1.0,1.0,1.0,ensemble_grid_blend,10.0,2024,Hungarian Grand Prix,2024-07-21
OCO,Alpine,19.0,10.673348984554,10.006483168512775,11.484307015875517,10.602137555203875,11,19,11.0,11.0,11,0.0,13.0,13.0,13.0,13.0,13.0,13.0,0.0,0.0,0.0,0.0,1.0,ensemble_grid_blend,18.0,2024,Hungarian Grand Prix,2024-07-21
HUL,Haas F1 Team,11.0,11.41117800084436,11.30039751657572,10.529684166855377,11.19610606455254,12,11,12.0,12.0,12,0.0,10.0,10.0,10.0,10.0,10.0,10.0,0.0,0.0,1.0,0.0,1.0,ensemble_grid_blend,13.0,2024,Hungarian Grand Prix,2024-07-21
RIC,Racing Bulls,9.0,12.36513500154063,12.240554062767307,12.387944230174561,12.326093518696753,13,9,13.0,13.0,13,0.0,12.0,12.0,12.0,12.0,12.0,12.0,0.0,0.0,0.0,1.0,1.0,ensemble_grid_blend,12.0,2024,Hungarian Grand Prix,2024-07-21
MAG,Haas F1 Team,15.0,12.961158139991477,13.83115173089687,12.373623003759748,13.14814886956202,14,15,14.0,14.0,14,0.0,14.0,14.0,14.0,14.0,14.0,14.0,0.0,0.0,0.0,1.0,1.0,ensemble_grid_blend,15.0,2024,Hungarian Grand Prix,2024-07-21
TSU,Racing Bulls,10.0,14.089971075124287,12.793050753576496,12.815161170890061,13.381086981735715,15,10,15.0,15.0,15,0.0,16.0,16.0,16.0,16.0,16.0,16.0,0.0,0.0,0.0,1.0,1.0,ensemble_grid_blend,9.0,2024,Hungarian Grand Prix,2024-07-21
ALB,Williams,13.0,14.375329645163562,13.330639035800802,13.310698760345076,13.7967617549229,16,13,16.0,16.0,16,0.0,15.0,15.0,15.0,15.0,15.0,15.0,0.0,0.0,0.0,1.0,1.0,ensemble_grid_blend,14.0,2024,Hungarian Grand Prix,2024-07-21
BOT,Audi,12.0,14.218800859477144,14.878473776223771,14.9069347293436,14.587313154311754,17,12,17.0,17.0,17,0.0,17.0,17.0,17.0,17.0,17.0,17.0,0.0,0.0,0.0,1.0,1.0,ensemble_grid_blend,16.0,2024,Hungarian Grand Prix,2024-07-21
ZHO,Audi,18.0,14.270031646034406,14.821917457542456,14.966777857817535,14.602540922418848,18,18,18.0,18.0,18,0.0,18.0,18.0,18.0,18.0,18.0,18.0,0.0,0.0,0.0,1.0,1.0,ensemble_grid_blend,19.0,2024,Hungarian Grand Prix,2024-07-21
SAR,Williams,14.0,15.61099788050182,16.200783953619478,15.471206677556776,15.789464765503991,19,14,19.0,19.0,19,0.0,19.0,19.0,19.0,19.0,19.0,19.0,0.0,0.0,0.0,1.0,1.0,ensemble_grid_blend,17.0,2024,Hungarian Grand Prix,2024-07-21
VER,Red Bull Racing,11.0,3.9553762780349113,3.0763974497724487,4.330927268466344,3.722843886229336,1,11,1.0,1.0,1,0.0,4.0,4.0,4.0,4.0,4.0,4.0,0.0,0.0,1.0,0.0,1.0,ensemble_grid_blend,4.0,2024,Belgian Grand Prix,2024-07-28
PIA,McLaren,5.0,4.785818181675087,6.041863164613164,4.838256696885034,5.235921628745404,2,5,2.0,2.0,2,0.0,1.0,1.0,1.0,1.0,1.0,1.0,1.0,1.0,1.0,1.0,1.0,ensemble_grid_blend,2.0,2024,Belgian Grand Prix,2024-07-28
HAM,Mercedes,3.0,5.492102186521563,6.130110320235319,3.4499226685721096,5.3069691297314865,3,3,3.0,3.0,3,0.0,2.0,2.0,2.0,2.0,2.0,2.0,0.0,1.0,1.0,1.0,1.0,ensemble_grid_blend,1.0,2024,Belgian Grand Prix,2024-07-28
RUS,Mercedes,6.0,5.899541239031793,5.554181825119327,4.217554745048248,5.442268145365722,4,6,4.0,4.0,4,0.0,3.0,3.0,3.0,3.0,3.0,3.0,0.0,1.0,1.0,1.0,1.0,ensemble_grid_blend,20.0,2024,Belgian Grand Prix,2024-07-28
NOR,McLaren,4.0,5.362868449332085,5.610406558719056,5.898577758315284,5.556648649414164,5,4,5.0,5.0,5,0.0,5.0,5.0,5.0,5.0,5.0,5.0,0.0,0.0,1.0,1.0,1.0,ensemble_grid_blend,5.0,2024,Belgian Grand Prix,2024-07-28
LEC,Ferrari,1.0,5.4490202563522745,5.021588841713843,7.22830487931084,5.6552761858205365,6,1,6.0,6.0,6,0.0,7.0,7.0,7.0,7.0,7.0,7.0,0.0,0.0,1.0,1.0,1.0,ensemble_grid_blend,3.0,2024,Belgian Grand Prix,2024-07-28
SAI,Ferrari,7.0,6.088830902205164,5.716546078921077,5.74934005028998,5.890633043672696,7,7,7.0,7.0,7,0.0,6.0,6.0,6.0,6.0,6.0,6.0,0.0,0.0,1.0,1.0,1.0,ensemble_grid_blend,6.0,2024,Belgian Grand Prix,2024-07-28
PER,Red Bull Racing,2.0,6.225963598960744,7.317413170163169,7.4969767163732755,6.8621735723640995,8,2,8.0,8.0,8,0.0,8.0,8.0,8.0,8.0,8.0,8.0,0.0,0.0,1.0,1.0,1.0,ensemble_grid_blend,7.0,2024,Belgian Grand Prix,2024-07-28
HUL,Haas F1 Team,16.0,10.508957041343939,10.83442566665361,9.553726190571911,10.431824890047917,9,16,9.0,9.0,9,0.0,11.0,11.0,11.0,11.0,11.0,11.0,0.0,0.0,0.0,0.0,1.0,ensemble_grid_blend,18.0,2024,Belgian Grand Prix,2024-07-28
ALO,Aston Martin,8.0,10.670181280051633,10.400531295093792,10.10230614105421,10.462228757516904,10,8,10.0,10.0,10,0.0,9.0,9.0,9.0,9.0,9.0,9.0,0.0,0.0,1.0,1.0,1.0,ensemble_grid_blend,8.0,2024,Belgian Grand Prix,2024-07-28
STR,Aston Martin,15.0,10.45566330440996,10.860129266566766,10.302464603510073,10.566586650984863,11,15,11.0,11.0,11,0.0,14.0,14.0,14.0,14.0,14.0,14.0,0.0,0.0,0.0,0.0,1.0,ensemble_grid_blend,11.0,2024,Belgian Grand Prix,2024-07-28
TSU,Racing Bulls,20.0,11.479453294863225,11.381844877344879,10.573921077437081,11.264183905246576,12,19,12.0,12.0,12,0.0,10.0,10.0,10.0,10.0,10.0,10.0,0.0,0.0,1.0,0.0,1.0,ensemble_grid_blend,16.0,2024,Belgian Grand Prix,2024-07-28
RIC,Racing Bulls,13.0,11.679418988823132,11.628166722166725,10.681420269960132,11.461880951720788,13,13,13.0,13.0,13,0.0,12.0,12.0,12.0,12.0,12.0,12.0,0.0,0.0,0.0,1.0,1.0,ensemble_grid_blend,10.0,2024,Belgian Grand Prix,2024-07-28
GAS,Alpine,12.0,12.772177849630177,12.104565309690308,11.564215544580753,12.296920999641337,14,12,14.0,14.0,14,0.0,13.0,13.0,13.0,13.0,13.0,13.0,0.0,0.0,0.0,1.0,1.0,ensemble_grid_blend,13.0,2024,Belgian Grand Prix,2024-07-28
MAG,Haas F1 Team,17.0,12.4047641158678,13.40929465795643,11.097239992740853,12.494844980973431,15,17,15.0,15.0,15,0.0,16.0,16.0,16.0,16.0,16.0,16.0,0.0,0.0,0.0,1.0,1.0,ensemble_grid_blend,14.0,2024,Belgian Grand Prix,2024-07-28
ALB,Williams,10.0,12.658629112411834,12.896170829170828,12.331618633082174,12.676366617411551,16,10,16.0,16.0,16,0.0,15.0,15.0,15.0,15.0,15.0,15.0,0.0,0.0,0.0,1.0,1.0,ensemble_grid_blend,12.0,2024,Belgian Grand Prix,2024-07-28
OCO,Alpine,9.0,15.29897589771236,13.900576825951823,13.152059523154257,14.38015294768455,17,9,17.0,17.0,17,0.0,19.0,19.0,19.0,19.0,19.0,19.0,0.0,0.0,0.0,0.0,1.0,ensemble_grid_blend,9.0,2024,Belgian Grand Prix,2024-07-28
BOT,Audi,14.0,14.086307346236513,14.901062035187037,14.947990165243635,14.54380805117062,18,14,18.0,18.0,18,0.0,17.0,17.0,17.0,17.0,17.0,17.0,0.0,0.0,0.0,1.0,1.0,ensemble_grid_blend,15.0,2024,Belgian Grand Prix,2024-07-28
SAR,Williams,18.0,15.012168274503438,16.4376380630893,14.461385283041324,15.400926102216065,19,18,19.0,19.0,19,0.0,18.0,18.0,18.0,18.0,18.0,18.0,0.0,0.0,0.0,1.0,1.0,ensemble_grid_blend,17.0,2024,Belgian Grand Prix,2024-07-28
VER,Red Bull Racing,2.0,4.444154039007879,3.082930583305583,4.438227878706856,3.9665405974518704,1,2,1.0,1.0,1,0.0,6.0,6.0,6.0,6.0,6.0,6.0,0.0,0.0,1.0,0.0,1.0,ensemble_grid_blend,2.0,2024,Dutch Grand Prix,2024-08-25
PIA,McLaren,3.0,4.014125775138496,5.603134830082195,4.210303488308655,4.609514487002823,2,3,2.0,2.0,2,0.0,4.0,4.0,4.0,4.0,4.0,4.0,0.0,0.0,1.0,0.0,1.0,ensemble_grid_blend,4.0,2024,Dutch Grand Prix,2024-08-25
HAM,Mercedes,14.0,4.51842208119802,5.223711260961259,4.6546812085374665,4.7925251195830425,3,14,3.0,3.0,3,0.0,2.0,2.0,2.0,2.0,2.0,2.0,0.0,1.0,1.0,1.0,1.0,ensemble_grid_blend,8.0,2024,Dutch Grand Prix,2024-08-25
NOR,McLaren,1.0,5.141424251107659,5.433551004551001,3.8548614323001003,4.986356051051317,4,1,4.0,4.0,4,0.0,3.0,3.0,3.0,3.0,3.0,3.0,0.0,1.0,1.0,1.0,1.0,ensemble_grid_blend,1.0,2024,Dutch Grand Prix,2024-08-25
LEC,Ferrari,6.0,6.216923532653291,6.231619422244417,5.981716095666785,6.175025606612884,5,6,5.0,5.0,5,0.0,9.0,9.0,9.0,9.0,9.0,9.0,0.0,0.0,1.0,0.0,1.0,ensemble_grid_blend,3.0,2024,Dutch Grand Prix,2024-08-25
PER,Red Bull Racing,5.0,6.142658626415826,6.669796914622181,7.381453911715347,6.574916084347954,6,5,6.0,6.0,6,0.0,5.0,5.0,5.0,5.0,5.0,5.0,0.0,0.0,1.0,1.0,1.0,ensemble_grid_blend,6.0,2024,Dutch Grand Prix,2024-08-25
SAI,Ferrari,10.0,7.129056226853882,7.2970623959373935,5.827034676168514,6.927454075896037,7,10,7.0,7.0,7,0.0,1.0,1.0,1.0,1.0,1.0,1.0,1.0,1.0,1.0,0.0,1.0,ensemble_grid_blend,5.0,2024,Dutch Grand Prix,2024-08-25
RUS,Mercedes,4.0,6.478663852017429,7.570807319507977,7.20586951781813,7.006355198799261,8,4,8.0,8.0,8,0.0,8.0,8.0,8.0,8.0,8.0,8.0,0.0,0.0,1.0,1.0,1.0,ensemble_grid_blend,7.0,2024,Dutch Grand Prix,2024-08-25
ALO,Aston Martin,7.0,9.078250387511005,8.861999049561549,9.010322633913557,8.988976868509205,9,7,9.0,9.0,9,0.0,7.0,7.0,7.0,7.0,7.0,7.0,0.0,0.0,1.0,0.0,1.0,ensemble_grid_blend,10.0,2024,Dutch Grand Prix,2024-08-25
STR,Aston Martin,8.0,9.302935915949373,9.830850914071306,10.023474281137567,9.631813838329688,10,8,10.0,10.0,10,0.0,11.0,11.0,11.0,11.0,11.0,11.0,0.0,0.0,0.0,1.0,1.0,ensemble_grid_blend,13.0,2024,Dutch Grand Prix,2024-08-25
TSU,Racing Bulls,11.0,11.122617187514312,10.882018079143078,11.276514472587909,11.0691869565991,11,11,11.0,11.0,11,0.0,10.0,10.0,10.0,10.0,10.0,10.0,0.0,0.0,1.0,1.0,1.0,ensemble_grid_blend,17.0,2024,Dutch Grand Prix,2024-08-25
RIC,Racing Bulls,13.0,11.010144079271882,11.123872516372517,11.373001477538338,11.122520511910395,12,13,12.0,12.0,12,0.0,13.0,13.0,13.0,13.0,13.0,13.0,0.0,0.0,0.0,1.0,1.0,ensemble_grid_blend,12.0,2024,Dutch Grand Prix,2024-08-25
ALB,Williams,19.0,11.713397201400083,11.259779394216896,12.263174757497001,11.664586480105351,13,19,13.0,13.0,13,0.0,12.0,12.0,12.0,12.0,12.0,12.0,0.0,0.0,0.0,1.0,1.0,ensemble_grid_blend,14.0,2024,Dutch Grand Prix,2024-08-25
GAS,Alpine,9.0,12.11678577014203,11.662876304251306,11.811255074405844,11.89681131793304,14,9,14.0,14.0,14,0.0,15.0,15.0,15.0,15.0,15.0,15.0,0.0,0.0,0.0,1.0,1.0,ensemble_grid_blend,9.0,2024,Dutch Grand Prix,2024-08-25
HUL,Haas F1 Team,12.0,12.278227903079951,12.639485285547789,12.408963027701244,12.430815011867953,15,12,15.0,15.0,15,0.0,14.0,14.0,14.0,14.0,14.0,14.0,0.0,0.0,0.0,1.0,1.0,ensemble_grid_blend,11.0,2024,Dutch Grand Prix,2024-08-25
OCO,Alpine,15.0,14.139898474049234,12.517932017329079,12.91107965955828,13.32644645129899,16,15,16.0,16.0,16,0.0,19.0,19.0,19.0,19.0,19.0,19.0,0.0,0.0,0.0,0.0,1.0,ensemble_grid_blend,15.0,2024,Dutch Grand Prix,2024-08-25
MAG,Haas F1 Team,20.0,13.162602655268042,14.302179279870462,13.413519291805546,13.61163780118639,17,20,17.0,17.0,17,0.0,16.0,16.0,16.0,16.0,16.0,16.0,0.0,0.0,0.0,1.0,1.0,ensemble_grid_blend,18.0,2024,Dutch Grand Prix,2024-08-25
BOT,Audi,16.0,14.187538813888802,15.211520006137658,14.865555731136592,14.68153561462546,18,16,18.0,18.0,18,0.0,17.0,17.0,17.0,17.0,17.0,17.0,0.0,0.0,0.0,1.0,1.0,ensemble_grid_blend,19.0,2024,Dutch Grand Prix,2024-08-25
ZHO,Audi,17.0,14.449257921341118,15.480080515073169,15.551531245721655,15.030500494023444,19,17,19.0,19.0,19,0.0,18.0,18.0,18.0,18.0,18.0,18.0,0.0,0.0,0.0,1.0,1.0,ensemble_grid_blend,20.0,2024,Dutch Grand Prix,2024-08-25
SAR,Williams,18.0,14.74781490888746,16.288073899221693,14.541717646963978,15.245686103119745,20,18,20.0,20.0,20,0.0,20.0,20.0,20.0,20.0,20.0,20.0,0.0,0.0,0.0,1.0,1.0,ensemble_grid_blend,16.0,2024,Dutch Grand Prix,2024-08-25
VER,Red Bull Racing,7.0,3.497240579629522,2.6685814354727415,4.27394120285099,3.3625500038189426,1,7,1.0,1.0,1,0.0,2.0,2.0,2.0,2.0,2.0,2.0,0.0,1.0,1.0,1.0,1.0,ensemble_grid_blend,6.0,2024,Italian Grand Prix,2024-09-01
PIA,McLaren,2.0,4.316137218815101,5.420420301920299,4.41191226003661,4.721791306146222,2,2,2.0,2.0,2,0.0,1.0,1.0,1.0,1.0,1.0,1.0,1.0,1.0,1.0,1.0,1.0,ensemble_grid_blend,2.0,2024,Italian Grand Prix,2024-09-01
NOR,McLaren,1.0,5.664495891786513,5.5941502875779205,4.196757885443693,5.346327329044941,3,1,3.0,3.0,3,0.0,3.0,3.0,3.0,3.0,3.0,3.0,0.0,1.0,1.0,1.0,1.0,ensemble_grid_blend,3.0,2024,Italian Grand Prix,2024-09-01
LEC,Ferrari,4.0,5.438733467213724,5.597008325008323,5.262696166490708,5.45892220729723,4,4,4.0,4.0,4,0.0,6.0,6.0,6.0,6.0,6.0,6.0,0.0,0.0,1.0,0.0,1.0,ensemble_grid_blend,1.0,2024,Italian Grand Prix,2024-09-01
HAM,Mercedes,6.0,5.423881712771308,5.516437448988919,6.288783653853032,5.629256608663817,5,6,5.0,5.0,5,0.0,8.0,8.0,8.0,8.0,8.0,8.0,0.0,0.0,1.0,0.0,1.0,ensemble_grid_blend,5.0,2024,Italian Grand Prix,2024-09-01
SAI,Ferrari,5.0,7.0293203514624825,6.081093656343655,5.750494943063322,6.441675926491061,6,5,6.0,6.0,6,0.0,4.0,4.0,4.0,4.0,4.0,4.0,0.0,0.0,1.0,0.0,1.0,ensemble_grid_blend,4.0,2024,Italian Grand Prix,2024-09-01
PER,Red Bull Racing,8.0,6.674058620072739,6.246971417471423,6.561293428456466,6.502025060839023,7,8,7.0,7.0,7,0.0,5.0,5.0,5.0,5.0,5.0,5.0,0.0,0.0,1.0,0.0,1.0,ensemble_grid_blend,8.0,2024,Italian Grand Prix,2024-09-01
RUS,Mercedes,3.0,7.267076386302583,7.020134787834288,9.040698734636761,7.535371296505516,8,3,8.0,8.0,8,0.0,7.0,7.0,7.0,7.0,7.0,7.0,0.0,0.0,1.0,1.0,1.0,ensemble_grid_blend,7.0,2024,Italian Grand Prix,2024-09-01
ALO,Aston Martin,11.0,10.32477014838313,11.233366239316238,9.831768627089454,10.544178475950984,9,11,9.0,9.0,9,0.0,11.0,11.0,11.0,11.0,11.0,11.0,0.0,0.0,0.0,0.0,1.0,ensemble_grid_blend,11.0,2024,Italian Grand Prix,2024-09-01
RIC,Racing Bulls,12.0,11.180632070352447,10.960531163281168,11.910302382500536,11.249530815307118,10,12,10.0,10.0,10,0.0,9.0,9.0,9.0,9.0,9.0,9.0,0.0,0.0,1.0,1.0,1.0,ensemble_grid_blend,13.0,2024,Italian Grand Prix,2024-09-01
STR,Aston Martin,17.0,11.667590409645568,11.266580433455436,11.073945020654646,11.408507840180837,11,16,11.0,11.0,11,0.0,10.0,10.0,10.0,10.0,10.0,10.0,0.0,0.0,1.0,1.0,1.0,ensemble_grid_blend,19.0,2024,Italian Grand Prix,2024-09-01
GAS,Alpine,14.0,11.87646143895832,11.557750555000554,12.045308937147581,11.798682129210954,12,14,12.0,12.0,12,0.0,14.0,14.0,14.0,14.0,14.0,14.0,0.0,0.0,0.0,0.0,1.0,ensemble_grid_blend,15.0,2024,Italian Grand Prix,2024-09-01
COL,Williams,18.0,12.750300222018975,12.846473636086136,12.689923702014982,12.771885612941684,13,17,13.0,13.0,13,0.0,13.0,13.0,13.0,13.0,13.0,13.0,0.0,0.0,0.0,1.0,1.0,ensemble_grid_blend,12.0,2024,Italian Grand Prix,2024-09-01
OCO,Alpine,15.0,13.758332105516715,12.398605630480631,13.00496537399312,13.131754492949366,14,15,14.0,14.0,14,0.0,17.0,17.0,17.0,17.0,17.0,17.0,0.0,0.0,0.0,0.0,1.0,ensemble_grid_blend,14.0,2024,Italian Grand Prix,2024-09-01
ALB,Williams,9.0,13.251462456351824,13.041935193891081,13.392079500283769,13.206251323276954,15,9,15.0,15.0,15,0.0,12.0,12.0,12.0,12.0,12.0,12.0,0.0,0.0,0.0,0.0,1.0,ensemble_grid_blend,9.0,2024,Italian Grand Prix,2024-09-01
HUL,Haas F1 Team,10.0,14.532762116941347,14.40158438212115,13.593429410572021,14.298983368480414,16,10,16.0,16.0,16,0.0,18.0,18.0,18.0,18.0,18.0,18.0,0.0,0.0,0.0,0.0,1.0,ensemble_grid_blend,17.0,2024,Italian Grand Prix,2024-09-01
MAG,Haas F1 Team,13.0,15.24674312088297,15.83600864413364,14.599814060030749,15.32360024185026,17,13,17.0,17.0,17,0.0,15.0,15.0,15.0,15.0,15.0,15.0,0.0,0.0,0.0,0.0,1.0,ensemble_grid_blend,10.0,2024,Italian Grand Prix,2024-09-01
BOT,Audi,19.0,15.643425069733315,16.399295135420132,16.195663180922693,16.018427214961577,18,18,18.0,18.0,18,0.0,16.0,16.0,16.0,16.0,16.0,16.0,0.0,0.0,0.0,0.0,1.0,ensemble_grid_blend,16.0,2024,Italian Grand Prix,2024-09-01
ZHO,Audi,20.0,16.08019092531959,16.460143731268726,16.83780462214755,16.36469714676738,19,19,19.0,19.0,19,0.0,19.0,19.0,19.0,19.0,19.0,19.0,0.0,0.0,0.0,1.0,1.0,ensemble_grid_blend,18.0,2024,Italian Grand Prix,2024-09-01
NOR,McLaren,15.0,3.4726013484948535,2.9856813395582753,3.642150899089012,3.336089255485883,1,14,1.0,1.0,1,0.0,1.0,1.0,1.0,1.0,1.0,1.0,1.0,1.0,1.0,1.0,1.0,ensemble_grid_blend,4.0,2024,Azerbaijan Grand Prix,2024-09-15
VER,Red Bull Racing,6.0,3.973817163173737,2.5736078034284566,4.202261618714439,3.529432778371029,2,6,2.0,2.0,2,0.0,4.0,4.0,4.0,4.0,4.0,4.0,0.0,0.0,1.0,0.0,1.0,ensemble_grid_blend,5.0,2024,Azerbaijan Grand Prix,2024-09-15
LEC,Ferrari,1.0,3.3560315333361506,3.7472399259237505,3.9055268121594455,3.602853526506469,3,1,3.0,3.0,3,0.0,3.0,3.0,3.0,3.0,3.0,3.0,0.0,1.0,1.0,1.0,1.0,ensemble_grid_blend,2.0,2024,Azerbaijan Grand Prix,2024-09-15
PIA,McLaren,2.0,3.6292205000208626,3.6761435706106753,4.101728302093001,3.7401451351417245,4,2,4.0,4.0,4,0.0,2.0,2.0,2.0,2.0,2.0,2.0,0.0,1.0,1.0,0.0,1.0,ensemble_grid_blend,1.0,2024,Azerbaijan Grand Prix,2024-09-15
PER,Red Bull Racing,4.0,5.82112681067906,5.789382653165551,6.294667796528543,5.9047245527192285,5,4,5.0,5.0,5,0.0,5.0,5.0,5.0,5.0,5.0,5.0,0.0,0.0,1.0,1.0,1.0,ensemble_grid_blend,17.0,2024,Azerbaijan Grand Prix,2024-09-15
SAI,Ferrari,3.0,7.212548004018897,7.784359777477423,4.833934993443132,6.936959522614228,6,3,6.0,6.0,6,0.0,6.0,6.0,6.0,6.0,6.0,6.0,0.0,0.0,1.0,1.0,1.0,ensemble_grid_blend,18.0,2024,Azerbaijan Grand Prix,2024-09-15
HAM,Mercedes,19.0,8.018757148951318,7.428573162948166,6.393168500056534,7.487075024071258,7,18,7.0,7.0,7,0.0,8.0,8.0,8.0,8.0,8.0,8.0,0.0,0.0,1.0,1.0,1.0,ensemble_grid_blend,9.0,2024,Azerbaijan Grand Prix,2024-09-15
RUS,Mercedes,5.0,7.621590831806871,8.31191069388128,8.905080863013742,8.119900789774288,8,5,8.0,8.0,8,0.0,7.0,7.0,7.0,7.0,7.0,7.0,0.0,0.0,1.0,1.0,1.0,ensemble_grid_blend,3.0,2024,Azerbaijan Grand Prix,2024-09-15
ALO,Aston Martin,7.0,9.967513711333671,8.421723540348543,10.092262868936436,9.45143698300943,9,7,9.0,9.0,9,0.0,9.0,9.0,9.0,9.0,9.0,9.0,0.0,0.0,1.0,1.0,1.0,ensemble_grid_blend,6.0,2024,Azerbaijan Grand Prix,2024-09-15
STR,Aston Martin,13.0,11.959207117902166,9.581807965426385,12.431275281194642,11.221531047194137,10,12,10.0,10.0,10,0.0,11.0,11.0,11.0,11.0,11.0,11.0,0.0,0.0,0.0,1.0,1.0,ensemble_grid_blend,19.0,2024,Azerbaijan Grand Prix,2024-09-15
OCO,Alpine,20.0,11.923940548666048,11.371152091780765,12.019414004434992,11.749559279909988,11,19,11.0,11.0,11,0.0,15.0,15.0,15.0,15.0,15.0,15.0,0.0,0.0,0.0,0.0,1.0,ensemble_grid_blend,15.0,2024,Azerbaijan Grand Prix,2024-09-15
GAS,Alpine,18.0,12.343682264339222,11.117875107434699,11.900585183923436,11.826030343339482,12,17,12.0,12.0,12,0.0,14.0,14.0,14.0,14.0,14.0,14.0,0.0,0.0,0.0,0.0,1.0,ensemble_grid_blend,12.0,2024,Azerbaijan Grand Prix,2024-09-15
BEA,Haas F1 Team,10.0,12.931761937801365,12.196643910017166,11.474818233999956,12.383081887316614,13,10,13.0,13.0,13,0.0,10.0,10.0,10.0,10.0,10.0,10.0,0.0,0.0,1.0,0.0,1.0,ensemble_grid_blend,10.0,2024,Azerbaijan Grand Prix,2024-09-15
ALB,Williams,9.0,12.994611468819786,13.063005894324977,11.972449713053484,12.814117166593343,14,9,14.0,14.0,14,0.0,12.0,12.0,12.0,12.0,12.0,12.0,0.0,0.0,0.0,0.0,1.0,ensemble_grid_blend,7.0,2024,Azerbaijan Grand Prix,2024-09-15
COL,Williams,8.0,13.018195397030377,12.94419611350552,12.369974881758429,12.862651544742288,15,8,15.0,15.0,15,0.0,13.0,13.0,13.0,13.0,13.0,13.0,0.0,0.0,0.0,0.0,1.0,ensemble_grid_blend,8.0,2024,Azerbaijan Grand Prix,2024-09-15
RIC,Racing Bulls,14.0,13.343368870106485,12.945872973517714,12.106681831167286,12.956907898512576,16,13,16.0,16.0,16,0.0,16.0,16.0,16.0,16.0,16.0,16.0,0.0,0.0,0.0,1.0,1.0,ensemble_grid_blend,13.0,2024,Azerbaijan Grand Prix,2024-09-15
HUL,Haas F1 Team,12.0,14.424926853766156,13.742213522588528,13.940326589667563,14.089057135034267,17,11,17.0,17.0,17,0.0,18.0,18.0,18.0,18.0,18.0,18.0,0.0,0.0,0.0,1.0,1.0,ensemble_grid_blend,11.0,2024,Azerbaijan Grand Prix,2024-09-15
BOT,Audi,16.0,13.420788841190578,15.015668914418907,15.958813731578026,14.486601844897983,18,15,18.0,18.0,18,0.0,17.0,17.0,17.0,17.0,17.0,17.0,0.0,0.0,0.0,1.0,1.0,ensemble_grid_blend,16.0,2024,Azerbaijan Grand Prix,2024-09-15
ZHO,Audi,17.0,13.783223444748565,14.842828810078805,16.69692558756546,14.736825751177527,19,16,19.0,19.0,19,0.0,19.0,19.0,19.0,19.0,19.0,19.0,0.0,0.0,0.0,1.0,1.0,ensemble_grid_blend,14.0,2024,Azerbaijan Grand Prix,2024-09-15
PIA,McLaren,5.0,2.8529331819490915,3.0067480298339437,3.8258728476573944,3.1013563118504504,1,5,1.0,1.0,1,0.0,3.0,3.0,3.0,3.0,3.0,3.0,0.0,1.0,1.0,0.0,1.0,ensemble_grid_blend,3.0,2024,Singapore Grand Prix,2024-09-22
LEC,Ferrari,9.0,2.6686320166327637,3.2697588963324247,4.473177811830598,3.239935583567212,2,9,2.0,2.0,2,0.0,1.0,1.0,1.0,1.0,1.0,1.0,1.0,1.0,1.0,1.0,1.0,ensemble_grid_blend,5.0,2024,Singapore Grand Prix,2024-09-22
NOR,McLaren,1.0,3.562336128742097,2.8402804544311895,3.4412211085584437,3.2853936386965485,3,1,3.0,3.0,3,0.0,2.0,2.0,2.0,2.0,2.0,2.0,0.0,1.0,1.0,1.0,1.0,ensemble_grid_blend,1.0,2024,Singapore Grand Prix,2024-09-22
SAI,Ferrari,10.0,5.8549776364681065,4.665391892829393,7.028901086120928,5.673407316125121,4,10,4.0,4.0,4,0.0,8.0,8.0,8.0,8.0,8.0,8.0,0.0,0.0,1.0,0.0,1.0,ensemble_grid_blend,7.0,2024,Singapore Grand Prix,2024-09-22
VER,Red Bull Racing,2.0,7.875348736955374,4.786512354493334,5.044990046369652,6.228184264976516,5,2,5.0,5.0,5,0.0,7.0,7.0,7.0,7.0,7.0,7.0,0.0,0.0,1.0,0.0,1.0,ensemble_grid_blend,2.0,2024,Singapore Grand Prix,2024-09-22
HAM,Mercedes,3.0,5.90527044420881,6.430339636606086,6.670352570641849,6.242061086834464,6,3,6.0,6.0,6,0.0,4.0,4.0,4.0,4.0,4.0,4.0,0.0,0.0,1.0,0.0,1.0,ensemble_grid_blend,6.0,2024,Singapore Grand Prix,2024-09-22
RUS,Mercedes,4.0,6.555590876287818,6.613620758111856,6.545306884762401,6.573844536621148,7,4,7.0,7.0,7,0.0,5.0,5.0,5.0,5.0,5.0,5.0,0.0,0.0,1.0,0.0,1.0,ensemble_grid_blend,4.0,2024,Singapore Grand Prix,2024-09-22
PER,Red Bull Racing,13.0,6.617957782314285,7.052635406260403,8.206415372074384,7.087786468647446,8,12,8.0,8.0,8,0.0,6.0,6.0,6.0,6.0,6.0,6.0,0.0,0.0,1.0,0.0,1.0,ensemble_grid_blend,10.0,2024,Singapore Grand Prix,2024-09-22
ALO,Aston Martin,7.0,10.031619013491518,8.80884599367136,10.174123954128122,9.632149444681783,9,7,9.0,9.0,9,0.0,9.0,9.0,9.0,9.0,9.0,9.0,0.0,0.0,1.0,1.0,1.0,ensemble_grid_blend,8.0,2024,Singapore Grand Prix,2024-09-22
COL,Williams,12.0,11.35717023565207,11.551890300625054,10.762885235215242,11.306465258305249,10,11,10.0,10.0,10,0.0,11.0,11.0,11.0,11.0,11.0,11.0,0.0,0.0,0.0,1.0,1.0,ensemble_grid_blend,11.0,2024,Singapore Grand Prix,2024-09-22
GAS,Alpine,18.0,11.474090512107693,11.13356223673987,12.11181672304092,11.482450857915602,11,17,11.0,11.0,11,0.0,13.0,13.0,13.0,13.0,13.0,13.0,0.0,0.0,0.0,0.0,1.0,ensemble_grid_blend,17.0,2024,Singapore Grand Prix,2024-09-22
HUL,Haas F1 Team,6.0,12.2421492089269,12.61972081773146,12.501072691136725,12.426083968450461,12,6,12.0,12.0,12,0.0,15.0,15.0,15.0,15.0,15.0,15.0,0.0,0.0,0.0,0.0,1.0,ensemble_grid_blend,9.0,2024,Singapore Grand Prix,2024-09-22
OCO,Alpine,15.0,12.717137591128937,11.951772535062975,13.013764565553213,12.508585216390706,13,14,13.0,13.0,13,0.0,16.0,16.0,16.0,16.0,16.0,16.0,0.0,0.0,0.0,0.0,1.0,ensemble_grid_blend,13.0,2024,Singapore Grand Prix,2024-09-22
STR,Aston Martin,17.0,13.15413445676252,11.224734454679307,13.753848109421028,12.598787186565097,14,16,14.0,14.0,14,0.0,10.0,10.0,10.0,10.0,10.0,10.0,0.0,0.0,1.0,0.0,1.0,ensemble_grid_blend,14.0,2024,Singapore Grand Prix,2024-09-22
RIC,Racing Bulls,16.0,13.231616042759114,12.821222589910091,12.409073085314304,12.923469742772994,15,15,15.0,15.0,15,0.0,14.0,14.0,14.0,14.0,14.0,14.0,0.0,0.0,0.0,1.0,1.0,ensemble_grid_blend,18.0,2024,Singapore Grand Prix,2024-09-22
TSU,Racing Bulls,8.0,13.624824399756706,12.230396115730674,12.82795191124759,12.977400002645771,16,8,16.0,16.0,16,0.0,12.0,12.0,12.0,12.0,12.0,12.0,0.0,0.0,0.0,0.0,1.0,ensemble_grid_blend,12.0,2024,Singapore Grand Prix,2024-09-22
MAG,Haas F1 Team,14.0,13.515757591139918,13.562696011182659,13.258264660969289,13.480687452120751,17,13,17.0,17.0,17,0.0,17.0,17.0,17.0,17.0,17.0,17.0,0.0,0.0,0.0,1.0,1.0,ensemble_grid_blend,19.0,2024,Singapore Grand Prix,2024-09-22
BOT,Audi,19.0,13.825572068205547,15.257442266067267,16.00873826587833,14.763359876991705,18,18,18.0,18.0,18,0.0,19.0,19.0,19.0,19.0,19.0,19.0,0.0,0.0,0.0,1.0,1.0,ensemble_grid_blend,16.0,2024,Singapore Grand Prix,2024-09-22
ZHO,Audi,20.0,14.057670090920258,14.919702616827605,16.116432670140867,14.771133990831952,19,19,19.0,19.0,19,0.0,18.0,18.0,18.0,18.0,18.0,18.0,0.0,0.0,0.0,1.0,1.0,ensemble_grid_blend,15.0,2024,Singapore Grand Prix,2024-09-22
PIA,McLaren,5.0,3.074727235095046,2.986151261089721,3.596853358361371,3.148150868846447,1,5,1.0,1.0,1,0.0,2.0,2.0,2.0,2.0,2.0,2.0,0.0,1.0,1.0,1.0,1.0,ensemble_grid_blend,5.0,2024,United States Grand Prix,2024-10-20
NOR,McLaren,1.0,3.506432359261851,2.7060431284187105,3.3087791903792034,3.1867654946902224,2,1,2.0,2.0,2,0.0,1.0,1.0,1.0,1.0,1.0,1.0,1.0,1.0,1.0,1.0,1.0,ensemble_grid_blend,4.0,2024,United States Grand Prix,2024-10-20
LEC,Ferrari,4.0,3.300411734049242,3.534599691974691,4.917288570558753,3.705752886625051,3,4,3.0,3.0,3,0.0,3.0,3.0,3.0,3.0,3.0,3.0,0.0,1.0,1.0,1.0,1.0,ensemble_grid_blend,1.0,2024,United States Grand Prix,2024-10-20
SAI,Ferrari,3.0,4.847498649958407,4.390242465867466,7.511294494501549,5.220218154435207,4,3,4.0,4.0,4,0.0,4.0,4.0,4.0,4.0,4.0,4.0,0.0,0.0,1.0,1.0,1.0,ensemble_grid_blend,2.0,2024,United States Grand Prix,2024-10-20
VER,Red Bull Racing,2.0,7.470628992991056,4.988223001998003,5.26332783112256,6.160326663769789,5,2,5.0,5.0,5,0.0,6.0,6.0,6.0,6.0,6.0,6.0,0.0,0.0,1.0,1.0,1.0,ensemble_grid_blend,3.0,2024,United States Grand Prix,2024-10-20
RUS,Mercedes,20.0,7.960697971927566,8.139329372016872,5.864063679908701,7.60389210355505,6,19,6.0,6.0,6,0.0,5.0,5.0,5.0,5.0,5.0,5.0,0.0,0.0,1.0,1.0,1.0,ensemble_grid_blend,6.0,2024,United States Grand Prix,2024-10-20
PER,Red Bull Racing,9.0,7.450779021837217,8.30198705461205,8.933517612097345,8.045249551360435,7,9,7.0,7.0,7,0.0,9.0,9.0,9.0,9.0,9.0,9.0,0.0,0.0,1.0,0.0,1.0,ensemble_grid_blend,7.0,2024,United States Grand Prix,2024-10-20
ALO,Aston Martin,7.0,10.438204886159847,9.274593635531135,9.881946458636175,9.919689262935062,8,7,8.0,8.0,8,0.0,7.0,7.0,7.0,7.0,7.0,7.0,0.0,0.0,1.0,1.0,1.0,ensemble_grid_blend,13.0,2024,United States Grand Prix,2024-10-20
ALB,Williams,14.0,10.08718121729505,10.366477277492127,9.968587688309766,10.16121613256697,9,14,9.0,9.0,9,0.0,8.0,8.0,8.0,8.0,8.0,8.0,0.0,0.0,1.0,1.0,1.0,ensemble_grid_blend,16.0,2024,United States Grand Prix,2024-10-20
COL,Williams,15.0,13.449544340012348,11.54150441448614,10.368914302928246,12.165604358661355,10,15,10.0,10.0,10,0.0,10.0,10.0,10.0,10.0,10.0,10.0,0.0,0.0,1.0,1.0,1.0,ensemble_grid_blend,10.0,2024,United States Grand Prix,2024-10-20
HUL,Haas F1 Team,11.0,12.827768667831377,12.822350597931472,12.219522371793696,12.704223084158873,11,11,11.0,11.0,11,0.0,11.0,11.0,11.0,11.0,11.0,11.0,0.0,0.0,0.0,1.0,1.0,ensemble_grid_blend,8.0,2024,United States Grand Prix,2024-10-20
TSU,Racing Bulls,10.0,13.250800022739629,12.396701657969661,13.257080831653086,12.953121756852832,12,10,12.0,12.0,12,0.0,14.0,14.0,14.0,14.0,14.0,14.0,0.0,0.0,0.0,0.0,1.0,ensemble_grid_blend,14.0,2024,United States Grand Prix,2024-10-20
LAW,Racing Bulls,19.0,13.542998108321337,12.588884972913228,12.365522121257854,12.9735633135158,13,18,13.0,13.0,13,0.0,13.0,13.0,13.0,13.0,13.0,13.0,0.0,0.0,0.0,1.0,1.0,ensemble_grid_blend,9.0,2024,United States Grand Prix,2024-10-20
STR,Aston Martin,13.0,13.716030922976634,11.930439308477041,13.84773989754321,13.117415652815092,14,13,14.0,14.0,14,0.0,15.0,15.0,15.0,15.0,15.0,15.0,0.0,0.0,0.0,1.0,1.0,ensemble_grid_blend,15.0,2024,United States Grand Prix,2024-10-20
MAG,Haas F1 Team,8.0,13.296923524428669,13.619197936244172,13.807988041431924,13.511932471964746,15,8,15.0,15.0,15,0.0,16.0,16.0,16.0,16.0,16.0,16.0,0.0,0.0,0.0,1.0,1.0,ensemble_grid_blend,11.0,2024,United States Grand Prix,2024-10-20
OCO,Alpine,12.0,14.205098557752045,13.370230987558191,13.21038508006593,13.713952212646973,16,12,16.0,16.0,16,0.0,17.0,17.0,17.0,17.0,17.0,17.0,0.0,0.0,0.0,1.0,1.0,ensemble_grid_blend,18.0,2024,United States Grand Prix,2024-10-20
GAS,Alpine,6.0,14.396705010914204,13.6538883024655,13.42721762837283,13.942821686448882,17,6,17.0,17.0,17,0.0,18.0,18.0,18.0,18.0,18.0,18.0,0.0,0.0,0.0,1.0,1.0,ensemble_grid_blend,12.0,2024,United States Grand Prix,2024-10-20
ZHO,Audi,18.0,14.052950531609415,14.78254774512928,15.080853041254572,14.5138900582704,18,17,18.0,18.0,18,0.0,12.0,12.0,12.0,12.0,12.0,12.0,0.0,0.0,0.0,0.0,1.0,ensemble_grid_blend,19.0,2024,United States Grand Prix,2024-10-20
BOT,Audi,16.0,14.242589524070826,15.105221807178328,15.200953521836272,14.736183622711541,19,16,19.0,19.0,19,0.0,19.0,19.0,19.0,19.0,19.0,19.0,0.0,0.0,0.0,1.0,1.0,ensemble_grid_blend,17.0,2024,United States Grand Prix,2024-10-20
NOR,McLaren,3.0,3.227689356616027,2.923081000698646,3.6752884499880967,3.2105962507193575,1,4,1.0,1.0,1,0.0,1.0,1.0,1.0,1.0,1.0,1.0,1.0,1.0,1.0,1.0,1.0,ensemble_grid_blend,2.0,2024,Mexico City Grand Prix,2024-10-27
LEC,Ferrari,4.0,2.9983570226942162,3.0435010128760145,4.719360019323159,3.358358018583634,2,5,2.0,2.0,2,0.0,3.0,3.0,3.0,3.0,3.0,3.0,0.0,1.0,1.0,1.0,1.0,ensemble_grid_blend,3.0,2024,Mexico City Grand Prix,2024-10-27
PIA,McLaren,17.0,3.232958329993697,3.2035063241497057,4.18306880993932,3.412672223937424,3,15,3.0,3.0,3,0.0,2.0,2.0,2.0,2.0,2.0,2.0,0.0,1.0,1.0,1.0,1.0,ensemble_grid_blend,8.0,2024,Mexico City Grand Prix,2024-10-27
VER,Red Bull Racing,2.0,3.0350134604235786,3.2031561809768307,4.680828755965664,3.4230264717256342,4,3,4.0,4.0,4,0.0,4.0,4.0,4.0,4.0,4.0,4.0,0.0,0.0,1.0,1.0,1.0,ensemble_grid_blend,6.0,2024,Mexico City Grand Prix,2024-10-27
SAI,Ferrari,1.0,4.776172365230989,4.611442064879565,7.063140890430018,5.175910465147797,5,2,5.0,5.0,5,0.0,5.0,5.0,5.0,5.0,5.0,5.0,0.0,0.0,1.0,1.0,1.0,ensemble_grid_blend,1.0,2024,Mexico City Grand Prix,2024-10-27
HAM,Mercedes,6.0,6.002880887850167,5.848952377988367,6.151237992993716,5.978677330427247,6,7,6.0,6.0,6,0.0,6.0,6.0,6.0,6.0,6.0,6.0,0.0,0.0,1.0,1.0,1.0,ensemble_grid_blend,4.0,2024,Mexico City Grand Prix,2024-10-27
RUS,Mercedes,5.0,7.375868470517458,7.5594881944391235,5.764260025154512,7.1178136848174525,7,6,7.0,7.0,7,0.0,7.0,7.0,7.0,7.0,7.0,7.0,0.0,0.0,1.0,1.0,1.0,ensemble_grid_blend,5.0,2024,Mexico City Grand Prix,2024-10-27
PER,Red Bull Racing,18.0,7.288410276862287,7.8528274642024645,8.537016132209896,7.7356774635008705,8,16,8.0,8.0,8,0.0,8.0,8.0,8.0,8.0,8.0,8.0,0.0,0.0,1.0,1.0,1.0,ensemble_grid_blend,17.0,2024,Mexico City Grand Prix,2024-10-27
COL,Williams,16.0,10.460518027199175,11.022264504747879,10.492235940779418,10.66347287705727,9,14,9.0,9.0,9,0.0,9.0,9.0,9.0,9.0,9.0,9.0,0.0,0.0,1.0,1.0,1.0,ensemble_grid_blend,12.0,2024,Mexico City Grand Prix,2024-10-27
HUL,Haas F1 Team,10.0,11.304743577073356,11.289467099678166,10.705385004302366,11.179525095430842,10,10,10.0,10.0,10,0.0,10.0,10.0,10.0,10.0,10.0,10.0,0.0,0.0,1.0,1.0,1.0,ensemble_grid_blend,9.0,2024,Mexico City Grand Prix,2024-10-27
LAW,Racing Bulls,12.0,11.68979799356627,11.388671740024678,12.126608331747791,11.671765872463018,11,11,11.0,11.0,11,0.0,11.0,11.0,11.0,11.0,11.0,11.0,0.0,0.0,0.0,1.0,1.0,ensemble_grid_blend,16.0,2024,Mexico City Grand Prix,2024-10-27
STR,Aston Martin,14.0,13.227402093845324,12.512888641112772,13.305988526139904,12.993039671847846,12,12,12.0,12.0,12,0.0,12.0,12.0,12.0,12.0,12.0,12.0,0.0,0.0,0.0,1.0,1.0,ensemble_grid_blend,11.0,2024,Mexico City Grand Prix,2024-10-27
MAG,Haas F1 Team,7.0,12.896892915997894,14.012054686629936,12.485250309689528,13.204871014457435,13,8,13.0,13.0,13,0.0,13.0,13.0,13.0,13.0,13.0,13.0,0.0,0.0,0.0,1.0,1.0,ensemble_grid_blend,7.0,2024,Mexico City Grand Prix,2024-10-27
GAS,Alpine,8.0,13.498290605526106,13.260019992262643,13.161456267048985,13.34752902318847,14,9,14.0,14.0,14,0.0,14.0,14.0,14.0,14.0,14.0,14.0,0.0,0.0,0.0,1.0,1.0,ensemble_grid_blend,10.0,2024,Mexico City Grand Prix,2024-10-27
OCO,Alpine,0.0,14.081189463500834,13.493752523212093,13.781823286098854,13.815713298919379,15,1,15.0,15.0,15,0.0,15.0,15.0,15.0,15.0,15.0,15.0,0.0,0.0,0.0,1.0,1.0,ensemble_grid_blend,13.0,2024,Mexico City Grand Prix,2024-10-27
ZHO,Audi,19.0,14.66594583616026,15.377019660894666,15.416173480267531,15.064867203638755,16,17,16.0,16.0,16,0.0,16.0,16.0,16.0,16.0,16.0,16.0,0.0,0.0,0.0,1.0,1.0,ensemble_grid_blend,15.0,2024,Mexico City Grand Prix,2024-10-27
BOT,Audi,15.0,14.644640098929615,15.548185286935288,15.502619101943932,15.132476715334466,17,13,17.0,17.0,17,0.0,17.0,17.0,17.0,17.0,17.0,17.0,0.0,0.0,0.0,1.0,1.0,ensemble_grid_blend,14.0,2024,Mexico City Grand Prix,2024-10-27
NOR,McLaren,1.0,2.8427684721335664,2.823907209019051,3.7406730412660654,3.015747943869986,1,1,1.0,1.0,1,0.0,1.0,1.0,1.0,1.0,1.0,1.0,1.0,1.0,1.0,1.0,1.0,ensemble_grid_blend,6.0,2024,São Paulo Grand Prix,2024-11-03
LEC,Ferrari,6.0,3.9054557187286325,3.821468157874116,3.780634918755668,3.8510959124349586,2,6,2.0,2.0,2,0.0,2.0,2.0,2.0,2.0,2.0,2.0,0.0,1.0,1.0,1.0,1.0,ensemble_grid_blend,5.0,2024,São Paulo Grand Prix,2024-11-03
VER,Red Bull Racing,17.0,3.9121068733572093,4.0420509852634465,4.917490566675511,4.158664051188053,3,14,3.0,3.0,3,0.0,4.0,4.0,4.0,4.0,4.0,4.0,0.0,0.0,1.0,1.0,1.0,ensemble_grid_blend,1.0,2024,São Paulo Grand Prix,2024-11-03
HAM,Mercedes,14.0,5.931196757533151,5.396446796259297,5.814941549197942,5.72078322942026,4,12,4.0,4.0,4,0.0,3.0,3.0,3.0,3.0,3.0,3.0,0.0,1.0,1.0,1.0,1.0,ensemble_grid_blend,10.0,2024,São Paulo Grand Prix,2024-11-03
RUS,Mercedes,2.0,7.13490486830005,6.896872342934839,5.762703940317567,6.777153298825729,5,2,5.0,5.0,5,0.0,6.0,6.0,6.0,6.0,6.0,6.0,0.0,0.0,1.0,1.0,1.0,ensemble_grid_blend,4.0,2024,São Paulo Grand Prix,2024-11-03
PIA,McLaren,8.0,7.562493940989749,8.194198738761239,5.272430643079101,7.3255779606276406,6,7,6.0,6.0,6,0.0,5.0,5.0,5.0,5.0,5.0,5.0,0.0,0.0,1.0,1.0,1.0,ensemble_grid_blend,8.0,2024,São Paulo Grand Prix,2024-11-03
PER,Red Bull Racing,12.0,8.180653582598765,9.389214775420662,8.751294174543336,8.717778118475342,7,10,7.0,7.0,7,0.0,8.0,8.0,8.0,8.0,8.0,8.0,0.0,0.0,1.0,1.0,1.0,ensemble_grid_blend,11.0,2024,São Paulo Grand Prix,2024-11-03
ALO,Aston Martin,9.0,9.529061323470941,8.722088032882152,9.86130360148463,9.313069127367603,8,8,8.0,8.0,8,0.0,7.0,7.0,7.0,7.0,7.0,7.0,0.0,0.0,1.0,1.0,1.0,ensemble_grid_blend,14.0,2024,São Paulo Grand Prix,2024-11-03
BEA,Haas F1 Team,15.0,11.541930636940549,11.472995079534224,10.070583920549364,11.2235338485701,9,13,9.0,9.0,9,0.0,9.0,9.0,9.0,9.0,9.0,9.0,0.0,0.0,1.0,1.0,1.0,ensemble_grid_blend,12.0,2024,São Paulo Grand Prix,2024-11-03
GAS,Alpine,13.0,12.363741728291837,12.199084430275613,12.650193153908582,12.363401959109508,10,11,10.0,10.0,10,0.0,11.0,11.0,11.0,11.0,11.0,11.0,0.0,0.0,0.0,1.0,1.0,ensemble_grid_blend,3.0,2024,São Paulo Grand Prix,2024-11-03
LAW,Racing Bulls,5.0,12.661876112391754,12.633327887390385,13.09408343007273,12.73832569717747,11,5,11.0,11.0,11,0.0,13.0,13.0,13.0,13.0,13.0,13.0,0.0,0.0,0.0,0.0,1.0,ensemble_grid_blend,9.0,2024,São Paulo Grand Prix,2024-11-03
TSU,Racing Bulls,3.0,12.72622738102149,12.529366987179483,13.245044696135258,12.761089706199542,12,3,12.0,12.0,12,0.0,10.0,10.0,10.0,10.0,10.0,10.0,0.0,0.0,1.0,0.0,1.0,ensemble_grid_blend,7.0,2024,São Paulo Grand Prix,2024-11-03
OCO,Alpine,4.0,12.635535500006483,12.85242639713228,13.298846437869239,12.844109501573064,13,4,13.0,13.0,13,0.0,12.0,12.0,12.0,12.0,12.0,12.0,0.0,0.0,0.0,1.0,1.0,ensemble_grid_blend,2.0,2024,São Paulo Grand Prix,2024-11-03
BOT,Audi,11.0,14.467008017900508,15.35253123820625,15.182108702173853,14.919961281862186,14,9,14.0,14.0,14,0.0,15.0,15.0,15.0,15.0,15.0,15.0,0.0,0.0,0.0,1.0,1.0,ensemble_grid_blend,13.0,2024,São Paulo Grand Prix,2024-11-03
ZHO,Audi,19.0,14.579434816140424,15.25777187257187,15.429117141815462,14.986789251026437,15,15,15.0,15.0,15,0.0,14.0,14.0,14.0,14.0,14.0,14.0,0.0,0.0,0.0,1.0,1.0,ensemble_grid_blend,15.0,2024,São Paulo Grand Prix,2024-11-03
VER,Red Bull Racing,5.0,3.050301276588684,3.449365782828284,4.7082840500692145,3.5215704084686505,1,4,1.0,1.0,1,0.0,3.0,3.0,3.0,3.0,3.0,3.0,0.0,1.0,1.0,0.0,1.0,ensemble_grid_blend,5.0,2024,Las Vegas Grand Prix,2024-11-23
LEC,Ferrari,4.0,3.808917179953403,4.003009968639034,3.722177752045602,3.8595017704118133,2,3,2.0,2.0,2,0.0,2.0,2.0,2.0,2.0,2.0,2.0,0.0,1.0,1.0,1.0,1.0,ensemble_grid_blend,4.0,2024,Las Vegas Grand Prix,2024-11-23
SAI,Ferrari,2.0,3.613045302303799,4.066897090654445,4.076762891007681,3.864636945967302,3,2,3.0,3.0,3,0.0,1.0,1.0,1.0,1.0,1.0,1.0,1.0,1.0,1.0,0.0,1.0,ensemble_grid_blend,3.0,2024,Las Vegas Grand Prix,2024-11-23
NOR,McLaren,6.0,4.123026778077703,4.107662491919846,4.961268940945037,4.28529771049592,4,5,4.0,4.0,4,0.0,4.0,4.0,4.0,4.0,4.0,4.0,0.0,0.0,1.0,1.0,1.0,ensemble_grid_blend,6.0,2024,Las Vegas Grand Prix,2024-11-23
HAM,Mercedes,10.0,5.368128328864825,5.936462041226747,6.240683562010017,5.741556174820536,5,9,5.0,5.0,5,0.0,5.0,5.0,5.0,5.0,5.0,5.0,0.0,0.0,1.0,1.0,1.0,ensemble_grid_blend,2.0,2024,Las Vegas Grand Prix,2024-11-23
RUS,Mercedes,1.0,6.342281779425259,6.306123430662907,5.997940429081454,6.260758087289675,6,1,6.0,6.0,6,0.0,6.0,6.0,6.0,6.0,6.0,6.0,0.0,0.0,1.0,1.0,1.0,ensemble_grid_blend,1.0,2024,Las Vegas Grand Prix,2024-11-23
PIA,McLaren,8.0,7.088607542392789,6.939274302086806,6.497590017839368,6.918137403375011,7,7,7.0,7.0,7,0.0,7.0,7.0,7.0,7.0,7.0,7.0,0.0,0.0,1.0,1.0,1.0,ensemble_grid_blend,7.0,2024,Las Vegas Grand Prix,2024-11-23
PER,Red Bull Racing,15.0,8.732097679308044,9.606823773448776,8.826605091240078,9.057153294643708,8,14,8.0,8.0,8,0.0,8.0,8.0,8.0,8.0,8.0,8.0,0.0,0.0,1.0,1.0,1.0,ensemble_grid_blend,10.0,2024,Las Vegas Grand Prix,2024-11-23
ALO,Aston Martin,16.0,10.365879817704183,9.030122082982377,11.053861949847608,10.035961036980236,9,15,9.0,9.0,9,0.0,10.0,10.0,10.0,10.0,10.0,10.0,0.0,0.0,1.0,1.0,1.0,ensemble_grid_blend,11.0,2024,Las Vegas Grand Prix,2024-11-23
STR,Aston Martin,18.0,9.81014434967099,9.789126588281,12.514816602541794,10.343722583758655,10,16,10.0,10.0,10,0.0,9.0,9.0,9.0,9.0,9.0,9.0,0.0,0.0,1.0,1.0,1.0,ensemble_grid_blend,15.0,2024,Las Vegas Grand Prix,2024-11-23
COL,Williams,20.0,10.760939409835723,10.958109723609724,11.445417574173735,10.966844652524225,11,18,11.0,11.0,11,0.0,14.0,14.0,14.0,14.0,14.0,14.0,0.0,0.0,0.0,0.0,1.0,ensemble_grid_blend,14.0,2024,Las Vegas Grand Prix,2024-11-23
TSU,Racing Bulls,7.0,11.05595438160324,11.151530649905649,11.081938919304367,11.09460298304931,12,6,12.0,12.0,12,0.0,12.0,12.0,12.0,12.0,12.0,12.0,0.0,0.0,0.0,1.0,1.0,ensemble_grid_blend,9.0,2024,Las Vegas Grand Prix,2024-11-23
HUL,Haas F1 Team,9.0,12.045099211250097,11.830925161933862,9.908956742349492,11.542909800209294,13,8,13.0,13.0,13,0.0,11.0,11.0,11.0,11.0,11.0,11.0,0.0,0.0,0.0,0.0,1.0,ensemble_grid_blend,8.0,2024,Las Vegas Grand Prix,2024-11-23
LAW,Racing Bulls,14.0,12.28936238149666,12.102594671260114,11.176619260109643,12.001445058636467,14,13,14.0,14.0,14,0.0,13.0,13.0,13.0,13.0,13.0,13.0,0.0,0.0,0.0,1.0,1.0,ensemble_grid_blend,16.0,2024,Las Vegas Grand Prix,2024-11-23
OCO,Alpine,11.0,13.644986759037955,12.852872699764012,10.332264769860336,12.705202440456553,15,10,15.0,15.0,15,0.0,15.0,15.0,15.0,15.0,15.0,15.0,0.0,0.0,0.0,1.0,1.0,ensemble_grid_blend,17.0,2024,Las Vegas Grand Prix,2024-11-23
MAG,Haas F1 Team,12.0,13.770139251566402,13.612982415207656,11.521554693487582,13.265417447225078,16,11,16.0,16.0,16,0.0,16.0,16.0,16.0,16.0,16.0,16.0,0.0,0.0,0.0,1.0,1.0,ensemble_grid_blend,12.0,2024,Las Vegas Grand Prix,2024-11-23
BOT,Audi,19.0,15.38642565477839,15.448334968759312,14.558813737872827,15.2425715312906,17,17,17.0,17.0,17,0.0,18.0,18.0,18.0,18.0,18.0,18.0,0.0,0.0,0.0,1.0,1.0,ensemble_grid_blend,18.0,2024,Las Vegas Grand Prix,2024-11-23
ZHO,Audi,13.0,15.553825295614933,15.258485131096972,15.147526424081931,15.369196463727045,18,12,18.0,18.0,18,0.0,17.0,17.0,17.0,17.0,17.0,17.0,0.0,0.0,0.0,1.0,1.0,ensemble_grid_blend,13.0,2024,Las Vegas Grand Prix,2024-11-23
SAI,Ferrari,7.0,3.3403394556652457,4.213530026990554,3.860050022205078,3.74989826893707,1,7,1.0,1.0,1,0.0,1.0,1.0,1.0,1.0,1.0,1.0,1.0,1.0,1.0,1.0,1.0,ensemble_grid_blend,6.0,2024,Qatar Grand Prix,2024-12-01
RUS,Mercedes,1.0,3.1581974158517845,4.21159879155932,4.825986348767369,3.8604456839325385,2,1,2.0,2.0,2,0.0,6.0,6.0,6.0,6.0,6.0,6.0,0.0,0.0,1.0,0.0,1.0,ensemble_grid_blend,4.0,2024,Qatar Grand Prix,2024-12-01
VER,Red Bull Racing,2.0,4.602285938477137,4.550051309801309,5.251834322791537,4.713913495303477,3,2,3.0,3.0,3,0.0,2.0,2.0,2.0,2.0,2.0,2.0,0.0,1.0,1.0,1.0,1.0,ensemble_grid_blend,1.0,2024,Qatar Grand Prix,2024-12-01
LEC,Ferrari,5.0,5.177294040073054,5.859101585914084,4.281625069465283,5.23679288699586,4,5,4.0,4.0,4,0.0,3.0,3.0,3.0,3.0,3.0,3.0,0.0,1.0,1.0,1.0,1.0,ensemble_grid_blend,2.0,2024,Qatar Grand Prix,2024-12-01
NOR,McLaren,3.0,5.636956893364044,5.507248243148025,5.430851500956165,5.550337787306861,5,3,5.0,5.0,5,0.0,5.0,5.0,5.0,5.0,5.0,5.0,0.0,0.0,1.0,1.0,1.0,ensemble_grid_blend,10.0,2024,Qatar Grand Prix,2024-12-01
PIA,McLaren,4.0,5.088834721859573,5.667130358611976,6.967420391681796,5.666955328687359,6,4,6.0,6.0,6,0.0,4.0,4.0,4.0,4.0,4.0,4.0,0.0,0.0,1.0,0.0,1.0,ensemble_grid_blend,3.0,2024,Qatar Grand Prix,2024-12-01
HAM,Mercedes,6.0,6.651838327720001,6.041744958472905,5.203183504567921,6.148574683853102,7,6,7.0,7.0,7,0.0,7.0,7.0,7.0,7.0,7.0,7.0,0.0,0.0,1.0,1.0,1.0,ensemble_grid_blend,12.0,2024,Qatar Grand Prix,2024-12-01
ALO,Aston Martin,8.0,11.000569626337171,9.048249515341036,11.295439069513813,10.376231476123852,8,8,8.0,8.0,8,0.0,10.0,10.0,10.0,10.0,10.0,10.0,0.0,0.0,1.0,0.0,1.0,ensemble_grid_blend,7.0,2024,Qatar Grand Prix,2024-12-01
GAS,Alpine,11.0,11.188154302715667,11.018265715278872,9.700036174369309,10.831069671443517,9,10,9.0,9.0,9,0.0,9.0,9.0,9.0,9.0,9.0,9.0,0.0,0.0,1.0,1.0,1.0,ensemble_grid_blend,5.0,2024,Qatar Grand Prix,2024-12-01
TSU,Racing Bulls,14.0,11.216461205102704,10.910493420386803,10.919773958084127,11.050035031048422,10,13,10.0,10.0,10,0.0,11.0,11.0,11.0,11.0,11.0,11.0,0.0,0.0,0.0,1.0,1.0,ensemble_grid_blend,13.0,2024,Qatar Grand Prix,2024-12-01
MAG,Haas F1 Team,10.0,11.063484898044479,11.881415158347759,10.815589990171132,11.300181507575957,11,9,11.0,11.0,11,0.0,8.0,8.0,8.0,8.0,8.0,8.0,0.0,0.0,1.0,0.0,1.0,ensemble_grid_blend,9.0,2024,Qatar Grand Prix,2024-12-01
ALB,Williams,16.0,11.256287001183791,11.595843061350417,11.523318198344748,11.428537861674302,12,14,12.0,12.0,12,0.0,12.0,12.0,12.0,12.0,12.0,12.0,0.0,0.0,0.0,1.0,1.0,ensemble_grid_blend,15.0,2024,Qatar Grand Prix,2024-12-01
LAW,Racing Bulls,17.0,12.527470369460914,12.240550958544384,12.104889732632437,12.342532448274433,13,15,13.0,13.0,13,0.0,13.0,13.0,13.0,13.0,13.0,13.0,0.0,0.0,0.0,1.0,1.0,ensemble_grid_blend,14.0,2024,Qatar Grand Prix,2024-12-01
ZHO,Audi,12.0,15.305956428407782,15.609386027779406,14.196485814861898,15.190262665478674,14,11,14.0,14.0,14,0.0,14.0,14.0,14.0,14.0,14.0,14.0,0.0,0.0,0.0,1.0,1.0,ensemble_grid_blend,8.0,2024,Qatar Grand Prix,2024-12-01
BOT,Audi,13.0,15.309602114529511,15.755415328544002,14.430577456801545,15.289831807888989,15,12,15.0,15.0,15,0.0,15.0,15.0,15.0,15.0,15.0,15.0,0.0,0.0,0.0,1.0,1.0,ensemble_grid_blend,11.0,2024,Qatar Grand Prix,2024-12-01
VER,Red Bull Racing,4.0,2.2870507336468013,1.9303645846001822,3.394640384553232,2.383728511661771,1,4,1.0,1.0,1,0.0,1.0,1.0,1.0,1.0,1.0,1.0,1.0,1.0,1.0,1.0,1.0,ensemble_grid_blend,6.0,2024,Abu Dhabi Grand Prix,2024-12-08
LEC,Ferrari,19.0,3.565702640036749,4.028259780660517,4.385437371700675,3.891544585587853,2,17,2.0,2.0,2,0.0,4.0,4.0,4.0,4.0,4.0,4.0,0.0,0.0,1.0,0.0,1.0,ensemble_grid_blend,3.0,2024,Abu Dhabi Grand Prix,2024-12-08
SAI,Ferrari,3.0,3.443593463200314,4.373033910533912,4.558563245406849,3.9918915762083804,3,3,3.0,3.0,3,0.0,2.0,2.0,2.0,2.0,2.0,2.0,0.0,1.0,1.0,1.0,1.0,ensemble_grid_blend,2.0,2024,Abu Dhabi Grand Prix,2024-12-08
RUS,Mercedes,6.0,3.5887746826281233,4.036295452668247,5.130446605711516,4.053741336758845,4,6,4.0,4.0,4,0.0,3.0,3.0,3.0,3.0,3.0,3.0,0.0,1.0,1.0,1.0,1.0,ensemble_grid_blend,5.0,2024,Abu Dhabi Grand Prix,2024-12-08
NOR,McLaren,1.0,5.37062649372733,4.607869119524265,6.540706080147808,5.337677330040353,5,1,5.0,5.0,5,0.0,5.0,5.0,5.0,5.0,5.0,5.0,0.0,0.0,1.0,1.0,1.0,ensemble_grid_blend,1.0,2024,Abu Dhabi Grand Prix,2024-12-08
PIA,McLaren,2.0,5.533627526937952,5.730244609557109,6.551363080953324,5.8059906166577315,6,2,6.0,6.0,6,0.0,6.0,6.0,6.0,6.0,6.0,6.0,0.0,0.0,1.0,1.0,1.0,ensemble_grid_blend,10.0,2024,Abu Dhabi Grand Prix,2024-12-08
HAM,Mercedes,16.0,7.111176217543508,6.394932900432899,6.6061484319875365,6.7594854994436,7,14,7.0,7.0,7,0.0,8.0,8.0,8.0,8.0,8.0,8.0,0.0,0.0,1.0,1.0,1.0,ensemble_grid_blend,4.0,2024,Abu Dhabi Grand Prix,2024-12-08
GAS,Alpine,5.0,6.47727881509799,8.513491543179049,8.105312221370923,7.515559951180947,8,5,8.0,8.0,8,0.0,7.0,7.0,7.0,7.0,7.0,7.0,0.0,0.0,1.0,1.0,1.0,ensemble_grid_blend,7.0,2024,Abu Dhabi Grand Prix,2024-12-08
DOO,Alpine,17.0,7.710270992675719,9.036082611832612,9.418111498321604,8.515873160509809,9,15,9.0,9.0,9,0.0,11.0,11.0,11.0,11.0,11.0,11.0,0.0,0.0,0.0,0.0,1.0,ensemble_grid_blend,15.0,2024,Abu Dhabi Grand Prix,2024-12-08
ALO,Aston Martin,8.0,10.196515494602046,8.431151202963708,10.102141822757531,9.559763258159725,10,8,10.0,10.0,10,0.0,9.0,9.0,9.0,9.0,9.0,9.0,0.0,0.0,1.0,1.0,1.0,ensemble_grid_blend,9.0,2024,Abu Dhabi Grand Prix,2024-12-08
HUL,Haas F1 Team,7.0,10.324791761363768,10.943788342709034,9.92534781395804,10.461551775353465,11,7,11.0,11.0,11,0.0,12.0,12.0,12.0,12.0,12.0,12.0,0.0,0.0,0.0,1.0,1.0,ensemble_grid_blend,8.0,2024,Abu Dhabi Grand Prix,2024-12-08
MAG,Haas F1 Team,14.0,9.813576231095816,11.206870764165016,10.679241624737777,10.47436239639843,12,12,12.0,12.0,12,0.0,10.0,10.0,10.0,10.0,10.0,10.0,0.0,0.0,1.0,0.0,1.0,ensemble_grid_blend,16.0,2024,Abu Dhabi Grand Prix,2024-12-08
TSU,Racing Bulls,11.0,11.312390508043515,11.064231268366134,10.546717847696513,11.072400242087031,13,9,13.0,13.0,13,0.0,13.0,13.0,13.0,13.0,13.0,13.0,0.0,0.0,0.0,1.0,1.0,ensemble_grid_blend,12.0,2024,Abu Dhabi Grand Prix,2024-12-08
LAW,Racing Bulls,12.0,11.611264453473893,12.149492702558875,11.640717245155416,11.805534898989942,14,10,14.0,14.0,14,0.0,16.0,16.0,16.0,16.0,16.0,16.0,0.0,0.0,0.0,0.0,1.0,ensemble_grid_blend,17.0,2024,Abu Dhabi Grand Prix,2024-12-08
STR,Aston Martin,13.0,12.916747051937712,11.278208938120704,12.067613244425909,12.173431950599399,15,11,15.0,15.0,15,0.0,14.0,14.0,14.0,14.0,14.0,14.0,0.0,0.0,0.0,1.0,1.0,ensemble_grid_blend,14.0,2024,Abu Dhabi Grand Prix,2024-12-08
ALB,Williams,18.0,12.940118672475897,11.690426821544477,12.46045367781911,12.406793525718543,16,16,16.0,16.0,16,0.0,15.0,15.0,15.0,15.0,15.0,15.0,0.0,0.0,0.0,1.0,1.0,ensemble_grid_blend,11.0,2024,Abu Dhabi Grand Prix,2024-12-08
ZHO,Audi,15.0,12.579543523308882,13.351945299390149,12.661699903266923,12.866315420928933,17,13,17.0,17.0,17,0.0,17.0,17.0,17.0,17.0,17.0,17.0,0.0,0.0,0.0,1.0,1.0,ensemble_grid_blend,13.0,2024,Abu Dhabi Grand Prix,2024-12-08
